candidate_id,job_id,education_level,experience_years,python,sql,machine_learning,deep_learning,power_bi,excel,cloud,certification_count,project_count,internship_experience,job_domain,required_experience,python_required,sql_required,ml_required,dl_required,power_bi_required,excel_required,cloud_required,minimum_education,skill_match_percentage,experience_ratio,experience_match,candidate_education_score,required_education_score,education_match,project_relevance,compatibility
81,21,Master's,3.9,1,1,1,0,0,1,0,2,2,0,Data Science,1,1,1,0,0,0,1,1,Bachelor's,75.0,3.9,1.0,3,2,1,0.28,1
615,78,Master's,1.0,1,0,0,0,0,1,0,2,2,0,Business Intelligence,5,1,0,0,0,1,1,0,Master's,66.67,0.2,0.2,3,3,1,0.28,0
483,79,Bachelor's,2.0,0,0,0,0,0,1,1,2,4,0,Data Science,3,1,1,0,0,0,1,0,Bachelor's,33.33,0.6666666666666666,0.67,2,2,1,0.56,1
965,51,Bachelor's,2.1,0,0,0,0,0,1,0,3,0,1,Machine Learning,5,0,1,1,0,1,0,0,Master's,0.0,0.42000000000000004,0.42,2,3,0,0.3,0
592,10,Bachelor's,11.8,0,0,0,0,0,0,0,1,1,0,AI Engineer,5,0,1,0,1,1,0,0,Master's,0.0,2.3600000000000003,1.0,2,3,0,0.14,0
407,55,Bachelor's,4.6,1,1,1,1,0,0,0,0,1,0,Machine Learning,2,0,0,0,0,1,1,1,Bachelor's,0.0,2.3,1.0,2,2,1,0.14,0
103,36,Bachelor's,5.4,1,1,0,0,0,0,0,4,4,1,Business Intelligence,0,0,1,1,0,1,1,0,Master's,25.0,1.0,1.0,2,3,0,0.86,1
240,51,Bachelor's,0.5,1,1,0,0,1,1,0,1,2,1,Machine Learning,5,0,1,1,0,1,0,0,Master's,66.67,0.1,0.1,2,3,0,0.58,0
265,74,Master's,0.0,0,1,1,1,1,0,1,0,7,0,Data Science,1,1,1,1,0,0,1,0,Bachelor's,50.0,0.0,0.0,3,2,1,0.7,0
33,17,Diploma,0.7,1,1,0,0,1,1,0,4,2,0,AI Engineer,4,1,0,1,0,1,0,0,Bachelor's,66.67,0.175,0.18,1,2,0,0.28,0
35,89,Master's,0.2,0,0,0,0,0,1,0,4,5,1,Machine Learning,2,0,0,0,0,1,1,0,Bachelor's,50.0,0.1,0.1,3,2,1,1.0,0
249,61,Master's,6.3,0,1,0,0,1,1,1,2,4,0,Business Intelligence,2,0,0,1,0,0,1,0,Bachelor's,50.0,3.15,1.0,3,2,1,0.56,1
1000,91,Bachelor's,0.8,0,0,0,0,0,1,1,0,4,1,AI Engineer,5,0,1,0,1,1,1,1,Diploma,40.0,0.16,0.16,2,1,1,0.86,1
50,97,Bachelor's,0.1,1,0,0,0,1,1,0,1,1,0,Data Analyst,4,0,0,1,0,1,1,0,Bachelor's,66.67,0.025,0.02,2,2,1,0.14,0
280,75,Master's,1.7,1,1,0,0,0,0,0,4,3,0,AI Engineer,2,0,1,1,0,1,1,0,Master's,25.0,0.85,0.85,3,3,1,0.42,0
984,13,Diploma,1.6,0,0,1,0,1,1,0,4,5,1,Data Analyst,3,0,1,1,1,0,1,1,Bachelor's,40.0,0.5333333333333333,0.53,1,2,0,1.0,0
754,65,Bachelor's,0.7,1,1,0,1,0,1,0,0,3,1,Machine Learning,0,1,1,1,0,0,1,0,Master's,75.0,1.0,1.0,2,3,0,0.72,0
152,95,Bachelor's,4.5,1,0,0,0,0,1,1,4,4,0,AI Engineer,3,1,1,1,0,1,1,0,Bachelor's,40.0,1.5,1.0,2,2,1,0.56,1
659,97,Bachelor's,1.3,1,1,0,1,0,1,0,3,5,0,Data Analyst,4,0,0,1,0,1,1,0,Bachelor's,33.33,0.325,0.32,2,2,1,0.7,0
551,85,Bachelor's,7.6,1,1,1,0,0,0,1,2,8,0,Data Science,1,1,0,0,0,0,0,0,Master's,100.0,7.6,1.0,2,3,0,0.7,1
701,80,Bachelor's,8.4,1,1,0,0,0,0,1,2,4,1,Business Intelligence,2,1,1,0,0,1,1,0,Master's,50.0,4.2,1.0,2,3,0,0.86,1
537,87,Master's,0.5,0,0,0,0,0,0,0,4,3,0,AI Engineer,1,1,0,0,0,0,0,0,Bachelor's,0.0,0.5,0.5,3,2,1,0.42,0
756,74,Master's,4.0,1,0,1,0,0,0,1,2,6,0,Data Science,1,1,1,1,0,0,1,0,Bachelor's,50.0,4.0,1.0,3,2,1,0.7,1
735,48,Bachelor's,0.4,0,0,0,0,0,1,0,1,2,1,AI Engineer,1,1,1,1,0,1,0,0,Bachelor's,0.0,0.4,0.4,2,2,1,0.58,0
230,97,Bachelor's,1.3,1,0,0,0,0,1,0,3,3,1,Data Analyst,4,0,0,1,0,1,1,0,Bachelor's,33.33,0.325,0.32,2,2,1,0.72,0
665,86,Bachelor's,12.0,0,1,1,0,1,1,0,1,2,1,Data Science,3,0,0,1,1,0,1,0,Bachelor's,66.67,4.0,1.0,2,2,1,0.58,1
923,70,Master's,2.4,0,1,0,0,0,1,0,2,2,1,AI Engineer,1,1,0,1,0,0,1,0,Bachelor's,33.33,2.4,1.0,3,2,1,0.58,0
288,47,Bachelor's,1.1,1,1,0,0,0,1,0,2,3,0,Data Analyst,0,1,0,0,0,0,0,1,Master's,50.0,1.0,1.0,2,3,0,0.42,1
395,100,Bachelor's,1.0,0,1,1,0,1,1,0,1,2,1,Data Science,5,0,0,0,0,1,0,0,Bachelor's,100.0,0.2,0.2,2,2,1,0.58,1
453,10,Bachelor's,5.1,0,1,1,0,0,1,0,5,2,0,AI Engineer,5,0,1,0,1,1,0,0,Master's,33.33,1.02,1.0,2,3,0,0.28,0
620,57,Master's,3.3,1,0,1,0,1,1,0,3,5,0,Business Intelligence,3,0,1,0,1,0,0,0,Bachelor's,0.0,1.0999999999999999,1.0,3,2,1,0.7,0
33,80,Diploma,0.7,1,1,0,0,1,1,0,4,2,0,Business Intelligence,2,1,1,0,0,1,1,0,Master's,100.0,0.35,0.35,1,3,0,0.28,1
915,13,Bachelor's,1.5,1,1,0,0,0,1,0,0,6,1,Data Analyst,3,0,1,1,1,0,1,1,Bachelor's,40.0,0.5,0.5,2,2,1,1.0,1
363,61,Bachelor's,2.4,1,1,1,0,0,1,0,2,2,0,Business Intelligence,2,0,0,1,0,0,1,0,Bachelor's,100.0,1.2,1.0,2,2,1,0.28,1
111,58,Bachelor's,4.2,1,1,0,1,1,0,0,2,4,1,Data Analyst,4,1,1,1,1,0,0,0,Bachelor's,75.0,1.05,1.0,2,2,1,0.86,1
121,84,Master's,5.5,0,0,0,0,0,0,0,2,5,0,AI Engineer,1,1,0,1,1,1,0,0,Bachelor's,0.0,5.5,1.0,3,2,1,0.7,0
16,68,Bachelor's,6.5,1,0,0,0,1,0,0,1,3,0,Data Science,4,1,0,0,0,0,1,0,Bachelor's,50.0,1.625,1.0,2,2,1,0.42,1
739,84,Bachelor's,1.1,0,1,0,0,0,0,0,2,3,1,AI Engineer,1,1,0,1,1,1,0,0,Bachelor's,0.0,1.1,1.0,2,2,1,0.72,0
523,86,Master's,1.1,1,0,1,0,1,1,0,2,6,1,Data Science,3,0,0,1,1,0,1,0,Bachelor's,66.67,0.3666666666666667,0.37,3,2,1,1.0,0
715,29,Bachelor's,0.1,1,1,0,0,1,1,1,0,2,1,AI Engineer,0,1,1,1,1,0,1,0,Bachelor's,60.0,1.0,1.0,2,2,1,0.58,1
714,16,Bachelor's,1.5,1,1,1,1,1,1,0,1,1,1,AI Engineer,2,1,1,0,1,1,1,0,Master's,100.0,0.75,0.75,2,3,0,0.44,1
98,63,Bachelor's,0.5,0,0,0,0,1,1,0,3,3,1,Business Intelligence,5,1,1,0,0,0,0,0,Diploma,0.0,0.1,0.1,2,1,1,0.72,0
116,47,Master's,2.2,1,1,0,0,1,0,0,4,3,0,Data Analyst,0,1,0,0,0,0,0,1,Master's,50.0,1.0,1.0,3,3,1,0.42,1
965,43,Bachelor's,2.1,0,0,0,0,0,1,0,3,0,1,AI Engineer,3,1,0,0,0,0,0,0,Bachelor's,0.0,0.7000000000000001,0.7,2,2,1,0.3,0
471,23,Diploma,2.1,1,0,1,0,0,0,0,2,2,0,AI Engineer,4,1,0,0,0,1,1,0,Bachelor's,33.33,0.525,0.52,1,2,0,0.28,0
439,30,Master's,0.6,1,1,1,0,0,1,0,2,2,0,Data Analyst,1,1,1,0,1,1,0,0,Bachelor's,50.0,0.6,0.6,3,2,1,0.28,0
281,57,Master's,2.4,1,0,0,1,1,1,0,2,3,0,Business Intelligence,3,0,1,0,1,0,0,0,Bachelor's,50.0,0.7999999999999999,0.8,3,2,1,0.42,1
349,30,Bachelor's,11.0,0,0,1,0,0,0,0,2,0,0,Data Analyst,1,1,1,0,1,1,0,0,Bachelor's,0.0,11.0,1.0,2,2,1,0.0,1
232,67,Bachelor's,0.7,1,1,0,0,1,1,0,3,4,0,Data Science,0,1,1,1,0,1,1,0,Bachelor's,80.0,1.0,1.0,2,2,1,0.56,1
973,56,Master's,0.8,0,0,0,1,0,1,0,0,2,1,Machine Learning,2,0,1,1,1,1,1,1,Diploma,33.33,0.4,0.4,3,1,1,0.58,0
111,24,Bachelor's,4.2,1,1,0,1,1,0,0,2,4,1,Machine Learning,2,1,1,0,1,0,1,0,Master's,75.0,2.1,1.0,2,3,0,0.86,1
352,77,Master's,2.2,0,0,0,1,0,1,0,1,3,1,Data Analyst,0,0,1,0,0,0,0,1,Bachelor's,0.0,1.0,1.0,3,2,1,0.72,0
930,96,Bachelor's,0.2,1,0,1,1,0,1,1,0,3,1,Business Intelligence,2,1,1,0,1,0,0,0,Master's,66.67,0.1,0.1,2,3,0,0.72,0
12,76,Master's,11.0,1,0,0,0,1,0,0,3,3,0,Data Science,0,1,0,0,0,0,1,0,Master's,50.0,1.0,1.0,3,3,1,0.42,1
984,8,Diploma,1.6,0,0,1,0,1,1,0,4,5,1,AI Engineer,2,1,0,0,0,0,1,0,Master's,50.0,0.8,0.8,1,3,0,1.0,1
488,88,Bachelor's,3.0,0,0,0,0,0,0,0,2,9,0,Data Analyst,0,1,1,1,0,0,1,1,Diploma,0.0,1.0,1.0,2,1,1,0.7,1
533,44,Master's,3.1,1,0,0,0,1,1,0,4,4,1,Business Intelligence,1,1,1,0,0,1,0,0,Bachelor's,66.67,3.1,1.0,3,2,1,0.86,1
639,80,Bachelor's,12.0,0,0,1,0,0,1,0,1,2,1,Business Intelligence,2,1,1,0,0,1,1,0,Master's,25.0,6.0,1.0,2,3,0,0.58,0
285,96,Bachelor's,1.0,1,0,0,0,0,1,0,5,0,1,Business Intelligence,2,1,1,0,1,0,0,0,Master's,33.33,0.5,0.5,2,3,0,0.3,0
947,34,Bachelor's,1.5,1,1,0,0,0,0,0,0,4,0,Machine Learning,2,1,1,0,0,1,0,0,Bachelor's,66.67,0.75,0.75,2,2,1,0.56,1
633,35,Bachelor's,2.7,1,0,1,0,0,1,0,4,2,0,Data Science,0,0,0,0,0,0,1,0,Master's,100.0,1.0,1.0,2,3,0,0.28,1
636,96,Bachelor's,0.7,0,0,1,0,0,1,1,0,4,1,Business Intelligence,2,1,1,0,1,0,0,0,Master's,0.0,0.35,0.35,2,3,0,0.86,0
919,50,Master's,1.2,1,1,1,0,0,1,0,3,4,1,AI Engineer,1,1,0,0,0,1,1,0,Master's,66.67,1.2,1.0,3,3,1,0.86,1
545,17,Bachelor's,8.2,1,1,0,0,0,1,0,2,1,0,AI Engineer,4,1,0,1,0,1,0,0,Bachelor's,33.33,2.05,1.0,2,2,1,0.14,0
392,2,Bachelor's,0.2,1,1,0,0,0,1,0,2,3,1,Machine Learning,4,1,1,1,0,0,1,0,Diploma,75.0,0.05,0.05,2,1,1,0.72,1
170,90,Bachelor's,0.8,1,0,0,1,0,1,0,2,4,0,Data Science,0,1,1,0,1,0,1,1,Bachelor's,60.0,1.0,1.0,2,2,1,0.56,1
77,54,Master's,1.2,1,1,0,0,0,1,0,5,3,0,Data Analyst,3,1,0,0,0,1,1,0,Bachelor's,66.67,0.39999999999999997,0.4,3,2,1,0.42,1
965,44,Bachelor's,2.1,0,0,0,0,0,1,0,3,0,1,Business Intelligence,1,1,1,0,0,1,0,0,Bachelor's,0.0,2.1,1.0,2,2,1,0.3,1
297,81,Master's,0.5,1,1,0,0,0,1,0,0,1,1,Data Science,2,1,1,0,0,0,0,1,Bachelor's,66.67,0.25,0.25,3,2,1,0.44,1
330,49,Bachelor's,1.7,1,1,1,0,0,1,0,1,1,1,Data Science,4,1,1,0,0,0,0,0,Diploma,100.0,0.425,0.42,2,1,1,0.44,1
63,2,Master's,3.7,0,1,1,0,0,0,1,3,3,1,Machine Learning,4,1,1,1,0,0,1,0,Diploma,50.0,0.925,0.92,3,1,1,0.72,1
270,72,Bachelor's,0.9,1,1,1,0,0,1,0,0,2,1,Data Science,5,1,0,0,0,0,0,1,Master's,50.0,0.18,0.18,2,3,0,0.58,0
216,70,Bachelor's,0.6,1,0,1,0,1,0,0,1,4,0,AI Engineer,1,1,0,1,0,0,1,0,Bachelor's,66.67,0.6,0.6,2,2,1,0.56,1
190,9,Bachelor's,3.1,0,1,1,0,0,0,0,0,5,0,Data Analyst,0,1,1,0,0,0,0,0,Master's,50.0,1.0,1.0,2,3,0,0.7,1
75,1,Master's,11.0,0,1,1,1,0,1,1,0,6,0,Data Science,4,1,0,0,1,0,1,0,Bachelor's,66.67,2.75,1.0,3,2,1,0.7,0
686,69,Bachelor's,5.0,1,1,0,1,0,0,0,2,3,0,Data Science,5,1,0,1,0,0,1,0,Bachelor's,33.33,1.0,1.0,2,2,1,0.42,1
510,9,Master's,3.6,0,0,1,0,0,0,0,2,3,1,Data Analyst,0,1,1,0,0,0,0,0,Master's,0.0,1.0,1.0,3,3,1,0.72,1
579,14,Bachelor's,2.3,1,1,1,1,0,0,0,3,2,1,Data Science,3,1,1,0,0,1,1,0,Bachelor's,50.0,0.7666666666666666,0.77,2,2,1,0.58,1
93,27,Master's,2.3,1,0,0,1,0,0,0,4,3,0,Data Science,3,0,1,0,0,1,0,0,Master's,0.0,0.7666666666666666,0.77,3,3,1,0.42,0
53,9,Master's,7.0,1,0,1,0,0,0,1,5,2,0,Data Analyst,0,1,1,0,0,0,0,0,Master's,50.0,1.0,1.0,3,3,1,0.28,0
496,36,Bachelor's,2.8,1,0,0,0,0,1,1,0,0,1,Business Intelligence,0,0,1,1,0,1,1,0,Master's,25.0,1.0,1.0,2,3,0,0.3,0
948,93,Master's,0.4,1,1,1,0,0,0,1,4,2,0,Data Science,1,0,1,1,0,1,1,0,Bachelor's,50.0,0.4,0.4,3,2,1,0.28,1
94,84,Bachelor's,1.8,1,1,1,0,0,1,1,1,0,1,AI Engineer,1,1,0,1,1,1,0,0,Bachelor's,50.0,1.8,1.0,2,2,1,0.3,1
625,79,Bachelor's,0.5,1,0,1,0,1,1,0,3,1,1,Data Science,3,1,1,0,0,0,1,0,Bachelor's,66.67,0.16666666666666666,0.17,2,2,1,0.44,0
229,100,Master's,10.3,1,0,0,0,1,0,0,4,2,1,Data Science,5,0,0,0,0,1,0,0,Bachelor's,100.0,2.06,1.0,3,2,1,0.58,1
250,3,Master's,2.4,1,1,1,0,0,0,0,2,3,1,AI Engineer,3,0,1,1,0,0,0,0,Diploma,100.0,0.7999999999999999,0.8,3,1,1,0.72,1
391,23,Master's,0.7,1,0,0,0,0,0,0,4,2,0,AI Engineer,4,1,0,0,0,1,1,0,Bachelor's,33.33,0.175,0.18,3,2,1,0.28,0
721,73,Master's,0.4,0,0,0,0,1,1,0,2,4,1,AI Engineer,1,0,0,0,0,0,1,0,Master's,100.0,0.4,0.4,3,3,1,0.86,1
980,30,Bachelor's,4.6,0,0,0,0,0,0,0,3,1,0,Data Analyst,1,1,1,0,1,1,0,0,Bachelor's,0.0,4.6,1.0,2,2,1,0.14,0
182,19,Bachelor's,1.0,1,0,1,1,0,1,0,4,0,1,Business Intelligence,5,1,0,0,0,0,0,1,Bachelor's,50.0,0.2,0.2,2,2,1,0.3,1
267,67,Bachelor's,1.2,0,0,0,0,1,1,0,5,4,1,Data Science,0,1,1,1,0,1,1,0,Bachelor's,40.0,1.0,1.0,2,2,1,0.86,1
281,50,Master's,2.4,1,0,0,1,1,1,0,2,3,0,AI Engineer,1,1,0,0,0,1,1,0,Master's,100.0,2.4,1.0,3,3,1,0.42,1
955,48,Bachelor's,12.0,0,0,0,0,1,0,0,0,1,0,AI Engineer,1,1,1,1,0,1,0,0,Bachelor's,25.0,12.0,1.0,2,2,1,0.14,0
984,3,Diploma,1.6,0,0,1,0,1,1,0,4,5,1,AI Engineer,3,0,1,1,0,0,0,0,Diploma,50.0,0.5333333333333333,0.53,1,1,1,1.0,1
962,98,Bachelor's,1.3,1,0,0,1,0,1,0,2,3,0,Machine Learning,2,1,1,0,1,0,0,0,Bachelor's,66.67,0.65,0.65,2,2,1,0.42,1
667,66,Bachelor's,0.6,1,1,0,0,0,0,0,6,2,1,Business Intelligence,1,0,1,1,1,0,1,0,Bachelor's,25.0,0.6,0.6,2,2,1,0.58,0
83,27,Bachelor's,1.4,1,0,0,1,0,1,0,0,3,1,Data Science,3,0,1,0,0,1,0,0,Master's,0.0,0.4666666666666666,0.47,2,3,0,0.72,0
186,87,Bachelor's,6.9,0,1,0,1,1,0,0,1,2,0,AI Engineer,1,1,0,0,0,0,0,0,Bachelor's,0.0,6.9,1.0,2,2,1,0.28,0
861,96,Master's,3.7,0,1,0,0,0,1,0,1,3,1,Business Intelligence,2,1,1,0,1,0,0,0,Master's,33.33,1.85,1.0,3,3,1,0.72,1
997,99,Master's,7.8,1,0,0,0,0,1,0,0,2,0,AI Engineer,2,1,1,0,1,0,0,0,Diploma,33.33,3.9,1.0,3,1,1,0.28,1
651,40,Diploma,0.1,1,1,0,0,0,1,0,1,2,1,Data Analyst,2,1,0,0,0,1,0,1,Bachelor's,33.33,0.05,0.05,1,2,0,0.58,0
567,18,Bachelor's,2.8,1,1,0,0,0,0,1,1,3,1,Data Analyst,0,1,1,0,0,1,0,0,Diploma,66.67,1.0,1.0,2,1,1,0.72,1
531,27,Master's,0.9,0,0,0,0,0,1,1,2,3,0,Data Science,3,0,1,0,0,1,0,0,Master's,0.0,0.3,0.3,3,3,1,0.42,0
348,11,Diploma,1.2,1,0,0,0,1,1,0,5,2,0,Data Analyst,3,1,1,0,0,1,0,1,Master's,50.0,0.39999999999999997,0.4,1,3,0,0.28,0
423,39,Diploma,0.1,0,1,0,1,0,1,0,1,5,1,Data Science,0,1,0,0,1,0,1,1,Master's,50.0,1.0,1.0,1,3,0,1.0,1
981,19,Bachelor's,0.5,1,1,1,0,0,1,0,2,2,0,Business Intelligence,5,1,0,0,0,0,0,1,Bachelor's,50.0,0.1,0.1,2,2,1,0.28,0
858,89,Bachelor's,1.5,1,1,1,0,0,1,0,2,1,1,Machine Learning,2,0,0,0,0,1,1,0,Bachelor's,50.0,0.75,0.75,2,2,1,0.44,1
982,7,Master's,4.1,1,1,0,0,0,1,0,1,4,1,AI Engineer,2,1,0,0,0,1,0,0,Bachelor's,50.0,2.05,1.0,3,2,1,0.86,1
454,95,Master's,2.1,1,0,1,0,0,0,0,2,2,1,AI Engineer,3,1,1,1,0,1,1,0,Bachelor's,40.0,0.7000000000000001,0.7,3,2,1,0.58,1
267,57,Bachelor's,1.2,0,0,0,0,1,1,0,5,4,1,Business Intelligence,3,0,1,0,1,0,0,0,Bachelor's,0.0,0.39999999999999997,0.4,2,2,1,0.86,0
507,2,Master's,2.2,0,1,1,0,1,1,0,3,2,0,Machine Learning,4,1,1,1,0,0,1,0,Diploma,75.0,0.55,0.55,3,1,1,0.28,0
142,38,Bachelor's,1.1,1,1,0,0,0,1,0,0,6,1,AI Engineer,2,1,1,1,0,0,0,1,Bachelor's,50.0,0.55,0.55,2,2,1,1.0,1
316,5,Bachelor's,2.6,1,1,0,0,1,0,0,3,4,1,Business Intelligence,4,0,1,0,0,0,1,0,Bachelor's,50.0,0.65,0.65,2,2,1,0.86,1
676,78,Master's,0.9,1,0,1,0,1,1,0,0,1,0,Business Intelligence,5,1,0,0,0,1,1,0,Master's,100.0,0.18,0.18,3,3,1,0.14,1
764,82,Master's,1.7,1,0,0,0,0,0,1,0,1,0,Data Analyst,3,1,1,1,0,0,0,1,Bachelor's,50.0,0.5666666666666667,0.57,3,2,1,0.14,0
232,36,Bachelor's,0.7,1,1,0,0,1,1,0,3,4,0,Business Intelligence,0,0,1,1,0,1,1,0,Master's,75.0,1.0,1.0,2,3,0,0.56,1
297,68,Master's,0.5,1,1,0,0,0,1,0,0,1,1,Data Science,4,1,0,0,0,0,1,0,Bachelor's,100.0,0.125,0.12,3,2,1,0.44,1
898,88,Master's,0.5,1,1,0,0,0,1,0,2,1,1,Data Analyst,0,1,1,1,0,0,1,1,Diploma,60.0,1.0,1.0,3,1,1,0.44,1
953,77,Bachelor's,2.3,0,1,0,1,0,0,0,1,1,0,Data Analyst,0,0,1,0,0,0,0,1,Bachelor's,50.0,1.0,1.0,2,2,1,0.14,1
875,85,Diploma,3.3,0,0,0,0,1,1,1,5,7,0,Data Science,1,1,0,0,0,0,0,0,Master's,0.0,3.3,1.0,1,3,0,0.7,0
572,57,Master's,0.5,0,1,1,0,0,1,0,0,4,1,Business Intelligence,3,0,1,0,1,0,0,0,Bachelor's,50.0,0.16666666666666666,0.17,3,2,1,0.86,1
916,97,Bachelor's,3.2,0,0,1,0,0,1,0,0,4,1,Data Analyst,4,0,0,1,0,1,1,0,Bachelor's,66.67,0.8,0.8,2,2,1,0.86,1
22,20,Bachelor's,0.9,0,0,0,0,1,0,1,1,4,0,Data Analyst,2,1,1,0,0,1,0,0,Bachelor's,33.33,0.45,0.45,2,2,1,0.56,1
384,5,Master's,0.7,1,0,0,0,0,1,1,3,5,0,Business Intelligence,4,0,1,0,0,0,1,0,Bachelor's,50.0,0.175,0.18,3,2,1,0.7,0
126,24,Bachelor's,2.0,0,1,1,0,1,1,0,2,0,1,Machine Learning,2,1,1,0,1,0,1,0,Master's,50.0,1.0,1.0,2,3,0,0.3,1
103,99,Bachelor's,5.4,1,1,0,0,0,0,0,4,4,1,AI Engineer,2,1,1,0,1,0,0,0,Diploma,66.67,2.7,1.0,2,1,1,0.86,1
900,30,Diploma,3.8,1,1,1,0,0,0,1,2,4,0,Data Analyst,1,1,1,0,1,1,0,0,Bachelor's,50.0,3.8,1.0,1,2,0,0.56,0
952,28,Bachelor's,0.6,0,1,0,0,0,1,1,1,3,0,Data Science,1,0,1,0,1,1,0,0,Bachelor's,33.33,0.6,0.6,2,2,1,0.42,0
733,53,Bachelor's,1.9,1,0,1,0,1,1,0,1,6,1,Data Science,4,1,0,0,1,0,0,0,Bachelor's,50.0,0.475,0.48,2,2,1,1.0,1
110,51,Diploma,0.4,0,1,0,1,1,1,0,5,1,1,Machine Learning,5,0,1,1,0,1,0,0,Master's,66.67,0.08,0.08,1,3,0,0.44,0
570,7,Bachelor's,1.5,0,1,1,1,0,1,0,2,3,1,AI Engineer,2,1,0,0,0,1,0,0,Bachelor's,0.0,0.75,0.75,2,2,1,0.72,0
472,42,Master's,3.4,0,1,1,0,1,1,0,4,2,1,Business Intelligence,3,0,1,0,0,0,0,0,Diploma,100.0,1.1333333333333333,1.0,3,1,1,0.58,1
65,35,Bachelor's,1.4,1,1,1,0,0,1,1,3,1,1,Data Science,0,0,0,0,0,0,1,0,Master's,100.0,1.0,1.0,2,3,0,0.44,1
472,94,Master's,3.4,0,1,1,0,1,1,0,4,2,1,Business Intelligence,1,0,1,0,1,0,0,1,Diploma,33.33,3.4,1.0,3,1,1,0.58,1
570,34,Bachelor's,1.5,0,1,1,1,0,1,0,2,3,1,Machine Learning,2,1,1,0,0,1,0,0,Bachelor's,33.33,0.75,0.75,2,2,1,0.72,0
670,73,Bachelor's,4.3,1,0,1,0,0,1,1,0,3,0,AI Engineer,1,0,0,0,0,0,1,0,Master's,100.0,4.3,1.0,2,3,0,0.42,1
76,76,Master's,1.4,0,1,0,0,0,1,0,2,1,1,Data Science,0,1,0,0,0,0,1,0,Master's,50.0,1.0,1.0,3,3,1,0.44,1
19,54,Bachelor's,6.2,1,0,0,0,0,1,0,3,2,0,Data Analyst,3,1,0,0,0,1,1,0,Bachelor's,66.67,2.066666666666667,1.0,2,2,1,0.28,1
384,29,Master's,0.7,1,0,0,0,0,1,1,3,5,0,AI Engineer,0,1,1,1,1,0,1,0,Bachelor's,40.0,1.0,1.0,3,2,1,0.7,1
997,10,Master's,7.8,1,0,0,0,0,1,0,0,2,0,AI Engineer,5,0,1,0,1,1,0,0,Master's,0.0,1.56,1.0,3,3,1,0.28,0
190,27,Bachelor's,3.1,0,1,1,0,0,0,0,0,5,0,Data Science,3,0,1,0,0,1,0,0,Master's,50.0,1.0333333333333334,1.0,2,3,0,0.7,1
762,83,Bachelor's,4.7,1,1,1,1,0,1,0,0,3,1,Business Intelligence,2,0,1,0,0,0,0,0,Bachelor's,100.0,2.35,1.0,2,2,1,0.72,1
360,13,Bachelor's,2.2,1,1,0,0,0,0,0,4,4,0,Data Analyst,3,0,1,1,1,0,1,1,Bachelor's,20.0,0.7333333333333334,0.73,2,2,1,0.56,0
875,42,Diploma,3.3,0,0,0,0,1,1,1,5,7,0,Business Intelligence,3,0,1,0,0,0,0,0,Diploma,0.0,1.0999999999999999,1.0,1,1,1,0.7,1
886,37,Bachelor's,1.5,0,1,1,0,1,0,0,3,3,1,Data Analyst,0,1,0,0,0,0,0,0,Bachelor's,0.0,1.0,1.0,2,2,1,0.72,1
452,61,Bachelor's,2.4,0,1,0,0,1,1,0,2,2,0,Business Intelligence,2,0,0,1,0,0,1,0,Bachelor's,50.0,1.2,1.0,2,2,1,0.28,1
79,96,Bachelor's,0.6,0,0,1,0,0,1,0,1,3,0,Business Intelligence,2,1,1,0,1,0,0,0,Master's,0.0,0.3,0.3,2,3,0,0.42,0
596,79,Bachelor's,2.2,0,1,0,0,0,0,0,1,10,1,Data Science,3,1,1,0,0,0,1,0,Bachelor's,33.33,0.7333333333333334,0.73,2,2,1,1.0,0
172,21,Diploma,9.9,1,0,1,0,0,0,1,3,2,1,Data Science,1,1,1,0,0,0,1,1,Bachelor's,50.0,9.9,1.0,1,2,0,0.58,1
212,3,Bachelor's,1.5,0,1,0,0,0,1,0,0,5,1,AI Engineer,3,0,1,1,0,0,0,0,Diploma,50.0,0.5,0.5,2,1,1,1.0,1
886,8,Bachelor's,1.5,0,1,1,0,1,0,0,3,3,1,AI Engineer,2,1,0,0,0,0,1,0,Master's,0.0,0.75,0.75,2,3,0,0.72,0
445,70,Master's,5.1,1,1,0,0,0,1,0,2,10,0,AI Engineer,1,1,0,1,0,0,1,0,Bachelor's,66.67,5.1,1.0,3,2,1,0.7,1
149,93,Diploma,4.8,1,1,1,0,0,1,0,1,1,1,Data Science,1,0,1,1,0,1,1,0,Bachelor's,75.0,4.8,1.0,1,2,0,0.44,0
10,83,Master's,1.7,1,0,0,0,0,1,0,2,4,1,Business Intelligence,2,0,1,0,0,0,0,0,Bachelor's,0.0,0.85,0.85,3,2,1,0.86,1
542,17,Bachelor's,0.3,0,1,0,0,1,1,0,2,4,1,AI Engineer,4,1,0,1,0,1,0,0,Bachelor's,33.33,0.075,0.08,2,2,1,0.86,0
792,10,Bachelor's,3.3,0,0,1,0,0,1,0,0,0,0,AI Engineer,5,0,1,0,1,1,0,0,Master's,0.0,0.6599999999999999,0.66,2,3,0,0.0,0
944,97,Master's,3.1,0,0,0,1,0,1,1,1,5,0,Data Analyst,4,0,0,1,0,1,1,0,Bachelor's,33.33,0.775,0.78,3,2,1,0.7,1
55,13,Bachelor's,12.0,0,1,1,0,1,1,1,2,0,0,Data Analyst,3,0,1,1,1,0,1,1,Bachelor's,80.0,4.0,1.0,2,2,1,0.0,1
872,91,Bachelor's,0.6,0,0,0,0,0,1,0,3,3,0,AI Engineer,5,0,1,0,1,1,1,1,Diploma,20.0,0.12,0.12,2,1,1,0.42,0
639,12,Bachelor's,12.0,0,0,1,0,0,1,0,1,2,1,Machine Learning,3,1,1,0,0,1,1,0,Bachelor's,25.0,4.0,1.0,2,2,1,0.58,1
180,66,Bachelor's,1.9,1,1,0,1,0,1,0,4,2,1,Business Intelligence,1,0,1,1,1,0,1,0,Bachelor's,75.0,1.9,1.0,2,2,1,0.58,1
744,74,Bachelor's,0.0,1,0,1,1,1,1,0,1,4,1,Data Science,1,1,1,1,0,0,1,0,Bachelor's,75.0,0.0,0.0,2,2,1,0.86,1
381,85,Bachelor's,0.4,0,0,0,0,0,1,0,2,6,1,Data Science,1,1,0,0,0,0,0,0,Master's,0.0,0.4,0.4,2,3,0,1.0,0
422,23,Master's,1.8,1,1,1,0,0,0,0,2,5,1,AI Engineer,4,1,0,0,0,1,1,0,Bachelor's,33.33,0.45,0.45,3,2,1,1.0,0
451,65,Master's,1.7,1,0,0,0,1,1,0,2,2,0,Machine Learning,0,1,1,1,0,0,1,0,Master's,50.0,1.0,1.0,3,3,1,0.28,1
93,97,Master's,2.3,1,0,0,1,0,0,0,4,3,0,Data Analyst,4,0,0,1,0,1,1,0,Bachelor's,0.0,0.575,0.57,3,2,1,0.42,0
520,52,Bachelor's,6.5,0,0,0,0,0,1,1,4,2,0,Business Intelligence,1,1,0,1,0,0,0,0,Bachelor's,0.0,6.5,1.0,2,2,1,0.28,1
413,61,Master's,0.8,1,0,1,0,1,1,0,1,4,0,Business Intelligence,2,0,0,1,0,0,1,0,Bachelor's,100.0,0.4,0.4,3,2,1,0.56,1
759,26,Master's,0.3,0,0,0,0,1,0,0,5,2,1,Machine Learning,2,1,0,0,0,1,1,1,Bachelor's,25.0,0.15,0.15,3,2,1,0.58,0
394,15,Master's,1.8,1,0,0,0,0,1,0,1,3,0,AI Engineer,0,1,1,1,0,0,1,1,Master's,40.0,1.0,1.0,3,3,1,0.42,1
965,22,Bachelor's,2.1,0,0,0,0,0,1,0,3,0,1,Data Analyst,2,1,1,0,0,0,1,0,Master's,33.33,1.05,1.0,2,3,0,0.3,0
331,89,Bachelor's,2.0,1,1,0,0,0,1,0,1,3,1,Machine Learning,2,0,0,0,0,1,1,0,Bachelor's,50.0,1.0,1.0,2,2,1,0.72,1
708,65,Master's,0.6,1,0,0,0,0,0,0,0,4,0,Machine Learning,0,1,1,1,0,0,1,0,Master's,25.0,1.0,1.0,3,3,1,0.56,1
433,26,Bachelor's,1.7,0,1,0,0,1,1,0,3,5,0,Machine Learning,2,1,0,0,0,1,1,1,Bachelor's,50.0,0.85,0.85,2,2,1,0.7,1
954,21,Master's,3.3,1,0,1,0,0,1,0,3,6,0,Data Science,1,1,1,0,0,0,1,1,Bachelor's,50.0,3.3,1.0,3,2,1,0.7,1
163,24,Bachelor's,1.0,1,0,0,0,0,0,0,0,2,1,Machine Learning,2,1,1,0,1,0,1,0,Master's,25.0,0.5,0.5,2,3,0,0.58,0
946,16,Diploma,1.8,1,0,1,0,1,1,1,0,3,0,AI Engineer,2,1,1,0,1,1,1,0,Master's,60.0,0.9,0.9,1,3,0,0.42,0
40,32,Bachelor's,0.9,1,1,0,1,1,0,1,2,5,1,AI Engineer,1,0,0,0,0,1,1,0,Diploma,50.0,0.9,0.9,2,1,1,1.0,1
766,16,Bachelor's,1.0,0,0,1,0,1,0,1,1,4,1,AI Engineer,2,1,1,0,1,1,1,0,Master's,20.0,0.5,0.5,2,3,0,0.86,0
908,77,Bachelor's,1.1,1,0,0,1,1,0,0,3,4,0,Data Analyst,0,0,1,0,0,0,0,1,Bachelor's,0.0,1.0,1.0,2,2,1,0.56,1
85,42,Bachelor's,7.2,1,1,0,0,0,0,0,1,2,1,Business Intelligence,3,0,1,0,0,0,0,0,Diploma,100.0,2.4,1.0,2,1,1,0.58,1
784,32,Bachelor's,2.5,0,1,0,0,0,1,0,1,2,1,AI Engineer,1,0,0,0,0,1,1,0,Diploma,50.0,2.5,1.0,2,1,1,0.58,1
590,50,Bachelor's,3.2,0,0,1,0,1,1,0,2,2,0,AI Engineer,1,1,0,0,0,1,1,0,Master's,66.67,3.2,1.0,2,3,0,0.28,0
725,41,Bachelor's,2.9,1,0,0,0,0,0,1,3,1,1,Business Intelligence,2,1,0,0,0,0,1,1,Bachelor's,66.67,1.45,1.0,2,2,1,0.44,1
816,24,Bachelor's,8.6,0,1,1,0,0,1,0,1,3,1,Machine Learning,2,1,1,0,1,0,1,0,Master's,50.0,4.3,1.0,2,3,0,0.72,0
767,13,Master's,3.3,1,1,1,0,1,1,0,2,1,0,Data Analyst,3,0,1,1,1,0,1,1,Bachelor's,60.0,1.0999999999999999,1.0,3,2,1,0.14,1
91,75,Bachelor's,7.2,0,0,1,0,0,1,1,0,4,1,AI Engineer,2,0,1,1,0,1,1,0,Master's,50.0,3.6,1.0,2,3,0,0.86,1
484,79,Bachelor's,0.0,1,1,0,0,0,1,1,4,5,0,Data Science,3,1,1,0,0,0,1,0,Bachelor's,100.0,0.0,0.0,2,2,1,0.7,1
385,10,Master's,2.7,1,0,1,0,0,0,0,2,4,0,AI Engineer,5,0,1,0,1,1,0,0,Master's,0.0,0.54,0.54,3,3,1,0.56,0
193,42,Master's,1.1,0,1,0,1,1,1,0,2,5,0,Business Intelligence,3,0,1,0,0,0,0,0,Diploma,100.0,0.3666666666666667,0.37,3,1,1,0.7,1
253,41,Master's,0.3,0,1,0,0,0,1,0,2,0,0,Business Intelligence,2,1,0,0,0,0,1,1,Bachelor's,33.33,0.15,0.15,3,2,1,0.0,0
790,3,Master's,1.8,0,1,0,0,0,1,0,4,3,0,AI Engineer,3,0,1,1,0,0,0,0,Diploma,50.0,0.6,0.6,3,1,1,0.42,1
655,55,Bachelor's,0.2,0,0,0,0,0,0,0,4,7,0,Machine Learning,2,0,0,0,0,1,1,1,Bachelor's,0.0,0.1,0.1,2,2,1,0.7,0
244,16,Bachelor's,4.7,0,1,0,1,1,1,0,4,2,0,AI Engineer,2,1,1,0,1,1,1,0,Master's,80.0,2.35,1.0,2,3,0,0.28,0
724,44,Master's,0.3,1,0,0,0,0,0,0,0,2,1,Business Intelligence,1,1,1,0,0,1,0,0,Bachelor's,33.33,0.3,0.3,3,2,1,0.58,0
707,81,Bachelor's,2.6,1,1,1,1,1,1,0,1,5,1,Data Science,2,1,1,0,0,0,0,1,Bachelor's,66.67,1.3,1.0,2,2,1,1.0,1
270,89,Bachelor's,0.9,1,1,1,0,0,1,0,0,2,1,Machine Learning,2,0,0,0,0,1,1,0,Bachelor's,50.0,0.45,0.45,2,2,1,0.58,0
841,30,Diploma,1.2,1,1,1,0,1,1,0,1,1,1,Data Analyst,1,1,1,0,1,1,0,0,Bachelor's,75.0,1.2,1.0,1,2,0,0.44,1
19,99,Bachelor's,6.2,1,0,0,0,0,1,0,3,2,0,AI Engineer,2,1,1,0,1,0,0,0,Diploma,33.33,3.1,1.0,2,1,1,0.28,1
40,37,Bachelor's,0.9,1,1,0,1,1,0,1,2,5,1,Data Analyst,0,1,0,0,0,0,0,0,Bachelor's,100.0,1.0,1.0,2,2,1,1.0,1
610,60,Bachelor's,1.9,1,1,0,0,0,1,1,1,3,1,Data Analyst,0,0,1,0,0,0,0,0,Bachelor's,100.0,1.0,1.0,2,2,1,0.72,1
516,77,Diploma,0.0,0,1,0,1,0,0,0,1,8,0,Data Analyst,0,0,1,0,0,0,0,1,Bachelor's,50.0,1.0,1.0,1,2,0,0.7,1
33,24,Diploma,0.7,1,1,0,0,1,1,0,4,2,0,Machine Learning,2,1,1,0,1,0,1,0,Master's,75.0,0.35,0.35,1,3,0,0.28,1
811,26,Master's,2.7,1,1,0,0,1,1,0,3,1,0,Machine Learning,2,1,0,0,0,1,1,1,Bachelor's,75.0,1.35,1.0,3,2,1,0.14,1
677,58,Bachelor's,0.2,1,0,0,0,0,0,0,0,1,1,Data Analyst,4,1,1,1,1,0,0,0,Bachelor's,25.0,0.05,0.05,2,2,1,0.44,0
450,9,Diploma,2.9,1,0,1,0,0,1,0,0,3,0,Data Analyst,0,1,1,0,0,0,0,0,Master's,50.0,1.0,1.0,1,3,0,0.42,0
539,61,Bachelor's,0.5,0,1,0,0,0,1,0,0,0,0,Business Intelligence,2,0,0,1,0,0,1,0,Bachelor's,50.0,0.25,0.25,2,2,1,0.0,0
685,19,Master's,0.4,1,1,1,0,0,1,0,4,5,1,Business Intelligence,5,1,0,0,0,0,0,1,Bachelor's,50.0,0.08,0.08,3,2,1,1.0,1
849,28,Bachelor's,5.4,0,1,1,0,0,1,0,4,5,0,Data Science,1,0,1,0,1,1,0,0,Bachelor's,33.33,5.4,1.0,2,2,1,0.7,1
625,7,Bachelor's,0.5,1,0,1,0,1,1,0,3,1,1,AI Engineer,2,1,0,0,0,1,0,0,Bachelor's,100.0,0.25,0.25,2,2,1,0.44,1
946,45,Diploma,1.8,1,0,1,0,1,1,1,0,3,0,Business Intelligence,1,0,0,0,0,0,1,0,Bachelor's,100.0,1.8,1.0,1,2,0,0.42,1
885,86,Master's,0.4,1,1,0,0,1,1,1,3,5,0,Data Science,3,0,0,1,1,0,1,0,Bachelor's,33.33,0.13333333333333333,0.13,3,2,1,0.7,1
892,94,Master's,1.3,0,1,0,0,1,1,1,1,2,1,Business Intelligence,1,0,1,0,1,0,0,1,Diploma,66.67,1.3,1.0,3,1,1,0.58,1
607,63,Bachelor's,0.2,1,1,1,1,0,1,0,1,0,0,Business Intelligence,5,1,1,0,0,0,0,0,Diploma,100.0,0.04,0.04,2,1,1,0.0,1
319,37,Bachelor's,0.2,1,1,0,0,0,1,1,1,5,0,Data Analyst,0,1,0,0,0,0,0,0,Bachelor's,100.0,1.0,1.0,2,2,1,0.7,1
745,16,Bachelor's,1.3,0,0,0,0,0,1,0,1,8,1,AI Engineer,2,1,1,0,1,1,1,0,Master's,20.0,0.65,0.65,2,3,0,1.0,0
646,100,Master's,3.5,1,0,1,0,0,0,0,1,5,0,Data Science,5,0,0,0,0,1,0,0,Bachelor's,0.0,0.7,0.7,3,2,1,0.7,0
124,5,Bachelor's,4.1,1,0,1,0,1,0,0,2,3,1,Business Intelligence,4,0,1,0,0,0,1,0,Bachelor's,0.0,1.025,1.0,2,2,1,0.72,0
372,29,Diploma,0.5,0,1,0,0,0,0,0,1,4,0,AI Engineer,0,1,1,1,1,0,1,0,Bachelor's,20.0,1.0,1.0,1,2,0,0.56,0
351,52,Bachelor's,5.0,0,0,1,0,0,1,1,1,4,0,Business Intelligence,1,1,0,1,0,0,0,0,Bachelor's,50.0,5.0,1.0,2,2,1,0.56,1
323,23,Bachelor's,5.1,0,1,1,0,0,1,0,4,4,0,AI Engineer,4,1,0,0,0,1,1,0,Bachelor's,33.33,1.275,1.0,2,2,1,0.56,1
488,6,Bachelor's,3.0,0,0,0,0,0,0,0,2,9,0,Data Science,2,0,0,0,0,1,0,0,Diploma,0.0,1.5,1.0,2,1,1,0.7,0
451,36,Master's,1.7,1,0,0,0,1,1,0,2,2,0,Business Intelligence,0,0,1,1,0,1,1,0,Master's,50.0,1.0,1.0,3,3,1,0.28,1
353,57,Bachelor's,1.4,0,1,0,0,0,1,1,1,2,1,Business Intelligence,3,0,1,0,1,0,0,0,Bachelor's,50.0,0.4666666666666666,0.47,2,2,1,0.58,0
116,33,Master's,2.2,1,1,0,0,1,0,0,4,3,0,AI Engineer,3,0,1,0,0,0,0,0,Bachelor's,100.0,0.7333333333333334,0.73,3,2,1,0.42,1
955,49,Bachelor's,12.0,0,0,0,0,1,0,0,0,1,0,Data Science,4,1,1,0,0,0,0,0,Diploma,0.0,3.0,1.0,2,1,1,0.14,1
13,41,Master's,7.2,0,0,1,0,1,1,0,3,1,0,Business Intelligence,2,1,0,0,0,0,1,1,Bachelor's,33.33,3.6,1.0,3,2,1,0.14,1
917,80,Bachelor's,5.4,0,1,0,1,0,0,0,1,0,0,Business Intelligence,2,1,1,0,0,1,1,0,Master's,25.0,2.7,1.0,2,3,0,0.0,0
320,55,Bachelor's,0.2,1,1,0,0,0,0,0,0,5,0,Machine Learning,2,0,0,0,0,1,1,1,Bachelor's,0.0,0.1,0.1,2,2,1,0.7,0
165,98,Diploma,0.4,1,0,0,0,0,0,0,2,4,1,Machine Learning,2,1,1,0,1,0,0,0,Bachelor's,33.33,0.2,0.2,1,2,0,0.86,0
720,26,Master's,0.7,1,0,1,0,0,0,0,1,3,0,Machine Learning,2,1,0,0,0,1,1,1,Bachelor's,25.0,0.35,0.35,3,2,1,0.42,0
85,37,Bachelor's,7.2,1,1,0,0,0,0,0,1,2,1,Data Analyst,0,1,0,0,0,0,0,0,Bachelor's,100.0,1.0,1.0,2,2,1,0.58,1
248,77,Master's,0.1,0,0,0,1,1,0,0,3,2,1,Data Analyst,0,0,1,0,0,0,0,1,Bachelor's,0.0,1.0,1.0,3,2,1,0.58,0
432,17,Master's,1.8,0,1,0,0,1,1,0,3,3,0,AI Engineer,4,1,0,1,0,1,0,0,Bachelor's,33.33,0.45,0.45,3,2,1,0.42,0
568,96,Bachelor's,0.3,1,1,0,0,0,1,1,2,2,0,Business Intelligence,2,1,1,0,1,0,0,0,Master's,66.67,0.15,0.15,2,3,0,0.28,1
684,32,Bachelor's,4.3,1,0,0,0,0,1,0,4,2,1,AI Engineer,1,0,0,0,0,1,1,0,Diploma,50.0,4.3,1.0,2,1,1,0.58,1
653,28,Bachelor's,0.8,1,1,0,0,0,1,0,0,1,1,Data Science,1,0,1,0,1,1,0,0,Bachelor's,33.33,0.8,0.8,2,2,1,0.44,0
644,93,Bachelor's,2.4,0,0,0,0,1,1,0,3,1,0,Data Science,1,0,1,1,0,1,1,0,Bachelor's,50.0,2.4,1.0,2,2,1,0.14,1
479,25,Master's,4.0,1,0,0,1,0,0,0,7,1,1,Data Science,3,1,1,0,0,0,1,0,Bachelor's,33.33,1.3333333333333333,1.0,3,2,1,0.44,1
713,47,Bachelor's,3.8,1,1,0,0,1,1,0,1,2,0,Data Analyst,0,1,0,0,0,0,0,1,Master's,50.0,1.0,1.0,2,3,0,0.28,1
368,22,Master's,6.0,0,0,0,0,0,1,0,1,0,1,Data Analyst,2,1,1,0,0,0,1,0,Master's,33.33,3.0,1.0,3,3,1,0.3,0
801,91,Master's,7.8,0,0,0,0,0,1,0,4,4,1,AI Engineer,5,0,1,0,1,1,1,1,Diploma,20.0,1.56,1.0,3,1,1,0.86,1
933,61,Master's,2.1,1,1,1,0,0,1,0,1,6,1,Business Intelligence,2,0,0,1,0,0,1,0,Bachelor's,100.0,1.05,1.0,3,2,1,1.0,1
821,44,Master's,0.6,0,0,0,1,0,1,0,3,4,1,Business Intelligence,1,1,1,0,0,1,0,0,Bachelor's,0.0,0.6,0.6,3,2,1,0.86,1
357,20,Diploma,5.8,0,1,0,0,0,0,0,0,3,0,Data Analyst,2,1,1,0,0,1,0,0,Bachelor's,33.33,2.9,1.0,1,2,0,0.42,0
408,50,Diploma,4.1,1,1,0,0,0,0,0,3,0,1,AI Engineer,1,1,0,0,0,1,1,0,Master's,33.33,4.1,1.0,1,3,0,0.3,0
345,88,Bachelor's,3.4,0,0,0,1,0,1,1,1,2,1,Data Analyst,0,1,1,1,0,0,1,1,Diploma,40.0,1.0,1.0,2,1,1,0.58,1
179,47,Master's,3.6,0,1,0,0,0,1,0,5,6,0,Data Analyst,0,1,0,0,0,0,0,1,Master's,0.0,1.0,1.0,3,3,1,0.7,0
425,47,Diploma,10.8,1,1,0,0,0,1,0,2,3,1,Data Analyst,0,1,0,0,0,0,0,1,Master's,50.0,1.0,1.0,1,3,0,0.72,1
541,72,Master's,3.1,0,0,0,0,0,1,0,3,1,1,Data Science,5,1,0,0,0,0,0,1,Master's,0.0,0.62,0.62,3,3,1,0.44,0
443,51,Bachelor's,2.8,0,0,0,0,1,1,0,4,3,1,Machine Learning,5,0,1,1,0,1,0,0,Master's,33.33,0.5599999999999999,0.56,2,3,0,0.72,0
936,55,Bachelor's,4.1,1,1,0,0,0,1,0,2,3,1,Machine Learning,2,0,0,0,0,1,1,1,Bachelor's,33.33,2.05,1.0,2,2,1,0.72,1
819,78,Diploma,2.4,1,1,1,1,1,0,0,1,2,1,Business Intelligence,5,1,0,0,0,1,1,0,Master's,66.67,0.48,0.48,1,3,0,0.58,1
306,39,Master's,5.1,1,0,0,0,0,0,0,5,1,0,Data Science,0,1,0,0,1,0,1,1,Master's,25.0,1.0,1.0,3,3,1,0.14,1
367,14,Master's,3.1,1,0,0,0,0,1,0,1,2,0,Data Science,3,1,1,0,0,1,1,0,Bachelor's,50.0,1.0333333333333334,1.0,3,2,1,0.28,0
36,69,Master's,3.0,1,0,1,0,0,0,0,1,1,0,Data Science,5,1,0,1,0,0,1,0,Bachelor's,66.67,0.6,0.6,3,2,1,0.14,1
463,47,Master's,0.3,0,1,1,0,1,0,0,1,3,0,Data Analyst,0,1,0,0,0,0,0,1,Master's,0.0,1.0,1.0,3,3,1,0.42,1
621,21,Bachelor's,1.6,0,1,1,0,0,0,1,0,4,0,Data Science,1,1,1,0,0,0,1,1,Bachelor's,50.0,1.6,1.0,2,2,1,0.56,1
828,15,Bachelor's,8.6,1,0,0,0,0,1,0,0,3,0,AI Engineer,0,1,1,1,0,0,1,1,Master's,40.0,1.0,1.0,2,3,0,0.42,0
146,100,Diploma,5.3,0,0,0,1,0,0,0,2,4,0,Data Science,5,0,0,0,0,1,0,0,Bachelor's,0.0,1.06,1.0,1,2,0,0.56,0
788,97,Bachelor's,2.4,1,0,1,1,1,0,0,3,5,1,Data Analyst,4,0,0,1,0,1,1,0,Bachelor's,66.67,0.6,0.6,2,2,1,1.0,1
901,81,Bachelor's,2.0,1,0,0,0,0,1,0,3,6,1,Data Science,2,1,1,0,0,0,0,1,Bachelor's,33.33,1.0,1.0,2,2,1,1.0,1
146,84,Diploma,5.3,0,0,0,1,0,0,0,2,4,0,AI Engineer,1,1,0,1,1,1,0,0,Bachelor's,25.0,5.3,1.0,1,2,0,0.56,0
380,1,Bachelor's,2.2,0,1,0,0,1,1,0,4,2,0,Data Science,4,1,0,0,1,0,1,0,Bachelor's,33.33,0.55,0.55,2,2,1,0.28,0
168,80,Bachelor's,1.8,1,0,0,0,1,1,0,3,3,0,Business Intelligence,2,1,1,0,0,1,1,0,Master's,75.0,0.9,0.9,2,3,0,0.42,1
769,82,Bachelor's,1.2,1,0,1,0,1,1,0,3,1,0,Data Analyst,3,1,1,1,0,0,0,1,Bachelor's,50.0,0.39999999999999997,0.4,2,2,1,0.14,0
275,10,Bachelor's,1.6,0,1,0,0,0,1,0,4,4,0,AI Engineer,5,0,1,0,1,1,0,0,Master's,33.33,0.32,0.32,2,3,0,0.56,0
87,23,Master's,2.4,1,0,0,1,1,0,1,1,2,0,AI Engineer,4,1,0,0,0,1,1,0,Bachelor's,66.67,0.6,0.6,3,2,1,0.28,0
154,18,Bachelor's,2.8,0,0,0,1,0,0,1,0,4,1,Data Analyst,0,1,1,0,0,1,0,0,Diploma,0.0,1.0,1.0,2,1,1,0.86,0
497,58,Bachelor's,2.4,0,1,0,0,0,1,1,0,1,1,Data Analyst,4,1,1,1,1,0,0,0,Bachelor's,25.0,0.6,0.6,2,2,1,0.44,0
797,73,Master's,3.1,1,1,0,0,1,0,0,2,3,0,AI Engineer,1,0,0,0,0,0,1,0,Master's,0.0,3.1,1.0,3,3,1,0.42,1
315,94,Master's,1.5,0,0,1,0,0,1,0,1,2,1,Business Intelligence,1,0,1,0,1,0,0,1,Diploma,0.0,1.5,1.0,3,1,1,0.58,0
831,77,Bachelor's,9.8,1,0,1,1,1,1,0,3,4,0,Data Analyst,0,0,1,0,0,0,0,1,Bachelor's,0.0,1.0,1.0,2,2,1,0.56,1
610,52,Bachelor's,1.9,1,1,0,0,0,1,1,1,3,1,Business Intelligence,1,1,0,1,0,0,0,0,Bachelor's,50.0,1.9,1.0,2,2,1,0.72,1
723,95,Diploma,0.9,0,1,0,1,1,1,0,2,2,0,AI Engineer,3,1,1,1,0,1,1,0,Bachelor's,60.0,0.3,0.3,1,2,0,0.28,0
958,46,Diploma,1.4,0,0,0,0,0,0,1,2,1,1,Data Analyst,1,1,1,1,0,0,1,0,Bachelor's,0.0,1.4,1.0,1,2,0,0.44,0
560,13,Bachelor's,5.8,1,0,1,0,1,0,1,1,6,0,Data Analyst,3,0,1,1,1,0,1,1,Bachelor's,40.0,1.9333333333333333,1.0,2,2,1,0.7,1
830,96,Bachelor's,0.9,1,0,0,0,0,1,0,1,5,1,Business Intelligence,2,1,1,0,1,0,0,0,Master's,33.33,0.45,0.45,2,3,0,1.0,0
274,17,Master's,0.1,0,1,0,1,0,1,0,1,3,1,AI Engineer,4,1,0,1,0,1,0,0,Bachelor's,0.0,0.025,0.02,3,2,1,0.72,0
706,67,Master's,0.3,0,1,0,0,1,1,0,1,2,1,Data Science,0,1,1,1,0,1,1,0,Bachelor's,60.0,1.0,1.0,3,2,1,0.58,1
764,61,Master's,1.7,1,0,0,0,0,0,1,0,1,0,Business Intelligence,2,0,0,1,0,0,1,0,Bachelor's,0.0,0.85,0.85,3,2,1,0.14,0
795,65,Diploma,0.1,1,0,0,0,0,0,0,1,4,0,Machine Learning,0,1,1,1,0,0,1,0,Master's,25.0,1.0,1.0,1,3,0,0.56,0
262,53,Master's,4.0,0,1,1,1,1,1,0,1,4,0,Data Science,4,1,0,0,1,0,0,0,Bachelor's,50.0,1.0,1.0,3,2,1,0.56,1
487,5,Diploma,1.3,1,0,0,0,1,1,0,2,2,0,Business Intelligence,4,0,1,0,0,0,1,0,Bachelor's,50.0,0.325,0.32,1,2,0,0.28,0
454,32,Master's,2.1,1,0,1,0,0,0,0,2,2,1,AI Engineer,1,0,0,0,0,1,1,0,Diploma,0.0,2.1,1.0,3,1,1,0.58,1
443,89,Bachelor's,2.8,0,0,0,0,1,1,0,4,3,1,Machine Learning,2,0,0,0,0,1,1,0,Bachelor's,100.0,1.4,1.0,2,2,1,0.72,1
262,45,Master's,4.0,0,1,1,1,1,1,0,1,4,0,Business Intelligence,1,0,0,0,0,0,1,0,Bachelor's,100.0,4.0,1.0,3,2,1,0.56,1
543,56,Bachelor's,2.1,0,0,0,1,1,1,1,3,2,0,Machine Learning,2,0,1,1,1,1,1,1,Diploma,66.67,1.05,1.0,2,1,1,0.28,1
105,5,Master's,12.0,0,0,0,0,0,1,1,3,6,1,Business Intelligence,4,0,1,0,0,0,1,0,Bachelor's,50.0,3.0,1.0,3,2,1,1.0,1
1000,87,Bachelor's,0.8,0,0,0,0,0,1,1,0,4,1,AI Engineer,1,1,0,0,0,0,0,0,Bachelor's,0.0,0.8,0.8,2,2,1,0.86,0
350,76,Bachelor's,0.1,1,0,0,0,1,0,0,2,0,0,Data Science,0,1,0,0,0,0,1,0,Master's,50.0,1.0,1.0,2,3,0,0.0,0
824,34,Bachelor's,3.7,1,0,0,0,1,0,0,1,4,0,Machine Learning,2,1,1,0,0,1,0,0,Bachelor's,66.67,1.85,1.0,2,2,1,0.56,1
438,61,Master's,3.0,1,1,1,1,0,1,0,1,4,1,Business Intelligence,2,0,0,1,0,0,1,0,Bachelor's,100.0,1.5,1.0,3,2,1,0.86,1
981,87,Bachelor's,0.5,1,1,1,0,0,1,0,2,2,0,AI Engineer,1,1,0,0,0,0,0,0,Bachelor's,100.0,0.5,0.5,2,2,1,0.28,1
169,80,Diploma,0.0,0,1,0,0,0,1,0,0,4,0,Business Intelligence,2,1,1,0,0,1,1,0,Master's,50.0,0.0,0.0,1,3,0,0.56,0
748,62,Bachelor's,0.8,1,0,0,1,0,0,0,2,4,0,Machine Learning,1,1,1,1,0,0,0,1,Diploma,25.0,0.8,0.8,2,1,1,0.56,0
786,69,Master's,5.6,1,0,0,1,1,1,0,1,3,0,Data Science,5,1,0,1,0,0,1,0,Bachelor's,66.67,1.1199999999999999,1.0,3,2,1,0.42,1
343,63,Bachelor's,5.1,1,1,1,0,0,0,0,1,7,1,Business Intelligence,5,1,1,0,0,0,0,0,Diploma,100.0,1.02,1.0,2,1,1,1.0,1
230,44,Bachelor's,1.3,1,0,0,0,0,1,0,3,3,1,Business Intelligence,1,1,1,0,0,1,0,0,Bachelor's,33.33,1.3,1.0,2,2,1,0.72,1
23,28,Bachelor's,6.5,0,1,1,1,1,0,1,4,5,0,Data Science,1,0,1,0,1,1,0,0,Bachelor's,100.0,6.5,1.0,2,2,1,0.7,1
988,70,Bachelor's,1.7,1,0,0,1,0,1,1,2,1,1,AI Engineer,1,1,0,1,0,0,1,0,Bachelor's,66.67,1.7,1.0,2,2,1,0.44,1
676,13,Master's,0.9,1,0,1,0,1,1,0,0,1,0,Data Analyst,3,0,1,1,1,0,1,1,Bachelor's,40.0,0.3,0.3,3,2,1,0.14,0
281,43,Master's,2.4,1,0,0,1,1,1,0,2,3,0,AI Engineer,3,1,0,0,0,0,0,0,Bachelor's,100.0,0.7999999999999999,0.8,3,2,1,0.42,1
519,30,Master's,0.7,0,0,0,0,1,0,0,2,4,0,Data Analyst,1,1,1,0,1,1,0,0,Bachelor's,25.0,0.7,0.7,3,2,1,0.56,1
722,26,Bachelor's,0.3,0,1,0,0,0,0,0,2,2,0,Machine Learning,2,1,0,0,0,1,1,1,Bachelor's,0.0,0.15,0.15,2,2,1,0.28,0
253,81,Master's,0.3,0,1,0,0,0,1,0,2,0,0,Data Science,2,1,1,0,0,0,0,1,Bachelor's,33.33,0.15,0.15,3,2,1,0.0,0
404,63,Master's,3.3,1,0,0,0,1,1,0,4,3,0,Business Intelligence,5,1,1,0,0,0,0,0,Diploma,50.0,0.6599999999999999,0.66,3,1,1,0.42,1
133,73,Bachelor's,0.2,0,1,1,0,0,0,1,1,5,0,AI Engineer,1,0,0,0,0,0,1,0,Master's,0.0,0.2,0.2,2,3,0,0.7,0
274,57,Master's,0.1,0,1,0,1,0,1,0,1,3,1,Business Intelligence,3,0,1,0,1,0,0,0,Bachelor's,100.0,0.03333333333333333,0.03,3,2,1,0.72,1
618,64,Bachelor's,2.7,1,1,1,0,0,0,0,2,2,1,AI Engineer,3,1,0,1,0,0,1,0,Bachelor's,66.67,0.9,0.9,2,2,1,0.58,1
232,80,Bachelor's,0.7,1,1,0,0,1,1,0,3,4,0,Business Intelligence,2,1,1,0,0,1,1,0,Master's,100.0,0.35,0.35,2,3,0,0.56,0
545,49,Bachelor's,8.2,1,1,0,0,0,1,0,2,1,0,Data Science,4,1,1,0,0,0,0,0,Diploma,100.0,2.05,1.0,2,1,1,0.14,1
79,52,Bachelor's,0.6,0,0,1,0,0,1,0,1,3,0,Business Intelligence,1,1,0,1,0,0,0,0,Bachelor's,50.0,0.6,0.6,2,2,1,0.42,1
35,63,Master's,0.2,0,0,0,0,0,1,0,4,5,1,Business Intelligence,5,1,1,0,0,0,0,0,Diploma,0.0,0.04,0.04,3,1,1,1.0,0
495,82,Bachelor's,2.3,1,1,1,0,1,0,0,2,4,0,Data Analyst,3,1,1,1,0,0,0,1,Bachelor's,75.0,0.7666666666666666,0.77,2,2,1,0.56,1
110,13,Diploma,0.4,0,1,0,1,1,1,0,5,1,1,Data Analyst,3,0,1,1,1,0,1,1,Bachelor's,60.0,0.13333333333333333,0.13,1,2,0,0.44,0
321,93,Bachelor's,0.7,0,1,0,0,0,1,0,2,2,1,Data Science,1,0,1,1,0,1,1,0,Bachelor's,50.0,0.7,0.7,2,2,1,0.58,1
575,88,Master's,0.6,1,1,1,0,0,1,1,2,3,1,Data Analyst,0,1,1,1,0,0,1,1,Diploma,100.0,1.0,1.0,3,1,1,0.72,1
981,45,Bachelor's,0.5,1,1,1,0,0,1,0,2,2,0,Business Intelligence,1,0,0,0,0,0,1,0,Bachelor's,100.0,0.5,0.5,2,2,1,0.28,1
328,46,Bachelor's,3.9,1,1,1,0,0,0,1,2,3,1,Data Analyst,1,1,1,1,0,0,1,0,Bachelor's,75.0,3.9,1.0,2,2,1,0.72,1
967,77,Master's,0.5,0,0,1,1,1,1,0,1,4,0,Data Analyst,0,0,1,0,0,0,0,1,Bachelor's,0.0,1.0,1.0,3,2,1,0.56,0
809,89,Bachelor's,0.5,1,0,0,0,0,1,0,1,2,0,Machine Learning,2,0,0,0,0,1,1,0,Bachelor's,50.0,0.25,0.25,2,2,1,0.28,1
690,41,Bachelor's,3.6,1,0,1,0,0,0,0,2,2,0,Business Intelligence,2,1,0,0,0,0,1,1,Bachelor's,33.33,1.8,1.0,2,2,1,0.28,0
384,46,Master's,0.7,1,0,0,0,0,1,1,3,5,0,Data Analyst,1,1,1,1,0,0,1,0,Bachelor's,50.0,0.7,0.7,3,2,1,0.7,1
364,1,Bachelor's,2.5,1,0,0,0,0,0,0,2,3,1,Data Science,4,1,0,0,1,0,1,0,Bachelor's,33.33,0.625,0.62,2,2,1,0.72,0
232,73,Bachelor's,0.7,1,1,0,0,1,1,0,3,4,0,AI Engineer,1,0,0,0,0,0,1,0,Master's,100.0,0.7,0.7,2,3,0,0.56,0
616,68,Master's,2.8,1,0,0,1,1,1,1,2,5,1,Data Science,4,1,0,0,0,0,1,0,Bachelor's,100.0,0.7,0.7,3,2,1,1.0,1
414,92,Bachelor's,0.1,1,0,0,0,0,0,0,1,6,0,Machine Learning,3,0,1,0,0,0,1,0,Bachelor's,0.0,0.03333333333333333,0.03,2,2,1,0.7,0
294,12,Bachelor's,2.9,1,1,1,0,0,1,0,2,1,0,Machine Learning,3,1,1,0,0,1,1,0,Bachelor's,75.0,0.9666666666666667,0.97,2,2,1,0.14,1
547,88,Bachelor's,4.1,1,0,0,0,0,0,1,1,4,1,Data Analyst,0,1,1,1,0,0,1,1,Diploma,40.0,1.0,1.0,2,1,1,0.86,1
706,73,Master's,0.3,0,1,0,0,1,1,0,1,2,1,AI Engineer,1,0,0,0,0,0,1,0,Master's,100.0,0.3,0.3,3,3,1,0.58,1
174,35,Bachelor's,0.8,0,0,0,0,1,0,0,1,2,0,Data Science,0,0,0,0,0,0,1,0,Master's,0.0,1.0,1.0,2,3,0,0.28,0
392,99,Bachelor's,0.2,1,1,0,0,0,1,0,2,3,1,AI Engineer,2,1,1,0,1,0,0,0,Diploma,66.67,0.1,0.1,2,1,1,0.72,1
102,33,Bachelor's,8.7,1,1,0,0,1,1,1,1,1,1,AI Engineer,3,0,1,0,0,0,0,0,Bachelor's,100.0,2.9,1.0,2,2,1,0.44,1
836,58,Bachelor's,2.7,0,0,0,0,0,1,0,4,4,0,Data Analyst,4,1,1,1,1,0,0,0,Bachelor's,0.0,0.675,0.68,2,2,1,0.56,1
293,35,Master's,2.1,1,0,0,0,1,1,0,3,4,1,Data Science,0,0,0,0,0,0,1,0,Master's,100.0,1.0,1.0,3,3,1,0.86,1
85,46,Bachelor's,7.2,1,1,0,0,0,0,0,1,2,1,Data Analyst,1,1,1,1,0,0,1,0,Bachelor's,50.0,7.2,1.0,2,2,1,0.58,1
909,84,Bachelor's,1.0,1,1,1,0,1,1,0,4,1,1,AI Engineer,1,1,0,1,1,1,0,0,Bachelor's,75.0,1.0,1.0,2,2,1,0.44,1
201,66,Bachelor's,3.5,0,1,1,0,1,1,0,1,3,1,Business Intelligence,1,0,1,1,1,0,1,0,Bachelor's,75.0,3.5,1.0,2,2,1,0.72,1
685,44,Master's,0.4,1,1,1,0,0,1,0,4,5,1,Business Intelligence,1,1,1,0,0,1,0,0,Bachelor's,66.67,0.4,0.4,3,2,1,1.0,1
541,26,Master's,3.1,0,0,0,0,0,1,0,3,1,1,Machine Learning,2,1,0,0,0,1,1,1,Bachelor's,25.0,1.55,1.0,3,2,1,0.44,0
297,42,Master's,0.5,1,1,0,0,0,1,0,0,1,1,Business Intelligence,3,0,1,0,0,0,0,0,Diploma,100.0,0.16666666666666666,0.17,3,1,1,0.44,1
56,77,Master's,1.1,0,1,0,0,0,1,0,0,1,1,Data Analyst,0,0,1,0,0,0,0,1,Bachelor's,50.0,1.0,1.0,3,2,1,0.44,1
472,30,Master's,3.4,0,1,1,0,1,1,0,4,2,1,Data Analyst,1,1,1,0,1,1,0,0,Bachelor's,50.0,3.4,1.0,3,2,1,0.58,1
16,32,Bachelor's,6.5,1,0,0,0,1,0,0,1,3,0,AI Engineer,1,0,0,0,0,1,1,0,Diploma,50.0,6.5,1.0,2,1,1,0.42,1
652,36,Bachelor's,0.9,1,0,1,0,1,1,0,0,9,0,Business Intelligence,0,0,1,1,0,1,1,0,Master's,75.0,1.0,1.0,2,3,0,0.7,1
66,19,Bachelor's,3.3,0,0,0,0,1,0,0,6,4,1,Business Intelligence,5,1,0,0,0,0,0,1,Bachelor's,0.0,0.6599999999999999,0.66,2,2,1,0.86,0
958,22,Diploma,1.4,0,0,0,0,0,0,1,2,1,1,Data Analyst,2,1,1,0,0,0,1,0,Master's,0.0,0.7,0.7,1,3,0,0.44,0
659,65,Bachelor's,1.3,1,1,0,1,0,1,0,3,5,0,Machine Learning,0,1,1,1,0,0,1,0,Master's,75.0,1.0,1.0,2,3,0,0.7,1
670,57,Bachelor's,4.3,1,0,1,0,0,1,1,0,3,0,Business Intelligence,3,0,1,0,1,0,0,0,Bachelor's,0.0,1.4333333333333333,1.0,2,2,1,0.42,0
912,11,Bachelor's,5.2,1,0,0,1,1,1,0,2,2,0,Data Analyst,3,1,1,0,0,1,0,1,Master's,50.0,1.7333333333333334,1.0,2,3,0,0.28,0
472,26,Master's,3.4,0,1,1,0,1,1,0,4,2,1,Machine Learning,2,1,0,0,0,1,1,1,Bachelor's,50.0,1.7,1.0,3,2,1,0.58,1
909,48,Bachelor's,1.0,1,1,1,0,1,1,0,4,1,1,AI Engineer,1,1,1,1,0,1,0,0,Bachelor's,100.0,1.0,1.0,2,2,1,0.44,1
581,19,Bachelor's,0.7,1,0,1,0,1,0,0,1,0,0,Business Intelligence,5,1,0,0,0,0,0,1,Bachelor's,50.0,0.13999999999999999,0.14,2,2,1,0.0,0
23,83,Bachelor's,6.5,0,1,1,1,1,0,1,4,5,0,Business Intelligence,2,0,1,0,0,0,0,0,Bachelor's,100.0,3.25,1.0,2,2,1,0.7,1
702,12,Diploma,1.4,0,1,0,0,1,0,1,2,3,0,Machine Learning,3,1,1,0,0,1,1,0,Bachelor's,50.0,0.4666666666666666,0.47,1,2,0,0.42,0
760,67,Master's,2.0,1,1,1,0,0,1,0,3,3,0,Data Science,0,1,1,1,0,1,1,0,Bachelor's,80.0,1.0,1.0,3,2,1,0.42,1
486,56,Master's,1.1,0,1,1,1,0,0,0,0,1,0,Machine Learning,2,0,1,1,1,1,1,1,Diploma,50.0,0.55,0.55,3,1,1,0.14,0
415,18,Bachelor's,1.9,1,1,0,0,0,1,0,2,3,1,Data Analyst,0,1,1,0,0,1,0,0,Diploma,66.67,1.0,1.0,2,1,1,0.72,1
821,5,Master's,0.6,0,0,0,1,0,1,0,3,4,1,Business Intelligence,4,0,1,0,0,0,1,0,Bachelor's,50.0,0.15,0.15,3,2,1,0.86,0
888,24,Bachelor's,0.7,1,1,1,1,0,1,0,0,8,0,Machine Learning,2,1,1,0,1,0,1,0,Master's,100.0,0.35,0.35,2,3,0,0.7,1
657,78,Bachelor's,2.0,0,0,1,0,0,0,0,2,4,1,Business Intelligence,5,1,0,0,0,1,1,0,Master's,0.0,0.4,0.4,2,3,0,0.86,0
896,38,Bachelor's,3.3,0,1,0,0,1,0,0,0,0,0,AI Engineer,2,1,1,1,0,0,0,1,Bachelor's,25.0,1.65,1.0,2,2,1,0.0,0
305,67,Master's,3.1,0,0,1,0,0,1,0,4,2,0,Data Science,0,1,1,1,0,1,1,0,Bachelor's,40.0,1.0,1.0,3,2,1,0.28,1
177,70,Bachelor's,3.8,1,1,0,1,0,0,0,1,2,0,AI Engineer,1,1,0,1,0,0,1,0,Bachelor's,33.33,3.8,1.0,2,2,1,0.28,1
195,76,Bachelor's,0.1,1,0,0,0,0,0,0,1,1,0,Data Science,0,1,0,0,0,0,1,0,Master's,50.0,1.0,1.0,2,3,0,0.14,0
922,52,Bachelor's,0.0,0,0,1,1,0,0,0,2,1,1,Business Intelligence,1,1,0,1,0,0,0,0,Bachelor's,50.0,0.0,0.0,2,2,1,0.44,0
13,75,Master's,7.2,0,0,1,0,1,1,0,3,1,0,AI Engineer,2,0,1,1,0,1,1,0,Master's,75.0,3.6,1.0,3,3,1,0.14,1
876,39,Bachelor's,2.0,1,0,0,0,0,1,0,3,2,1,Data Science,0,1,0,0,1,0,1,1,Master's,50.0,1.0,1.0,2,3,0,0.58,0
166,59,Master's,4.3,0,0,0,1,0,1,0,2,4,0,Data Science,2,0,1,0,0,0,0,0,Master's,0.0,2.15,1.0,3,3,1,0.56,0
150,26,Bachelor's,5.0,0,0,1,0,1,0,0,6,5,0,Machine Learning,2,1,0,0,0,1,1,1,Bachelor's,25.0,2.5,1.0,2,2,1,0.7,1
341,65,Bachelor's,0.7,0,1,0,1,0,0,1,4,4,0,Machine Learning,0,1,1,1,0,0,1,0,Master's,25.0,1.0,1.0,2,3,0,0.56,0
925,80,Bachelor's,4.0,1,1,0,0,0,0,0,1,2,0,Business Intelligence,2,1,1,0,0,1,1,0,Master's,50.0,2.0,1.0,2,3,0,0.28,1
557,48,Bachelor's,2.4,1,0,1,0,0,1,0,3,4,1,AI Engineer,1,1,1,1,0,1,0,0,Bachelor's,50.0,2.4,1.0,2,2,1,0.86,1
174,53,Bachelor's,0.8,0,0,0,0,1,0,0,1,2,0,Data Science,4,1,0,0,1,0,0,0,Bachelor's,0.0,0.2,0.2,2,2,1,0.28,1
167,9,Bachelor's,4.5,0,1,0,0,0,0,0,3,6,0,Data Analyst,0,1,1,0,0,0,0,0,Master's,50.0,1.0,1.0,2,3,0,0.7,0
709,5,Bachelor's,2.4,1,0,1,0,0,1,0,6,2,1,Business Intelligence,4,0,1,0,0,0,1,0,Bachelor's,50.0,0.6,0.6,2,2,1,0.58,1
718,72,Master's,3.0,0,0,1,0,0,0,0,5,2,1,Data Science,5,1,0,0,0,0,0,1,Master's,0.0,0.6,0.6,3,3,1,0.58,0
594,61,Bachelor's,0.3,1,1,0,1,1,0,1,5,1,1,Business Intelligence,2,0,0,1,0,0,1,0,Bachelor's,0.0,0.15,0.15,2,2,1,0.44,1
580,21,Bachelor's,2.0,0,0,0,0,0,0,0,1,4,0,Data Science,1,1,1,0,0,0,1,1,Bachelor's,0.0,2.0,1.0,2,2,1,0.56,0
97,97,Bachelor's,0.6,0,1,0,1,0,0,0,1,3,1,Data Analyst,4,0,0,1,0,1,1,0,Bachelor's,0.0,0.15,0.15,2,2,1,0.72,0
679,63,Master's,0.5,1,1,1,0,0,1,0,2,4,1,Business Intelligence,5,1,1,0,0,0,0,0,Diploma,100.0,0.1,0.1,3,1,1,0.86,1
404,20,Master's,3.3,1,0,0,0,1,1,0,4,3,0,Data Analyst,2,1,1,0,0,1,0,0,Bachelor's,66.67,1.65,1.0,3,2,1,0.42,0
77,58,Master's,1.2,1,1,0,0,0,1,0,5,3,0,Data Analyst,4,1,1,1,1,0,0,0,Bachelor's,50.0,0.3,0.3,3,2,1,0.42,0
996,45,Diploma,2.7,0,0,1,0,0,1,0,3,3,0,Business Intelligence,1,0,0,0,0,0,1,0,Bachelor's,100.0,2.7,1.0,1,2,0,0.42,1
237,22,Bachelor's,5.0,0,0,0,0,0,0,0,1,4,0,Data Analyst,2,1,1,0,0,0,1,0,Master's,0.0,2.5,1.0,2,3,0,0.56,0
708,77,Master's,0.6,1,0,0,0,0,0,0,0,4,0,Data Analyst,0,0,1,0,0,0,0,1,Bachelor's,0.0,1.0,1.0,3,2,1,0.56,1
291,75,Diploma,1.3,0,0,0,0,0,0,1,3,3,0,AI Engineer,2,0,1,1,0,1,1,0,Master's,0.0,0.65,0.65,1,3,0,0.42,0
136,82,Bachelor's,0.2,0,1,0,0,0,0,0,4,4,0,Data Analyst,3,1,1,1,0,0,0,1,Bachelor's,25.0,0.06666666666666667,0.07,2,2,1,0.56,0
820,63,Bachelor's,1.2,1,0,0,0,1,1,0,2,1,0,Business Intelligence,5,1,1,0,0,0,0,0,Diploma,50.0,0.24,0.24,2,1,1,0.14,0
808,30,Master's,0.5,1,0,1,1,0,0,0,2,0,0,Data Analyst,1,1,1,0,1,1,0,0,Bachelor's,50.0,0.5,0.5,3,2,1,0.0,0
889,63,Diploma,3.2,0,1,0,1,0,1,0,1,2,0,Business Intelligence,5,1,1,0,0,0,0,0,Diploma,50.0,0.64,0.64,1,1,1,0.28,1
881,97,Bachelor's,2.9,1,1,0,0,1,1,0,1,4,1,Data Analyst,4,0,0,1,0,1,1,0,Bachelor's,66.67,0.725,0.72,2,2,1,0.86,1
367,44,Master's,3.1,1,0,0,0,0,1,0,1,2,0,Business Intelligence,1,1,1,0,0,1,0,0,Bachelor's,33.33,3.1,1.0,3,2,1,0.28,1
548,67,Bachelor's,2.0,1,0,0,0,0,1,0,3,1,0,Data Science,0,1,1,1,0,1,1,0,Bachelor's,40.0,1.0,1.0,2,2,1,0.14,1
902,58,Diploma,0.0,0,0,0,0,0,1,1,2,4,0,Data Analyst,4,1,1,1,1,0,0,0,Bachelor's,0.0,0.0,0.0,1,2,0,0.56,0
248,65,Master's,0.1,0,0,0,1,1,0,0,3,2,1,Machine Learning,0,1,1,1,0,0,1,0,Master's,0.0,1.0,1.0,3,3,1,0.58,0
766,36,Bachelor's,1.0,0,0,1,0,1,0,1,1,4,1,Business Intelligence,0,0,1,1,0,1,1,0,Master's,50.0,1.0,1.0,2,3,0,0.86,1
214,6,Bachelor's,4.0,0,1,0,1,0,1,0,1,2,1,Data Science,2,0,0,0,0,1,0,0,Diploma,0.0,2.0,1.0,2,1,1,0.58,0
764,37,Master's,1.7,1,0,0,0,0,0,1,0,1,0,Data Analyst,0,1,0,0,0,0,0,0,Bachelor's,100.0,1.0,1.0,3,2,1,0.14,1
70,93,Master's,0.8,1,1,1,0,0,1,0,2,4,0,Data Science,1,0,1,1,0,1,1,0,Bachelor's,75.0,0.8,0.8,3,2,1,0.56,1
746,75,Master's,1.6,0,0,0,0,1,1,0,3,3,1,AI Engineer,2,0,1,1,0,1,1,0,Master's,50.0,0.8,0.8,3,3,1,0.72,1
996,55,Diploma,2.7,0,0,1,0,0,1,0,3,3,0,Machine Learning,2,0,0,0,0,1,1,1,Bachelor's,33.33,1.35,1.0,1,2,0,0.42,0
329,77,Bachelor's,2.7,0,0,0,0,0,1,1,4,4,0,Data Analyst,0,0,1,0,0,0,0,1,Bachelor's,50.0,1.0,1.0,2,2,1,0.56,1
16,75,Bachelor's,6.5,1,0,0,0,1,0,0,1,3,0,AI Engineer,2,0,1,1,0,1,1,0,Master's,25.0,3.25,1.0,2,3,0,0.42,0
487,59,Diploma,1.3,1,0,0,0,1,1,0,2,2,0,Data Science,2,0,1,0,0,0,0,0,Master's,0.0,0.65,0.65,1,3,0,0.28,0
174,38,Bachelor's,0.8,0,0,0,0,1,0,0,1,2,0,AI Engineer,2,1,1,1,0,0,0,1,Bachelor's,0.0,0.4,0.4,2,2,1,0.28,0
699,25,Bachelor's,8.2,0,1,0,1,1,1,0,1,5,0,Data Science,3,1,1,0,0,0,1,0,Bachelor's,66.67,2.733333333333333,1.0,2,2,1,0.7,1
806,79,Master's,3.7,0,1,0,0,1,1,1,2,2,0,Data Science,3,1,1,0,0,0,1,0,Bachelor's,66.67,1.2333333333333334,1.0,3,2,1,0.28,1
737,77,Bachelor's,1.5,0,1,0,0,1,0,0,1,2,0,Data Analyst,0,0,1,0,0,0,0,1,Bachelor's,50.0,1.0,1.0,2,2,1,0.28,1
274,33,Master's,0.1,0,1,0,1,0,1,0,1,3,1,AI Engineer,3,0,1,0,0,0,0,0,Bachelor's,100.0,0.03333333333333333,0.03,3,2,1,0.72,1
524,13,Master's,0.3,1,0,0,0,0,0,0,3,7,0,Data Analyst,3,0,1,1,1,0,1,1,Bachelor's,0.0,0.09999999999999999,0.1,3,2,1,0.7,0
822,38,Diploma,0.3,1,0,0,0,0,1,1,3,7,1,AI Engineer,2,1,1,1,0,0,0,1,Bachelor's,50.0,0.15,0.15,1,2,0,1.0,0
219,58,Bachelor's,2.7,0,1,1,0,0,0,0,1,2,1,Data Analyst,4,1,1,1,1,0,0,0,Bachelor's,50.0,0.675,0.68,2,2,1,0.58,1
943,88,Bachelor's,3.8,1,0,1,0,0,0,1,3,1,0,Data Analyst,0,1,1,1,0,0,1,1,Diploma,60.0,1.0,1.0,2,1,1,0.14,1
513,20,Master's,7.8,1,1,0,1,1,1,0,2,2,1,Data Analyst,2,1,1,0,0,1,0,0,Bachelor's,100.0,3.9,1.0,3,2,1,0.58,1
399,17,Master's,2.4,0,0,0,0,0,0,1,1,5,0,AI Engineer,4,1,0,1,0,1,0,0,Bachelor's,0.0,0.6,0.6,3,2,1,0.7,1
987,26,Bachelor's,3.3,1,0,1,0,0,0,0,2,2,0,Machine Learning,2,1,0,0,0,1,1,1,Bachelor's,25.0,1.65,1.0,2,2,1,0.28,1
464,40,Bachelor's,2.7,0,1,0,0,0,1,1,1,3,1,Data Analyst,2,1,0,0,0,1,0,1,Bachelor's,33.33,1.35,1.0,2,2,1,0.72,1
789,32,Bachelor's,0.2,0,0,0,1,1,1,0,1,2,0,AI Engineer,1,0,0,0,0,1,1,0,Diploma,100.0,0.2,0.2,2,1,1,0.28,1
641,93,Diploma,1.9,1,0,1,0,1,1,1,3,3,0,Data Science,1,0,1,1,0,1,1,0,Bachelor's,75.0,1.9,1.0,1,2,0,0.42,1
93,78,Master's,2.3,1,0,0,1,0,0,0,4,3,0,Business Intelligence,5,1,0,0,0,1,1,0,Master's,33.33,0.45999999999999996,0.46,3,3,1,0.42,0
451,37,Master's,1.7,1,0,0,0,1,1,0,2,2,0,Data Analyst,0,1,0,0,0,0,0,0,Bachelor's,100.0,1.0,1.0,3,2,1,0.28,1
396,86,Master's,4.4,1,1,1,0,0,1,0,3,0,0,Data Science,3,0,0,1,1,0,1,0,Bachelor's,66.67,1.4666666666666668,1.0,3,2,1,0.0,1
892,98,Master's,1.3,0,1,0,0,1,1,1,1,2,1,Machine Learning,2,1,1,0,1,0,0,0,Bachelor's,33.33,0.65,0.65,3,2,1,0.58,1
924,91,Master's,1.1,1,0,1,0,0,1,1,0,0,0,AI Engineer,5,0,1,0,1,1,1,1,Diploma,40.0,0.22000000000000003,0.22,3,1,1,0.0,0
551,92,Bachelor's,7.6,1,1,1,0,0,0,1,2,8,0,Machine Learning,3,0,1,0,0,0,1,0,Bachelor's,50.0,2.533333333333333,1.0,2,2,1,0.7,1
933,86,Master's,2.1,1,1,1,0,0,1,0,1,6,1,Data Science,3,0,0,1,1,0,1,0,Bachelor's,66.67,0.7000000000000001,0.7,3,2,1,1.0,1
479,60,Master's,4.0,1,0,0,1,0,0,0,7,1,1,Data Analyst,0,0,1,0,0,0,0,0,Bachelor's,0.0,1.0,1.0,3,2,1,0.44,0
316,57,Bachelor's,2.6,1,1,0,0,1,0,0,3,4,1,Business Intelligence,3,0,1,0,1,0,0,0,Bachelor's,50.0,0.8666666666666667,0.87,2,2,1,0.86,1
671,58,Bachelor's,1.2,0,0,0,1,0,0,1,0,5,1,Data Analyst,4,1,1,1,1,0,0,0,Bachelor's,25.0,0.3,0.3,2,2,1,1.0,0
698,67,Bachelor's,0.4,1,1,0,0,0,0,0,6,2,1,Data Science,0,1,1,1,0,1,1,0,Bachelor's,40.0,1.0,1.0,2,2,1,0.58,1
993,22,Bachelor's,2.4,0,1,0,0,0,1,0,1,2,1,Data Analyst,2,1,1,0,0,0,1,0,Master's,66.67,1.2,1.0,2,3,0,0.58,1
353,58,Bachelor's,1.4,0,1,0,0,0,1,1,1,2,1,Data Analyst,4,1,1,1,1,0,0,0,Bachelor's,25.0,0.35,0.35,2,2,1,0.58,1
768,85,Master's,1.6,1,0,0,0,0,1,0,2,2,1,Data Science,1,1,0,0,0,0,0,0,Master's,100.0,1.6,1.0,3,3,1,0.58,1
239,80,Bachelor's,8.6,1,1,1,0,1,0,0,4,0,0,Business Intelligence,2,1,1,0,0,1,1,0,Master's,75.0,4.3,1.0,2,3,0,0.0,1
104,73,Bachelor's,6.6,0,0,0,0,1,0,0,3,0,0,AI Engineer,1,0,0,0,0,0,1,0,Master's,0.0,6.6,1.0,2,3,0,0.0,0
907,77,Master's,7.9,0,1,1,0,0,1,0,1,4,0,Data Analyst,0,0,1,0,0,0,0,1,Bachelor's,50.0,1.0,1.0,3,2,1,0.56,0
878,74,Bachelor's,1.8,1,1,1,0,0,1,0,2,1,0,Data Science,1,1,1,1,0,0,1,0,Bachelor's,100.0,1.8,1.0,2,2,1,0.14,1
29,49,Bachelor's,1.0,1,1,1,0,1,1,0,2,1,1,Data Science,4,1,1,0,0,0,0,0,Diploma,100.0,0.25,0.25,2,1,1,0.44,1
89,85,Master's,11.8,0,1,1,0,1,1,0,2,2,1,Data Science,1,1,0,0,0,0,0,0,Master's,0.0,11.8,1.0,3,3,1,0.58,0
375,49,Diploma,0.7,0,1,0,0,0,1,0,2,3,0,Data Science,4,1,1,0,0,0,0,0,Diploma,50.0,0.175,0.18,1,1,1,0.42,0
397,42,Master's,1.4,1,1,0,0,0,1,0,2,2,0,Business Intelligence,3,0,1,0,0,0,0,0,Diploma,100.0,0.4666666666666666,0.47,3,1,1,0.28,1
563,40,Bachelor's,3.8,1,0,1,0,0,1,0,2,3,0,Data Analyst,2,1,0,0,0,1,0,1,Bachelor's,33.33,1.9,1.0,2,2,1,0.42,0
364,71,Bachelor's,2.5,1,0,0,0,0,0,0,2,3,1,Data Analyst,2,1,1,0,0,0,0,1,Diploma,33.33,1.25,1.0,2,1,1,0.72,1
950,46,Bachelor's,1.4,0,0,1,1,0,1,0,2,2,0,Data Analyst,1,1,1,1,0,0,1,0,Bachelor's,50.0,1.4,1.0,2,2,1,0.28,1
147,22,Bachelor's,4.0,1,1,0,0,0,0,0,2,5,0,Data Analyst,2,1,1,0,0,0,1,0,Master's,66.67,2.0,1.0,2,3,0,0.7,0
314,82,Master's,4.2,0,0,1,1,0,1,0,2,0,0,Data Analyst,3,1,1,1,0,0,0,1,Bachelor's,25.0,1.4000000000000001,1.0,3,2,1,0.0,0
548,21,Bachelor's,2.0,1,0,0,0,0,1,0,3,1,0,Data Science,1,1,1,0,0,0,1,1,Bachelor's,50.0,2.0,1.0,2,2,1,0.14,0
796,51,Master's,0.2,0,1,0,1,0,1,0,4,1,1,Machine Learning,5,0,1,1,0,1,0,0,Master's,33.33,0.04,0.04,3,3,1,0.44,0
452,14,Bachelor's,2.4,0,1,0,0,1,1,0,2,2,0,Data Science,3,1,1,0,0,1,1,0,Bachelor's,75.0,0.7999999999999999,0.8,2,2,1,0.28,1
899,74,Diploma,1.1,1,1,0,1,0,1,0,0,3,0,Data Science,1,1,1,1,0,0,1,0,Bachelor's,75.0,1.1,1.0,1,2,0,0.42,0
506,97,Bachelor's,1.3,1,1,0,0,1,0,0,1,2,0,Data Analyst,4,0,0,1,0,1,1,0,Bachelor's,33.33,0.325,0.32,2,2,1,0.28,0
486,9,Master's,1.1,0,1,1,1,0,0,0,0,1,0,Data Analyst,0,1,1,0,0,0,0,0,Master's,50.0,1.0,1.0,3,3,1,0.14,1
101,18,Diploma,0.1,0,0,0,0,0,1,1,2,5,0,Data Analyst,0,1,1,0,0,1,0,0,Diploma,0.0,1.0,1.0,1,1,1,0.7,0
107,13,Bachelor's,1.3,0,1,1,0,0,1,0,1,2,0,Data Analyst,3,0,1,1,1,0,1,1,Bachelor's,60.0,0.43333333333333335,0.43,2,2,1,0.28,1
857,17,Diploma,3.5,1,0,0,0,0,1,0,1,5,1,AI Engineer,4,1,0,1,0,1,0,0,Bachelor's,33.33,0.875,0.88,1,2,0,1.0,0
937,87,Diploma,0.8,0,0,1,0,0,1,0,5,4,0,AI Engineer,1,1,0,0,0,0,0,0,Bachelor's,0.0,0.8,0.8,1,2,0,0.56,0
291,25,Diploma,1.3,0,0,0,0,0,0,1,3,3,0,Data Science,3,1,1,0,0,0,1,0,Bachelor's,0.0,0.43333333333333335,0.43,1,2,0,0.42,0
349,54,Bachelor's,11.0,0,0,1,0,0,0,0,2,0,0,Data Analyst,3,1,0,0,0,1,1,0,Bachelor's,0.0,3.6666666666666665,1.0,2,2,1,0.0,1
617,16,Diploma,12.0,1,1,1,1,0,1,1,1,5,1,AI Engineer,2,1,1,0,1,1,1,0,Master's,80.0,6.0,1.0,1,3,0,1.0,1
733,24,Bachelor's,1.9,1,0,1,0,1,1,0,1,6,1,Machine Learning,2,1,1,0,1,0,1,0,Master's,50.0,0.95,0.95,2,3,0,1.0,0
588,95,Bachelor's,1.3,0,1,0,0,0,0,0,2,5,1,AI Engineer,3,1,1,1,0,1,1,0,Bachelor's,20.0,0.43333333333333335,0.43,2,2,1,1.0,1
227,75,Master's,1.3,1,0,0,0,0,0,0,3,3,0,AI Engineer,2,0,1,1,0,1,1,0,Master's,0.0,0.65,0.65,3,3,1,0.42,0
596,23,Bachelor's,2.2,0,1,0,0,0,0,0,1,10,1,AI Engineer,4,1,0,0,0,1,1,0,Bachelor's,0.0,0.55,0.55,2,2,1,1.0,0
977,41,Bachelor's,0.8,0,0,0,0,1,0,0,0,2,0,Business Intelligence,2,1,0,0,0,0,1,1,Bachelor's,0.0,0.4,0.4,2,2,1,0.28,0
588,86,Bachelor's,1.3,0,1,0,0,0,0,0,2,5,1,Data Science,3,0,0,1,1,0,1,0,Bachelor's,0.0,0.43333333333333335,0.43,2,2,1,1.0,0
761,33,Bachelor's,1.5,1,0,0,1,0,0,0,1,3,1,AI Engineer,3,0,1,0,0,0,0,0,Bachelor's,0.0,0.5,0.5,2,2,1,0.72,0
767,42,Master's,3.3,1,1,1,0,1,1,0,2,1,0,Business Intelligence,3,0,1,0,0,0,0,0,Diploma,100.0,1.0999999999999999,1.0,3,1,1,0.14,1
50,48,Bachelor's,0.1,1,0,0,0,1,1,0,1,1,0,AI Engineer,1,1,1,1,0,1,0,0,Bachelor's,50.0,0.1,0.1,2,2,1,0.14,0
868,18,Bachelor's,0.5,0,1,0,0,0,1,0,3,1,0,Data Analyst,0,1,1,0,0,1,0,0,Diploma,33.33,1.0,1.0,2,1,1,0.14,0
970,63,Bachelor's,0.1,1,0,0,1,0,0,0,2,0,1,Business Intelligence,5,1,1,0,0,0,0,0,Diploma,50.0,0.02,0.02,2,1,1,0.3,0
722,78,Bachelor's,0.3,0,1,0,0,0,0,0,2,2,0,Business Intelligence,5,1,0,0,0,1,1,0,Master's,0.0,0.06,0.06,2,3,0,0.28,0
158,92,Master's,5.3,1,0,1,1,1,1,0,2,2,1,Machine Learning,3,0,1,0,0,0,1,0,Bachelor's,50.0,1.7666666666666666,1.0,3,2,1,0.58,1
328,11,Bachelor's,3.9,1,1,1,0,0,0,1,2,3,1,Data Analyst,3,1,1,0,0,1,0,1,Master's,75.0,1.3,1.0,2,3,0,0.72,1
745,24,Bachelor's,1.3,0,0,0,0,0,1,0,1,8,1,Machine Learning,2,1,1,0,1,0,1,0,Master's,25.0,0.65,0.65,2,3,0,1.0,0
883,61,Diploma,2.5,1,1,1,0,0,1,0,1,5,0,Business Intelligence,2,0,0,1,0,0,1,0,Bachelor's,100.0,1.25,1.0,1,2,0,0.7,1
77,64,Master's,1.2,1,1,0,0,0,1,0,5,3,0,AI Engineer,3,1,0,1,0,0,1,0,Bachelor's,66.67,0.39999999999999997,0.4,3,2,1,0.42,1
735,36,Bachelor's,0.4,0,0,0,0,0,1,0,1,2,1,Business Intelligence,0,0,1,1,0,1,1,0,Master's,25.0,1.0,1.0,2,3,0,0.58,1
633,83,Bachelor's,2.7,1,0,1,0,0,1,0,4,2,0,Business Intelligence,2,0,1,0,0,0,0,0,Bachelor's,0.0,1.35,1.0,2,2,1,0.28,0
454,77,Master's,2.1,1,0,1,0,0,0,0,2,2,1,Data Analyst,0,0,1,0,0,0,0,1,Bachelor's,0.0,1.0,1.0,3,2,1,0.58,0
310,97,Bachelor's,4.2,1,0,1,1,1,1,0,0,4,1,Data Analyst,4,0,0,1,0,1,1,0,Bachelor's,100.0,1.05,1.0,2,2,1,0.86,1
327,53,Bachelor's,0.5,0,1,0,0,1,1,0,2,3,0,Data Science,4,1,0,0,1,0,0,0,Bachelor's,0.0,0.125,0.12,2,2,1,0.42,0
508,83,Master's,1.9,1,0,0,0,1,1,0,2,1,0,Business Intelligence,2,0,1,0,0,0,0,0,Bachelor's,0.0,0.95,0.95,3,2,1,0.14,0
853,47,Bachelor's,4.9,1,1,1,1,1,0,0,3,4,1,Data Analyst,0,1,0,0,0,0,0,1,Master's,50.0,1.0,1.0,2,3,0,0.86,0
870,52,Master's,3.2,1,0,1,0,1,1,0,1,5,0,Business Intelligence,1,1,0,1,0,0,0,0,Bachelor's,100.0,3.2,1.0,3,2,1,0.7,1
107,96,Bachelor's,1.3,0,1,1,0,0,1,0,1,2,0,Business Intelligence,2,1,1,0,1,0,0,0,Master's,33.33,0.65,0.65,2,3,0,0.28,0
241,79,Master's,5.1,0,0,1,1,1,0,0,2,1,0,Data Science,3,1,1,0,0,0,1,0,Bachelor's,0.0,1.7,1.0,3,2,1,0.14,1
435,57,Diploma,0.4,0,1,0,0,1,1,1,3,4,0,Business Intelligence,3,0,1,0,1,0,0,0,Bachelor's,50.0,0.13333333333333333,0.13,1,2,0,0.56,0
28,75,Bachelor's,4.7,0,1,0,0,0,0,0,4,0,1,AI Engineer,2,0,1,1,0,1,1,0,Master's,25.0,2.35,1.0,2,3,0,0.3,0
704,23,Bachelor's,1.8,1,1,0,0,0,1,0,2,2,0,AI Engineer,4,1,0,0,0,1,1,0,Bachelor's,66.67,0.45,0.45,2,2,1,0.28,1
249,59,Master's,6.3,0,1,0,0,1,1,1,2,4,0,Data Science,2,0,1,0,0,0,0,0,Master's,100.0,3.15,1.0,3,3,1,0.56,1
364,69,Bachelor's,2.5,1,0,0,0,0,0,0,2,3,1,Data Science,5,1,0,1,0,0,1,0,Bachelor's,33.33,0.5,0.5,2,2,1,0.72,0
725,56,Bachelor's,2.9,1,0,0,0,0,0,1,3,1,1,Machine Learning,2,0,1,1,1,1,1,1,Diploma,16.67,1.45,1.0,2,1,1,0.44,1
533,86,Master's,3.1,1,0,0,0,1,1,0,4,4,1,Data Science,3,0,0,1,1,0,1,0,Bachelor's,33.33,1.0333333333333334,1.0,3,2,1,0.86,1
667,18,Bachelor's,0.6,1,1,0,0,0,0,0,6,2,1,Data Analyst,0,1,1,0,0,1,0,0,Diploma,66.67,1.0,1.0,2,1,1,0.58,1
539,71,Bachelor's,0.5,0,1,0,0,0,1,0,0,0,0,Data Analyst,2,1,1,0,0,0,0,1,Diploma,33.33,0.25,0.25,2,1,1,0.0,0
589,33,Bachelor's,1.4,1,0,1,1,0,1,0,0,2,0,AI Engineer,3,0,1,0,0,0,0,0,Bachelor's,0.0,0.4666666666666666,0.47,2,2,1,0.28,0
818,3,Bachelor's,3.7,1,1,1,0,1,0,0,2,4,1,AI Engineer,3,0,1,1,0,0,0,0,Diploma,100.0,1.2333333333333334,1.0,2,1,1,0.86,1
413,28,Master's,0.8,1,0,1,0,1,1,0,1,4,0,Data Science,1,0,1,0,1,1,0,0,Bachelor's,33.33,0.8,0.8,3,2,1,0.56,1
935,1,Bachelor's,2.8,0,0,0,0,1,1,0,3,0,0,Data Science,4,1,0,0,1,0,1,0,Bachelor's,33.33,0.7,0.7,2,2,1,0.0,0
569,63,Master's,2.4,0,1,0,1,0,0,0,1,2,1,Business Intelligence,5,1,1,0,0,0,0,0,Diploma,50.0,0.48,0.48,3,1,1,0.58,1
631,47,Master's,3.5,0,1,0,1,0,1,0,3,1,1,Data Analyst,0,1,0,0,0,0,0,1,Master's,0.0,1.0,1.0,3,3,1,0.44,0
988,37,Bachelor's,1.7,1,0,0,1,0,1,1,2,1,1,Data Analyst,0,1,0,0,0,0,0,0,Bachelor's,100.0,1.0,1.0,2,2,1,0.44,1
165,86,Diploma,0.4,1,0,0,0,0,0,0,2,4,1,Data Science,3,0,0,1,1,0,1,0,Bachelor's,0.0,0.13333333333333333,0.13,1,2,0,0.86,0
989,48,Bachelor's,1.4,0,0,1,0,0,0,1,0,2,0,AI Engineer,1,1,1,1,0,1,0,0,Bachelor's,25.0,1.4,1.0,2,2,1,0.28,0
576,19,Master's,0.3,0,0,0,0,1,1,0,1,1,1,Business Intelligence,5,1,0,0,0,0,0,1,Bachelor's,0.0,0.06,0.06,3,2,1,0.44,0
48,14,Bachelor's,0.1,0,0,0,0,0,1,0,2,1,1,Data Science,3,1,1,0,0,1,1,0,Bachelor's,25.0,0.03333333333333333,0.03,2,2,1,0.44,0
662,67,Master's,1.8,0,1,0,0,0,0,0,3,3,0,Data Science,0,1,1,1,0,1,1,0,Bachelor's,20.0,1.0,1.0,3,2,1,0.42,1
484,83,Bachelor's,0.0,1,1,0,0,0,1,1,4,5,0,Business Intelligence,2,0,1,0,0,0,0,0,Bachelor's,100.0,0.0,0.0,2,2,1,0.7,1
158,97,Master's,5.3,1,0,1,1,1,1,0,2,2,1,Data Analyst,4,0,0,1,0,1,1,0,Bachelor's,100.0,1.325,1.0,3,2,1,0.58,1
668,85,Bachelor's,6.7,0,0,1,1,1,0,0,1,4,0,Data Science,1,1,0,0,0,0,0,0,Master's,0.0,6.7,1.0,2,3,0,0.56,0
151,65,Master's,3.1,1,1,0,0,0,0,0,2,2,0,Machine Learning,0,1,1,1,0,0,1,0,Master's,50.0,1.0,1.0,3,3,1,0.28,1
225,26,Bachelor's,1.4,1,0,0,0,0,0,0,2,4,0,Machine Learning,2,1,0,0,0,1,1,1,Bachelor's,25.0,0.7,0.7,2,2,1,0.56,1
260,10,Diploma,2.2,1,1,0,1,0,1,0,4,7,0,AI Engineer,5,0,1,0,1,1,0,0,Master's,66.67,0.44000000000000006,0.44,1,3,0,0.7,0
387,99,Bachelor's,3.7,1,0,1,0,0,1,1,2,4,0,AI Engineer,2,1,1,0,1,0,0,0,Diploma,33.33,1.85,1.0,2,1,1,0.56,1
256,77,Bachelor's,1.4,0,0,1,0,0,1,1,3,1,0,Data Analyst,0,0,1,0,0,0,0,1,Bachelor's,50.0,1.0,1.0,2,2,1,0.14,1
61,70,Bachelor's,5.2,1,0,0,1,0,0,0,4,3,1,AI Engineer,1,1,0,1,0,0,1,0,Bachelor's,33.33,5.2,1.0,2,2,1,0.72,1
864,43,Bachelor's,2.0,0,0,0,0,0,0,0,0,1,1,AI Engineer,3,1,0,0,0,0,0,0,Bachelor's,0.0,0.6666666666666666,0.67,2,2,1,0.44,0
772,70,Master's,3.8,1,1,0,0,1,0,0,2,2,1,AI Engineer,1,1,0,1,0,0,1,0,Bachelor's,33.33,3.8,1.0,3,2,1,0.58,1
833,99,Bachelor's,2.2,1,1,0,1,0,1,0,2,5,0,AI Engineer,2,1,1,0,1,0,0,0,Diploma,100.0,1.1,1.0,2,1,1,0.7,1
396,80,Master's,4.4,1,1,1,0,0,1,0,3,0,0,Business Intelligence,2,1,1,0,0,1,1,0,Master's,75.0,2.2,1.0,3,3,1,0.0,1
397,72,Master's,1.4,1,1,0,0,0,1,0,2,2,0,Data Science,5,1,0,0,0,0,0,1,Master's,50.0,0.27999999999999997,0.28,3,3,1,0.28,0
162,59,Bachelor's,0.3,0,0,0,0,0,1,0,4,1,1,Data Science,2,0,1,0,0,0,0,0,Master's,0.0,0.15,0.15,2,3,0,0.44,0
380,3,Bachelor's,2.2,0,1,0,0,1,1,0,4,2,0,AI Engineer,3,0,1,1,0,0,0,0,Diploma,50.0,0.7333333333333334,0.73,2,1,1,0.28,0
443,5,Bachelor's,2.8,0,0,0,0,1,1,0,4,3,1,Business Intelligence,4,0,1,0,0,0,1,0,Bachelor's,50.0,0.7,0.7,2,2,1,0.72,1
349,85,Bachelor's,11.0,0,0,1,0,0,0,0,2,0,0,Data Science,1,1,0,0,0,0,0,0,Master's,0.0,11.0,1.0,2,3,0,0.0,0
969,95,Bachelor's,1.0,0,1,1,1,0,1,0,1,4,1,AI Engineer,3,1,1,1,0,1,1,0,Bachelor's,60.0,0.3333333333333333,0.33,2,2,1,0.86,0
31,78,Bachelor's,0.1,1,0,1,0,0,0,0,2,3,0,Business Intelligence,5,1,0,0,0,1,1,0,Master's,33.33,0.02,0.02,2,3,0,0.42,0
71,83,Master's,0.9,0,1,0,0,1,1,0,4,3,0,Business Intelligence,2,0,1,0,0,0,0,0,Bachelor's,100.0,0.45,0.45,3,2,1,0.42,1
397,37,Master's,1.4,1,1,0,0,0,1,0,2,2,0,Data Analyst,0,1,0,0,0,0,0,0,Bachelor's,100.0,1.0,1.0,3,2,1,0.28,1
438,84,Master's,3.0,1,1,1,1,0,1,0,1,4,1,AI Engineer,1,1,0,1,1,1,0,0,Bachelor's,75.0,3.0,1.0,3,2,1,0.86,1
2,52,Master's,2.0,1,1,1,0,0,1,0,1,5,0,Business Intelligence,1,1,0,1,0,0,0,0,Bachelor's,100.0,2.0,1.0,3,2,1,0.7,1
929,66,Bachelor's,2.6,0,1,1,0,0,0,0,0,3,1,Business Intelligence,1,0,1,1,1,0,1,0,Bachelor's,50.0,2.6,1.0,2,2,1,0.72,1
562,63,Bachelor's,0.7,0,1,0,1,0,0,1,0,2,0,Business Intelligence,5,1,1,0,0,0,0,0,Diploma,50.0,0.13999999999999999,0.14,2,1,1,0.28,0
135,7,Master's,2.9,0,0,0,1,0,1,0,4,5,0,AI Engineer,2,1,0,0,0,1,0,0,Bachelor's,0.0,1.45,1.0,3,2,1,0.7,0
146,97,Diploma,5.3,0,0,0,1,0,0,0,2,4,0,Data Analyst,4,0,0,1,0,1,1,0,Bachelor's,0.0,1.325,1.0,1,2,0,0.56,0
179,53,Master's,3.6,0,1,0,0,0,1,0,5,6,0,Data Science,4,1,0,0,1,0,0,0,Bachelor's,0.0,0.9,0.9,3,2,1,0.7,0
264,6,Bachelor's,1.5,1,0,0,0,1,1,0,1,3,0,Data Science,2,0,0,0,0,1,0,0,Diploma,100.0,0.75,0.75,2,1,1,0.42,1
311,7,Bachelor's,0.2,1,1,0,0,0,0,0,2,4,0,AI Engineer,2,1,0,0,0,1,0,0,Bachelor's,50.0,0.1,0.1,2,2,1,0.56,0
204,44,Master's,1.0,1,1,1,0,0,1,0,2,2,1,Business Intelligence,1,1,1,0,0,1,0,0,Bachelor's,66.67,1.0,1.0,3,2,1,0.58,1
811,18,Master's,2.7,1,1,0,0,1,1,0,3,1,0,Data Analyst,0,1,1,0,0,1,0,0,Diploma,100.0,1.0,1.0,3,1,1,0.14,1
699,54,Bachelor's,8.2,0,1,0,1,1,1,0,1,5,0,Data Analyst,3,1,0,0,0,1,1,0,Bachelor's,66.67,2.733333333333333,1.0,2,2,1,0.7,0
30,29,Diploma,4.4,0,1,0,0,0,1,1,2,2,1,AI Engineer,0,1,1,1,1,0,1,0,Bachelor's,40.0,1.0,1.0,1,2,0,0.58,0
59,83,Diploma,1.6,0,0,1,0,1,0,0,0,2,1,Business Intelligence,2,0,1,0,0,0,0,0,Bachelor's,0.0,0.8,0.8,1,2,0,0.58,0
9,25,Bachelor's,0.7,1,1,1,0,0,1,0,3,2,1,Data Science,3,1,1,0,0,0,1,0,Bachelor's,100.0,0.2333333333333333,0.23,2,2,1,0.58,1
988,63,Bachelor's,1.7,1,0,0,1,0,1,1,2,1,1,Business Intelligence,5,1,1,0,0,0,0,0,Diploma,50.0,0.33999999999999997,0.34,2,1,1,0.44,1
324,68,Bachelor's,0.6,1,1,0,1,0,0,0,4,1,0,Data Science,4,1,0,0,0,0,1,0,Bachelor's,50.0,0.15,0.15,2,2,1,0.14,0
167,13,Bachelor's,4.5,0,1,0,0,0,0,0,3,6,0,Data Analyst,3,0,1,1,1,0,1,1,Bachelor's,20.0,1.5,1.0,2,2,1,0.7,1
337,32,Master's,0.6,1,1,0,0,0,1,1,1,4,0,AI Engineer,1,0,0,0,0,1,1,0,Diploma,50.0,0.6,0.6,3,1,1,0.56,1
907,27,Master's,7.9,0,1,1,0,0,1,0,1,4,0,Data Science,3,0,1,0,0,1,0,0,Master's,50.0,2.6333333333333333,1.0,3,3,1,0.56,1
379,51,Master's,1.1,1,0,0,1,1,1,0,3,4,0,Machine Learning,5,0,1,1,0,1,0,0,Master's,33.33,0.22000000000000003,0.22,3,3,1,0.56,0
898,34,Master's,0.5,1,1,0,0,0,1,0,2,1,1,Machine Learning,2,1,1,0,0,1,0,0,Bachelor's,66.67,0.25,0.25,3,2,1,0.44,1
791,28,Bachelor's,0.4,0,0,0,0,1,1,1,2,2,0,Data Science,1,0,1,0,1,1,0,0,Bachelor's,33.33,0.4,0.4,2,2,1,0.28,0
703,73,Bachelor's,0.9,1,0,1,0,0,0,0,3,3,1,AI Engineer,1,0,0,0,0,0,1,0,Master's,0.0,0.9,0.9,2,3,0,0.72,0
242,72,Master's,3.7,1,0,0,0,0,0,0,0,4,0,Data Science,5,1,0,0,0,0,0,1,Master's,50.0,0.74,0.74,3,3,1,0.56,1
790,85,Master's,1.8,0,1,0,0,0,1,0,4,3,0,Data Science,1,1,0,0,0,0,0,0,Master's,0.0,1.8,1.0,3,3,1,0.42,1
957,30,Bachelor's,2.6,0,1,0,0,0,0,0,0,2,1,Data Analyst,1,1,1,0,1,1,0,0,Bachelor's,25.0,2.6,1.0,2,2,1,0.58,1
666,93,Bachelor's,4.8,1,0,1,1,1,1,0,5,4,0,Data Science,1,0,1,1,0,1,1,0,Bachelor's,75.0,4.8,1.0,2,2,1,0.56,1
908,9,Bachelor's,1.1,1,0,0,1,1,0,0,3,4,0,Data Analyst,0,1,1,0,0,0,0,0,Master's,50.0,1.0,1.0,2,3,0,0.56,1
160,13,Master's,0.1,0,0,0,0,1,1,0,3,4,1,Data Analyst,3,0,1,1,1,0,1,1,Bachelor's,20.0,0.03333333333333333,0.03,3,2,1,0.86,0
777,82,Bachelor's,2.9,1,1,0,0,1,1,1,4,4,0,Data Analyst,3,1,1,1,0,0,0,1,Bachelor's,75.0,0.9666666666666667,0.97,2,2,1,0.56,1
235,64,Bachelor's,2.6,0,0,0,0,0,1,0,2,2,0,AI Engineer,3,1,0,1,0,0,1,0,Bachelor's,33.33,0.8666666666666667,0.87,2,2,1,0.28,1
453,38,Bachelor's,5.1,0,1,1,0,0,1,0,5,2,0,AI Engineer,2,1,1,1,0,0,0,1,Bachelor's,50.0,2.55,1.0,2,2,1,0.28,1
858,22,Bachelor's,1.5,1,1,1,0,0,1,0,2,1,1,Data Analyst,2,1,1,0,0,0,1,0,Master's,100.0,0.75,0.75,2,3,0,0.44,0
199,31,Master's,3.5,1,0,0,0,0,0,0,4,3,1,AI Engineer,1,1,0,1,1,0,0,0,Master's,33.33,3.5,1.0,3,3,1,0.72,1
477,99,Diploma,4.1,1,1,0,0,0,0,0,5,3,0,AI Engineer,2,1,1,0,1,0,0,0,Diploma,66.67,2.05,1.0,1,1,1,0.42,1
33,42,Diploma,0.7,1,1,0,0,1,1,0,4,2,0,Business Intelligence,3,0,1,0,0,0,0,0,Diploma,100.0,0.2333333333333333,0.23,1,1,1,0.28,1
408,62,Diploma,4.1,1,1,0,0,0,0,0,3,0,1,Machine Learning,1,1,1,1,0,0,0,1,Diploma,50.0,4.1,1.0,1,1,1,0.3,1
89,64,Master's,11.8,0,1,1,0,1,1,0,2,2,1,AI Engineer,3,1,0,1,0,0,1,0,Bachelor's,66.67,3.9333333333333336,1.0,3,2,1,0.58,1
607,74,Bachelor's,0.2,1,1,1,1,0,1,0,1,0,0,Data Science,1,1,1,1,0,0,1,0,Bachelor's,100.0,0.2,0.2,2,2,1,0.0,1
221,9,Bachelor's,7.5,0,1,0,0,1,0,1,2,2,1,Data Analyst,0,1,1,0,0,0,0,0,Master's,50.0,1.0,1.0,2,3,0,0.58,0
69,95,Diploma,1.1,1,0,1,1,0,1,0,0,4,0,AI Engineer,3,1,1,1,0,1,1,0,Bachelor's,60.0,0.3666666666666667,0.37,1,2,0,0.56,0
294,44,Bachelor's,2.9,1,1,1,0,0,1,0,2,1,0,Business Intelligence,1,1,1,0,0,1,0,0,Bachelor's,66.67,2.9,1.0,2,2,1,0.14,0
237,63,Bachelor's,5.0,0,0,0,0,0,0,0,1,4,0,Business Intelligence,5,1,1,0,0,0,0,0,Diploma,0.0,1.0,1.0,2,1,1,0.56,1
907,40,Master's,7.9,0,1,1,0,0,1,0,1,4,0,Data Analyst,2,1,0,0,0,1,0,1,Bachelor's,0.0,3.95,1.0,3,2,1,0.56,1
160,88,Master's,0.1,0,0,0,0,1,1,0,3,4,1,Data Analyst,0,1,1,1,0,0,1,1,Diploma,20.0,1.0,1.0,3,1,1,0.86,0
832,41,Bachelor's,2.3,0,1,1,0,0,1,0,1,2,0,Business Intelligence,2,1,0,0,0,0,1,1,Bachelor's,33.33,1.15,1.0,2,2,1,0.28,1
840,72,Bachelor's,0.6,1,1,0,0,1,0,0,5,1,0,Data Science,5,1,0,0,0,0,0,1,Master's,50.0,0.12,0.12,2,3,0,0.14,0
788,50,Bachelor's,2.4,1,0,1,1,1,0,0,3,5,1,AI Engineer,1,1,0,0,0,1,1,0,Master's,66.67,2.4,1.0,2,3,0,1.0,1
290,20,Bachelor's,0.2,1,0,1,0,0,0,0,0,1,1,Data Analyst,2,1,1,0,0,1,0,0,Bachelor's,33.33,0.1,0.1,2,2,1,0.44,0
879,81,Diploma,0.9,0,1,0,0,1,0,0,1,2,0,Data Science,2,1,1,0,0,0,0,1,Bachelor's,33.33,0.45,0.45,1,2,0,0.28,1
554,92,Bachelor's,5.4,0,1,1,0,0,1,0,3,3,0,Machine Learning,3,0,1,0,0,0,1,0,Bachelor's,100.0,1.8,1.0,2,2,1,0.42,1
904,70,Bachelor's,0.1,1,0,0,0,0,0,0,2,4,1,AI Engineer,1,1,0,1,0,0,1,0,Bachelor's,33.33,0.1,0.1,2,2,1,0.86,0
578,42,Master's,2.6,0,0,0,1,0,0,0,3,1,1,Business Intelligence,3,0,1,0,0,0,0,0,Diploma,0.0,0.8666666666666667,0.87,3,1,1,0.44,0
533,33,Master's,3.1,1,0,0,0,1,1,0,4,4,1,AI Engineer,3,0,1,0,0,0,0,0,Bachelor's,0.0,1.0333333333333334,1.0,3,2,1,0.86,0
335,92,Diploma,9.2,1,1,0,1,0,1,0,0,4,1,Machine Learning,3,0,1,0,0,0,1,0,Bachelor's,100.0,3.0666666666666664,1.0,1,2,0,0.86,1
582,63,Master's,1.2,0,1,0,0,1,1,0,3,2,0,Business Intelligence,5,1,1,0,0,0,0,0,Diploma,50.0,0.24,0.24,3,1,1,0.28,0
773,57,Bachelor's,5.6,0,0,0,0,0,1,0,0,2,0,Business Intelligence,3,0,1,0,1,0,0,0,Bachelor's,0.0,1.8666666666666665,1.0,2,2,1,0.28,0
502,65,Bachelor's,1.6,0,1,0,0,0,0,0,2,8,0,Machine Learning,0,1,1,1,0,0,1,0,Master's,25.0,1.0,1.0,2,3,0,0.7,0
246,52,Master's,2.5,1,0,1,0,0,1,0,2,4,1,Business Intelligence,1,1,0,1,0,0,0,0,Bachelor's,100.0,2.5,1.0,3,2,1,0.86,1
323,99,Bachelor's,5.1,0,1,1,0,0,1,0,4,4,0,AI Engineer,2,1,1,0,1,0,0,0,Diploma,33.33,2.55,1.0,2,1,1,0.56,1
747,88,Bachelor's,0.0,0,1,0,0,0,1,0,3,1,0,Data Analyst,0,1,1,1,0,0,1,1,Diploma,40.0,1.0,1.0,2,1,1,0.14,1
939,6,Bachelor's,1.7,0,0,1,0,0,1,0,1,1,0,Data Science,2,0,0,0,0,1,0,0,Diploma,0.0,0.85,0.85,2,1,1,0.14,0
784,7,Bachelor's,2.5,0,1,0,0,0,1,0,1,2,1,AI Engineer,2,1,0,0,0,1,0,0,Bachelor's,0.0,1.25,1.0,2,2,1,0.58,0
611,9,Diploma,5.3,0,1,0,0,1,1,0,3,3,0,Data Analyst,0,1,1,0,0,0,0,0,Master's,50.0,1.0,1.0,1,3,0,0.42,0
329,61,Bachelor's,2.7,0,0,0,0,0,1,1,4,4,0,Business Intelligence,2,0,0,1,0,0,1,0,Bachelor's,50.0,1.35,1.0,2,2,1,0.56,1
547,80,Bachelor's,4.1,1,0,0,0,0,0,1,1,4,1,Business Intelligence,2,1,1,0,0,1,1,0,Master's,25.0,2.05,1.0,2,3,0,0.86,0
339,34,Bachelor's,0.2,1,1,0,1,0,0,0,1,4,1,Machine Learning,2,1,1,0,0,1,0,0,Bachelor's,66.67,0.1,0.1,2,2,1,0.86,1
171,35,Bachelor's,2.4,0,1,0,0,0,1,1,2,1,0,Data Science,0,0,0,0,0,0,1,0,Master's,100.0,1.0,1.0,2,3,0,0.14,1
110,99,Diploma,0.4,0,1,0,1,1,1,0,5,1,1,AI Engineer,2,1,1,0,1,0,0,0,Diploma,66.67,0.2,0.2,1,1,1,0.44,1
994,20,Bachelor's,0.4,1,0,0,0,0,1,0,2,4,1,Data Analyst,2,1,1,0,0,1,0,0,Bachelor's,33.33,0.2,0.2,2,2,1,0.86,1
807,58,Master's,2.7,0,0,0,0,1,0,0,0,6,0,Data Analyst,4,1,1,1,1,0,0,0,Bachelor's,0.0,0.675,0.68,3,2,1,0.7,0
10,87,Master's,1.7,1,0,0,0,0,1,0,2,4,1,AI Engineer,1,1,0,0,0,0,0,0,Bachelor's,100.0,1.7,1.0,3,2,1,0.86,1
202,60,Diploma,0.1,1,1,0,1,0,1,0,5,1,0,Data Analyst,0,0,1,0,0,0,0,0,Bachelor's,100.0,1.0,1.0,1,2,0,0.14,1
916,54,Bachelor's,3.2,0,0,1,0,0,1,0,0,4,1,Data Analyst,3,1,0,0,0,1,1,0,Bachelor's,33.33,1.0666666666666667,1.0,2,2,1,0.86,1
257,35,Master's,0.6,1,1,1,0,0,1,0,1,0,0,Data Science,0,0,0,0,0,0,1,0,Master's,100.0,1.0,1.0,3,3,1,0.0,1
262,47,Master's,4.0,0,1,1,1,1,1,0,1,4,0,Data Analyst,0,1,0,0,0,0,0,1,Master's,0.0,1.0,1.0,3,3,1,0.56,1
693,46,Bachelor's,1.3,1,1,0,0,0,1,0,3,4,0,Data Analyst,1,1,1,1,0,0,1,0,Bachelor's,75.0,1.3,1.0,2,2,1,0.56,1
430,87,Bachelor's,5.1,0,1,1,0,0,0,0,1,1,0,AI Engineer,1,1,0,0,0,0,0,0,Bachelor's,0.0,5.1,1.0,2,2,1,0.14,0
507,4,Master's,2.2,0,1,1,0,1,1,0,3,2,0,Data Analyst,2,0,1,0,0,0,1,1,Bachelor's,66.67,1.1,1.0,3,2,1,0.28,1
66,10,Bachelor's,3.3,0,0,0,0,1,0,0,6,4,1,AI Engineer,5,0,1,0,1,1,0,0,Master's,33.33,0.6599999999999999,0.66,2,3,0,0.86,0
806,75,Master's,3.7,0,1,0,0,1,1,1,2,2,0,AI Engineer,2,0,1,1,0,1,1,0,Master's,75.0,1.85,1.0,3,3,1,0.28,1
673,40,Diploma,5.1,0,1,1,0,0,0,0,2,2,1,Data Analyst,2,1,0,0,0,1,0,1,Bachelor's,0.0,2.55,1.0,1,2,0,0.58,0
579,55,Bachelor's,2.3,1,1,1,1,0,0,0,3,2,1,Machine Learning,2,0,0,0,0,1,1,1,Bachelor's,0.0,1.15,1.0,2,2,1,0.58,1
612,73,Master's,2.6,1,0,0,0,1,1,1,2,1,1,AI Engineer,1,0,0,0,0,0,1,0,Master's,100.0,2.6,1.0,3,3,1,0.44,1
589,40,Bachelor's,1.4,1,0,1,1,0,1,0,0,2,0,Data Analyst,2,1,0,0,0,1,0,1,Bachelor's,33.33,0.7,0.7,2,2,1,0.28,1
35,76,Master's,0.2,0,0,0,0,0,1,0,4,5,1,Data Science,0,1,0,0,0,0,1,0,Master's,50.0,1.0,1.0,3,3,1,1.0,1
975,81,Diploma,0.9,1,0,0,0,0,1,0,2,2,1,Data Science,2,1,1,0,0,0,0,1,Bachelor's,33.33,0.45,0.45,1,2,0,0.58,0
557,96,Bachelor's,2.4,1,0,1,0,0,1,0,3,4,1,Business Intelligence,2,1,1,0,1,0,0,0,Master's,33.33,1.2,1.0,2,3,0,0.86,1
662,23,Master's,1.8,0,1,0,0,0,0,0,3,3,0,AI Engineer,4,1,0,0,0,1,1,0,Bachelor's,0.0,0.45,0.45,3,2,1,0.42,1
491,15,Bachelor's,0.7,1,0,0,0,0,1,1,3,6,0,AI Engineer,0,1,1,1,0,0,1,1,Master's,60.0,1.0,1.0,2,3,0,0.7,1
580,92,Bachelor's,2.0,0,0,0,0,0,0,0,1,4,0,Machine Learning,3,0,1,0,0,0,1,0,Bachelor's,0.0,0.6666666666666666,0.67,2,2,1,0.56,1
254,5,Bachelor's,0.3,0,0,0,0,0,0,0,2,1,0,Business Intelligence,4,0,1,0,0,0,1,0,Bachelor's,0.0,0.075,0.08,2,2,1,0.14,0
17,40,Bachelor's,0.5,1,1,1,0,0,1,0,2,4,0,Data Analyst,2,1,0,0,0,1,0,1,Bachelor's,33.33,0.25,0.25,2,2,1,0.56,0
261,18,Bachelor's,0.8,0,0,0,0,0,1,0,0,2,0,Data Analyst,0,1,1,0,0,1,0,0,Diploma,0.0,1.0,1.0,2,1,1,0.28,0
725,21,Bachelor's,2.9,1,0,0,0,0,0,1,3,1,1,Data Science,1,1,1,0,0,0,1,1,Bachelor's,50.0,2.9,1.0,2,2,1,0.44,1
825,79,Bachelor's,2.6,1,0,0,0,0,1,1,4,4,1,Data Science,3,1,1,0,0,0,1,0,Bachelor's,66.67,0.8666666666666667,0.87,2,2,1,0.86,1
256,3,Bachelor's,1.4,0,0,1,0,0,1,1,3,1,0,AI Engineer,3,0,1,1,0,0,0,0,Diploma,50.0,0.4666666666666666,0.47,2,1,1,0.14,0
728,46,Master's,12.0,1,0,1,0,0,1,0,1,4,0,Data Analyst,1,1,1,1,0,0,1,0,Bachelor's,75.0,12.0,1.0,3,2,1,0.56,1
863,90,Bachelor's,0.5,0,0,0,0,1,1,1,0,3,1,Data Science,0,1,1,0,1,0,1,1,Bachelor's,40.0,1.0,1.0,2,2,1,0.72,1
424,79,Bachelor's,0.4,1,0,1,0,0,1,0,4,5,1,Data Science,3,1,1,0,0,0,1,0,Bachelor's,66.67,0.13333333333333333,0.13,2,2,1,1.0,1
501,53,Bachelor's,1.8,0,0,0,0,0,1,0,0,2,0,Data Science,4,1,0,0,1,0,0,0,Bachelor's,0.0,0.45,0.45,2,2,1,0.28,0
286,20,Diploma,1.8,1,0,0,0,0,1,1,1,2,0,Data Analyst,2,1,1,0,0,1,0,0,Bachelor's,33.33,0.9,0.9,1,2,0,0.28,0
938,59,Master's,4.4,0,0,0,0,1,1,1,2,0,0,Data Science,2,0,1,0,0,0,0,0,Master's,0.0,2.2,1.0,3,3,1,0.0,0
7,21,Diploma,2.9,1,1,0,1,0,1,0,0,4,1,Data Science,1,1,1,0,0,0,1,1,Bachelor's,75.0,2.9,1.0,1,2,0,0.86,1
497,90,Bachelor's,2.4,0,1,0,0,0,1,1,0,1,1,Data Science,0,1,1,0,1,0,1,1,Bachelor's,60.0,1.0,1.0,2,2,1,0.44,1
892,87,Master's,1.3,0,1,0,0,1,1,1,1,2,1,AI Engineer,1,1,0,0,0,0,0,0,Bachelor's,0.0,1.3,1.0,3,2,1,0.58,0
199,51,Master's,3.5,1,0,0,0,0,0,0,4,3,1,Machine Learning,5,0,1,1,0,1,0,0,Master's,0.0,0.7,0.7,3,3,1,0.72,0
603,25,Bachelor's,0.6,0,0,1,0,0,1,1,0,1,1,Data Science,3,1,1,0,0,0,1,0,Bachelor's,33.33,0.19999999999999998,0.2,2,2,1,0.44,1
984,68,Diploma,1.6,0,0,1,0,1,1,0,4,5,1,Data Science,4,1,0,0,0,0,1,0,Bachelor's,50.0,0.4,0.4,1,2,0,1.0,0
659,10,Bachelor's,1.3,1,1,0,1,0,1,0,3,5,0,AI Engineer,5,0,1,0,1,1,0,0,Master's,66.67,0.26,0.26,2,3,0,0.7,0
937,86,Diploma,0.8,0,0,1,0,0,1,0,5,4,0,Data Science,3,0,0,1,1,0,1,0,Bachelor's,66.67,0.26666666666666666,0.27,1,2,0,0.56,0
418,67,Bachelor's,0.3,1,1,0,0,1,1,0,2,4,0,Data Science,0,1,1,1,0,1,1,0,Bachelor's,80.0,1.0,1.0,2,2,1,0.56,1
662,83,Master's,1.8,0,1,0,0,0,0,0,3,3,0,Business Intelligence,2,0,1,0,0,0,0,0,Bachelor's,100.0,0.9,0.9,3,2,1,0.42,1
52,95,Master's,1.9,1,0,1,1,1,1,0,5,5,1,AI Engineer,3,1,1,1,0,1,1,0,Bachelor's,80.0,0.6333333333333333,0.63,3,2,1,1.0,1
243,9,Master's,3.7,0,1,1,0,0,1,0,1,1,1,Data Analyst,0,1,1,0,0,0,0,0,Master's,50.0,1.0,1.0,3,3,1,0.44,1
219,29,Bachelor's,2.7,0,1,1,0,0,0,0,1,2,1,AI Engineer,0,1,1,1,1,0,1,0,Bachelor's,40.0,1.0,1.0,2,2,1,0.58,1
518,37,Master's,5.7,1,0,1,1,1,1,1,5,2,0,Data Analyst,0,1,0,0,0,0,0,0,Bachelor's,100.0,1.0,1.0,3,2,1,0.28,1
970,71,Bachelor's,0.1,1,0,0,1,0,0,0,2,0,1,Data Analyst,2,1,1,0,0,0,0,1,Diploma,33.33,0.05,0.05,2,1,1,0.3,0
109,38,Bachelor's,3.0,1,1,1,1,0,0,0,3,4,0,AI Engineer,2,1,1,1,0,0,0,1,Bachelor's,75.0,1.5,1.0,2,2,1,0.56,1
351,88,Bachelor's,5.0,0,0,1,0,0,1,1,1,4,0,Data Analyst,0,1,1,1,0,0,1,1,Diploma,60.0,1.0,1.0,2,1,1,0.56,1
921,72,Master's,3.0,1,1,1,0,1,0,0,3,1,1,Data Science,5,1,0,0,0,0,0,1,Master's,50.0,0.6,0.6,3,3,1,0.44,1
66,98,Bachelor's,3.3,0,0,0,0,1,0,0,6,4,1,Machine Learning,2,1,1,0,1,0,0,0,Bachelor's,0.0,1.65,1.0,2,2,1,0.86,1
10,59,Master's,1.7,1,0,0,0,0,1,0,2,4,1,Data Science,2,0,1,0,0,0,0,0,Master's,0.0,0.85,0.85,3,3,1,0.86,0
202,57,Diploma,0.1,1,1,0,1,0,1,0,5,1,0,Business Intelligence,3,0,1,0,1,0,0,0,Bachelor's,100.0,0.03333333333333333,0.03,1,2,0,0.14,0
794,90,Bachelor's,2.9,1,1,0,1,0,0,0,0,2,0,Data Science,0,1,1,0,1,0,1,1,Bachelor's,60.0,1.0,1.0,2,2,1,0.28,1
901,60,Bachelor's,2.0,1,0,0,0,0,1,0,3,6,1,Data Analyst,0,0,1,0,0,0,0,0,Bachelor's,0.0,1.0,1.0,2,2,1,1.0,1
214,28,Bachelor's,4.0,0,1,0,1,0,1,0,1,2,1,Data Science,1,0,1,0,1,1,0,0,Bachelor's,66.67,4.0,1.0,2,2,1,0.58,1
68,28,Master's,0.3,1,1,1,0,0,1,0,4,4,1,Data Science,1,0,1,0,1,1,0,0,Bachelor's,33.33,0.3,0.3,3,2,1,0.86,0
759,46,Master's,0.3,0,0,0,0,1,0,0,5,2,1,Data Analyst,1,1,1,1,0,0,1,0,Bachelor's,0.0,0.3,0.3,3,2,1,0.58,0
866,71,Bachelor's,6.9,0,0,0,0,0,0,0,2,7,1,Data Analyst,2,1,1,0,0,0,0,1,Diploma,0.0,3.45,1.0,2,1,1,1.0,0
327,67,Bachelor's,0.5,0,1,0,0,1,1,0,2,3,0,Data Science,0,1,1,1,0,1,1,0,Bachelor's,60.0,1.0,1.0,2,2,1,0.42,1
50,86,Bachelor's,0.1,1,0,0,0,1,1,0,1,1,0,Data Science,3,0,0,1,1,0,1,0,Bachelor's,33.33,0.03333333333333333,0.03,2,2,1,0.14,0
17,55,Bachelor's,0.5,1,1,1,0,0,1,0,2,4,0,Machine Learning,2,0,0,0,0,1,1,1,Bachelor's,33.33,0.25,0.25,2,2,1,0.56,0
523,38,Master's,1.1,1,0,1,0,1,1,0,2,6,1,AI Engineer,2,1,1,1,0,0,0,1,Bachelor's,50.0,0.55,0.55,3,2,1,1.0,1
821,18,Master's,0.6,0,0,0,1,0,1,0,3,4,1,Data Analyst,0,1,1,0,0,1,0,0,Diploma,0.0,1.0,1.0,3,1,1,0.86,0
306,76,Master's,5.1,1,0,0,0,0,0,0,5,1,0,Data Science,0,1,0,0,0,0,1,0,Master's,50.0,1.0,1.0,3,3,1,0.14,1
392,95,Bachelor's,0.2,1,1,0,0,0,1,0,2,3,1,AI Engineer,3,1,1,1,0,1,1,0,Bachelor's,60.0,0.06666666666666667,0.07,2,2,1,0.72,1
988,63,Bachelor's,1.7,1,0,0,1,0,1,1,2,1,1,Business Intelligence,5,1,1,0,0,0,0,0,Diploma,50.0,0.33999999999999997,0.34,2,1,1,0.44,0
504,44,Master's,1.0,0,0,0,0,0,1,1,5,1,0,Business Intelligence,1,1,1,0,0,1,0,0,Bachelor's,0.0,1.0,1.0,3,2,1,0.14,0
225,29,Bachelor's,1.4,1,0,0,0,0,0,0,2,4,0,AI Engineer,0,1,1,1,1,0,1,0,Bachelor's,20.0,1.0,1.0,2,2,1,0.56,0
756,100,Master's,4.0,1,0,1,0,0,0,1,2,6,0,Data Science,5,0,0,0,0,1,0,0,Bachelor's,0.0,0.8,0.8,3,2,1,0.7,0
318,14,Bachelor's,3.3,1,0,0,1,0,0,0,3,3,0,Data Science,3,1,1,0,0,1,1,0,Bachelor's,25.0,1.0999999999999999,1.0,2,2,1,0.42,0
473,58,Diploma,5.3,0,1,0,0,0,0,0,1,4,0,Data Analyst,4,1,1,1,1,0,0,0,Bachelor's,25.0,1.325,1.0,1,2,0,0.56,1
981,44,Bachelor's,0.5,1,1,1,0,0,1,0,2,2,0,Business Intelligence,1,1,1,0,0,1,0,0,Bachelor's,66.67,0.5,0.5,2,2,1,0.28,1
844,18,Master's,2.4,0,0,0,0,0,1,1,0,2,1,Data Analyst,0,1,1,0,0,1,0,0,Diploma,0.0,1.0,1.0,3,1,1,0.58,1
891,7,Master's,0.3,1,1,0,0,0,1,0,4,4,0,AI Engineer,2,1,0,0,0,1,0,0,Bachelor's,50.0,0.15,0.15,3,2,1,0.56,1
858,87,Bachelor's,1.5,1,1,1,0,0,1,0,2,1,1,AI Engineer,1,1,0,0,0,0,0,0,Bachelor's,100.0,1.5,1.0,2,2,1,0.44,1
541,97,Master's,3.1,0,0,0,0,0,1,0,3,1,1,Data Analyst,4,0,0,1,0,1,1,0,Bachelor's,33.33,0.775,0.78,3,2,1,0.44,0
358,62,Bachelor's,1.4,1,0,0,1,0,0,0,4,5,0,Machine Learning,1,1,1,1,0,0,0,1,Diploma,25.0,1.4,1.0,2,1,1,0.7,1
483,45,Bachelor's,2.0,0,0,0,0,0,1,1,2,4,0,Business Intelligence,1,0,0,0,0,0,1,0,Bachelor's,100.0,2.0,1.0,2,2,1,0.56,1
869,16,Master's,0.4,1,1,0,1,0,1,0,4,4,1,AI Engineer,2,1,1,0,1,1,1,0,Master's,80.0,0.2,0.2,3,3,1,0.86,1
878,64,Bachelor's,1.8,1,1,1,0,0,1,0,2,1,0,AI Engineer,3,1,0,1,0,0,1,0,Bachelor's,100.0,0.6,0.6,2,2,1,0.14,1
940,37,Bachelor's,0.2,1,0,1,0,0,1,0,4,1,1,Data Analyst,0,1,0,0,0,0,0,0,Bachelor's,100.0,1.0,1.0,2,2,1,0.44,1
877,25,Master's,2.2,1,0,0,1,0,0,0,1,4,1,Data Science,3,1,1,0,0,0,1,0,Bachelor's,33.33,0.7333333333333334,0.73,3,2,1,0.86,1
429,9,Bachelor's,2.5,1,1,0,0,0,0,0,1,2,1,Data Analyst,0,1,1,0,0,0,0,0,Master's,100.0,1.0,1.0,2,3,0,0.58,1
797,55,Master's,3.1,1,1,0,0,1,0,0,2,3,0,Machine Learning,2,0,0,0,0,1,1,1,Bachelor's,33.33,1.55,1.0,3,2,1,0.42,1
497,28,Bachelor's,2.4,0,1,0,0,0,1,1,0,1,1,Data Science,1,0,1,0,1,1,0,0,Bachelor's,33.33,2.4,1.0,2,2,1,0.44,1
472,9,Master's,3.4,0,1,1,0,1,1,0,4,2,1,Data Analyst,0,1,1,0,0,0,0,0,Master's,50.0,1.0,1.0,3,3,1,0.58,1
571,12,Bachelor's,2.2,1,0,0,1,0,1,0,4,6,0,Machine Learning,3,1,1,0,0,1,1,0,Bachelor's,50.0,0.7333333333333334,0.73,2,2,1,0.7,1
655,18,Bachelor's,0.2,0,0,0,0,0,0,0,4,7,0,Data Analyst,0,1,1,0,0,1,0,0,Diploma,0.0,1.0,1.0,2,1,1,0.7,1
838,91,Bachelor's,1.0,1,0,0,0,0,0,0,3,6,0,AI Engineer,5,0,1,0,1,1,1,1,Diploma,0.0,0.2,0.2,2,1,1,0.7,0
864,90,Bachelor's,2.0,0,0,0,0,0,0,0,0,1,1,Data Science,0,1,1,0,1,0,1,1,Bachelor's,0.0,1.0,1.0,2,2,1,0.44,1
300,56,Diploma,3.1,1,1,0,0,0,0,1,1,7,0,Machine Learning,2,0,1,1,1,1,1,1,Diploma,33.33,1.55,1.0,1,1,1,0.7,0
738,90,Master's,0.5,1,1,0,0,0,1,0,4,6,0,Data Science,0,1,1,0,1,0,1,1,Bachelor's,60.0,1.0,1.0,3,2,1,0.7,1
676,74,Master's,0.9,1,0,1,0,1,1,0,0,1,0,Data Science,1,1,1,1,0,0,1,0,Bachelor's,75.0,0.9,0.9,3,2,1,0.14,1
84,58,Diploma,5.3,0,1,1,0,0,1,0,3,3,1,Data Analyst,4,1,1,1,1,0,0,0,Bachelor's,50.0,1.325,1.0,1,2,0,0.72,0
377,81,Master's,1.5,1,1,0,0,1,1,0,0,3,1,Data Science,2,1,1,0,0,0,0,1,Bachelor's,66.67,0.75,0.75,3,2,1,0.72,1
313,51,Diploma,2.0,1,1,0,1,0,1,0,2,1,0,Machine Learning,5,0,1,1,0,1,0,0,Master's,33.33,0.4,0.4,1,3,0,0.14,0
629,32,Diploma,0.3,1,1,0,0,0,0,0,0,4,0,AI Engineer,1,0,0,0,0,1,1,0,Diploma,0.0,0.3,0.3,1,1,1,0.56,0
320,88,Bachelor's,0.2,1,1,0,0,0,0,0,0,5,0,Data Analyst,0,1,1,1,0,0,1,1,Diploma,40.0,1.0,1.0,2,1,1,0.7,0
204,48,Master's,1.0,1,1,1,0,0,1,0,2,2,1,AI Engineer,1,1,1,1,0,1,0,0,Bachelor's,75.0,1.0,1.0,3,2,1,0.58,1
355,8,Diploma,1.7,0,0,0,0,1,1,0,2,3,0,AI Engineer,2,1,0,0,0,0,1,0,Master's,50.0,0.85,0.85,1,3,0,0.42,0
294,30,Bachelor's,2.9,1,1,1,0,0,1,0,2,1,0,Data Analyst,1,1,1,0,1,1,0,0,Bachelor's,50.0,2.9,1.0,2,2,1,0.14,1
504,26,Master's,1.0,0,0,0,0,0,1,1,5,1,0,Machine Learning,2,1,0,0,0,1,1,1,Bachelor's,50.0,0.5,0.5,3,2,1,0.14,0
145,24,Bachelor's,0.8,1,0,1,0,1,0,1,3,4,0,Machine Learning,2,1,1,0,1,0,1,0,Master's,25.0,0.4,0.4,2,3,0,0.56,0
539,27,Bachelor's,0.5,0,1,0,0,0,1,0,0,0,0,Data Science,3,0,1,0,0,1,0,0,Master's,50.0,0.16666666666666666,0.17,2,3,0,0.0,0
17,79,Bachelor's,0.5,1,1,1,0,0,1,0,2,4,0,Data Science,3,1,1,0,0,0,1,0,Bachelor's,100.0,0.16666666666666666,0.17,2,2,1,0.56,1
575,92,Master's,0.6,1,1,1,0,0,1,1,2,3,1,Machine Learning,3,0,1,0,0,0,1,0,Bachelor's,100.0,0.19999999999999998,0.2,3,2,1,0.72,1
779,75,Master's,0.7,1,1,0,1,1,0,0,3,3,1,AI Engineer,2,0,1,1,0,1,1,0,Master's,50.0,0.35,0.35,3,3,1,0.72,1
576,39,Master's,0.3,0,0,0,0,1,1,0,1,1,1,Data Science,0,1,0,0,1,0,1,1,Master's,25.0,1.0,1.0,3,3,1,0.44,1
39,66,Bachelor's,0.2,1,0,1,0,0,1,0,3,4,0,Business Intelligence,1,0,1,1,1,0,1,0,Bachelor's,50.0,0.2,0.2,2,2,1,0.56,1
130,51,Bachelor's,0.8,1,1,0,1,0,0,0,1,4,0,Machine Learning,5,0,1,1,0,1,0,0,Master's,33.33,0.16,0.16,2,3,0,0.56,0
115,73,Bachelor's,2.2,0,0,0,0,0,1,0,1,3,1,AI Engineer,1,0,0,0,0,0,1,0,Master's,100.0,2.2,1.0,2,3,0,0.72,1
450,50,Diploma,2.9,1,0,1,0,0,1,0,0,3,0,AI Engineer,1,1,0,0,0,1,1,0,Master's,66.67,2.9,1.0,1,3,0,0.42,0
950,45,Bachelor's,1.4,0,0,1,1,0,1,0,2,2,0,Business Intelligence,1,0,0,0,0,0,1,0,Bachelor's,100.0,1.4,1.0,2,2,1,0.28,1
925,87,Bachelor's,4.0,1,1,0,0,0,0,0,1,2,0,AI Engineer,1,1,0,0,0,0,0,0,Bachelor's,100.0,4.0,1.0,2,2,1,0.28,1
45,33,Bachelor's,5.4,0,1,0,0,1,0,0,2,3,1,AI Engineer,3,0,1,0,0,0,0,0,Bachelor's,100.0,1.8,1.0,2,2,1,0.72,1
216,19,Bachelor's,0.6,1,0,1,0,1,0,0,1,4,0,Business Intelligence,5,1,0,0,0,0,0,1,Bachelor's,50.0,0.12,0.12,2,2,1,0.56,0
600,13,Diploma,5.6,1,1,0,0,0,1,0,1,0,0,Data Analyst,3,0,1,1,1,0,1,1,Bachelor's,40.0,1.8666666666666665,1.0,1,2,0,0.0,0
848,78,Master's,0.5,1,1,0,0,0,1,0,2,4,1,Business Intelligence,5,1,0,0,0,1,1,0,Master's,66.67,0.1,0.1,3,3,1,0.86,1
415,96,Bachelor's,1.9,1,1,0,0,0,1,0,2,3,1,Business Intelligence,2,1,1,0,1,0,0,0,Master's,66.67,0.95,0.95,2,3,0,0.72,1
689,22,Master's,2.3,1,0,0,0,0,1,0,2,2,0,Data Analyst,2,1,1,0,0,0,1,0,Master's,66.67,1.15,1.0,3,3,1,0.28,1
265,20,Master's,0.0,0,1,1,1,1,0,1,0,7,0,Data Analyst,2,1,1,0,0,1,0,0,Bachelor's,66.67,0.0,0.0,3,2,1,0.7,1
923,97,Master's,2.4,0,1,0,0,0,1,0,2,2,1,Data Analyst,4,0,0,1,0,1,1,0,Bachelor's,33.33,0.6,0.6,3,2,1,0.58,0
440,5,Diploma,2.8,1,1,0,1,0,1,0,0,2,1,Business Intelligence,4,0,1,0,0,0,1,0,Bachelor's,100.0,0.7,0.7,1,2,0,0.58,1
617,84,Diploma,12.0,1,1,1,1,0,1,1,1,5,1,AI Engineer,1,1,0,1,1,1,0,0,Bachelor's,75.0,12.0,1.0,1,2,0,1.0,1
381,78,Bachelor's,0.4,0,0,0,0,0,1,0,2,6,1,Business Intelligence,5,1,0,0,0,1,1,0,Master's,33.33,0.08,0.08,2,3,0,1.0,0
846,91,Bachelor's,0.7,1,1,0,0,0,0,0,2,0,0,AI Engineer,5,0,1,0,1,1,1,1,Diploma,20.0,0.13999999999999999,0.14,2,1,1,0.0,0
301,90,Diploma,0.1,0,0,0,1,1,1,0,2,3,0,Data Science,0,1,1,0,1,0,1,1,Bachelor's,40.0,1.0,1.0,1,2,0,0.42,0
985,32,Master's,0.4,1,1,0,0,1,1,0,1,3,0,AI Engineer,1,0,0,0,0,1,1,0,Diploma,100.0,0.4,0.4,3,1,1,0.42,1
171,30,Bachelor's,2.4,0,1,0,0,0,1,1,2,1,0,Data Analyst,1,1,1,0,1,1,0,0,Bachelor's,25.0,2.4,1.0,2,2,1,0.14,1
620,91,Master's,3.3,1,0,1,0,1,1,0,3,5,0,AI Engineer,5,0,1,0,1,1,1,1,Diploma,40.0,0.6599999999999999,0.66,3,1,1,0.7,1
406,26,Master's,1.6,0,1,1,1,1,1,0,3,2,0,Machine Learning,2,1,0,0,0,1,1,1,Bachelor's,50.0,0.8,0.8,3,2,1,0.28,1
355,82,Diploma,1.7,0,0,0,0,1,1,0,2,3,0,Data Analyst,3,1,1,1,0,0,0,1,Bachelor's,0.0,0.5666666666666667,0.57,1,2,0,0.42,0
161,87,Bachelor's,4.4,0,0,0,0,0,0,1,2,5,1,AI Engineer,1,1,0,0,0,0,0,0,Bachelor's,0.0,4.4,1.0,2,2,1,1.0,1
795,88,Diploma,0.1,1,0,0,0,0,0,0,1,4,0,Data Analyst,0,1,1,1,0,0,1,1,Diploma,20.0,1.0,1.0,1,1,1,0.56,0
552,4,Master's,2.3,1,0,0,0,0,1,0,3,0,0,Data Analyst,2,0,1,0,0,0,1,1,Bachelor's,33.33,1.15,1.0,3,2,1,0.0,0
26,67,Master's,1.6,1,0,1,0,0,1,0,0,5,0,Data Science,0,1,1,1,0,1,1,0,Bachelor's,60.0,1.0,1.0,3,2,1,0.7,1
83,43,Bachelor's,1.4,1,0,0,1,0,1,0,0,3,1,AI Engineer,3,1,0,0,0,0,0,0,Bachelor's,100.0,0.4666666666666666,0.47,2,2,1,0.72,1
173,30,Bachelor's,2.5,1,0,0,0,0,1,0,3,1,1,Data Analyst,1,1,1,0,1,1,0,0,Bachelor's,25.0,2.5,1.0,2,2,1,0.44,1
999,16,Master's,0.1,1,1,1,0,0,0,0,4,5,1,AI Engineer,2,1,1,0,1,1,1,0,Master's,40.0,0.05,0.05,3,3,1,1.0,0
685,71,Master's,0.4,1,1,1,0,0,1,0,4,5,1,Data Analyst,2,1,1,0,0,0,0,1,Diploma,66.67,0.2,0.2,3,1,1,1.0,1
794,39,Bachelor's,2.9,1,1,0,1,0,0,0,0,2,0,Data Science,0,1,0,0,1,0,1,1,Master's,50.0,1.0,1.0,2,3,0,0.28,0
70,86,Master's,0.8,1,1,1,0,0,1,0,2,4,0,Data Science,3,0,0,1,1,0,1,0,Bachelor's,66.67,0.26666666666666666,0.27,3,2,1,0.56,0
835,41,Bachelor's,4.2,1,0,0,1,1,1,1,1,3,0,Business Intelligence,2,1,0,0,0,0,1,1,Bachelor's,100.0,2.1,1.0,2,2,1,0.42,1
6,31,Bachelor's,2.7,0,1,0,0,1,1,0,1,6,0,AI Engineer,1,1,0,1,1,0,0,0,Master's,0.0,2.7,1.0,2,3,0,0.7,0
796,49,Master's,0.2,0,1,0,1,0,1,0,4,1,1,Data Science,4,1,1,0,0,0,0,0,Diploma,50.0,0.05,0.05,3,1,1,0.44,0
195,13,Bachelor's,0.1,1,0,0,0,0,0,0,1,1,0,Data Analyst,3,0,1,1,1,0,1,1,Bachelor's,0.0,0.03333333333333333,0.03,2,2,1,0.14,0
525,41,Master's,1.7,0,0,1,0,0,1,0,4,3,1,Business Intelligence,2,1,0,0,0,0,1,1,Bachelor's,33.33,0.85,0.85,3,2,1,0.72,1
63,93,Master's,3.7,0,1,1,0,0,0,1,3,3,1,Data Science,1,0,1,1,0,1,1,0,Bachelor's,50.0,3.7,1.0,3,2,1,0.72,1
13,28,Master's,7.2,0,0,1,0,1,1,0,3,1,0,Data Science,1,0,1,0,1,1,0,0,Bachelor's,33.33,7.2,1.0,3,2,1,0.14,1
761,64,Bachelor's,1.5,1,0,0,1,0,0,0,1,3,1,AI Engineer,3,1,0,1,0,0,1,0,Bachelor's,33.33,0.5,0.5,2,2,1,0.72,1
205,19,Bachelor's,1.7,0,1,0,1,0,0,0,3,4,1,Business Intelligence,5,1,0,0,0,0,0,1,Bachelor's,0.0,0.33999999999999997,0.34,2,2,1,0.86,0
897,87,Bachelor's,2.4,1,0,0,1,1,0,0,4,4,1,AI Engineer,1,1,0,0,0,0,0,0,Bachelor's,100.0,2.4,1.0,2,2,1,0.86,1
765,72,Diploma,0.4,1,0,0,1,1,0,0,1,1,1,Data Science,5,1,0,0,0,0,0,1,Master's,50.0,0.08,0.08,1,3,0,0.44,0
40,25,Bachelor's,0.9,1,1,0,1,1,0,1,2,5,1,Data Science,3,1,1,0,0,0,1,0,Bachelor's,66.67,0.3,0.3,2,2,1,1.0,1
165,38,Diploma,0.4,1,0,0,0,0,0,0,2,4,1,AI Engineer,2,1,1,1,0,0,0,1,Bachelor's,25.0,0.2,0.2,1,2,0,0.86,0
31,99,Bachelor's,0.1,1,0,1,0,0,0,0,2,3,0,AI Engineer,2,1,1,0,1,0,0,0,Diploma,33.33,0.05,0.05,2,1,1,0.42,1
529,90,Diploma,4.1,1,1,0,0,0,0,0,6,1,1,Data Science,0,1,1,0,1,0,1,1,Bachelor's,40.0,1.0,1.0,1,2,0,0.44,0
649,3,Master's,3.8,1,1,1,0,0,1,0,5,1,0,AI Engineer,3,0,1,1,0,0,0,0,Diploma,100.0,1.2666666666666666,1.0,3,1,1,0.14,1
877,2,Master's,2.2,1,0,0,1,0,0,0,1,4,1,Machine Learning,4,1,1,1,0,0,1,0,Diploma,25.0,0.55,0.55,3,1,1,0.86,0
832,5,Bachelor's,2.3,0,1,1,0,0,1,0,1,2,0,Business Intelligence,4,0,1,0,0,0,1,0,Bachelor's,100.0,0.575,0.57,2,2,1,0.28,1
825,61,Bachelor's,2.6,1,0,0,0,0,1,1,4,4,1,Business Intelligence,2,0,0,1,0,0,1,0,Bachelor's,50.0,1.3,1.0,2,2,1,0.86,1
909,20,Bachelor's,1.0,1,1,1,0,1,1,0,4,1,1,Data Analyst,2,1,1,0,0,1,0,0,Bachelor's,100.0,0.5,0.5,2,2,1,0.44,1
677,76,Bachelor's,0.2,1,0,0,0,0,0,0,0,1,1,Data Science,0,1,0,0,0,0,1,0,Master's,50.0,1.0,1.0,2,3,0,0.44,1
398,38,Bachelor's,0.7,1,1,0,0,0,0,0,1,2,1,AI Engineer,2,1,1,1,0,0,0,1,Bachelor's,50.0,0.35,0.35,2,2,1,0.58,1
459,80,Diploma,0.6,1,1,0,1,0,1,1,3,2,1,Business Intelligence,2,1,1,0,0,1,1,0,Master's,75.0,0.3,0.3,1,3,0,0.58,0
793,36,Bachelor's,1.8,0,1,0,1,0,1,0,1,3,0,Business Intelligence,0,0,1,1,0,1,1,0,Master's,50.0,1.0,1.0,2,3,0,0.42,1
223,46,Diploma,1.4,1,0,1,0,0,1,0,1,4,0,Data Analyst,1,1,1,1,0,0,1,0,Bachelor's,75.0,1.4,1.0,1,2,0,0.56,1
634,93,Bachelor's,4.0,1,0,1,0,0,0,0,2,7,1,Data Science,1,0,1,1,0,1,1,0,Bachelor's,25.0,4.0,1.0,2,2,1,1.0,1
78,99,Diploma,2.8,1,0,0,0,0,0,0,1,3,0,AI Engineer,2,1,1,0,1,0,0,0,Diploma,33.33,1.4,1.0,1,1,1,0.42,0
825,37,Bachelor's,2.6,1,0,0,0,0,1,1,4,4,1,Data Analyst,0,1,0,0,0,0,0,0,Bachelor's,100.0,1.0,1.0,2,2,1,0.86,1
839,54,Bachelor's,6.6,0,1,0,0,0,1,1,4,3,0,Data Analyst,3,1,0,0,0,1,1,0,Bachelor's,33.33,2.1999999999999997,1.0,2,2,1,0.42,1
600,21,Diploma,5.6,1,1,0,0,0,1,0,1,0,0,Data Science,1,1,1,0,0,0,1,1,Bachelor's,75.0,5.6,1.0,1,2,0,0.0,0
625,21,Bachelor's,0.5,1,0,1,0,1,1,0,3,1,1,Data Science,1,1,1,0,0,0,1,1,Bachelor's,50.0,0.5,0.5,2,2,1,0.44,1
612,92,Master's,2.6,1,0,0,0,1,1,1,2,1,1,Machine Learning,3,0,1,0,0,0,1,0,Bachelor's,50.0,0.8666666666666667,0.87,3,2,1,0.44,1
938,70,Master's,4.4,0,0,0,0,1,1,1,2,0,0,AI Engineer,1,1,0,1,0,0,1,0,Bachelor's,33.33,4.4,1.0,3,2,1,0.0,0
938,84,Master's,4.4,0,0,0,0,1,1,1,2,0,0,AI Engineer,1,1,0,1,1,1,0,0,Bachelor's,25.0,4.4,1.0,3,2,1,0.0,1
815,60,Master's,0.2,0,0,1,0,0,1,0,2,2,1,Data Analyst,0,0,1,0,0,0,0,0,Bachelor's,0.0,1.0,1.0,3,2,1,0.58,1
884,36,Bachelor's,3.6,1,0,0,1,0,0,0,3,1,1,Business Intelligence,0,0,1,1,0,1,1,0,Master's,0.0,1.0,1.0,2,3,0,0.44,0
428,77,Master's,7.6,0,1,0,0,1,1,1,1,4,1,Data Analyst,0,0,1,0,0,0,0,1,Bachelor's,100.0,1.0,1.0,3,2,1,0.86,1
425,11,Diploma,10.8,1,1,0,0,0,1,0,2,3,1,Data Analyst,3,1,1,0,0,1,0,1,Master's,50.0,3.6,1.0,1,3,0,0.72,1
387,88,Bachelor's,3.7,1,0,1,0,0,1,1,2,4,0,Data Analyst,0,1,1,1,0,0,1,1,Diploma,80.0,1.0,1.0,2,1,1,0.56,1
239,83,Bachelor's,8.6,1,1,1,0,1,0,0,4,0,0,Business Intelligence,2,0,1,0,0,0,0,0,Bachelor's,100.0,4.3,1.0,2,2,1,0.0,1
623,31,Bachelor's,2.1,1,0,0,1,0,1,0,2,1,0,AI Engineer,1,1,0,1,1,0,0,0,Master's,66.67,2.1,1.0,2,3,0,0.14,1
90,37,Bachelor's,0.7,1,0,0,0,0,1,1,2,6,0,Data Analyst,0,1,0,0,0,0,0,0,Bachelor's,100.0,1.0,1.0,2,2,1,0.7,1
385,60,Master's,2.7,1,0,1,0,0,0,0,2,4,0,Data Analyst,0,0,1,0,0,0,0,0,Bachelor's,0.0,1.0,1.0,3,2,1,0.56,1
975,61,Diploma,0.9,1,0,0,0,0,1,0,2,2,1,Business Intelligence,2,0,0,1,0,0,1,0,Bachelor's,50.0,0.45,0.45,1,2,0,0.58,0
139,67,Bachelor's,1.6,1,1,1,0,0,0,0,2,0,1,Data Science,0,1,1,1,0,1,1,0,Bachelor's,60.0,1.0,1.0,2,2,1,0.3,1
997,98,Master's,7.8,1,0,0,0,0,1,0,0,2,0,Machine Learning,2,1,1,0,1,0,0,0,Bachelor's,33.33,3.9,1.0,3,2,1,0.28,1
647,29,Bachelor's,0.3,0,0,1,0,1,1,0,1,5,1,AI Engineer,0,1,1,1,1,0,1,0,Bachelor's,40.0,1.0,1.0,2,2,1,1.0,1
524,67,Master's,0.3,1,0,0,0,0,0,0,3,7,0,Data Science,0,1,1,1,0,1,1,0,Bachelor's,20.0,1.0,1.0,3,2,1,0.7,1
244,79,Bachelor's,4.7,0,1,0,1,1,1,0,4,2,0,Data Science,3,1,1,0,0,0,1,0,Bachelor's,66.67,1.5666666666666667,1.0,2,2,1,0.28,1
505,71,Bachelor's,1.2,1,1,0,0,0,1,0,3,3,0,Data Analyst,2,1,1,0,0,0,0,1,Diploma,66.67,0.6,0.6,2,1,1,0.42,1
422,67,Master's,1.8,1,1,1,0,0,0,0,2,5,1,Data Science,0,1,1,1,0,1,1,0,Bachelor's,60.0,1.0,1.0,3,2,1,1.0,1
182,16,Bachelor's,1.0,1,0,1,1,0,1,0,4,0,1,AI Engineer,2,1,1,0,1,1,1,0,Master's,60.0,0.5,0.5,2,3,0,0.3,0
195,45,Bachelor's,0.1,1,0,0,0,0,0,0,1,1,0,Business Intelligence,1,0,0,0,0,0,1,0,Bachelor's,0.0,0.1,0.1,2,2,1,0.14,0
874,34,Bachelor's,4.6,1,1,0,1,0,0,0,3,1,0,Machine Learning,2,1,1,0,0,1,0,0,Bachelor's,66.67,2.3,1.0,2,2,1,0.14,1
634,84,Bachelor's,4.0,1,0,1,0,0,0,0,2,7,1,AI Engineer,1,1,0,1,1,1,0,0,Bachelor's,50.0,4.0,1.0,2,2,1,1.0,1
53,44,Master's,7.0,1,0,1,0,0,0,1,5,2,0,Business Intelligence,1,1,1,0,0,1,0,0,Bachelor's,33.33,7.0,1.0,3,2,1,0.28,1
986,97,Bachelor's,0.2,0,1,0,0,0,0,0,1,1,1,Data Analyst,4,0,0,1,0,1,1,0,Bachelor's,0.0,0.05,0.05,2,2,1,0.44,0
990,78,Master's,3.3,0,1,1,1,0,0,0,2,4,1,Business Intelligence,5,1,0,0,0,1,1,0,Master's,0.0,0.6599999999999999,0.66,3,3,1,0.86,0
928,42,Bachelor's,1.6,0,1,0,0,0,0,0,1,4,0,Business Intelligence,3,0,1,0,0,0,0,0,Diploma,100.0,0.5333333333333333,0.53,2,1,1,0.56,1
868,35,Bachelor's,0.5,0,1,0,0,0,1,0,3,1,0,Data Science,0,0,0,0,0,0,1,0,Master's,100.0,1.0,1.0,2,3,0,0.14,1
685,75,Master's,0.4,1,1,1,0,0,1,0,4,5,1,AI Engineer,2,0,1,1,0,1,1,0,Master's,75.0,0.2,0.2,3,3,1,1.0,1
179,84,Master's,3.6,0,1,0,0,0,1,0,5,6,0,AI Engineer,1,1,0,1,1,1,0,0,Bachelor's,0.0,3.6,1.0,3,2,1,0.7,0
293,30,Master's,2.1,1,0,0,0,1,1,0,3,4,1,Data Analyst,1,1,1,0,1,1,0,0,Bachelor's,50.0,2.1,1.0,3,2,1,0.86,1
375,53,Diploma,0.7,0,1,0,0,0,1,0,2,3,0,Data Science,4,1,0,0,1,0,0,0,Bachelor's,0.0,0.175,0.18,1,2,0,0.42,0
59,58,Diploma,1.6,0,0,1,0,1,0,0,0,2,1,Data Analyst,4,1,1,1,1,0,0,0,Bachelor's,25.0,0.4,0.4,1,2,0,0.58,0
54,28,Master's,4.0,0,0,0,0,0,1,0,1,3,1,Data Science,1,0,1,0,1,1,0,0,Bachelor's,0.0,4.0,1.0,3,2,1,0.72,0
914,15,Bachelor's,1.1,0,1,0,0,0,1,0,0,1,0,AI Engineer,0,1,1,1,0,0,1,1,Master's,40.0,1.0,1.0,2,3,0,0.14,0
769,38,Bachelor's,1.2,1,0,1,0,1,1,0,3,1,0,AI Engineer,2,1,1,1,0,0,0,1,Bachelor's,50.0,0.6,0.6,2,2,1,0.14,1
245,50,Diploma,3.6,0,1,0,0,1,1,0,0,1,1,AI Engineer,1,1,0,0,0,1,1,0,Master's,66.67,3.6,1.0,1,3,0,0.44,1
149,13,Diploma,4.8,1,1,1,0,0,1,0,1,1,1,Data Analyst,3,0,1,1,1,0,1,1,Bachelor's,60.0,1.5999999999999999,1.0,1,2,0,0.44,1
796,35,Master's,0.2,0,1,0,1,0,1,0,4,1,1,Data Science,0,0,0,0,0,0,1,0,Master's,100.0,1.0,1.0,3,3,1,0.44,1
368,24,Master's,6.0,0,0,0,0,0,1,0,1,0,1,Machine Learning,2,1,1,0,1,0,1,0,Master's,25.0,3.0,1.0,3,3,1,0.3,1
16,65,Bachelor's,6.5,1,0,0,0,1,0,0,1,3,0,Machine Learning,0,1,1,1,0,0,1,0,Master's,25.0,1.0,1.0,2,3,0,0.42,1
176,88,Bachelor's,1.9,0,0,1,1,0,1,0,2,8,1,Data Analyst,0,1,1,1,0,0,1,1,Diploma,40.0,1.0,1.0,2,1,1,1.0,1
540,91,Bachelor's,1.9,0,0,0,0,0,1,1,8,1,1,AI Engineer,5,0,1,0,1,1,1,1,Diploma,40.0,0.38,0.38,2,1,1,0.44,0
406,18,Master's,1.6,0,1,1,1,1,1,0,3,2,0,Data Analyst,0,1,1,0,0,1,0,0,Diploma,66.67,1.0,1.0,3,1,1,0.28,1
467,58,Bachelor's,9.4,1,0,0,1,0,0,0,1,5,1,Data Analyst,4,1,1,1,1,0,0,0,Bachelor's,50.0,2.35,1.0,2,2,1,1.0,1
880,26,Bachelor's,2.1,1,0,1,0,0,1,0,2,4,1,Machine Learning,2,1,0,0,0,1,1,1,Bachelor's,50.0,1.05,1.0,2,2,1,0.86,1
129,29,Diploma,1.2,0,1,0,0,0,1,1,1,1,0,AI Engineer,0,1,1,1,1,0,1,0,Bachelor's,40.0,1.0,1.0,1,2,0,0.14,0
223,72,Diploma,1.4,1,0,1,0,0,1,0,1,4,0,Data Science,5,1,0,0,0,0,0,1,Master's,50.0,0.27999999999999997,0.28,1,3,0,0.56,0
884,44,Bachelor's,3.6,1,0,0,1,0,0,0,3,1,1,Business Intelligence,1,1,1,0,0,1,0,0,Bachelor's,33.33,3.6,1.0,2,2,1,0.44,0
244,90,Bachelor's,4.7,0,1,0,1,1,1,0,4,2,0,Data Science,0,1,1,0,1,0,1,1,Bachelor's,60.0,1.0,1.0,2,2,1,0.28,1
426,5,Bachelor's,8.4,0,1,0,0,0,1,0,2,3,0,Business Intelligence,4,0,1,0,0,0,1,0,Bachelor's,100.0,2.1,1.0,2,2,1,0.42,1
354,33,Bachelor's,3.2,0,1,1,0,0,1,0,6,0,1,AI Engineer,3,0,1,0,0,0,0,0,Bachelor's,100.0,1.0666666666666667,1.0,2,2,1,0.3,1
750,5,Bachelor's,0.4,0,1,1,0,0,0,0,1,3,0,Business Intelligence,4,0,1,0,0,0,1,0,Bachelor's,50.0,0.1,0.1,2,2,1,0.42,0
744,36,Bachelor's,0.0,1,0,1,1,1,1,0,1,4,1,Business Intelligence,0,0,1,1,0,1,1,0,Master's,75.0,1.0,1.0,2,3,0,0.86,1
326,77,Master's,1.0,0,1,1,0,0,1,1,0,5,0,Data Analyst,0,0,1,0,0,0,0,1,Bachelor's,100.0,1.0,1.0,3,2,1,0.7,1
604,81,Diploma,1.1,1,0,0,0,1,0,0,4,0,0,Data Science,2,1,1,0,0,0,0,1,Bachelor's,33.33,0.55,0.55,1,2,0,0.0,0
3,13,Master's,5.2,0,0,1,1,1,0,0,3,4,1,Data Analyst,3,0,1,1,1,0,1,1,Bachelor's,40.0,1.7333333333333334,1.0,3,2,1,0.86,1
976,58,Bachelor's,7.1,1,1,0,1,0,1,0,1,4,1,Data Analyst,4,1,1,1,1,0,0,0,Bachelor's,75.0,1.775,1.0,2,2,1,0.86,1
81,2,Master's,3.9,1,1,1,0,0,1,0,2,2,0,Machine Learning,4,1,1,1,0,0,1,0,Diploma,100.0,0.975,0.98,3,1,1,0.28,1
44,88,Master's,2.5,1,0,0,0,0,1,0,3,2,0,Data Analyst,0,1,1,1,0,0,1,1,Diploma,40.0,1.0,1.0,3,1,1,0.28,0
155,36,Master's,2.4,1,0,0,0,0,1,0,3,6,0,Business Intelligence,0,0,1,1,0,1,1,0,Master's,25.0,1.0,1.0,3,3,1,0.7,1
947,25,Bachelor's,1.5,1,1,0,0,0,0,0,0,4,0,Data Science,3,1,1,0,0,0,1,0,Bachelor's,66.67,0.5,0.5,2,2,1,0.56,1
536,34,Master's,0.3,0,0,0,0,0,0,0,1,4,1,Machine Learning,2,1,1,0,0,1,0,0,Bachelor's,0.0,0.15,0.15,3,2,1,0.86,0
916,12,Bachelor's,3.2,0,0,1,0,0,1,0,0,4,1,Machine Learning,3,1,1,0,0,1,1,0,Bachelor's,25.0,1.0666666666666667,1.0,2,2,1,0.86,1
928,19,Bachelor's,1.6,0,1,0,0,0,0,0,1,4,0,Business Intelligence,5,1,0,0,0,0,0,1,Bachelor's,0.0,0.32,0.32,2,2,1,0.56,1
99,94,Diploma,3.8,0,0,0,0,0,1,0,2,4,1,Business Intelligence,1,0,1,0,1,0,0,1,Diploma,0.0,3.8,1.0,1,1,1,0.86,0
880,1,Bachelor's,2.1,1,0,1,0,0,1,0,2,4,1,Data Science,4,1,0,0,1,0,1,0,Bachelor's,66.67,0.525,0.52,2,2,1,0.86,1
171,60,Bachelor's,2.4,0,1,0,0,0,1,1,2,1,0,Data Analyst,0,0,1,0,0,0,0,0,Bachelor's,100.0,1.0,1.0,2,2,1,0.14,1
148,67,Bachelor's,2.7,1,1,0,1,0,1,1,3,3,1,Data Science,0,1,1,1,0,1,1,0,Bachelor's,60.0,1.0,1.0,2,2,1,0.72,1
123,49,Bachelor's,5.0,0,0,1,0,0,1,0,4,4,0,Data Science,4,1,1,0,0,0,0,0,Diploma,0.0,1.25,1.0,2,1,1,0.56,1
112,90,Bachelor's,0.6,1,0,0,1,0,0,0,0,3,0,Data Science,0,1,1,0,1,0,1,1,Bachelor's,40.0,1.0,1.0,2,2,1,0.42,1
130,79,Bachelor's,0.8,1,1,0,1,0,0,0,1,4,0,Data Science,3,1,1,0,0,0,1,0,Bachelor's,66.67,0.26666666666666666,0.27,2,2,1,0.56,0
68,46,Master's,0.3,1,1,1,0,0,1,0,4,4,1,Data Analyst,1,1,1,1,0,0,1,0,Bachelor's,100.0,0.3,0.3,3,2,1,0.86,1
859,48,Bachelor's,4.6,1,0,1,0,1,1,0,2,1,0,AI Engineer,1,1,1,1,0,1,0,0,Bachelor's,75.0,4.6,1.0,2,2,1,0.14,1
828,92,Bachelor's,8.6,1,0,0,0,0,1,0,0,3,0,Machine Learning,3,0,1,0,0,0,1,0,Bachelor's,50.0,2.8666666666666667,1.0,2,2,1,0.42,1
729,68,Bachelor's,4.2,1,0,1,0,1,0,0,3,7,0,Data Science,4,1,0,0,0,0,1,0,Bachelor's,50.0,1.05,1.0,2,2,1,0.7,1
900,19,Diploma,3.8,1,1,1,0,0,0,1,2,4,0,Business Intelligence,5,1,0,0,0,0,0,1,Bachelor's,100.0,0.76,0.76,1,2,0,0.56,1
892,88,Master's,1.3,0,1,0,0,1,1,1,1,2,1,Data Analyst,0,1,1,1,0,0,1,1,Diploma,60.0,1.0,1.0,3,1,1,0.58,1
608,40,Bachelor's,4.0,1,0,0,1,0,0,0,4,6,1,Data Analyst,2,1,0,0,0,1,0,1,Bachelor's,33.33,2.0,1.0,2,2,1,1.0,1
657,6,Bachelor's,2.0,0,0,1,0,0,0,0,2,4,1,Data Science,2,0,0,0,0,1,0,0,Diploma,0.0,1.0,1.0,2,1,1,0.86,1
897,80,Bachelor's,2.4,1,0,0,1,1,0,0,4,4,1,Business Intelligence,2,1,1,0,0,1,1,0,Master's,50.0,1.2,1.0,2,3,0,0.86,0
545,96,Bachelor's,8.2,1,1,0,0,0,1,0,2,1,0,Business Intelligence,2,1,1,0,1,0,0,0,Master's,66.67,4.1,1.0,2,3,0,0.14,0
286,94,Diploma,1.8,1,0,0,0,0,1,1,1,2,0,Business Intelligence,1,0,1,0,1,0,0,1,Diploma,33.33,1.8,1.0,1,1,1,0.28,1
5,63,Bachelor's,4.1,1,1,0,1,0,1,0,0,4,1,Business Intelligence,5,1,1,0,0,0,0,0,Diploma,100.0,0.82,0.82,2,1,1,0.86,1
118,35,Bachelor's,5.2,0,0,0,0,1,1,0,1,2,1,Data Science,0,0,0,0,0,0,1,0,Master's,100.0,1.0,1.0,2,3,0,0.58,1
652,72,Bachelor's,0.9,1,0,1,0,1,1,0,0,9,0,Data Science,5,1,0,0,0,0,0,1,Master's,50.0,0.18,0.18,2,3,0,0.7,1
230,61,Bachelor's,1.3,1,0,0,0,0,1,0,3,3,1,Business Intelligence,2,0,0,1,0,0,1,0,Bachelor's,50.0,0.65,0.65,2,2,1,0.72,1
160,5,Master's,0.1,0,0,0,0,1,1,0,3,4,1,Business Intelligence,4,0,1,0,0,0,1,0,Bachelor's,50.0,0.025,0.02,3,2,1,0.86,0
294,37,Bachelor's,2.9,1,1,1,0,0,1,0,2,1,0,Data Analyst,0,1,0,0,0,0,0,0,Bachelor's,100.0,1.0,1.0,2,2,1,0.14,1
761,76,Bachelor's,1.5,1,0,0,1,0,0,0,1,3,1,Data Science,0,1,0,0,0,0,1,0,Master's,50.0,1.0,1.0,2,3,0,0.72,0
785,89,Bachelor's,2.7,0,1,0,0,1,0,0,3,2,0,Machine Learning,2,0,0,0,0,1,1,0,Bachelor's,50.0,1.35,1.0,2,2,1,0.28,1
186,97,Bachelor's,6.9,0,1,0,1,1,0,0,1,2,0,Data Analyst,4,0,0,1,0,1,1,0,Bachelor's,33.33,1.725,1.0,2,2,1,0.28,1
877,88,Master's,2.2,1,0,0,1,0,0,0,1,4,1,Data Analyst,0,1,1,1,0,0,1,1,Diploma,20.0,1.0,1.0,3,1,1,0.86,1
552,11,Master's,2.3,1,0,0,0,0,1,0,3,0,0,Data Analyst,3,1,1,0,0,1,0,1,Master's,25.0,0.7666666666666666,0.77,3,3,1,0.0,0
224,99,Bachelor's,7.2,1,0,1,0,0,1,1,2,3,0,AI Engineer,2,1,1,0,1,0,0,0,Diploma,33.33,3.6,1.0,2,1,1,0.42,1
152,40,Bachelor's,4.5,1,0,0,0,0,1,1,4,4,0,Data Analyst,2,1,0,0,0,1,0,1,Bachelor's,66.67,2.25,1.0,2,2,1,0.56,1
140,65,Master's,2.2,0,0,0,1,1,1,0,0,2,0,Machine Learning,0,1,1,1,0,0,1,0,Master's,25.0,1.0,1.0,3,3,1,0.28,1
367,8,Master's,3.1,1,0,0,0,0,1,0,1,2,0,AI Engineer,2,1,0,0,0,0,1,0,Master's,100.0,1.55,1.0,3,3,1,0.28,1
128,87,Master's,1.3,1,0,1,0,0,1,1,1,1,0,AI Engineer,1,1,0,0,0,0,0,0,Bachelor's,100.0,1.3,1.0,3,2,1,0.14,1
351,84,Bachelor's,5.0,0,0,1,0,0,1,1,1,4,0,AI Engineer,1,1,0,1,1,1,0,0,Bachelor's,25.0,5.0,1.0,2,2,1,0.56,1
147,96,Bachelor's,4.0,1,1,0,0,0,0,0,2,5,0,Business Intelligence,2,1,1,0,1,0,0,0,Master's,66.67,2.0,1.0,2,3,0,0.7,1
285,11,Bachelor's,1.0,1,0,0,0,0,1,0,5,0,1,Data Analyst,3,1,1,0,0,1,0,1,Master's,25.0,0.3333333333333333,0.33,2,3,0,0.3,0
469,71,Bachelor's,5.1,1,1,1,1,1,0,0,3,2,0,Data Analyst,2,1,1,0,0,0,0,1,Diploma,66.67,2.55,1.0,2,1,1,0.28,1
218,58,Master's,2.9,1,0,0,0,0,0,0,3,5,0,Data Analyst,4,1,1,1,1,0,0,0,Bachelor's,25.0,0.725,0.72,3,2,1,0.7,0
436,94,Master's,0.1,1,0,0,0,0,0,0,1,2,1,Business Intelligence,1,0,1,0,1,0,0,1,Diploma,0.0,0.1,0.1,3,1,1,0.58,0
732,48,Master's,2.4,1,1,0,0,0,1,0,2,2,0,AI Engineer,1,1,1,1,0,1,0,0,Bachelor's,50.0,2.4,1.0,3,2,1,0.28,1
145,13,Bachelor's,0.8,1,0,1,0,1,0,1,3,4,0,Data Analyst,3,0,1,1,1,0,1,1,Bachelor's,40.0,0.26666666666666666,0.27,2,2,1,0.56,1
841,60,Diploma,1.2,1,1,1,0,1,1,0,1,1,1,Data Analyst,0,0,1,0,0,0,0,0,Bachelor's,100.0,1.0,1.0,1,2,0,0.44,1
277,49,Master's,0.7,0,1,0,0,0,1,0,1,1,1,Data Science,4,1,1,0,0,0,0,0,Diploma,50.0,0.175,0.18,3,1,1,0.44,1
754,67,Bachelor's,0.7,1,1,0,1,0,1,0,0,3,1,Data Science,0,1,1,1,0,1,1,0,Bachelor's,60.0,1.0,1.0,2,2,1,0.72,1
60,7,Bachelor's,2.5,1,1,1,0,1,0,0,2,2,1,AI Engineer,2,1,0,0,0,1,0,0,Bachelor's,100.0,1.25,1.0,2,2,1,0.58,1
610,77,Bachelor's,1.9,1,1,0,0,0,1,1,1,3,1,Data Analyst,0,0,1,0,0,0,0,1,Bachelor's,100.0,1.0,1.0,2,2,1,0.72,1
843,25,Bachelor's,1.4,0,0,0,0,0,1,0,3,2,1,Data Science,3,1,1,0,0,0,1,0,Bachelor's,33.33,0.4666666666666666,0.47,2,2,1,0.58,0
375,23,Diploma,0.7,0,1,0,0,0,1,0,2,3,0,AI Engineer,4,1,0,0,0,1,1,0,Bachelor's,33.33,0.175,0.18,1,2,0,0.42,0
404,51,Master's,3.3,1,0,0,0,1,1,0,4,3,0,Machine Learning,5,0,1,1,0,1,0,0,Master's,33.33,0.6599999999999999,0.66,3,3,1,0.42,1
881,47,Bachelor's,2.9,1,1,0,0,1,1,0,1,4,1,Data Analyst,0,1,0,0,0,0,0,1,Master's,50.0,1.0,1.0,2,3,0,0.86,0
693,97,Bachelor's,1.3,1,1,0,0,0,1,0,3,4,0,Data Analyst,4,0,0,1,0,1,1,0,Bachelor's,33.33,0.325,0.32,2,2,1,0.56,0
114,5,Master's,1.9,0,0,0,0,0,1,0,4,3,0,Business Intelligence,4,0,1,0,0,0,1,0,Bachelor's,50.0,0.475,0.48,3,2,1,0.42,0
495,96,Bachelor's,2.3,1,1,1,0,1,0,0,2,4,0,Business Intelligence,2,1,1,0,1,0,0,0,Master's,66.67,1.15,1.0,2,3,0,0.56,1
615,94,Master's,1.0,1,0,0,0,0,1,0,2,2,0,Business Intelligence,1,0,1,0,1,0,0,1,Diploma,0.0,1.0,1.0,3,1,1,0.28,1
336,95,Diploma,2.6,1,1,0,1,1,1,0,1,2,0,AI Engineer,3,1,1,1,0,1,1,0,Bachelor's,80.0,0.8666666666666667,0.87,1,2,0,0.28,1
831,13,Bachelor's,9.8,1,0,1,1,1,1,0,3,4,0,Data Analyst,3,0,1,1,1,0,1,1,Bachelor's,60.0,3.266666666666667,1.0,2,2,1,0.56,1
569,42,Master's,2.4,0,1,0,1,0,0,0,1,2,1,Business Intelligence,3,0,1,0,0,0,0,0,Diploma,100.0,0.7999999999999999,0.8,3,1,1,0.58,1
285,5,Bachelor's,1.0,1,0,0,0,0,1,0,5,0,1,Business Intelligence,4,0,1,0,0,0,1,0,Bachelor's,50.0,0.25,0.25,2,2,1,0.3,1
129,23,Diploma,1.2,0,1,0,0,0,1,1,1,1,0,AI Engineer,4,1,0,0,0,1,1,0,Bachelor's,33.33,0.3,0.3,1,2,0,0.14,0
892,62,Master's,1.3,0,1,0,0,1,1,1,1,2,1,Machine Learning,1,1,1,1,0,0,0,1,Diploma,50.0,1.3,1.0,3,1,1,0.58,1
978,1,Diploma,1.4,1,1,0,0,1,0,0,8,1,0,Data Science,4,1,0,0,1,0,1,0,Bachelor's,33.33,0.35,0.35,1,2,0,0.14,0
315,74,Master's,1.5,0,0,1,0,0,1,0,1,2,1,Data Science,1,1,1,1,0,0,1,0,Bachelor's,50.0,1.5,1.0,3,2,1,0.58,1
960,91,Master's,3.9,0,0,1,1,1,1,1,5,8,0,AI Engineer,5,0,1,0,1,1,1,1,Diploma,80.0,0.78,0.78,3,1,1,0.7,1
598,54,Bachelor's,0.2,1,1,0,0,0,1,0,3,3,0,Data Analyst,3,1,0,0,0,1,1,0,Bachelor's,66.67,0.06666666666666667,0.07,2,2,1,0.42,1
712,72,Bachelor's,0.2,1,1,0,1,0,1,0,2,6,0,Data Science,5,1,0,0,0,0,0,1,Master's,50.0,0.04,0.04,2,3,0,0.7,0
71,3,Master's,0.9,0,1,0,0,1,1,0,4,3,0,AI Engineer,3,0,1,1,0,0,0,0,Diploma,50.0,0.3,0.3,3,1,1,0.42,1
345,83,Bachelor's,3.4,0,0,0,1,0,1,1,1,2,1,Business Intelligence,2,0,1,0,0,0,0,0,Bachelor's,0.0,1.7,1.0,2,2,1,0.58,1
990,64,Master's,3.3,0,1,1,1,0,0,0,2,4,1,AI Engineer,3,1,0,1,0,0,1,0,Bachelor's,33.33,1.0999999999999999,1.0,3,2,1,0.86,1
98,51,Bachelor's,0.5,0,0,0,0,1,1,0,3,3,1,Machine Learning,5,0,1,1,0,1,0,0,Master's,33.33,0.1,0.1,2,3,0,0.72,0
300,2,Diploma,3.1,1,1,0,0,0,0,1,1,7,0,Machine Learning,4,1,1,1,0,0,1,0,Diploma,50.0,0.775,0.78,1,1,1,0.7,1
176,49,Bachelor's,1.9,0,0,1,1,0,1,0,2,8,1,Data Science,4,1,1,0,0,0,0,0,Diploma,0.0,0.475,0.48,2,1,1,1.0,1
745,31,Bachelor's,1.3,0,0,0,0,0,1,0,1,8,1,AI Engineer,1,1,0,1,1,0,0,0,Master's,0.0,1.3,1.0,2,3,0,1.0,0
884,74,Bachelor's,3.6,1,0,0,1,0,0,0,3,1,1,Data Science,1,1,1,1,0,0,1,0,Bachelor's,25.0,3.6,1.0,2,2,1,0.44,1
75,80,Master's,11.0,0,1,1,1,0,1,1,0,6,0,Business Intelligence,2,1,1,0,0,1,1,0,Master's,50.0,5.5,1.0,3,3,1,0.7,1
143,84,Bachelor's,2.8,0,1,0,0,0,0,0,1,1,1,AI Engineer,1,1,0,1,1,1,0,0,Bachelor's,0.0,2.8,1.0,2,2,1,0.44,1
931,3,Bachelor's,2.2,0,1,0,0,0,0,0,3,5,1,AI Engineer,3,0,1,1,0,0,0,0,Diploma,50.0,0.7333333333333334,0.73,2,1,1,1.0,0
23,35,Bachelor's,6.5,0,1,1,1,1,0,1,4,5,0,Data Science,0,0,0,0,0,0,1,0,Master's,0.0,1.0,1.0,2,3,0,0.7,0
181,98,Bachelor's,8.2,1,0,0,0,0,1,0,3,2,0,Machine Learning,2,1,1,0,1,0,0,0,Bachelor's,33.33,4.1,1.0,2,2,1,0.28,1
45,85,Bachelor's,5.4,0,1,0,0,1,0,0,2,3,1,Data Science,1,1,0,0,0,0,0,0,Master's,0.0,5.4,1.0,2,3,0,0.72,0
469,36,Bachelor's,5.1,1,1,1,1,1,0,0,3,2,0,Business Intelligence,0,0,1,1,0,1,1,0,Master's,75.0,1.0,1.0,2,3,0,0.28,1
92,64,Master's,2.6,0,1,0,0,1,0,0,3,3,0,AI Engineer,3,1,0,1,0,0,1,0,Bachelor's,0.0,0.8666666666666667,0.87,3,2,1,0.42,0
269,32,Bachelor's,2.3,1,1,1,1,0,1,0,6,3,0,AI Engineer,1,0,0,0,0,1,1,0,Diploma,50.0,2.3,1.0,2,1,1,0.42,1
34,18,Master's,0.3,0,0,1,0,0,1,0,0,2,0,Data Analyst,0,1,1,0,0,1,0,0,Diploma,0.0,1.0,1.0,3,1,1,0.28,0
678,34,Bachelor's,1.3,1,0,1,0,0,0,0,2,3,1,Machine Learning,2,1,1,0,0,1,0,0,Bachelor's,33.33,0.65,0.65,2,2,1,0.72,0
582,56,Master's,1.2,0,1,0,0,1,1,0,3,2,0,Machine Learning,2,0,1,1,1,1,1,1,Diploma,50.0,0.6,0.6,3,1,1,0.28,1
364,67,Bachelor's,2.5,1,0,0,0,0,0,0,2,3,1,Data Science,0,1,1,1,0,1,1,0,Bachelor's,20.0,1.0,1.0,2,2,1,0.72,1
708,53,Master's,0.6,1,0,0,0,0,0,0,0,4,0,Data Science,4,1,0,0,1,0,0,0,Bachelor's,50.0,0.15,0.15,3,2,1,0.56,0
133,67,Bachelor's,0.2,0,1,1,0,0,0,1,1,5,0,Data Science,0,1,1,1,0,1,1,0,Bachelor's,40.0,1.0,1.0,2,2,1,0.7,1
759,91,Master's,0.3,0,0,0,0,1,0,0,5,2,1,AI Engineer,5,0,1,0,1,1,1,1,Diploma,20.0,0.06,0.06,3,1,1,0.58,0
382,66,Bachelor's,1.2,0,0,0,0,0,1,0,0,3,1,Business Intelligence,1,0,1,1,1,0,1,0,Bachelor's,25.0,1.2,1.0,2,2,1,0.72,1
680,64,Master's,3.0,1,0,0,0,0,1,0,0,1,0,AI Engineer,3,1,0,1,0,0,1,0,Bachelor's,66.67,1.0,1.0,3,2,1,0.14,1
966,67,Bachelor's,2.2,0,1,0,1,0,1,0,0,1,0,Data Science,0,1,1,1,0,1,1,0,Bachelor's,40.0,1.0,1.0,2,2,1,0.14,1
277,81,Master's,0.7,0,1,0,0,0,1,0,1,1,1,Data Science,2,1,1,0,0,0,0,1,Bachelor's,33.33,0.35,0.35,3,2,1,0.44,1
156,39,Bachelor's,3.5,1,1,0,0,0,0,0,1,1,0,Data Science,0,1,0,0,1,0,1,1,Master's,25.0,1.0,1.0,2,3,0,0.14,0
387,38,Bachelor's,3.7,1,0,1,0,0,1,1,2,4,0,AI Engineer,2,1,1,1,0,0,0,1,Bachelor's,75.0,1.85,1.0,2,2,1,0.56,1
535,40,Master's,1.3,0,0,0,0,0,0,0,3,5,1,Data Analyst,2,1,0,0,0,1,0,1,Bachelor's,0.0,0.65,0.65,3,2,1,1.0,0
200,19,Master's,0.3,1,0,0,0,0,0,0,2,2,1,Business Intelligence,5,1,0,0,0,0,0,1,Bachelor's,50.0,0.06,0.06,3,2,1,0.58,0
275,83,Bachelor's,1.6,0,1,0,0,0,1,0,4,4,0,Business Intelligence,2,0,1,0,0,0,0,0,Bachelor's,100.0,0.8,0.8,2,2,1,0.56,1
501,5,Bachelor's,1.8,0,0,0,0,0,1,0,0,2,0,Business Intelligence,4,0,1,0,0,0,1,0,Bachelor's,50.0,0.45,0.45,2,2,1,0.28,0
459,69,Diploma,0.6,1,1,0,1,0,1,1,3,2,1,Data Science,5,1,0,1,0,0,1,0,Bachelor's,66.67,0.12,0.12,1,2,0,0.58,0
50,14,Bachelor's,0.1,1,0,0,0,1,1,0,1,1,0,Data Science,3,1,1,0,0,1,1,0,Bachelor's,75.0,0.03333333333333333,0.03,2,2,1,0.14,0
970,91,Bachelor's,0.1,1,0,0,1,0,0,0,2,0,1,AI Engineer,5,0,1,0,1,1,1,1,Diploma,20.0,0.02,0.02,2,1,1,0.3,0
698,49,Bachelor's,0.4,1,1,0,0,0,0,0,6,2,1,Data Science,4,1,1,0,0,0,0,0,Diploma,100.0,0.1,0.1,2,1,1,0.58,1
988,64,Bachelor's,1.7,1,0,0,1,0,1,1,2,1,1,AI Engineer,3,1,0,1,0,0,1,0,Bachelor's,66.67,0.5666666666666667,0.57,2,2,1,0.44,1
532,100,Master's,2.4,0,1,0,0,1,1,0,1,1,1,Data Science,5,0,0,0,0,1,0,0,Bachelor's,100.0,0.48,0.48,3,2,1,0.44,1
628,57,Master's,1.9,0,1,0,0,0,1,1,2,1,0,Business Intelligence,3,0,1,0,1,0,0,0,Bachelor's,50.0,0.6333333333333333,0.63,3,2,1,0.14,1
92,35,Master's,2.6,0,1,0,0,1,0,0,3,3,0,Data Science,0,0,0,0,0,0,1,0,Master's,0.0,1.0,1.0,3,3,1,0.42,1
861,85,Master's,3.7,0,1,0,0,0,1,0,1,3,1,Data Science,1,1,0,0,0,0,0,0,Master's,0.0,3.7,1.0,3,3,1,0.72,1
456,5,Bachelor's,6.7,1,0,0,0,0,0,0,4,4,1,Business Intelligence,4,0,1,0,0,0,1,0,Bachelor's,0.0,1.675,1.0,2,2,1,0.86,1
339,88,Bachelor's,0.2,1,1,0,1,0,0,0,1,4,1,Data Analyst,0,1,1,1,0,0,1,1,Diploma,40.0,1.0,1.0,2,1,1,0.86,1
53,39,Master's,7.0,1,0,1,0,0,0,1,5,2,0,Data Science,0,1,0,0,1,0,1,1,Master's,50.0,1.0,1.0,3,3,1,0.28,1
496,24,Bachelor's,2.8,1,0,0,0,0,1,1,0,0,1,Machine Learning,2,1,1,0,1,0,1,0,Master's,50.0,1.4,1.0,2,3,0,0.3,1
635,40,Bachelor's,6.5,0,0,0,0,0,0,0,2,3,0,Data Analyst,2,1,0,0,0,1,0,1,Bachelor's,0.0,3.25,1.0,2,2,1,0.42,0
853,50,Bachelor's,4.9,1,1,1,1,1,0,0,3,4,1,AI Engineer,1,1,0,0,0,1,1,0,Master's,66.67,4.9,1.0,2,3,0,0.86,1
850,77,Bachelor's,2.6,1,0,0,0,0,1,0,3,4,1,Data Analyst,0,0,1,0,0,0,0,1,Bachelor's,0.0,1.0,1.0,2,2,1,0.86,1
777,58,Bachelor's,2.9,1,1,0,0,1,1,1,4,4,0,Data Analyst,4,1,1,1,1,0,0,0,Bachelor's,50.0,0.725,0.72,2,2,1,0.56,1
4,1,Bachelor's,3.3,1,1,0,0,0,0,1,1,3,1,Data Science,4,1,0,0,1,0,1,0,Bachelor's,33.33,0.825,0.82,2,2,1,0.72,1
681,43,Master's,1.1,1,1,0,0,0,0,0,2,7,1,AI Engineer,3,1,0,0,0,0,0,0,Bachelor's,100.0,0.3666666666666667,0.37,3,2,1,1.0,1
281,39,Master's,2.4,1,0,0,1,1,1,0,2,3,0,Data Science,0,1,0,0,1,0,1,1,Master's,75.0,1.0,1.0,3,3,1,0.42,1
290,10,Bachelor's,0.2,1,0,1,0,0,0,0,0,1,1,AI Engineer,5,0,1,0,1,1,0,0,Master's,0.0,0.04,0.04,2,3,0,0.44,0
73,2,Diploma,0.1,1,0,0,0,0,0,0,3,4,0,Machine Learning,4,1,1,1,0,0,1,0,Diploma,25.0,0.025,0.02,1,1,1,0.56,0
137,63,Bachelor's,4.8,1,1,1,0,0,0,0,2,4,1,Business Intelligence,5,1,1,0,0,0,0,0,Diploma,100.0,0.96,0.96,2,1,1,0.86,1
850,16,Bachelor's,2.6,1,0,0,0,0,1,0,3,4,1,AI Engineer,2,1,1,0,1,1,1,0,Master's,40.0,1.3,1.0,2,3,0,0.86,1
768,37,Master's,1.6,1,0,0,0,0,1,0,2,2,1,Data Analyst,0,1,0,0,0,0,0,0,Bachelor's,100.0,1.0,1.0,3,2,1,0.58,1
971,16,Bachelor's,0.1,1,1,0,1,0,0,0,0,1,1,AI Engineer,2,1,1,0,1,1,1,0,Master's,60.0,0.05,0.05,2,3,0,0.44,0
653,87,Bachelor's,0.8,1,1,0,0,0,1,0,0,1,1,AI Engineer,1,1,0,0,0,0,0,0,Bachelor's,100.0,0.8,0.8,2,2,1,0.44,1
998,90,Bachelor's,0.2,1,0,0,1,1,1,1,2,6,0,Data Science,0,1,1,0,1,0,1,1,Bachelor's,80.0,1.0,1.0,2,2,1,0.7,1
393,80,Bachelor's,0.5,1,1,0,1,1,0,1,4,5,0,Business Intelligence,2,1,1,0,0,1,1,0,Master's,75.0,0.25,0.25,2,3,0,0.7,0
208,27,Bachelor's,1.5,0,1,0,0,0,1,0,2,4,0,Data Science,3,0,1,0,0,1,0,0,Master's,50.0,0.5,0.5,2,3,0,0.56,0
260,63,Diploma,2.2,1,1,0,1,0,1,0,4,7,0,Business Intelligence,5,1,1,0,0,0,0,0,Diploma,100.0,0.44000000000000006,0.44,1,1,1,0.7,1
930,94,Bachelor's,0.2,1,0,1,1,0,1,1,0,3,1,Business Intelligence,1,0,1,0,1,0,0,1,Diploma,66.67,0.2,0.2,2,1,1,0.72,1
263,64,Bachelor's,0.9,0,0,0,0,0,0,0,0,6,0,AI Engineer,3,1,0,1,0,0,1,0,Bachelor's,0.0,0.3,0.3,2,2,1,0.7,0
783,97,Bachelor's,1.5,0,0,0,0,0,0,0,3,4,1,Data Analyst,4,0,0,1,0,1,1,0,Bachelor's,0.0,0.375,0.38,2,2,1,0.86,0
505,32,Bachelor's,1.2,1,1,0,0,0,1,0,3,3,0,AI Engineer,1,0,0,0,0,1,1,0,Diploma,50.0,1.2,1.0,2,1,1,0.42,1
550,9,Master's,2.5,1,1,1,0,0,0,0,2,3,1,Data Analyst,0,1,1,0,0,0,0,0,Master's,100.0,1.0,1.0,3,3,1,0.72,1
203,11,Bachelor's,0.1,1,0,0,0,1,1,1,1,1,1,Data Analyst,3,1,1,0,0,1,0,1,Master's,75.0,0.03333333333333333,0.03,2,3,0,0.44,0
736,70,Master's,5.4,0,0,0,0,0,0,1,2,3,1,AI Engineer,1,1,0,1,0,0,1,0,Bachelor's,0.0,5.4,1.0,3,2,1,0.72,1
347,30,Bachelor's,1.1,0,0,1,0,0,1,1,0,3,0,Data Analyst,1,1,1,0,1,1,0,0,Bachelor's,0.0,1.1,1.0,2,2,1,0.42,1
990,15,Master's,3.3,0,1,1,1,0,0,0,2,4,1,AI Engineer,0,1,1,1,0,0,1,1,Master's,40.0,1.0,1.0,3,3,1,0.86,1
52,59,Master's,1.9,1,0,1,1,1,1,0,5,5,1,Data Science,2,0,1,0,0,0,0,0,Master's,0.0,0.95,0.95,3,3,1,1.0,1
593,48,Bachelor's,0.3,0,1,0,0,0,0,0,4,2,1,AI Engineer,1,1,1,1,0,1,0,0,Bachelor's,25.0,0.3,0.3,2,2,1,0.58,0
356,94,Bachelor's,5.2,1,0,0,0,1,0,0,1,9,0,Business Intelligence,1,0,1,0,1,0,0,1,Diploma,0.0,5.2,1.0,2,1,1,0.7,0
723,82,Diploma,0.9,0,1,0,1,1,1,0,2,2,0,Data Analyst,3,1,1,1,0,0,0,1,Bachelor's,25.0,0.3,0.3,1,2,0,0.28,0
519,76,Master's,0.7,0,0,0,0,1,0,0,2,4,0,Data Science,0,1,0,0,0,0,1,0,Master's,0.0,1.0,1.0,3,3,1,0.56,0
363,60,Bachelor's,2.4,1,1,1,0,0,1,0,2,2,0,Data Analyst,0,0,1,0,0,0,0,0,Bachelor's,100.0,1.0,1.0,2,2,1,0.28,1
45,68,Bachelor's,5.4,0,1,0,0,1,0,0,2,3,1,Data Science,4,1,0,0,0,0,1,0,Bachelor's,0.0,1.35,1.0,2,2,1,0.72,0
827,57,Bachelor's,0.1,0,0,1,0,0,0,0,1,3,0,Business Intelligence,3,0,1,0,1,0,0,0,Bachelor's,0.0,0.03333333333333333,0.03,2,2,1,0.42,0
378,64,Diploma,1.8,0,0,1,0,1,1,0,3,6,0,AI Engineer,3,1,0,1,0,0,1,0,Bachelor's,66.67,0.6,0.6,1,2,0,0.7,1
789,54,Bachelor's,0.2,0,0,0,1,1,1,0,1,2,0,Data Analyst,3,1,0,0,0,1,1,0,Bachelor's,66.67,0.06666666666666667,0.07,2,2,1,0.28,0
412,80,Master's,0.3,1,0,0,0,0,1,1,2,4,1,Business Intelligence,2,1,1,0,0,1,1,0,Master's,50.0,0.15,0.15,3,3,1,0.86,1
771,87,Bachelor's,1.5,1,1,0,0,0,1,0,2,1,0,AI Engineer,1,1,0,0,0,0,0,0,Bachelor's,100.0,1.5,1.0,2,2,1,0.14,1
142,75,Bachelor's,1.1,1,1,0,0,0,1,0,0,6,1,AI Engineer,2,0,1,1,0,1,1,0,Master's,50.0,0.55,0.55,2,3,0,1.0,1
258,54,Bachelor's,1.7,1,0,0,0,0,1,1,3,5,1,Data Analyst,3,1,0,0,0,1,1,0,Bachelor's,66.67,0.5666666666666667,0.57,2,2,1,1.0,1
797,59,Master's,3.1,1,1,0,0,1,0,0,2,3,0,Data Science,2,0,1,0,0,0,0,0,Master's,100.0,1.55,1.0,3,3,1,0.42,1
914,88,Bachelor's,1.1,0,1,0,0,0,1,0,0,1,0,Data Analyst,0,1,1,1,0,0,1,1,Diploma,40.0,1.0,1.0,2,1,1,0.14,1
37,86,Bachelor's,1.0,1,0,1,0,1,1,0,1,3,1,Data Science,3,0,0,1,1,0,1,0,Bachelor's,66.67,0.3333333333333333,0.33,2,2,1,0.72,1
941,39,Bachelor's,0.2,1,1,0,0,1,1,0,4,1,1,Data Science,0,1,0,0,1,0,1,1,Master's,50.0,1.0,1.0,2,3,0,0.44,1
45,15,Bachelor's,5.4,0,1,0,0,1,0,0,2,3,1,AI Engineer,0,1,1,1,0,0,1,1,Master's,20.0,1.0,1.0,2,3,0,0.72,0
920,79,Bachelor's,1.3,1,1,0,0,0,1,0,6,5,0,Data Science,3,1,1,0,0,0,1,0,Bachelor's,100.0,0.43333333333333335,0.43,2,2,1,0.7,1
632,74,Master's,1.1,0,0,0,0,0,0,0,2,7,1,Data Science,1,1,1,1,0,0,1,0,Bachelor's,0.0,1.1,1.0,3,2,1,1.0,0
46,28,Bachelor's,2.4,0,1,0,0,1,1,0,2,6,0,Data Science,1,0,1,0,1,1,0,0,Bachelor's,66.67,2.4,1.0,2,2,1,0.7,1
565,54,Bachelor's,4.3,1,0,0,1,0,1,0,2,1,1,Data Analyst,3,1,0,0,0,1,1,0,Bachelor's,66.67,1.4333333333333333,1.0,2,2,1,0.44,1
301,17,Diploma,0.1,0,0,0,1,1,1,0,2,3,0,AI Engineer,4,1,0,1,0,1,0,0,Bachelor's,33.33,0.025,0.02,1,2,0,0.42,0
288,100,Bachelor's,1.1,1,1,0,0,0,1,0,2,3,0,Data Science,5,0,0,0,0,1,0,0,Bachelor's,0.0,0.22000000000000003,0.22,2,2,1,0.42,0
786,86,Master's,5.6,1,0,0,1,1,1,0,1,3,0,Data Science,3,0,0,1,1,0,1,0,Bachelor's,66.67,1.8666666666666665,1.0,3,2,1,0.42,1
269,87,Bachelor's,2.3,1,1,1,1,0,1,0,6,3,0,AI Engineer,1,1,0,0,0,0,0,0,Bachelor's,100.0,2.3,1.0,2,2,1,0.42,1
900,93,Diploma,3.8,1,1,1,0,0,0,1,2,4,0,Data Science,1,0,1,1,0,1,1,0,Bachelor's,50.0,3.8,1.0,1,2,0,0.56,0
791,22,Bachelor's,0.4,0,0,0,0,1,1,1,2,2,0,Data Analyst,2,1,1,0,0,0,1,0,Master's,33.33,0.2,0.2,2,3,0,0.28,0
62,75,Bachelor's,10.4,1,0,0,1,0,1,0,3,4,0,AI Engineer,2,0,1,1,0,1,1,0,Master's,25.0,5.2,1.0,2,3,0,0.56,0
566,36,Bachelor's,1.4,1,1,1,0,0,0,0,4,4,0,Business Intelligence,0,0,1,1,0,1,1,0,Master's,50.0,1.0,1.0,2,3,0,0.56,1
970,29,Bachelor's,0.1,1,0,0,1,0,0,0,2,0,1,AI Engineer,0,1,1,1,1,0,1,0,Bachelor's,40.0,1.0,1.0,2,2,1,0.3,1
951,55,Bachelor's,0.2,0,0,0,0,1,0,0,1,3,1,Machine Learning,2,0,0,0,0,1,1,1,Bachelor's,33.33,0.1,0.1,2,2,1,0.72,0
581,42,Bachelor's,0.7,1,0,1,0,1,0,0,1,0,0,Business Intelligence,3,0,1,0,0,0,0,0,Diploma,0.0,0.2333333333333333,0.23,2,1,1,0.0,0
242,32,Master's,3.7,1,0,0,0,0,0,0,0,4,0,AI Engineer,1,0,0,0,0,1,1,0,Diploma,0.0,3.7,1.0,3,1,1,0.56,1
936,14,Bachelor's,4.1,1,1,0,0,0,1,0,2,3,1,Data Science,3,1,1,0,0,1,1,0,Bachelor's,75.0,1.3666666666666665,1.0,2,2,1,0.72,1
782,18,Bachelor's,5.8,0,0,0,0,0,1,1,1,3,1,Data Analyst,0,1,1,0,0,1,0,0,Diploma,0.0,1.0,1.0,2,1,1,0.72,1
764,38,Master's,1.7,1,0,0,0,0,0,1,0,1,0,AI Engineer,2,1,1,1,0,0,0,1,Bachelor's,50.0,0.85,0.85,3,2,1,0.14,1
354,34,Bachelor's,3.2,0,1,1,0,0,1,0,6,0,1,Machine Learning,2,1,1,0,0,1,0,0,Bachelor's,33.33,1.6,1.0,2,2,1,0.3,1
796,45,Master's,0.2,0,1,0,1,0,1,0,4,1,1,Business Intelligence,1,0,0,0,0,0,1,0,Bachelor's,100.0,0.2,0.2,3,2,1,0.44,1
968,87,Bachelor's,1.1,0,0,1,0,0,1,0,2,5,0,AI Engineer,1,1,0,0,0,0,0,0,Bachelor's,0.0,1.1,1.0,2,2,1,0.7,0
976,32,Bachelor's,7.1,1,1,0,1,0,1,0,1,4,1,AI Engineer,1,0,0,0,0,1,1,0,Diploma,50.0,7.1,1.0,2,1,1,0.86,1
863,67,Bachelor's,0.5,0,0,0,0,1,1,1,0,3,1,Data Science,0,1,1,1,0,1,1,0,Bachelor's,40.0,1.0,1.0,2,2,1,0.72,1
71,63,Master's,0.9,0,1,0,0,1,1,0,4,3,0,Business Intelligence,5,1,1,0,0,0,0,0,Diploma,50.0,0.18,0.18,3,1,1,0.42,1
835,55,Bachelor's,4.2,1,0,0,1,1,1,1,1,3,0,Machine Learning,2,0,0,0,0,1,1,1,Bachelor's,100.0,2.1,1.0,2,2,1,0.42,1
413,43,Master's,0.8,1,0,1,0,1,1,0,1,4,0,AI Engineer,3,1,0,0,0,0,0,0,Bachelor's,100.0,0.26666666666666666,0.27,3,2,1,0.56,1
612,22,Master's,2.6,1,0,0,0,1,1,1,2,1,1,Data Analyst,2,1,1,0,0,0,1,0,Master's,66.67,1.3,1.0,3,3,1,0.44,1
61,87,Bachelor's,5.2,1,0,0,1,0,0,0,4,3,1,AI Engineer,1,1,0,0,0,0,0,0,Bachelor's,100.0,5.2,1.0,2,2,1,0.72,1
615,68,Master's,1.0,1,0,0,0,0,1,0,2,2,0,Data Science,4,1,0,0,0,0,1,0,Bachelor's,100.0,0.25,0.25,3,2,1,0.28,1
452,77,Bachelor's,2.4,0,1,0,0,1,1,0,2,2,0,Data Analyst,0,0,1,0,0,0,0,1,Bachelor's,50.0,1.0,1.0,2,2,1,0.28,1
393,96,Bachelor's,0.5,1,1,0,1,1,0,1,4,5,0,Business Intelligence,2,1,1,0,1,0,0,0,Master's,100.0,0.25,0.25,2,3,0,0.7,1
631,29,Master's,3.5,0,1,0,1,0,1,0,3,1,1,AI Engineer,0,1,1,1,1,0,1,0,Bachelor's,60.0,1.0,1.0,3,2,1,0.44,1
529,40,Diploma,4.1,1,1,0,0,0,0,0,6,1,1,Data Analyst,2,1,0,0,0,1,0,1,Bachelor's,33.33,2.05,1.0,1,2,0,0.44,1
305,45,Master's,3.1,0,0,1,0,0,1,0,4,2,0,Business Intelligence,1,0,0,0,0,0,1,0,Bachelor's,100.0,3.1,1.0,3,2,1,0.28,1
191,10,Diploma,0.2,1,0,1,0,0,1,1,3,3,1,AI Engineer,5,0,1,0,1,1,0,0,Master's,0.0,0.04,0.04,1,3,0,0.72,0
724,77,Master's,0.3,1,0,0,0,0,0,0,0,2,1,Data Analyst,0,0,1,0,0,0,0,1,Bachelor's,0.0,1.0,1.0,3,2,1,0.58,1
78,45,Diploma,2.8,1,0,0,0,0,0,0,1,3,0,Business Intelligence,1,0,0,0,0,0,1,0,Bachelor's,0.0,2.8,1.0,1,2,0,0.42,0
558,17,Diploma,1.3,1,0,1,0,0,1,0,0,0,0,AI Engineer,4,1,0,1,0,1,0,0,Bachelor's,66.67,0.325,0.32,1,2,0,0.0,0
605,2,Bachelor's,0.2,1,0,1,0,0,1,0,2,1,1,Machine Learning,4,1,1,1,0,0,1,0,Diploma,75.0,0.05,0.05,2,1,1,0.44,1
889,17,Diploma,3.2,0,1,0,1,0,1,0,1,2,0,AI Engineer,4,1,0,1,0,1,0,0,Bachelor's,0.0,0.8,0.8,1,2,0,0.28,0
525,90,Master's,1.7,0,0,1,0,0,1,0,4,3,1,Data Science,0,1,1,0,1,0,1,1,Bachelor's,20.0,1.0,1.0,3,2,1,0.72,1
740,38,Bachelor's,1.3,1,1,0,0,1,1,0,1,3,0,AI Engineer,2,1,1,1,0,0,0,1,Bachelor's,50.0,0.65,0.65,2,2,1,0.42,1
301,37,Diploma,0.1,0,0,0,1,1,1,0,2,3,0,Data Analyst,0,1,0,0,0,0,0,0,Bachelor's,0.0,1.0,1.0,1,2,0,0.42,0
949,63,Master's,1.0,1,0,1,0,1,0,0,5,3,1,Business Intelligence,5,1,1,0,0,0,0,0,Diploma,50.0,0.2,0.2,3,1,1,0.72,1
17,5,Bachelor's,0.5,1,1,1,0,0,1,0,2,4,0,Business Intelligence,4,0,1,0,0,0,1,0,Bachelor's,100.0,0.125,0.12,2,2,1,0.56,1
815,25,Master's,0.2,0,0,1,0,0,1,0,2,2,1,Data Science,3,1,1,0,0,0,1,0,Bachelor's,33.33,0.06666666666666667,0.07,3,2,1,0.58,0
574,73,Bachelor's,5.0,1,1,1,0,1,0,0,1,3,0,AI Engineer,1,0,0,0,0,0,1,0,Master's,0.0,5.0,1.0,2,3,0,0.42,0
434,92,Bachelor's,2.7,1,0,1,0,0,1,1,4,5,1,Machine Learning,3,0,1,0,0,0,1,0,Bachelor's,50.0,0.9,0.9,2,2,1,1.0,1
43,22,Diploma,1.0,1,0,0,0,0,0,0,2,3,1,Data Analyst,2,1,1,0,0,0,1,0,Master's,33.33,0.5,0.5,1,3,0,0.72,0
68,93,Master's,0.3,1,1,1,0,0,1,0,4,4,1,Data Science,1,0,1,1,0,1,1,0,Bachelor's,75.0,0.3,0.3,3,2,1,0.86,1
380,63,Bachelor's,2.2,0,1,0,0,1,1,0,4,2,0,Business Intelligence,5,1,1,0,0,0,0,0,Diploma,50.0,0.44000000000000006,0.44,2,1,1,0.28,1
212,35,Bachelor's,1.5,0,1,0,0,0,1,0,0,5,1,Data Science,0,0,0,0,0,0,1,0,Master's,100.0,1.0,1.0,2,3,0,1.0,0
203,55,Bachelor's,0.1,1,0,0,0,1,1,1,1,1,1,Machine Learning,2,0,0,0,0,1,1,1,Bachelor's,100.0,0.05,0.05,2,2,1,0.44,1
726,20,Master's,0.2,1,1,0,0,0,1,0,3,4,1,Data Analyst,2,1,1,0,0,1,0,0,Bachelor's,66.67,0.1,0.1,3,2,1,0.86,0
109,5,Bachelor's,3.0,1,1,1,1,0,0,0,3,4,0,Business Intelligence,4,0,1,0,0,0,1,0,Bachelor's,50.0,0.75,0.75,2,2,1,0.56,1
968,39,Bachelor's,1.1,0,0,1,0,0,1,0,2,5,0,Data Science,0,1,0,0,1,0,1,1,Master's,25.0,1.0,1.0,2,3,0,0.7,0
284,63,Diploma,0.0,1,1,0,1,1,0,0,2,3,1,Business Intelligence,5,1,1,0,0,0,0,0,Diploma,100.0,0.0,0.0,1,1,1,0.72,1
941,32,Bachelor's,0.2,1,1,0,0,1,1,0,4,1,1,AI Engineer,1,0,0,0,0,1,1,0,Diploma,100.0,0.2,0.2,2,1,1,0.44,1
937,63,Diploma,0.8,0,0,1,0,0,1,0,5,4,0,Business Intelligence,5,1,1,0,0,0,0,0,Diploma,0.0,0.16,0.16,1,1,1,0.56,0
606,74,Bachelor's,1.8,1,0,1,0,0,0,0,2,2,0,Data Science,1,1,1,1,0,0,1,0,Bachelor's,50.0,1.8,1.0,2,2,1,0.28,1
225,40,Bachelor's,1.4,1,0,0,0,0,0,0,2,4,0,Data Analyst,2,1,0,0,0,1,0,1,Bachelor's,33.33,0.7,0.7,2,2,1,0.56,1
737,17,Bachelor's,1.5,0,1,0,0,1,0,0,1,2,0,AI Engineer,4,1,0,1,0,1,0,0,Bachelor's,33.33,0.375,0.38,2,2,1,0.28,0
751,79,Bachelor's,1.9,1,1,0,0,0,1,0,2,1,0,Data Science,3,1,1,0,0,0,1,0,Bachelor's,100.0,0.6333333333333333,0.63,2,2,1,0.14,1
118,73,Bachelor's,5.2,0,0,0,0,1,1,0,1,2,1,AI Engineer,1,0,0,0,0,0,1,0,Master's,100.0,5.2,1.0,2,3,0,0.58,1
932,32,Master's,2.1,0,0,0,0,0,0,0,1,3,0,AI Engineer,1,0,0,0,0,1,1,0,Diploma,0.0,2.1,1.0,3,1,1,0.42,1
603,23,Bachelor's,0.6,0,0,1,0,0,1,1,0,1,1,AI Engineer,4,1,0,0,0,1,1,0,Bachelor's,33.33,0.15,0.15,2,2,1,0.44,0
340,75,Diploma,0.1,1,1,0,0,0,1,0,1,2,1,AI Engineer,2,0,1,1,0,1,1,0,Master's,50.0,0.05,0.05,1,3,0,0.58,0
801,60,Master's,7.8,0,0,0,0,0,1,0,4,4,1,Data Analyst,0,0,1,0,0,0,0,0,Bachelor's,0.0,1.0,1.0,3,2,1,0.86,0
281,77,Master's,2.4,1,0,0,1,1,1,0,2,3,0,Data Analyst,0,0,1,0,0,0,0,1,Bachelor's,0.0,1.0,1.0,3,2,1,0.42,1
491,82,Bachelor's,0.7,1,0,0,0,0,1,1,3,6,0,Data Analyst,3,1,1,1,0,0,0,1,Bachelor's,50.0,0.2333333333333333,0.23,2,2,1,0.7,1
19,56,Bachelor's,6.2,1,0,0,0,0,1,0,3,2,0,Machine Learning,2,0,1,1,1,1,1,1,Diploma,16.67,3.1,1.0,2,1,1,0.28,0
175,9,Bachelor's,2.5,1,0,1,0,0,1,0,1,1,0,Data Analyst,0,1,1,0,0,0,0,0,Master's,50.0,1.0,1.0,2,3,0,0.14,0
469,69,Bachelor's,5.1,1,1,1,1,1,0,0,3,2,0,Data Science,5,1,0,1,0,0,1,0,Bachelor's,66.67,1.02,1.0,2,2,1,0.28,1
618,62,Bachelor's,2.7,1,1,1,0,0,0,0,2,2,1,Machine Learning,1,1,1,1,0,0,0,1,Diploma,75.0,2.7,1.0,2,1,1,0.58,1
801,64,Master's,7.8,0,0,0,0,0,1,0,4,4,1,AI Engineer,3,1,0,1,0,0,1,0,Bachelor's,33.33,2.6,1.0,3,2,1,0.86,1
760,22,Master's,2.0,1,1,1,0,0,1,0,3,3,0,Data Analyst,2,1,1,0,0,0,1,0,Master's,100.0,1.0,1.0,3,3,1,0.42,1
835,32,Bachelor's,4.2,1,0,0,1,1,1,1,1,3,0,AI Engineer,1,0,0,0,0,1,1,0,Diploma,100.0,4.2,1.0,2,1,1,0.42,1
142,47,Bachelor's,1.1,1,1,0,0,0,1,0,0,6,1,Data Analyst,0,1,0,0,0,0,0,1,Master's,50.0,1.0,1.0,2,3,0,1.0,1
463,2,Master's,0.3,0,1,1,0,1,0,0,1,3,0,Machine Learning,4,1,1,1,0,0,1,0,Diploma,50.0,0.075,0.08,3,1,1,0.42,0
929,85,Bachelor's,2.6,0,1,1,0,0,0,0,0,3,1,Data Science,1,1,0,0,0,0,0,0,Master's,0.0,2.6,1.0,2,3,0,0.72,0
298,92,Bachelor's,0.3,1,0,0,0,0,1,0,1,5,1,Machine Learning,3,0,1,0,0,0,1,0,Bachelor's,50.0,0.09999999999999999,0.1,2,2,1,1.0,1
470,52,Master's,3.8,1,0,1,0,1,1,0,2,5,1,Business Intelligence,1,1,0,1,0,0,0,0,Bachelor's,100.0,3.8,1.0,3,2,1,1.0,1
705,88,Diploma,1.4,0,1,0,1,0,1,0,3,2,1,Data Analyst,0,1,1,1,0,0,1,1,Diploma,40.0,1.0,1.0,1,1,1,0.58,1
863,88,Bachelor's,0.5,0,0,0,0,1,1,1,0,3,1,Data Analyst,0,1,1,1,0,0,1,1,Diploma,40.0,1.0,1.0,2,1,1,0.72,1
815,14,Master's,0.2,0,0,1,0,0,1,0,2,2,1,Data Science,3,1,1,0,0,1,1,0,Bachelor's,25.0,0.06666666666666667,0.07,3,2,1,0.58,0
803,37,Bachelor's,1.1,0,1,1,0,0,0,0,1,4,1,Data Analyst,0,1,0,0,0,0,0,0,Bachelor's,0.0,1.0,1.0,2,2,1,0.86,1
373,27,Diploma,4.8,0,0,0,0,1,1,0,3,2,1,Data Science,3,0,1,0,0,1,0,0,Master's,50.0,1.5999999999999999,1.0,1,3,0,0.58,0
468,24,Master's,1.3,1,1,0,1,0,0,0,2,4,1,Machine Learning,2,1,1,0,1,0,1,0,Master's,75.0,0.65,0.65,3,3,1,0.86,1
928,64,Bachelor's,1.6,0,1,0,0,0,0,0,1,4,0,AI Engineer,3,1,0,1,0,0,1,0,Bachelor's,0.0,0.5333333333333333,0.53,2,2,1,0.56,0
951,70,Bachelor's,0.2,0,0,0,0,1,0,0,1,3,1,AI Engineer,1,1,0,1,0,0,1,0,Bachelor's,0.0,0.2,0.2,2,2,1,0.72,0
438,26,Master's,3.0,1,1,1,1,0,1,0,1,4,1,Machine Learning,2,1,0,0,0,1,1,1,Bachelor's,50.0,1.5,1.0,3,2,1,0.86,1
844,54,Master's,2.4,0,0,0,0,0,1,1,0,2,1,Data Analyst,3,1,0,0,0,1,1,0,Bachelor's,33.33,0.7999999999999999,0.8,3,2,1,0.58,0
947,15,Bachelor's,1.5,1,1,0,0,0,0,0,0,4,0,AI Engineer,0,1,1,1,0,0,1,1,Master's,40.0,1.0,1.0,2,3,0,0.56,1
720,29,Master's,0.7,1,0,1,0,0,0,0,1,3,0,AI Engineer,0,1,1,1,1,0,1,0,Bachelor's,40.0,1.0,1.0,3,2,1,0.42,1
443,100,Bachelor's,2.8,0,0,0,0,1,1,0,4,3,1,Data Science,5,0,0,0,0,1,0,0,Bachelor's,100.0,0.5599999999999999,0.56,2,2,1,0.72,1
456,74,Bachelor's,6.7,1,0,0,0,0,0,0,4,4,1,Data Science,1,1,1,1,0,0,1,0,Bachelor's,25.0,6.7,1.0,2,2,1,0.86,1
248,28,Master's,0.1,0,0,0,1,1,0,0,3,2,1,Data Science,1,0,1,0,1,1,0,0,Bachelor's,66.67,0.1,0.1,3,2,1,0.58,1
142,59,Bachelor's,1.1,1,1,0,0,0,1,0,0,6,1,Data Science,2,0,1,0,0,0,0,0,Master's,100.0,0.55,0.55,2,3,0,1.0,1
402,73,Master's,0.5,1,0,0,1,1,0,1,0,2,0,AI Engineer,1,0,0,0,0,0,1,0,Master's,0.0,0.5,0.5,3,3,1,0.28,0
896,21,Bachelor's,3.3,0,1,0,0,1,0,0,0,0,0,Data Science,1,1,1,0,0,0,1,1,Bachelor's,25.0,3.3,1.0,2,2,1,0.0,1
823,10,Bachelor's,2.4,0,1,0,0,1,1,0,0,8,1,AI Engineer,5,0,1,0,1,1,0,0,Master's,66.67,0.48,0.48,2,3,0,1.0,0
222,4,Bachelor's,0.4,1,0,0,0,1,1,0,2,10,0,Data Analyst,2,0,1,0,0,0,1,1,Bachelor's,33.33,0.2,0.2,2,2,1,0.7,0
737,62,Bachelor's,1.5,0,1,0,0,1,0,0,1,2,0,Machine Learning,1,1,1,1,0,0,0,1,Diploma,25.0,1.5,1.0,2,1,1,0.28,1
866,4,Bachelor's,6.9,0,0,0,0,0,0,0,2,7,1,Data Analyst,2,0,1,0,0,0,1,1,Bachelor's,0.0,3.45,1.0,2,2,1,1.0,1
184,6,Master's,6.7,1,0,0,1,1,0,1,0,1,1,Data Science,2,0,0,0,0,1,0,0,Diploma,100.0,3.35,1.0,3,1,1,0.44,1
364,90,Bachelor's,2.5,1,0,0,0,0,0,0,2,3,1,Data Science,0,1,1,0,1,0,1,1,Bachelor's,20.0,1.0,1.0,2,2,1,0.72,1
817,80,Bachelor's,0.9,1,0,1,0,0,1,0,3,5,0,Business Intelligence,2,1,1,0,0,1,1,0,Master's,50.0,0.45,0.45,2,3,0,0.7,1
994,72,Bachelor's,0.4,1,0,0,0,0,1,0,2,4,1,Data Science,5,1,0,0,0,0,0,1,Master's,50.0,0.08,0.08,2,3,0,0.86,0
188,92,Bachelor's,0.2,0,0,0,0,0,1,1,1,3,0,Machine Learning,3,0,1,0,0,0,1,0,Bachelor's,50.0,0.06666666666666667,0.07,2,2,1,0.42,0
113,16,Master's,0.6,1,1,0,0,1,1,1,2,2,0,AI Engineer,2,1,1,0,1,1,1,0,Master's,80.0,0.3,0.3,3,3,1,0.28,1
181,38,Bachelor's,8.2,1,0,0,0,0,1,0,3,2,0,AI Engineer,2,1,1,1,0,0,0,1,Bachelor's,25.0,4.1,1.0,2,2,1,0.28,1
199,49,Master's,3.5,1,0,0,0,0,0,0,4,3,1,Data Science,4,1,1,0,0,0,0,0,Diploma,50.0,0.875,0.88,3,1,1,0.72,1
902,61,Diploma,0.0,0,0,0,0,0,1,1,2,4,0,Business Intelligence,2,0,0,1,0,0,1,0,Bachelor's,50.0,0.0,0.0,1,2,0,0.56,0
70,65,Master's,0.8,1,1,1,0,0,1,0,2,4,0,Machine Learning,0,1,1,1,0,0,1,0,Master's,100.0,1.0,1.0,3,3,1,0.56,1
598,83,Bachelor's,0.2,1,1,0,0,0,1,0,3,3,0,Business Intelligence,2,0,1,0,0,0,0,0,Bachelor's,100.0,0.1,0.1,2,2,1,0.42,1
904,50,Bachelor's,0.1,1,0,0,0,0,0,0,2,4,1,AI Engineer,1,1,0,0,0,1,1,0,Master's,33.33,0.1,0.1,2,3,0,0.86,0
485,17,Bachelor's,1.0,1,1,0,0,0,1,0,2,2,1,AI Engineer,4,1,0,1,0,1,0,0,Bachelor's,33.33,0.25,0.25,2,2,1,0.58,0
399,28,Master's,2.4,0,0,0,0,0,0,1,1,5,0,Data Science,1,0,1,0,1,1,0,0,Bachelor's,0.0,2.4,1.0,3,2,1,0.7,0
922,44,Bachelor's,0.0,0,0,1,1,0,0,0,2,1,1,Business Intelligence,1,1,1,0,0,1,0,0,Bachelor's,0.0,0.0,0.0,2,2,1,0.44,0
551,12,Bachelor's,7.6,1,1,1,0,0,0,1,2,8,0,Machine Learning,3,1,1,0,0,1,1,0,Bachelor's,50.0,2.533333333333333,1.0,2,2,1,0.7,1
643,70,Bachelor's,1.8,0,0,1,0,0,1,0,4,2,0,AI Engineer,1,1,0,1,0,0,1,0,Bachelor's,66.67,1.8,1.0,2,2,1,0.28,1
953,71,Bachelor's,2.3,0,1,0,1,0,0,0,1,1,0,Data Analyst,2,1,1,0,0,0,0,1,Diploma,33.33,1.15,1.0,2,1,1,0.14,1
10,72,Master's,1.7,1,0,0,0,0,1,0,2,4,1,Data Science,5,1,0,0,0,0,0,1,Master's,50.0,0.33999999999999997,0.34,3,3,1,0.86,1
3,3,Master's,5.2,0,0,1,1,1,0,0,3,4,1,AI Engineer,3,0,1,1,0,0,0,0,Diploma,50.0,1.7333333333333334,1.0,3,1,1,0.86,1
478,49,Bachelor's,3.6,0,1,0,0,0,1,0,3,7,0,Data Science,4,1,1,0,0,0,0,0,Diploma,50.0,0.9,0.9,2,1,1,0.7,1
814,21,Master's,0.1,1,1,0,0,1,1,0,0,2,1,Data Science,1,1,1,0,0,0,1,1,Bachelor's,75.0,0.1,0.1,3,2,1,0.58,1
662,8,Master's,1.8,0,1,0,0,0,0,0,3,3,0,AI Engineer,2,1,0,0,0,0,1,0,Master's,0.0,0.9,0.9,3,3,1,0.42,1
67,64,Bachelor's,0.7,1,0,0,0,0,1,0,1,3,0,AI Engineer,3,1,0,1,0,0,1,0,Bachelor's,66.67,0.2333333333333333,0.23,2,2,1,0.42,0
705,92,Diploma,1.4,0,1,0,1,0,1,0,3,2,1,Machine Learning,3,0,1,0,0,0,1,0,Bachelor's,100.0,0.4666666666666666,0.47,1,2,0,0.58,1
97,59,Bachelor's,0.6,0,1,0,1,0,0,0,1,3,1,Data Science,2,0,1,0,0,0,0,0,Master's,100.0,0.3,0.3,2,3,0,0.72,1
531,30,Master's,0.9,0,0,0,0,0,1,1,2,3,0,Data Analyst,1,1,1,0,1,1,0,0,Bachelor's,0.0,0.9,0.9,3,2,1,0.42,0
996,32,Diploma,2.7,0,0,1,0,0,1,0,3,3,0,AI Engineer,1,0,0,0,0,1,1,0,Diploma,50.0,2.7,1.0,1,1,1,0.42,1
318,75,Bachelor's,3.3,1,0,0,1,0,0,0,3,3,0,AI Engineer,2,0,1,1,0,1,1,0,Master's,0.0,1.65,1.0,2,3,0,0.42,0
98,20,Bachelor's,0.5,0,0,0,0,1,1,0,3,3,1,Data Analyst,2,1,1,0,0,1,0,0,Bachelor's,33.33,0.25,0.25,2,2,1,0.72,0
57,16,Diploma,3.6,1,1,1,0,0,0,0,1,7,1,AI Engineer,2,1,1,0,1,1,1,0,Master's,40.0,1.8,1.0,1,3,0,1.0,0
863,25,Bachelor's,0.5,0,0,0,0,1,1,1,0,3,1,Data Science,3,1,1,0,0,0,1,0,Bachelor's,33.33,0.16666666666666666,0.17,2,2,1,0.72,0
107,60,Bachelor's,1.3,0,1,1,0,0,1,0,1,2,0,Data Analyst,0,0,1,0,0,0,0,0,Bachelor's,100.0,1.0,1.0,2,2,1,0.28,1
88,45,Bachelor's,0.5,0,0,0,0,0,0,0,2,5,0,Business Intelligence,1,0,0,0,0,0,1,0,Bachelor's,0.0,0.5,0.5,2,2,1,0.7,0
972,9,Master's,4.5,1,1,1,0,0,0,0,1,0,1,Data Analyst,0,1,1,0,0,0,0,0,Master's,100.0,1.0,1.0,3,3,1,0.3,1
653,51,Bachelor's,0.8,1,1,0,0,0,1,0,0,1,1,Machine Learning,5,0,1,1,0,1,0,0,Master's,33.33,0.16,0.16,2,3,0,0.44,0
656,61,Bachelor's,6.9,1,0,0,0,0,0,0,2,4,1,Business Intelligence,2,0,0,1,0,0,1,0,Bachelor's,0.0,3.45,1.0,2,2,1,0.86,0
912,40,Bachelor's,5.2,1,0,0,1,1,1,0,2,2,0,Data Analyst,2,1,0,0,0,1,0,1,Bachelor's,66.67,2.6,1.0,2,2,1,0.28,0
371,61,Bachelor's,8.9,0,0,0,0,0,0,0,1,2,0,Business Intelligence,2,0,0,1,0,0,1,0,Bachelor's,0.0,4.45,1.0,2,2,1,0.28,0
375,67,Diploma,0.7,0,1,0,0,0,1,0,2,3,0,Data Science,0,1,1,1,0,1,1,0,Bachelor's,40.0,1.0,1.0,1,2,0,0.42,0
52,80,Master's,1.9,1,0,1,1,1,1,0,5,5,1,Business Intelligence,2,1,1,0,0,1,1,0,Master's,75.0,0.95,0.95,3,3,1,1.0,1
724,76,Master's,0.3,1,0,0,0,0,0,0,0,2,1,Data Science,0,1,0,0,0,0,1,0,Master's,50.0,1.0,1.0,3,3,1,0.58,1
41,15,Bachelor's,1.9,0,0,1,1,0,0,1,7,3,0,AI Engineer,0,1,1,1,0,0,1,1,Master's,40.0,1.0,1.0,2,3,0,0.42,0
816,53,Bachelor's,8.6,0,1,1,0,0,1,0,1,3,1,Data Science,4,1,0,0,1,0,0,0,Bachelor's,0.0,2.15,1.0,2,2,1,0.72,1
91,4,Bachelor's,7.2,0,0,1,0,0,1,1,0,4,1,Data Analyst,2,0,1,0,0,0,1,1,Bachelor's,66.67,3.6,1.0,2,2,1,0.86,1
39,23,Bachelor's,0.2,1,0,1,0,0,1,0,3,4,0,AI Engineer,4,1,0,0,0,1,1,0,Bachelor's,66.67,0.05,0.05,2,2,1,0.56,0
13,27,Master's,7.2,0,0,1,0,1,1,0,3,1,0,Data Science,3,0,1,0,0,1,0,0,Master's,50.0,2.4,1.0,3,3,1,0.14,0
900,37,Diploma,3.8,1,1,1,0,0,0,1,2,4,0,Data Analyst,0,1,0,0,0,0,0,0,Bachelor's,100.0,1.0,1.0,1,2,0,0.56,1
608,77,Bachelor's,4.0,1,0,0,1,0,0,0,4,6,1,Data Analyst,0,0,1,0,0,0,0,1,Bachelor's,0.0,1.0,1.0,2,2,1,1.0,0
621,43,Bachelor's,1.6,0,1,1,0,0,0,1,0,4,0,AI Engineer,3,1,0,0,0,0,0,0,Bachelor's,0.0,0.5333333333333333,0.53,2,2,1,0.56,0
104,37,Bachelor's,6.6,0,0,0,0,1,0,0,3,0,0,Data Analyst,0,1,0,0,0,0,0,0,Bachelor's,0.0,1.0,1.0,2,2,1,0.0,1
866,85,Bachelor's,6.9,0,0,0,0,0,0,0,2,7,1,Data Science,1,1,0,0,0,0,0,0,Master's,0.0,6.9,1.0,2,3,0,1.0,1
743,29,Master's,3.7,1,1,0,1,0,0,0,3,3,0,AI Engineer,0,1,1,1,1,0,1,0,Bachelor's,60.0,1.0,1.0,3,2,1,0.42,1
43,29,Diploma,1.0,1,0,0,0,0,0,0,2,3,1,AI Engineer,0,1,1,1,1,0,1,0,Bachelor's,20.0,1.0,1.0,1,2,0,0.72,0
209,49,Diploma,0.8,1,0,0,1,0,1,0,1,2,1,Data Science,4,1,1,0,0,0,0,0,Diploma,50.0,0.2,0.2,1,1,1,0.58,1
600,75,Diploma,5.6,1,1,0,0,0,1,0,1,0,0,AI Engineer,2,0,1,1,0,1,1,0,Master's,50.0,2.8,1.0,1,3,0,0.0,1
605,51,Bachelor's,0.2,1,0,1,0,0,1,0,2,1,1,Machine Learning,5,0,1,1,0,1,0,0,Master's,33.33,0.04,0.04,2,3,0,0.44,0
686,50,Bachelor's,5.0,1,1,0,1,0,0,0,2,3,0,AI Engineer,1,1,0,0,0,1,1,0,Master's,33.33,5.0,1.0,2,3,0,0.42,0
476,28,Master's,2.8,0,1,0,0,1,1,0,2,6,0,Data Science,1,0,1,0,1,1,0,0,Bachelor's,66.67,2.8,1.0,3,2,1,0.7,1
638,74,Bachelor's,0.4,0,0,1,1,0,0,0,2,3,1,Data Science,1,1,1,1,0,0,1,0,Bachelor's,25.0,0.4,0.4,2,2,1,0.72,0
559,56,Master's,4.6,1,0,1,0,1,1,0,3,1,0,Machine Learning,2,0,1,1,1,1,1,1,Diploma,50.0,2.3,1.0,3,1,1,0.14,1
214,64,Bachelor's,4.0,0,1,0,1,0,1,0,1,2,1,AI Engineer,3,1,0,1,0,0,1,0,Bachelor's,33.33,1.3333333333333333,1.0,2,2,1,0.58,0
604,89,Diploma,1.1,1,0,0,0,1,0,0,4,0,0,Machine Learning,2,0,0,0,0,1,1,0,Bachelor's,50.0,0.55,0.55,1,2,0,0.0,0
409,17,Master's,2.2,0,0,0,0,0,1,0,1,4,0,AI Engineer,4,1,0,1,0,1,0,0,Bachelor's,0.0,0.55,0.55,3,2,1,0.56,0
553,97,Bachelor's,4.3,0,1,0,1,0,0,0,3,1,1,Data Analyst,4,0,0,1,0,1,1,0,Bachelor's,0.0,1.075,1.0,2,2,1,0.44,0
771,89,Bachelor's,1.5,1,1,0,0,0,1,0,2,1,0,Machine Learning,2,0,0,0,0,1,1,0,Bachelor's,50.0,0.75,0.75,2,2,1,0.14,1
633,97,Bachelor's,2.7,1,0,1,0,0,1,0,4,2,0,Data Analyst,4,0,0,1,0,1,1,0,Bachelor's,66.67,0.675,0.68,2,2,1,0.28,1
77,55,Master's,1.2,1,1,0,0,0,1,0,5,3,0,Machine Learning,2,0,0,0,0,1,1,1,Bachelor's,33.33,0.6,0.6,3,2,1,0.42,0
95,9,Master's,0.7,1,0,0,0,0,1,0,5,5,1,Data Analyst,0,1,1,0,0,0,0,0,Master's,50.0,1.0,1.0,3,3,1,1.0,1
269,91,Bachelor's,2.3,1,1,1,1,0,1,0,6,3,0,AI Engineer,5,0,1,0,1,1,1,1,Diploma,60.0,0.45999999999999996,0.46,2,1,1,0.42,1
361,89,Bachelor's,6.1,1,1,0,0,0,0,1,1,4,0,Machine Learning,2,0,0,0,0,1,1,0,Bachelor's,0.0,3.05,1.0,2,2,1,0.56,0
530,68,Master's,1.9,0,0,0,0,1,1,0,2,4,0,Data Science,4,1,0,0,0,0,1,0,Bachelor's,50.0,0.475,0.48,3,2,1,0.56,1
805,73,Bachelor's,1.1,1,0,1,0,0,1,0,0,2,0,AI Engineer,1,0,0,0,0,0,1,0,Master's,100.0,1.1,1.0,2,3,0,0.28,1
683,79,Bachelor's,2.6,1,1,1,1,1,0,0,3,2,1,Data Science,3,1,1,0,0,0,1,0,Bachelor's,66.67,0.8666666666666667,0.87,2,2,1,0.58,1
162,16,Bachelor's,0.3,0,0,0,0,0,1,0,4,1,1,AI Engineer,2,1,1,0,1,1,1,0,Master's,20.0,0.15,0.15,2,3,0,0.44,0
465,16,Master's,12.0,0,0,1,0,1,1,1,2,2,0,AI Engineer,2,1,1,0,1,1,1,0,Master's,40.0,6.0,1.0,3,3,1,0.28,0
823,13,Bachelor's,2.4,0,1,0,0,1,1,0,0,8,1,Data Analyst,3,0,1,1,1,0,1,1,Bachelor's,40.0,0.7999999999999999,0.8,2,2,1,1.0,1
564,78,Diploma,0.8,1,0,0,0,0,0,1,3,7,1,Business Intelligence,5,1,0,0,0,1,1,0,Master's,33.33,0.16,0.16,1,3,0,1.0,0
981,86,Bachelor's,0.5,1,1,1,0,0,1,0,2,2,0,Data Science,3,0,0,1,1,0,1,0,Bachelor's,66.67,0.16666666666666666,0.17,2,2,1,0.28,0
548,85,Bachelor's,2.0,1,0,0,0,0,1,0,3,1,0,Data Science,1,1,0,0,0,0,0,0,Master's,100.0,2.0,1.0,2,3,0,0.14,1
950,73,Bachelor's,1.4,0,0,1,1,0,1,0,2,2,0,AI Engineer,1,0,0,0,0,0,1,0,Master's,100.0,1.4,1.0,2,3,0,0.28,1
187,63,Master's,2.9,0,0,0,0,1,1,0,2,5,1,Business Intelligence,5,1,1,0,0,0,0,0,Diploma,0.0,0.58,0.58,3,1,1,1.0,1
882,41,Bachelor's,5.2,0,1,0,0,0,1,0,2,3,1,Business Intelligence,2,1,0,0,0,0,1,1,Bachelor's,33.33,2.6,1.0,2,2,1,0.72,1
760,53,Master's,2.0,1,1,1,0,0,1,0,3,3,0,Data Science,4,1,0,0,1,0,0,0,Bachelor's,50.0,0.5,0.5,3,2,1,0.42,1
52,68,Master's,1.9,1,0,1,1,1,1,0,5,5,1,Data Science,4,1,0,0,0,0,1,0,Bachelor's,100.0,0.475,0.48,3,2,1,1.0,1
488,74,Bachelor's,3.0,0,0,0,0,0,0,0,2,9,0,Data Science,1,1,1,1,0,0,1,0,Bachelor's,0.0,3.0,1.0,2,2,1,0.7,0
531,99,Master's,0.9,0,0,0,0,0,1,1,2,3,0,AI Engineer,2,1,1,0,1,0,0,0,Diploma,0.0,0.45,0.45,3,1,1,0.42,0
396,9,Master's,4.4,1,1,1,0,0,1,0,3,0,0,Data Analyst,0,1,1,0,0,0,0,0,Master's,100.0,1.0,1.0,3,3,1,0.0,1
92,51,Master's,2.6,0,1,0,0,1,0,0,3,3,0,Machine Learning,5,0,1,1,0,1,0,0,Master's,66.67,0.52,0.52,3,3,1,0.42,1
651,48,Diploma,0.1,1,1,0,0,0,1,0,1,2,1,AI Engineer,1,1,1,1,0,1,0,0,Bachelor's,50.0,0.1,0.1,1,2,0,0.58,0
816,80,Bachelor's,8.6,0,1,1,0,0,1,0,1,3,1,Business Intelligence,2,1,1,0,0,1,1,0,Master's,50.0,4.3,1.0,2,3,0,0.72,0
357,49,Diploma,5.8,0,1,0,0,0,0,0,0,3,0,Data Science,4,1,1,0,0,0,0,0,Diploma,50.0,1.45,1.0,1,1,1,0.42,1
732,18,Master's,2.4,1,1,0,0,0,1,0,2,2,0,Data Analyst,0,1,1,0,0,1,0,0,Diploma,66.67,1.0,1.0,3,1,1,0.28,1
611,10,Diploma,5.3,0,1,0,0,1,1,0,3,3,0,AI Engineer,5,0,1,0,1,1,0,0,Master's,66.67,1.06,1.0,1,3,0,0.42,1
748,85,Bachelor's,0.8,1,0,0,1,0,0,0,2,4,0,Data Science,1,1,0,0,0,0,0,0,Master's,100.0,0.8,0.8,2,3,0,0.56,0
719,54,Bachelor's,10.3,0,0,0,0,0,1,1,1,3,1,Data Analyst,3,1,0,0,0,1,1,0,Bachelor's,33.33,3.4333333333333336,1.0,2,2,1,0.72,1
144,79,Bachelor's,2.1,1,1,1,1,1,1,0,1,0,0,Data Science,3,1,1,0,0,0,1,0,Bachelor's,100.0,0.7000000000000001,0.7,2,2,1,0.0,1
199,15,Master's,3.5,1,0,0,0,0,0,0,4,3,1,AI Engineer,0,1,1,1,0,0,1,1,Master's,20.0,1.0,1.0,3,3,1,0.72,1
815,11,Master's,0.2,0,0,1,0,0,1,0,2,2,1,Data Analyst,3,1,1,0,0,1,0,1,Master's,0.0,0.06666666666666667,0.07,3,3,1,0.58,0
323,40,Bachelor's,5.1,0,1,1,0,0,1,0,4,4,0,Data Analyst,2,1,0,0,0,1,0,1,Bachelor's,0.0,2.55,1.0,2,2,1,0.56,1
799,47,Bachelor's,0.2,0,0,0,1,0,1,0,1,2,1,Data Analyst,0,1,0,0,0,0,0,1,Master's,0.0,1.0,1.0,2,3,0,0.58,0
332,20,Master's,3.2,1,1,0,0,1,0,0,2,4,1,Data Analyst,2,1,1,0,0,1,0,0,Bachelor's,100.0,1.6,1.0,3,2,1,0.86,1
264,98,Bachelor's,1.5,1,0,0,0,1,1,0,1,3,0,Machine Learning,2,1,1,0,1,0,0,0,Bachelor's,33.33,0.75,0.75,2,2,1,0.42,0
217,22,Bachelor's,0.2,0,0,0,0,0,1,0,3,1,1,Data Analyst,2,1,1,0,0,0,1,0,Master's,33.33,0.1,0.1,2,3,0,0.44,0
701,48,Bachelor's,8.4,1,1,0,0,0,0,1,2,4,1,AI Engineer,1,1,1,1,0,1,0,0,Bachelor's,50.0,8.4,1.0,2,2,1,0.86,1
556,82,Bachelor's,0.6,0,1,0,0,1,1,0,2,4,0,Data Analyst,3,1,1,1,0,0,0,1,Bachelor's,25.0,0.19999999999999998,0.2,2,2,1,0.56,0
434,16,Bachelor's,2.7,1,0,1,0,0,1,1,4,5,1,AI Engineer,2,1,1,0,1,1,1,0,Master's,40.0,1.35,1.0,2,3,0,1.0,1
803,5,Bachelor's,1.1,0,1,1,0,0,0,0,1,4,1,Business Intelligence,4,0,1,0,0,0,1,0,Bachelor's,50.0,0.275,0.28,2,2,1,0.86,1
460,65,Bachelor's,2.7,1,1,0,1,0,1,0,6,7,0,Machine Learning,0,1,1,1,0,0,1,0,Master's,75.0,1.0,1.0,2,3,0,0.7,1
701,83,Bachelor's,8.4,1,1,0,0,0,0,1,2,4,1,Business Intelligence,2,0,1,0,0,0,0,0,Bachelor's,100.0,4.2,1.0,2,2,1,0.86,1
503,74,Bachelor's,0.1,0,1,0,0,0,1,0,3,2,0,Data Science,1,1,1,1,0,0,1,0,Bachelor's,50.0,0.1,0.1,2,2,1,0.28,0
469,21,Bachelor's,5.1,1,1,1,1,1,0,0,3,2,0,Data Science,1,1,1,0,0,0,1,1,Bachelor's,50.0,5.1,1.0,2,2,1,0.28,1
986,61,Bachelor's,0.2,0,1,0,0,0,0,0,1,1,1,Business Intelligence,2,0,0,1,0,0,1,0,Bachelor's,0.0,0.1,0.1,2,2,1,0.44,0
951,77,Bachelor's,0.2,0,0,0,0,1,0,0,1,3,1,Data Analyst,0,0,1,0,0,0,0,1,Bachelor's,0.0,1.0,1.0,2,2,1,0.72,1
706,55,Master's,0.3,0,1,0,0,1,1,0,1,2,1,Machine Learning,2,0,0,0,0,1,1,1,Bachelor's,66.67,0.15,0.15,3,2,1,0.58,0
782,24,Bachelor's,5.8,0,0,0,0,0,1,1,1,3,1,Machine Learning,2,1,1,0,1,0,1,0,Master's,25.0,2.9,1.0,2,3,0,0.72,0
366,23,Bachelor's,0.4,1,1,1,1,0,1,0,1,2,1,AI Engineer,4,1,0,0,0,1,1,0,Bachelor's,66.67,0.1,0.1,2,2,1,0.58,1
772,87,Master's,3.8,1,1,0,0,1,0,0,2,2,1,AI Engineer,1,1,0,0,0,0,0,0,Bachelor's,100.0,3.8,1.0,3,2,1,0.58,1
913,11,Bachelor's,12.0,0,0,0,0,0,1,1,0,5,0,Data Analyst,3,1,1,0,0,1,0,1,Master's,25.0,4.0,1.0,2,3,0,0.7,0
239,47,Bachelor's,8.6,1,1,1,0,1,0,0,4,0,0,Data Analyst,0,1,0,0,0,0,0,1,Master's,50.0,1.0,1.0,2,3,0,0.0,1
624,2,Bachelor's,7.9,0,1,1,1,0,0,1,3,0,0,Machine Learning,4,1,1,1,0,0,1,0,Diploma,50.0,1.975,1.0,2,1,1,0.0,1
581,70,Bachelor's,0.7,1,0,1,0,1,0,0,1,0,0,AI Engineer,1,1,0,1,0,0,1,0,Bachelor's,66.67,0.7,0.7,2,2,1,0.0,1
920,53,Bachelor's,1.3,1,1,0,0,0,1,0,6,5,0,Data Science,4,1,0,0,1,0,0,0,Bachelor's,50.0,0.325,0.32,2,2,1,0.7,1
561,11,Master's,1.1,0,0,1,0,0,0,0,1,5,0,Data Analyst,3,1,1,0,0,1,0,1,Master's,0.0,0.3666666666666667,0.37,3,3,1,0.7,1
823,15,Bachelor's,2.4,0,1,0,0,1,1,0,0,8,1,AI Engineer,0,1,1,1,0,0,1,1,Master's,40.0,1.0,1.0,2,3,0,1.0,0
967,73,Master's,0.5,0,0,1,1,1,1,0,1,4,0,AI Engineer,1,0,0,0,0,0,1,0,Master's,100.0,0.5,0.5,3,3,1,0.56,1
663,12,Bachelor's,6.3,1,0,0,1,0,0,0,1,5,0,Machine Learning,3,1,1,0,0,1,1,0,Bachelor's,25.0,2.1,1.0,2,2,1,0.7,1
751,36,Bachelor's,1.9,1,1,0,0,0,1,0,2,1,0,Business Intelligence,0,0,1,1,0,1,1,0,Master's,50.0,1.0,1.0,2,3,0,0.14,0
849,92,Bachelor's,5.4,0,1,1,0,0,1,0,4,5,0,Machine Learning,3,0,1,0,0,0,1,0,Bachelor's,100.0,1.8,1.0,2,2,1,0.7,1
396,23,Master's,4.4,1,1,1,0,0,1,0,3,0,0,AI Engineer,4,1,0,0,0,1,1,0,Bachelor's,66.67,1.1,1.0,3,2,1,0.0,1
395,27,Bachelor's,1.0,0,1,1,0,1,1,0,1,2,1,Data Science,3,0,1,0,0,1,0,0,Master's,100.0,0.3333333333333333,0.33,2,3,0,0.58,1
627,88,Bachelor's,0.6,1,0,0,0,1,0,0,1,4,0,Data Analyst,0,1,1,1,0,0,1,1,Diploma,20.0,1.0,1.0,2,1,1,0.56,0
75,14,Master's,11.0,0,1,1,1,0,1,1,0,6,0,Data Science,3,1,1,0,0,1,1,0,Bachelor's,50.0,3.6666666666666665,1.0,3,2,1,0.7,1
98,54,Bachelor's,0.5,0,0,0,0,1,1,0,3,3,1,Data Analyst,3,1,0,0,0,1,1,0,Bachelor's,66.67,0.16666666666666666,0.17,2,2,1,0.72,0
383,99,Bachelor's,8.7,0,0,0,0,0,0,0,2,2,0,AI Engineer,2,1,1,0,1,0,0,0,Diploma,0.0,4.35,1.0,2,1,1,0.28,0
623,27,Bachelor's,2.1,1,0,0,1,0,1,0,2,1,0,Data Science,3,0,1,0,0,1,0,0,Master's,0.0,0.7000000000000001,0.7,2,3,0,0.14,0
869,21,Master's,0.4,1,1,0,1,0,1,0,4,4,1,Data Science,1,1,1,0,0,0,1,1,Bachelor's,75.0,0.4,0.4,3,2,1,0.86,0
370,49,Diploma,0.7,0,1,0,0,1,0,0,1,2,1,Data Science,4,1,1,0,0,0,0,0,Diploma,50.0,0.175,0.18,1,1,1,0.58,1
285,62,Bachelor's,1.0,1,0,0,0,0,1,0,5,0,1,Machine Learning,1,1,1,1,0,0,0,1,Diploma,25.0,1.0,1.0,2,1,1,0.3,1
256,77,Bachelor's,1.4,0,0,1,0,0,1,1,3,1,0,Data Analyst,0,0,1,0,0,0,0,1,Bachelor's,50.0,1.0,1.0,2,2,1,0.14,0
830,72,Bachelor's,0.9,1,0,0,0,0,1,0,1,5,1,Data Science,5,1,0,0,0,0,0,1,Master's,50.0,0.18,0.18,2,3,0,1.0,1
309,44,Master's,1.0,1,0,1,1,0,0,0,5,1,0,Business Intelligence,1,1,1,0,0,1,0,0,Bachelor's,33.33,1.0,1.0,3,2,1,0.14,1
629,44,Diploma,0.3,1,1,0,0,0,0,0,0,4,0,Business Intelligence,1,1,1,0,0,1,0,0,Bachelor's,66.67,0.3,0.3,1,2,0,0.56,0
176,98,Bachelor's,1.9,0,0,1,1,0,1,0,2,8,1,Machine Learning,2,1,1,0,1,0,0,0,Bachelor's,33.33,0.95,0.95,2,2,1,1.0,1
228,61,Bachelor's,0.8,0,0,0,1,1,1,0,1,1,1,Business Intelligence,2,0,0,1,0,0,1,0,Bachelor's,50.0,0.4,0.4,2,2,1,0.44,1
347,42,Bachelor's,1.1,0,0,1,0,0,1,1,0,3,0,Business Intelligence,3,0,1,0,0,0,0,0,Diploma,0.0,0.3666666666666667,0.37,2,1,1,0.42,0
618,23,Bachelor's,2.7,1,1,1,0,0,0,0,2,2,1,AI Engineer,4,1,0,0,0,1,1,0,Bachelor's,33.33,0.675,0.68,2,2,1,0.58,1
342,73,Bachelor's,1.6,1,1,0,1,0,1,0,6,2,1,AI Engineer,1,0,0,0,0,0,1,0,Master's,100.0,1.6,1.0,2,3,0,0.58,1
896,1,Bachelor's,3.3,0,1,0,0,1,0,0,0,0,0,Data Science,4,1,0,0,1,0,1,0,Bachelor's,0.0,0.825,0.82,2,2,1,0.0,0
962,36,Bachelor's,1.3,1,0,0,1,0,1,0,2,3,0,Business Intelligence,0,0,1,1,0,1,1,0,Master's,25.0,1.0,1.0,2,3,0,0.42,0
239,55,Bachelor's,8.6,1,1,1,0,1,0,0,4,0,0,Machine Learning,2,0,0,0,0,1,1,1,Bachelor's,33.33,4.3,1.0,2,2,1,0.0,1
612,16,Master's,2.6,1,0,0,0,1,1,1,2,1,1,AI Engineer,2,1,1,0,1,1,1,0,Master's,60.0,1.3,1.0,3,3,1,0.44,1
688,89,Bachelor's,1.7,1,0,0,1,0,1,0,4,4,0,Machine Learning,2,0,0,0,0,1,1,0,Bachelor's,50.0,0.85,0.85,2,2,1,0.56,1
350,18,Bachelor's,0.1,1,0,0,0,1,0,0,2,0,0,Data Analyst,0,1,1,0,0,1,0,0,Diploma,66.67,1.0,1.0,2,1,1,0.0,1
955,98,Bachelor's,12.0,0,0,0,0,1,0,0,0,1,0,Machine Learning,2,1,1,0,1,0,0,0,Bachelor's,0.0,6.0,1.0,2,2,1,0.14,1
455,38,Bachelor's,0.1,0,1,1,0,1,0,1,2,2,0,AI Engineer,2,1,1,1,0,0,0,1,Bachelor's,75.0,0.05,0.05,2,2,1,0.28,1
441,67,Diploma,8.8,0,0,1,0,0,0,0,1,3,0,Data Science,0,1,1,1,0,1,1,0,Bachelor's,20.0,1.0,1.0,1,2,0,0.42,0
761,20,Bachelor's,1.5,1,0,0,1,0,0,0,1,3,1,Data Analyst,2,1,1,0,0,1,0,0,Bachelor's,33.33,0.75,0.75,2,2,1,0.72,1
588,19,Bachelor's,1.3,0,1,0,0,0,0,0,2,5,1,Business Intelligence,5,1,0,0,0,0,0,1,Bachelor's,0.0,0.26,0.26,2,2,1,1.0,1
515,13,Diploma,0.5,0,1,0,0,0,0,0,3,4,0,Data Analyst,3,0,1,1,1,0,1,1,Bachelor's,20.0,0.16666666666666666,0.17,1,2,0,0.56,0
81,17,Master's,3.9,1,1,1,0,0,1,0,2,2,0,AI Engineer,4,1,0,1,0,1,0,0,Bachelor's,66.67,0.975,0.98,3,2,1,0.28,1
361,78,Bachelor's,6.1,1,1,0,0,0,0,1,1,4,0,Business Intelligence,5,1,0,0,0,1,1,0,Master's,33.33,1.22,1.0,2,3,0,0.56,0
288,30,Bachelor's,1.1,1,1,0,0,0,1,0,2,3,0,Data Analyst,1,1,1,0,1,1,0,0,Bachelor's,50.0,1.1,1.0,2,2,1,0.42,1
8,86,Master's,4.7,0,0,0,1,0,1,0,1,6,1,Data Science,3,0,0,1,1,0,1,0,Bachelor's,66.67,1.5666666666666667,1.0,3,2,1,1.0,1
87,43,Master's,2.4,1,0,0,1,1,0,1,1,2,0,AI Engineer,3,1,0,0,0,0,0,0,Bachelor's,100.0,0.7999999999999999,0.8,3,2,1,0.28,1
998,48,Bachelor's,0.2,1,0,0,1,1,1,1,2,6,0,AI Engineer,1,1,1,1,0,1,0,0,Bachelor's,50.0,0.2,0.2,2,2,1,0.7,0
286,43,Diploma,1.8,1,0,0,0,0,1,1,1,2,0,AI Engineer,3,1,0,0,0,0,0,0,Bachelor's,100.0,0.6,0.6,1,2,0,0.28,1
399,93,Master's,2.4,0,0,0,0,0,0,1,1,5,0,Data Science,1,0,1,1,0,1,1,0,Bachelor's,0.0,2.4,1.0,3,2,1,0.7,1
74,66,Master's,0.0,0,0,0,0,0,1,0,0,3,0,Business Intelligence,1,0,1,1,1,0,1,0,Bachelor's,25.0,0.0,0.0,3,2,1,0.42,0
439,53,Master's,0.6,1,1,1,0,0,1,0,2,2,0,Data Science,4,1,0,0,1,0,0,0,Bachelor's,50.0,0.15,0.15,3,2,1,0.28,0
123,72,Bachelor's,5.0,0,0,1,0,0,1,0,4,4,0,Data Science,5,1,0,0,0,0,0,1,Master's,0.0,1.0,1.0,2,3,0,0.56,0
377,78,Master's,1.5,1,1,0,0,1,1,0,0,3,1,Business Intelligence,5,1,0,0,0,1,1,0,Master's,100.0,0.3,0.3,3,3,1,0.72,1
806,34,Master's,3.7,0,1,0,0,1,1,1,2,2,0,Machine Learning,2,1,1,0,0,1,0,0,Bachelor's,66.67,1.85,1.0,3,2,1,0.28,1
143,77,Bachelor's,2.8,0,1,0,0,0,0,0,1,1,1,Data Analyst,0,0,1,0,0,0,0,1,Bachelor's,50.0,1.0,1.0,2,2,1,0.44,0
158,74,Master's,5.3,1,0,1,1,1,1,0,2,2,1,Data Science,1,1,1,1,0,0,1,0,Bachelor's,75.0,5.3,1.0,3,2,1,0.58,1
430,72,Bachelor's,5.1,0,1,1,0,0,0,0,1,1,0,Data Science,5,1,0,0,0,0,0,1,Master's,0.0,1.02,1.0,2,3,0,0.14,1
448,71,Master's,4.6,1,1,1,0,0,1,1,3,3,1,Data Analyst,2,1,1,0,0,0,0,1,Diploma,100.0,2.3,1.0,3,1,1,0.72,1
410,13,Diploma,5.1,1,0,0,0,1,1,0,2,2,1,Data Analyst,3,0,1,1,1,0,1,1,Bachelor's,20.0,1.7,1.0,1,2,0,0.58,0
371,90,Bachelor's,8.9,0,0,0,0,0,0,0,1,2,0,Data Science,0,1,1,0,1,0,1,1,Bachelor's,0.0,1.0,1.0,2,2,1,0.28,0
109,56,Bachelor's,3.0,1,1,1,1,0,0,0,3,4,0,Machine Learning,2,0,1,1,1,1,1,1,Diploma,50.0,1.5,1.0,2,1,1,0.56,1
846,59,Bachelor's,0.7,1,1,0,0,0,0,0,2,0,0,Data Science,2,0,1,0,0,0,0,0,Master's,100.0,0.35,0.35,2,3,0,0.0,1
707,32,Bachelor's,2.6,1,1,1,1,1,1,0,1,5,1,AI Engineer,1,0,0,0,0,1,1,0,Diploma,100.0,2.6,1.0,2,1,1,1.0,1
36,83,Master's,3.0,1,0,1,0,0,0,0,1,1,0,Business Intelligence,2,0,1,0,0,0,0,0,Bachelor's,0.0,1.5,1.0,3,2,1,0.14,0
90,79,Bachelor's,0.7,1,0,0,0,0,1,1,2,6,0,Data Science,3,1,1,0,0,0,1,0,Bachelor's,66.67,0.2333333333333333,0.23,2,2,1,0.7,1
974,54,Bachelor's,1.8,0,1,1,1,0,0,0,4,3,1,Data Analyst,3,1,0,0,0,1,1,0,Bachelor's,0.0,0.6,0.6,2,2,1,0.72,0
415,2,Bachelor's,1.9,1,1,0,0,0,1,0,2,3,1,Machine Learning,4,1,1,1,0,0,1,0,Diploma,75.0,0.475,0.48,2,1,1,0.72,1
974,37,Bachelor's,1.8,0,1,1,1,0,0,0,4,3,1,Data Analyst,0,1,0,0,0,0,0,0,Bachelor's,0.0,1.0,1.0,2,2,1,0.72,0
296,83,Bachelor's,0.6,1,0,0,0,1,0,1,3,7,1,Business Intelligence,2,0,1,0,0,0,0,0,Bachelor's,0.0,0.3,0.3,2,2,1,1.0,0
842,97,Bachelor's,1.4,0,0,1,0,0,1,1,2,2,0,Data Analyst,4,0,0,1,0,1,1,0,Bachelor's,66.67,0.35,0.35,2,2,1,0.28,1
713,33,Bachelor's,3.8,1,1,0,0,1,1,0,1,2,0,AI Engineer,3,0,1,0,0,0,0,0,Bachelor's,100.0,1.2666666666666666,1.0,2,2,1,0.28,1
46,1,Bachelor's,2.4,0,1,0,0,1,1,0,2,6,0,Data Science,4,1,0,0,1,0,1,0,Bachelor's,33.33,0.6,0.6,2,2,1,0.7,1
488,28,Bachelor's,3.0,0,0,0,0,0,0,0,2,9,0,Data Science,1,0,1,0,1,1,0,0,Bachelor's,0.0,3.0,1.0,2,2,1,0.7,1
619,17,Master's,2.0,0,1,0,0,0,0,0,1,5,0,AI Engineer,4,1,0,1,0,1,0,0,Bachelor's,0.0,0.5,0.5,3,2,1,0.7,1
170,57,Bachelor's,0.8,1,0,0,1,0,1,0,2,4,0,Business Intelligence,3,0,1,0,1,0,0,0,Bachelor's,50.0,0.26666666666666666,0.27,2,2,1,0.56,1
146,70,Diploma,5.3,0,0,0,1,0,0,0,2,4,0,AI Engineer,1,1,0,1,0,0,1,0,Bachelor's,0.0,5.3,1.0,1,2,0,0.56,0
868,52,Bachelor's,0.5,0,1,0,0,0,1,0,3,1,0,Business Intelligence,1,1,0,1,0,0,0,0,Bachelor's,0.0,0.5,0.5,2,2,1,0.14,0
420,44,Master's,6.8,1,0,0,0,0,0,0,5,0,1,Business Intelligence,1,1,1,0,0,1,0,0,Bachelor's,33.33,6.8,1.0,3,2,1,0.3,1
972,84,Master's,4.5,1,1,1,0,0,0,0,1,0,1,AI Engineer,1,1,0,1,1,1,0,0,Bachelor's,50.0,4.5,1.0,3,2,1,0.3,1
690,47,Bachelor's,3.6,1,0,1,0,0,0,0,2,2,0,Data Analyst,0,1,0,0,0,0,0,1,Master's,50.0,1.0,1.0,2,3,0,0.28,0
573,13,Bachelor's,3.3,1,1,0,1,0,1,0,3,1,1,Data Analyst,3,0,1,1,1,0,1,1,Bachelor's,60.0,1.0999999999999999,1.0,2,2,1,0.44,1
936,76,Bachelor's,4.1,1,1,0,0,0,1,0,2,3,1,Data Science,0,1,0,0,0,0,1,0,Master's,100.0,1.0,1.0,2,3,0,0.72,1
3,30,Master's,5.2,0,0,1,1,1,0,0,3,4,1,Data Analyst,1,1,1,0,1,1,0,0,Bachelor's,50.0,5.2,1.0,3,2,1,0.86,1
594,85,Bachelor's,0.3,1,1,0,1,1,0,1,5,1,1,Data Science,1,1,0,0,0,0,0,0,Master's,100.0,0.3,0.3,2,3,0,0.44,0
263,66,Bachelor's,0.9,0,0,0,0,0,0,0,0,6,0,Business Intelligence,1,0,1,1,1,0,1,0,Bachelor's,0.0,0.9,0.9,2,2,1,0.7,0
799,53,Bachelor's,0.2,0,0,0,1,0,1,0,1,2,1,Data Science,4,1,0,0,1,0,0,0,Bachelor's,50.0,0.05,0.05,2,2,1,0.58,0
321,18,Bachelor's,0.7,0,1,0,0,0,1,0,2,2,1,Data Analyst,0,1,1,0,0,1,0,0,Diploma,33.33,1.0,1.0,2,1,1,0.58,1
607,28,Bachelor's,0.2,1,1,1,1,0,1,0,1,0,0,Data Science,1,0,1,0,1,1,0,0,Bachelor's,66.67,0.2,0.2,2,2,1,0.0,0
576,4,Master's,0.3,0,0,0,0,1,1,0,1,1,1,Data Analyst,2,0,1,0,0,0,1,1,Bachelor's,33.33,0.15,0.15,3,2,1,0.44,0
246,42,Master's,2.5,1,0,1,0,0,1,0,2,4,1,Business Intelligence,3,0,1,0,0,0,0,0,Diploma,0.0,0.8333333333333334,0.83,3,1,1,0.86,0
589,6,Bachelor's,1.4,1,0,1,1,0,1,0,0,2,0,Data Science,2,0,0,0,0,1,0,0,Diploma,0.0,0.7,0.7,2,1,1,0.28,0
477,9,Diploma,4.1,1,1,0,0,0,0,0,5,3,0,Data Analyst,0,1,1,0,0,0,0,0,Master's,100.0,1.0,1.0,1,3,0,0.42,1
259,20,Bachelor's,0.2,1,0,0,0,1,0,0,3,5,1,Data Analyst,2,1,1,0,0,1,0,0,Bachelor's,66.67,0.1,0.1,2,2,1,1.0,1
93,94,Master's,2.3,1,0,0,1,0,0,0,4,3,0,Business Intelligence,1,0,1,0,1,0,0,1,Diploma,33.33,2.3,1.0,3,1,1,0.42,0
803,38,Bachelor's,1.1,0,1,1,0,0,0,0,1,4,1,AI Engineer,2,1,1,1,0,0,0,1,Bachelor's,50.0,0.55,0.55,2,2,1,0.86,1
783,68,Bachelor's,1.5,0,0,0,0,0,0,0,3,4,1,Data Science,4,1,0,0,0,0,1,0,Bachelor's,0.0,0.375,0.38,2,2,1,0.86,1
533,50,Master's,3.1,1,0,0,0,1,1,0,4,4,1,AI Engineer,1,1,0,0,0,1,1,0,Master's,100.0,3.1,1.0,3,3,1,0.86,1
574,60,Bachelor's,5.0,1,1,1,0,1,0,0,1,3,0,Data Analyst,0,0,1,0,0,0,0,0,Bachelor's,100.0,1.0,1.0,2,2,1,0.42,1
339,13,Bachelor's,0.2,1,1,0,1,0,0,0,1,4,1,Data Analyst,3,0,1,1,1,0,1,1,Bachelor's,40.0,0.06666666666666667,0.07,2,2,1,0.86,1
924,99,Master's,1.1,1,0,1,0,0,1,1,0,0,0,AI Engineer,2,1,1,0,1,0,0,0,Diploma,33.33,0.55,0.55,3,1,1,0.0,0
260,94,Diploma,2.2,1,1,0,1,0,1,0,4,7,0,Business Intelligence,1,0,1,0,1,0,0,1,Diploma,66.67,2.2,1.0,1,1,1,0.7,1
237,42,Bachelor's,5.0,0,0,0,0,0,0,0,1,4,0,Business Intelligence,3,0,1,0,0,0,0,0,Diploma,0.0,1.6666666666666667,1.0,2,1,1,0.56,0
141,68,Master's,4.4,0,0,0,0,0,0,0,1,5,1,Data Science,4,1,0,0,0,0,1,0,Bachelor's,0.0,1.1,1.0,3,2,1,1.0,1
975,25,Diploma,0.9,1,0,0,0,0,1,0,2,2,1,Data Science,3,1,1,0,0,0,1,0,Bachelor's,66.67,0.3,0.3,1,2,0,0.58,0
947,31,Bachelor's,1.5,1,1,0,0,0,0,0,0,4,0,AI Engineer,1,1,0,1,1,0,0,0,Master's,33.33,1.5,1.0,2,3,0,0.56,0
944,12,Master's,3.1,0,0,0,1,0,1,1,1,5,0,Machine Learning,3,1,1,0,0,1,1,0,Bachelor's,25.0,1.0333333333333334,1.0,3,2,1,0.7,1
679,64,Master's,0.5,1,1,1,0,0,1,0,2,4,1,AI Engineer,3,1,0,1,0,0,1,0,Bachelor's,100.0,0.16666666666666666,0.17,3,2,1,0.86,1
480,79,Bachelor's,1.4,0,0,0,0,0,1,1,1,1,0,Data Science,3,1,1,0,0,0,1,0,Bachelor's,33.33,0.4666666666666666,0.47,2,2,1,0.14,0
579,61,Bachelor's,2.3,1,1,1,1,0,0,0,3,2,1,Business Intelligence,2,0,0,1,0,0,1,0,Bachelor's,50.0,1.15,1.0,2,2,1,0.58,1
350,53,Bachelor's,0.1,1,0,0,0,1,0,0,2,0,0,Data Science,4,1,0,0,1,0,0,0,Bachelor's,50.0,0.025,0.02,2,2,1,0.0,0
570,26,Bachelor's,1.5,0,1,1,1,0,1,0,2,3,1,Machine Learning,2,1,0,0,0,1,1,1,Bachelor's,25.0,0.75,0.75,2,2,1,0.72,0
724,61,Master's,0.3,1,0,0,0,0,0,0,0,2,1,Business Intelligence,2,0,0,1,0,0,1,0,Bachelor's,0.0,0.15,0.15,3,2,1,0.58,0
130,10,Bachelor's,0.8,1,1,0,1,0,0,0,1,4,0,AI Engineer,5,0,1,0,1,1,0,0,Master's,66.67,0.16,0.16,2,3,0,0.56,0
537,12,Master's,0.5,0,0,0,0,0,0,0,4,3,0,Machine Learning,3,1,1,0,0,1,1,0,Bachelor's,0.0,0.16666666666666666,0.17,3,2,1,0.42,0
11,22,Diploma,0.6,1,1,0,0,1,1,1,1,0,0,Data Analyst,2,1,1,0,0,0,1,0,Master's,100.0,0.3,0.3,1,3,0,0.0,0
257,53,Master's,0.6,1,1,1,0,0,1,0,1,0,0,Data Science,4,1,0,0,1,0,0,0,Bachelor's,50.0,0.15,0.15,3,2,1,0.0,0
816,21,Bachelor's,8.6,0,1,1,0,0,1,0,1,3,1,Data Science,1,1,1,0,0,0,1,1,Bachelor's,50.0,8.6,1.0,2,2,1,0.72,0
369,35,Bachelor's,0.5,1,0,0,1,0,1,0,2,2,0,Data Science,0,0,0,0,0,0,1,0,Master's,100.0,1.0,1.0,2,3,0,0.28,1
944,71,Master's,3.1,0,0,0,1,0,1,1,1,5,0,Data Analyst,2,1,1,0,0,0,0,1,Diploma,33.33,1.55,1.0,3,1,1,0.7,1
394,82,Master's,1.8,1,0,0,0,0,1,0,1,3,0,Data Analyst,3,1,1,1,0,0,0,1,Bachelor's,25.0,0.6,0.6,3,2,1,0.42,0
593,27,Bachelor's,0.3,0,1,0,0,0,0,0,4,2,1,Data Science,3,0,1,0,0,1,0,0,Master's,50.0,0.09999999999999999,0.1,2,3,0,0.58,0
798,60,Bachelor's,0.2,0,0,1,1,0,1,0,2,3,1,Data Analyst,0,0,1,0,0,0,0,0,Bachelor's,0.0,1.0,1.0,2,2,1,0.72,0
419,99,Bachelor's,1.5,1,0,0,0,1,1,0,3,5,0,AI Engineer,2,1,1,0,1,0,0,0,Diploma,33.33,0.75,0.75,2,1,1,0.7,1
882,47,Bachelor's,5.2,0,1,0,0,0,1,0,2,3,1,Data Analyst,0,1,0,0,0,0,0,1,Master's,0.0,1.0,1.0,2,3,0,0.72,0
19,66,Bachelor's,6.2,1,0,0,0,0,1,0,3,2,0,Business Intelligence,1,0,1,1,1,0,1,0,Bachelor's,25.0,6.2,1.0,2,2,1,0.28,1
110,96,Diploma,0.4,0,1,0,1,1,1,0,5,1,1,Business Intelligence,2,1,1,0,1,0,0,0,Master's,66.67,0.2,0.2,1,3,0,0.44,0
437,15,Diploma,0.9,1,0,0,0,0,1,0,3,1,0,AI Engineer,0,1,1,1,0,0,1,1,Master's,40.0,1.0,1.0,1,3,0,0.14,0
505,24,Bachelor's,1.2,1,1,0,0,0,1,0,3,3,0,Machine Learning,2,1,1,0,1,0,1,0,Master's,75.0,0.6,0.6,2,3,0,0.42,0
34,84,Master's,0.3,0,0,1,0,0,1,0,0,2,0,AI Engineer,1,1,0,1,1,1,0,0,Bachelor's,25.0,0.3,0.3,3,2,1,0.28,0
288,10,Bachelor's,1.1,1,1,0,0,0,1,0,2,3,0,AI Engineer,5,0,1,0,1,1,0,0,Master's,33.33,0.22000000000000003,0.22,2,3,0,0.42,0
844,88,Master's,2.4,0,0,0,0,0,1,1,0,2,1,Data Analyst,0,1,1,1,0,0,1,1,Diploma,40.0,1.0,1.0,3,1,1,0.58,1
255,24,Bachelor's,2.9,0,0,0,1,0,1,0,3,2,0,Machine Learning,2,1,1,0,1,0,1,0,Master's,50.0,1.45,1.0,2,3,0,0.28,0
638,88,Bachelor's,0.4,0,0,1,1,0,0,0,2,3,1,Data Analyst,0,1,1,1,0,0,1,1,Diploma,20.0,1.0,1.0,2,1,1,0.72,0
721,57,Master's,0.4,0,0,0,0,1,1,0,2,4,1,Business Intelligence,3,0,1,0,1,0,0,0,Bachelor's,0.0,0.13333333333333333,0.13,3,2,1,0.86,0
134,34,Bachelor's,0.6,1,1,0,0,0,1,0,2,4,0,Machine Learning,2,1,1,0,0,1,0,0,Bachelor's,66.67,0.3,0.3,2,2,1,0.56,0
499,41,Master's,1.2,0,0,0,0,0,1,0,3,2,1,Business Intelligence,2,1,0,0,0,0,1,1,Bachelor's,33.33,0.6,0.6,3,2,1,0.58,0
397,40,Master's,1.4,1,1,0,0,0,1,0,2,2,0,Data Analyst,2,1,0,0,0,1,0,1,Bachelor's,33.33,0.7,0.7,3,2,1,0.28,1
487,11,Diploma,1.3,1,0,0,0,1,1,0,2,2,0,Data Analyst,3,1,1,0,0,1,0,1,Master's,50.0,0.43333333333333335,0.43,1,3,0,0.28,0
598,90,Bachelor's,0.2,1,1,0,0,0,1,0,3,3,0,Data Science,0,1,1,0,1,0,1,1,Bachelor's,60.0,1.0,1.0,2,2,1,0.42,1
587,1,Diploma,3.0,1,0,0,0,0,1,1,1,1,1,Data Science,4,1,0,0,1,0,1,0,Bachelor's,66.67,0.75,0.75,1,2,0,0.44,1
960,30,Master's,3.9,0,0,1,1,1,1,1,5,8,0,Data Analyst,1,1,1,0,1,1,0,0,Bachelor's,50.0,3.9,1.0,3,2,1,0.7,1
647,43,Bachelor's,0.3,0,0,1,0,1,1,0,1,5,1,AI Engineer,3,1,0,0,0,0,0,0,Bachelor's,0.0,0.09999999999999999,0.1,2,2,1,1.0,0
813,82,Bachelor's,0.8,0,0,0,1,0,1,1,2,4,1,Data Analyst,3,1,1,1,0,0,0,1,Bachelor's,25.0,0.26666666666666666,0.27,2,2,1,0.86,1
685,26,Master's,0.4,1,1,1,0,0,1,0,4,5,1,Machine Learning,2,1,0,0,0,1,1,1,Bachelor's,50.0,0.2,0.2,3,2,1,1.0,0
213,53,Bachelor's,0.4,1,0,0,0,0,1,0,3,3,0,Data Science,4,1,0,0,1,0,0,0,Bachelor's,50.0,0.1,0.1,2,2,1,0.42,1
833,47,Bachelor's,2.2,1,1,0,1,0,1,0,2,5,0,Data Analyst,0,1,0,0,0,0,0,1,Master's,50.0,1.0,1.0,2,3,0,0.7,1
350,9,Bachelor's,0.1,1,0,0,0,1,0,0,2,0,0,Data Analyst,0,1,1,0,0,0,0,0,Master's,50.0,1.0,1.0,2,3,0,0.0,0
19,9,Bachelor's,6.2,1,0,0,0,0,1,0,3,2,0,Data Analyst,0,1,1,0,0,0,0,0,Master's,50.0,1.0,1.0,2,3,0,0.28,1
119,1,Master's,0.8,1,0,0,1,0,0,0,2,4,0,Data Science,4,1,0,0,1,0,1,0,Bachelor's,66.67,0.2,0.2,3,2,1,0.56,0
815,71,Master's,0.2,0,0,1,0,0,1,0,2,2,1,Data Analyst,2,1,1,0,0,0,0,1,Diploma,0.0,0.1,0.1,3,1,1,0.58,0
302,44,Bachelor's,6.9,0,1,1,0,0,1,0,3,1,0,Business Intelligence,1,1,1,0,0,1,0,0,Bachelor's,33.33,6.9,1.0,2,2,1,0.14,1
285,59,Bachelor's,1.0,1,0,0,0,0,1,0,5,0,1,Data Science,2,0,1,0,0,0,0,0,Master's,0.0,0.5,0.5,2,3,0,0.3,0
227,56,Master's,1.3,1,0,0,0,0,0,0,3,3,0,Machine Learning,2,0,1,1,1,1,1,1,Diploma,0.0,0.65,0.65,3,1,1,0.42,1
507,51,Master's,2.2,0,1,1,0,1,1,0,3,2,0,Machine Learning,5,0,1,1,0,1,0,0,Master's,100.0,0.44000000000000006,0.44,3,3,1,0.28,1
501,16,Bachelor's,1.8,0,0,0,0,0,1,0,0,2,0,AI Engineer,2,1,1,0,1,1,1,0,Master's,20.0,0.9,0.9,2,3,0,0.28,0
212,38,Bachelor's,1.5,0,1,0,0,0,1,0,0,5,1,AI Engineer,2,1,1,1,0,0,0,1,Bachelor's,25.0,0.75,0.75,2,2,1,1.0,1
356,11,Bachelor's,5.2,1,0,0,0,1,0,0,1,9,0,Data Analyst,3,1,1,0,0,1,0,1,Master's,50.0,1.7333333333333334,1.0,2,3,0,0.7,0
701,25,Bachelor's,8.4,1,1,0,0,0,0,1,2,4,1,Data Science,3,1,1,0,0,0,1,0,Bachelor's,66.67,2.8000000000000003,1.0,2,2,1,0.86,1
487,93,Diploma,1.3,1,0,0,0,1,1,0,2,2,0,Data Science,1,0,1,1,0,1,1,0,Bachelor's,50.0,1.3,1.0,1,2,0,0.28,0
321,83,Bachelor's,0.7,0,1,0,0,0,1,0,2,2,1,Business Intelligence,2,0,1,0,0,0,0,0,Bachelor's,100.0,0.35,0.35,2,2,1,0.58,1
663,82,Bachelor's,6.3,1,0,0,1,0,0,0,1,5,0,Data Analyst,3,1,1,1,0,0,0,1,Bachelor's,25.0,2.1,1.0,2,2,1,0.7,1
223,59,Diploma,1.4,1,0,1,0,0,1,0,1,4,0,Data Science,2,0,1,0,0,0,0,0,Master's,0.0,0.7,0.7,1,3,0,0.56,0
640,29,Bachelor's,6.5,0,0,1,0,0,1,0,1,3,0,AI Engineer,0,1,1,1,1,0,1,0,Bachelor's,40.0,1.0,1.0,2,2,1,0.42,1
760,80,Master's,2.0,1,1,1,0,0,1,0,3,3,0,Business Intelligence,2,1,1,0,0,1,1,0,Master's,75.0,1.0,1.0,3,3,1,0.42,1
563,40,Bachelor's,3.8,1,0,1,0,0,1,0,2,3,0,Data Analyst,2,1,0,0,0,1,0,1,Bachelor's,33.33,1.9,1.0,2,2,1,0.42,1
191,8,Diploma,0.2,1,0,1,0,0,1,1,3,3,1,AI Engineer,2,1,0,0,0,0,1,0,Master's,100.0,0.1,0.1,1,3,0,0.72,0
995,98,Bachelor's,3.5,1,0,0,0,1,1,0,6,4,0,Machine Learning,2,1,1,0,1,0,0,0,Bachelor's,33.33,1.75,1.0,2,2,1,0.56,1
500,6,Master's,5.0,1,1,0,0,1,0,0,3,6,0,Data Science,2,0,0,0,0,1,0,0,Diploma,100.0,2.5,1.0,3,1,1,0.7,1
495,45,Bachelor's,2.3,1,1,1,0,1,0,0,2,4,0,Business Intelligence,1,0,0,0,0,0,1,0,Bachelor's,0.0,2.3,1.0,2,2,1,0.56,1
237,53,Bachelor's,5.0,0,0,0,0,0,0,0,1,4,0,Data Science,4,1,0,0,1,0,0,0,Bachelor's,0.0,1.25,1.0,2,2,1,0.56,1
22,94,Bachelor's,0.9,0,0,0,0,1,0,1,1,4,0,Business Intelligence,1,0,1,0,1,0,0,1,Diploma,33.33,0.9,0.9,2,1,1,0.56,1
622,98,Bachelor's,0.2,0,0,1,1,0,1,0,1,4,0,Machine Learning,2,1,1,0,1,0,0,0,Bachelor's,33.33,0.1,0.1,2,2,1,0.56,0
327,21,Bachelor's,0.5,0,1,0,0,1,1,0,2,3,0,Data Science,1,1,1,0,0,0,1,1,Bachelor's,50.0,0.5,0.5,2,2,1,0.42,1
545,57,Bachelor's,8.2,1,1,0,0,0,1,0,2,1,0,Business Intelligence,3,0,1,0,1,0,0,0,Bachelor's,50.0,2.733333333333333,1.0,2,2,1,0.14,1
127,76,Master's,0.2,0,1,1,0,0,1,0,2,2,1,Data Science,0,1,0,0,0,0,1,0,Master's,50.0,1.0,1.0,3,3,1,0.58,1
365,6,Master's,3.3,0,1,0,0,0,1,0,3,4,0,Data Science,2,0,0,0,0,1,0,0,Diploma,0.0,1.65,1.0,3,1,1,0.56,1
868,63,Bachelor's,0.5,0,1,0,0,0,1,0,3,1,0,Business Intelligence,5,1,1,0,0,0,0,0,Diploma,50.0,0.1,0.1,2,1,1,0.14,0
44,6,Master's,2.5,1,0,0,0,0,1,0,3,2,0,Data Science,2,0,0,0,0,1,0,0,Diploma,0.0,1.25,1.0,3,1,1,0.28,0
519,53,Master's,0.7,0,0,0,0,1,0,0,2,4,0,Data Science,4,1,0,0,1,0,0,0,Bachelor's,0.0,0.175,0.18,3,2,1,0.56,1
128,4,Master's,1.3,1,0,1,0,0,1,1,1,1,0,Data Analyst,2,0,1,0,0,0,1,1,Bachelor's,66.67,0.65,0.65,3,2,1,0.14,1
603,9,Bachelor's,0.6,0,0,1,0,0,1,1,0,1,1,Data Analyst,0,1,1,0,0,0,0,0,Master's,0.0,1.0,1.0,2,3,0,0.44,0
130,69,Bachelor's,0.8,1,1,0,1,0,0,0,1,4,0,Data Science,5,1,0,1,0,0,1,0,Bachelor's,33.33,0.16,0.16,2,2,1,0.56,0
529,74,Diploma,4.1,1,1,0,0,0,0,0,6,1,1,Data Science,1,1,1,1,0,0,1,0,Bachelor's,50.0,4.1,1.0,1,2,0,0.44,0
321,72,Bachelor's,0.7,0,1,0,0,0,1,0,2,2,1,Data Science,5,1,0,0,0,0,0,1,Master's,0.0,0.13999999999999999,0.14,2,3,0,0.58,0
186,87,Bachelor's,6.9,0,1,0,1,1,0,0,1,2,0,AI Engineer,1,1,0,0,0,0,0,0,Bachelor's,0.0,6.9,1.0,2,2,1,0.28,1
622,4,Bachelor's,0.2,0,0,1,1,0,1,0,1,4,0,Data Analyst,2,0,1,0,0,0,1,1,Bachelor's,33.33,0.1,0.1,2,2,1,0.56,0
798,58,Bachelor's,0.2,0,0,1,1,0,1,0,2,3,1,Data Analyst,4,1,1,1,1,0,0,0,Bachelor's,50.0,0.05,0.05,2,2,1,0.72,1
982,37,Master's,4.1,1,1,0,0,0,1,0,1,4,1,Data Analyst,0,1,0,0,0,0,0,0,Bachelor's,100.0,1.0,1.0,3,2,1,0.86,1
348,71,Diploma,1.2,1,0,0,0,1,1,0,5,2,0,Data Analyst,2,1,1,0,0,0,0,1,Diploma,33.33,0.6,0.6,1,1,1,0.28,0
481,6,Bachelor's,4.3,1,0,0,1,0,1,0,4,2,0,Data Science,2,0,0,0,0,1,0,0,Diploma,0.0,2.15,1.0,2,1,1,0.28,0
922,51,Bachelor's,0.0,0,0,1,1,0,0,0,2,1,1,Machine Learning,5,0,1,1,0,1,0,0,Master's,33.33,0.0,0.0,2,3,0,0.44,0
675,79,Bachelor's,3.9,0,1,0,1,0,1,0,2,5,0,Data Science,3,1,1,0,0,0,1,0,Bachelor's,66.67,1.3,1.0,2,2,1,0.7,1
959,99,Bachelor's,2.5,1,0,0,1,1,1,0,0,3,0,AI Engineer,2,1,1,0,1,0,0,0,Diploma,66.67,1.25,1.0,2,1,1,0.42,1
587,50,Diploma,3.0,1,0,0,0,0,1,1,1,1,1,AI Engineer,1,1,0,0,0,1,1,0,Master's,66.67,3.0,1.0,1,3,0,0.44,1
711,96,Master's,0.4,0,0,0,0,0,1,1,6,6,1,Business Intelligence,2,1,1,0,1,0,0,0,Master's,0.0,0.2,0.2,3,3,1,1.0,0
924,14,Master's,1.1,1,0,1,0,0,1,1,0,0,0,Data Science,3,1,1,0,0,1,1,0,Bachelor's,50.0,0.3666666666666667,0.37,3,2,1,0.0,0
921,99,Master's,3.0,1,1,1,0,1,0,0,3,1,1,AI Engineer,2,1,1,0,1,0,0,0,Diploma,66.67,1.5,1.0,3,1,1,0.44,1
957,11,Bachelor's,2.6,0,1,0,0,0,0,0,0,2,1,Data Analyst,3,1,1,0,0,1,0,1,Master's,25.0,0.8666666666666667,0.87,2,3,0,0.58,0
361,10,Bachelor's,6.1,1,1,0,0,0,0,1,1,4,0,AI Engineer,5,0,1,0,1,1,0,0,Master's,33.33,1.22,1.0,2,3,0,0.56,0
287,61,Bachelor's,0.2,0,0,1,1,1,1,0,2,1,0,Business Intelligence,2,0,0,1,0,0,1,0,Bachelor's,100.0,0.1,0.1,2,2,1,0.14,1
182,81,Bachelor's,1.0,1,0,1,1,0,1,0,4,0,1,Data Science,2,1,1,0,0,0,0,1,Bachelor's,33.33,0.5,0.5,2,2,1,0.3,0
451,13,Master's,1.7,1,0,0,0,1,1,0,2,2,0,Data Analyst,3,0,1,1,1,0,1,1,Bachelor's,20.0,0.5666666666666667,0.57,3,2,1,0.28,0
97,34,Bachelor's,0.6,0,1,0,1,0,0,0,1,3,1,Machine Learning,2,1,1,0,0,1,0,0,Bachelor's,33.33,0.3,0.3,2,2,1,0.72,1
563,60,Bachelor's,3.8,1,0,1,0,0,1,0,2,3,0,Data Analyst,0,0,1,0,0,0,0,0,Bachelor's,0.0,1.0,1.0,2,2,1,0.42,1
314,51,Master's,4.2,0,0,1,1,0,1,0,2,0,0,Machine Learning,5,0,1,1,0,1,0,0,Master's,33.33,0.8400000000000001,0.84,3,3,1,0.0,1
546,5,Bachelor's,1.7,1,0,1,0,0,1,0,2,4,1,Business Intelligence,4,0,1,0,0,0,1,0,Bachelor's,50.0,0.425,0.42,2,2,1,0.86,1
955,74,Bachelor's,12.0,0,0,0,0,1,0,0,0,1,0,Data Science,1,1,1,1,0,0,1,0,Bachelor's,0.0,12.0,1.0,2,2,1,0.14,1
21,32,Bachelor's,3.0,0,0,0,0,0,1,0,4,5,0,AI Engineer,1,0,0,0,0,1,1,0,Diploma,50.0,3.0,1.0,2,1,1,0.7,1
696,12,Bachelor's,0.2,1,0,1,0,1,0,0,3,1,0,Machine Learning,3,1,1,0,0,1,1,0,Bachelor's,50.0,0.06666666666666667,0.07,2,2,1,0.14,0
805,52,Bachelor's,1.1,1,0,1,0,0,1,0,0,2,0,Business Intelligence,1,1,0,1,0,0,0,0,Bachelor's,100.0,1.1,1.0,2,2,1,0.28,1
576,13,Master's,0.3,0,0,0,0,1,1,0,1,1,1,Data Analyst,3,0,1,1,1,0,1,1,Bachelor's,20.0,0.09999999999999999,0.1,3,2,1,0.44,0
497,85,Bachelor's,2.4,0,1,0,0,0,1,1,0,1,1,Data Science,1,1,0,0,0,0,0,0,Master's,0.0,2.4,1.0,2,3,0,0.44,0
403,54,Bachelor's,0.1,1,1,0,1,0,1,0,3,2,1,Data Analyst,3,1,0,0,0,1,1,0,Bachelor's,66.67,0.03333333333333333,0.03,2,2,1,0.58,1
124,97,Bachelor's,4.1,1,0,1,0,1,0,0,2,3,1,Data Analyst,4,0,0,1,0,1,1,0,Bachelor's,66.67,1.025,1.0,2,2,1,0.72,1
613,54,Bachelor's,1.9,1,0,0,1,0,0,1,2,2,1,Data Analyst,3,1,0,0,0,1,1,0,Bachelor's,33.33,0.6333333333333333,0.63,2,2,1,0.58,1
119,41,Master's,0.8,1,0,0,1,0,0,0,2,4,0,Business Intelligence,2,1,0,0,0,0,1,1,Bachelor's,33.33,0.4,0.4,3,2,1,0.56,1
853,48,Bachelor's,4.9,1,1,1,1,1,0,0,3,4,1,AI Engineer,1,1,1,1,0,1,0,0,Bachelor's,100.0,4.9,1.0,2,2,1,0.86,1
590,51,Bachelor's,3.2,0,0,1,0,1,1,0,2,2,0,Machine Learning,5,0,1,1,0,1,0,0,Master's,66.67,0.64,0.64,2,3,0,0.28,0
970,47,Bachelor's,0.1,1,0,0,1,0,0,0,2,0,1,Data Analyst,0,1,0,0,0,0,0,1,Master's,50.0,1.0,1.0,2,3,0,0.3,1
693,50,Bachelor's,1.3,1,1,0,0,0,1,0,3,4,0,AI Engineer,1,1,0,0,0,1,1,0,Master's,66.67,1.3,1.0,2,3,0,0.56,1
477,76,Diploma,4.1,1,1,0,0,0,0,0,5,3,0,Data Science,0,1,0,0,0,0,1,0,Master's,50.0,1.0,1.0,1,3,0,0.42,1
959,46,Bachelor's,2.5,1,0,0,1,1,1,0,0,3,0,Data Analyst,1,1,1,1,0,0,1,0,Bachelor's,50.0,2.5,1.0,2,2,1,0.42,1
872,99,Bachelor's,0.6,0,0,0,0,0,1,0,3,3,0,AI Engineer,2,1,1,0,1,0,0,0,Diploma,0.0,0.3,0.3,2,1,1,0.42,0
702,100,Diploma,1.4,0,1,0,0,1,0,1,2,3,0,Data Science,5,0,0,0,0,1,0,0,Bachelor's,100.0,0.27999999999999997,0.28,1,2,0,0.42,1
840,38,Bachelor's,0.6,1,1,0,0,1,0,0,5,1,0,AI Engineer,2,1,1,1,0,0,0,1,Bachelor's,50.0,0.3,0.3,2,2,1,0.14,0
103,92,Bachelor's,5.4,1,1,0,0,0,0,0,4,4,1,Machine Learning,3,0,1,0,0,0,1,0,Bachelor's,50.0,1.8,1.0,2,2,1,0.86,1
333,13,Diploma,0.6,0,0,0,0,0,0,1,6,3,1,Data Analyst,3,0,1,1,1,0,1,1,Bachelor's,20.0,0.19999999999999998,0.2,1,2,0,0.72,0
878,76,Bachelor's,1.8,1,1,1,0,0,1,0,2,1,0,Data Science,0,1,0,0,0,0,1,0,Master's,100.0,1.0,1.0,2,3,0,0.14,1
787,22,Bachelor's,2.5,0,1,1,0,1,1,0,2,8,1,Data Analyst,2,1,1,0,0,0,1,0,Master's,66.67,1.25,1.0,2,3,0,1.0,1
459,2,Diploma,0.6,1,1,0,1,0,1,1,3,2,1,Machine Learning,4,1,1,1,0,0,1,0,Diploma,75.0,0.15,0.15,1,1,1,0.58,1
130,93,Bachelor's,0.8,1,1,0,1,0,0,0,1,4,0,Data Science,1,0,1,1,0,1,1,0,Bachelor's,25.0,0.8,0.8,2,2,1,0.56,1
753,77,Bachelor's,0.0,1,0,1,0,0,1,0,0,3,1,Data Analyst,0,0,1,0,0,0,0,1,Bachelor's,0.0,1.0,1.0,2,2,1,0.72,1
134,99,Bachelor's,0.6,1,1,0,0,0,1,0,2,4,0,AI Engineer,2,1,1,0,1,0,0,0,Diploma,66.67,0.3,0.3,2,1,1,0.56,0
157,13,Bachelor's,0.4,1,1,0,0,1,1,0,1,3,1,Data Analyst,3,0,1,1,1,0,1,1,Bachelor's,40.0,0.13333333333333333,0.13,2,2,1,0.72,1
425,57,Diploma,10.8,1,1,0,0,0,1,0,2,3,1,Business Intelligence,3,0,1,0,1,0,0,0,Bachelor's,50.0,3.6,1.0,1,2,0,0.72,1
435,34,Diploma,0.4,0,1,0,0,1,1,1,3,4,0,Machine Learning,2,1,1,0,0,1,0,0,Bachelor's,66.67,0.2,0.2,1,2,0,0.56,0
389,19,Master's,8.8,0,0,0,0,0,1,0,1,1,0,Business Intelligence,5,1,0,0,0,0,0,1,Bachelor's,0.0,1.7600000000000002,1.0,3,2,1,0.14,0
937,9,Diploma,0.8,0,0,1,0,0,1,0,5,4,0,Data Analyst,0,1,1,0,0,0,0,0,Master's,0.0,1.0,1.0,1,3,0,0.56,0
318,95,Bachelor's,3.3,1,0,0,1,0,0,0,3,3,0,AI Engineer,3,1,1,1,0,1,1,0,Bachelor's,20.0,1.0999999999999999,1.0,2,2,1,0.42,0
670,33,Bachelor's,4.3,1,0,1,0,0,1,1,0,3,0,AI Engineer,3,0,1,0,0,0,0,0,Bachelor's,0.0,1.4333333333333333,1.0,2,2,1,0.42,1
505,27,Bachelor's,1.2,1,1,0,0,0,1,0,3,3,0,Data Science,3,0,1,0,0,1,0,0,Master's,50.0,0.39999999999999997,0.4,2,3,0,0.42,0
871,45,Bachelor's,4.3,0,0,0,0,0,0,1,2,1,0,Business Intelligence,1,0,0,0,0,0,1,0,Bachelor's,0.0,4.3,1.0,2,2,1,0.14,0
190,2,Bachelor's,3.1,0,1,1,0,0,0,0,0,5,0,Machine Learning,4,1,1,1,0,0,1,0,Diploma,50.0,0.775,0.78,2,1,1,0.7,1
612,79,Master's,2.6,1,0,0,0,1,1,1,2,1,1,Data Science,3,1,1,0,0,0,1,0,Bachelor's,66.67,0.8666666666666667,0.87,3,2,1,0.44,1
411,83,Bachelor's,0.6,0,0,0,0,0,1,0,3,3,1,Business Intelligence,2,0,1,0,0,0,0,0,Bachelor's,0.0,0.3,0.3,2,2,1,0.72,0
946,57,Diploma,1.8,1,0,1,0,1,1,1,0,3,0,Business Intelligence,3,0,1,0,1,0,0,0,Bachelor's,0.0,0.6,0.6,1,2,0,0.42,0
978,95,Diploma,1.4,1,1,0,0,1,0,0,8,1,0,AI Engineer,3,1,1,1,0,1,1,0,Bachelor's,60.0,0.4666666666666666,0.47,1,2,0,0.14,1
52,57,Master's,1.9,1,0,1,1,1,1,0,5,5,1,Business Intelligence,3,0,1,0,1,0,0,0,Bachelor's,50.0,0.6333333333333333,0.63,3,2,1,1.0,1
561,16,Master's,1.1,0,0,1,0,0,0,0,1,5,0,AI Engineer,2,1,1,0,1,1,1,0,Master's,0.0,0.55,0.55,3,3,1,0.7,0
446,79,Master's,0.5,1,1,1,0,0,0,0,2,2,1,Data Science,3,1,1,0,0,0,1,0,Bachelor's,66.67,0.16666666666666666,0.17,3,2,1,0.58,1
612,6,Master's,2.6,1,0,0,0,1,1,1,2,1,1,Data Science,2,0,0,0,0,1,0,0,Diploma,100.0,1.3,1.0,3,1,1,0.44,1
444,14,Bachelor's,1.5,0,1,0,1,0,0,0,1,3,0,Data Science,3,1,1,0,0,1,1,0,Bachelor's,25.0,0.5,0.5,2,2,1,0.42,0
382,27,Bachelor's,1.2,0,0,0,0,0,1,0,0,3,1,Data Science,3,0,1,0,0,1,0,0,Master's,0.0,0.39999999999999997,0.4,2,3,0,0.72,0
763,38,Bachelor's,0.3,0,1,1,1,0,1,0,2,1,0,AI Engineer,2,1,1,1,0,0,0,1,Bachelor's,50.0,0.15,0.15,2,2,1,0.14,1
374,19,Bachelor's,1.7,1,1,0,1,1,0,0,6,4,0,Business Intelligence,5,1,0,0,0,0,0,1,Bachelor's,50.0,0.33999999999999997,0.34,2,2,1,0.56,0
976,37,Bachelor's,7.1,1,1,0,1,0,1,0,1,4,1,Data Analyst,0,1,0,0,0,0,0,0,Bachelor's,100.0,1.0,1.0,2,2,1,0.86,1
566,4,Bachelor's,1.4,1,1,1,0,0,0,0,4,4,0,Data Analyst,2,0,1,0,0,0,1,1,Bachelor's,33.33,0.7,0.7,2,2,1,0.56,0
375,58,Diploma,0.7,0,1,0,0,0,1,0,2,3,0,Data Analyst,4,1,1,1,1,0,0,0,Bachelor's,25.0,0.175,0.18,1,2,0,0.42,0
389,90,Master's,8.8,0,0,0,0,0,1,0,1,1,0,Data Science,0,1,1,0,1,0,1,1,Bachelor's,20.0,1.0,1.0,3,2,1,0.14,1
649,9,Master's,3.8,1,1,1,0,0,1,0,5,1,0,Data Analyst,0,1,1,0,0,0,0,0,Master's,100.0,1.0,1.0,3,3,1,0.14,1
674,40,Bachelor's,4.1,1,0,0,0,0,1,0,1,2,1,Data Analyst,2,1,0,0,0,1,0,1,Bachelor's,33.33,2.05,1.0,2,2,1,0.58,1
866,15,Bachelor's,6.9,0,0,0,0,0,0,0,2,7,1,AI Engineer,0,1,1,1,0,0,1,1,Master's,0.0,1.0,1.0,2,3,0,1.0,0
804,4,Bachelor's,0.9,0,1,0,1,0,1,1,4,2,1,Data Analyst,2,0,1,0,0,0,1,1,Bachelor's,100.0,0.45,0.45,2,2,1,0.58,1
479,90,Master's,4.0,1,0,0,1,0,0,0,7,1,1,Data Science,0,1,1,0,1,0,1,1,Bachelor's,40.0,1.0,1.0,3,2,1,0.44,1
404,52,Master's,3.3,1,0,0,0,1,1,0,4,3,0,Business Intelligence,1,1,0,1,0,0,0,0,Bachelor's,50.0,3.3,1.0,3,2,1,0.42,1
593,18,Bachelor's,0.3,0,1,0,0,0,0,0,4,2,1,Data Analyst,0,1,1,0,0,1,0,0,Diploma,33.33,1.0,1.0,2,1,1,0.58,1
468,53,Master's,1.3,1,1,0,1,0,0,0,2,4,1,Data Science,4,1,0,0,1,0,0,0,Bachelor's,100.0,0.325,0.32,3,2,1,0.86,1
732,59,Master's,2.4,1,1,0,0,0,1,0,2,2,0,Data Science,2,0,1,0,0,0,0,0,Master's,100.0,1.2,1.0,3,3,1,0.28,1
597,99,Bachelor's,0.8,1,0,1,0,0,1,0,2,3,0,AI Engineer,2,1,1,0,1,0,0,0,Diploma,33.33,0.4,0.4,2,1,1,0.42,0
505,54,Bachelor's,1.2,1,1,0,0,0,1,0,3,3,0,Data Analyst,3,1,0,0,0,1,1,0,Bachelor's,66.67,0.39999999999999997,0.4,2,2,1,0.42,1
83,41,Bachelor's,1.4,1,0,0,1,0,1,0,0,3,1,Business Intelligence,2,1,0,0,0,0,1,1,Bachelor's,66.67,0.7,0.7,2,2,1,0.72,1
319,60,Bachelor's,0.2,1,1,0,0,0,1,1,1,5,0,Data Analyst,0,0,1,0,0,0,0,0,Bachelor's,100.0,1.0,1.0,2,2,1,0.7,1
67,93,Bachelor's,0.7,1,0,0,0,0,1,0,1,3,0,Data Science,1,0,1,1,0,1,1,0,Bachelor's,25.0,0.7,0.7,2,2,1,0.42,0
414,88,Bachelor's,0.1,1,0,0,0,0,0,0,1,6,0,Data Analyst,0,1,1,1,0,0,1,1,Diploma,20.0,1.0,1.0,2,1,1,0.7,1
453,4,Bachelor's,5.1,0,1,1,0,0,1,0,5,2,0,Data Analyst,2,0,1,0,0,0,1,1,Bachelor's,66.67,2.55,1.0,2,2,1,0.28,1
746,85,Master's,1.6,0,0,0,0,1,1,0,3,3,1,Data Science,1,1,0,0,0,0,0,0,Master's,0.0,1.6,1.0,3,3,1,0.72,0
198,39,Master's,8.7,0,1,0,0,1,0,0,0,1,1,Data Science,0,1,0,0,1,0,1,1,Master's,0.0,1.0,1.0,3,3,1,0.44,0
259,7,Bachelor's,0.2,1,0,0,0,1,0,0,3,5,1,AI Engineer,2,1,0,0,0,1,0,0,Bachelor's,100.0,0.1,0.1,2,2,1,1.0,1
689,23,Master's,2.3,1,0,0,0,0,1,0,2,2,0,AI Engineer,4,1,0,0,0,1,1,0,Bachelor's,66.67,0.575,0.57,3,2,1,0.28,1
298,85,Bachelor's,0.3,1,0,0,0,0,1,0,1,5,1,Data Science,1,1,0,0,0,0,0,0,Master's,100.0,0.3,0.3,2,3,0,1.0,1
280,63,Master's,1.7,1,1,0,0,0,0,0,4,3,0,Business Intelligence,5,1,1,0,0,0,0,0,Diploma,100.0,0.33999999999999997,0.34,3,1,1,0.42,1
300,65,Diploma,3.1,1,1,0,0,0,0,1,1,7,0,Machine Learning,0,1,1,1,0,0,1,0,Master's,50.0,1.0,1.0,1,3,0,0.7,1
129,41,Diploma,1.2,0,1,0,0,0,1,1,1,1,0,Business Intelligence,2,1,0,0,0,0,1,1,Bachelor's,66.67,0.6,0.6,1,2,0,0.14,0
498,89,Diploma,1.6,0,1,0,1,0,0,0,0,1,0,Machine Learning,2,0,0,0,0,1,1,0,Bachelor's,0.0,0.8,0.8,1,2,0,0.14,0
883,95,Diploma,2.5,1,1,1,0,0,1,0,1,5,0,AI Engineer,3,1,1,1,0,1,1,0,Bachelor's,80.0,0.8333333333333334,0.83,1,2,0,0.7,1
438,44,Master's,3.0,1,1,1,1,0,1,0,1,4,1,Business Intelligence,1,1,1,0,0,1,0,0,Bachelor's,66.67,3.0,1.0,3,2,1,0.86,1
692,45,Bachelor's,1.7,0,1,0,0,0,0,0,4,2,1,Business Intelligence,1,0,0,0,0,0,1,0,Bachelor's,0.0,1.7,1.0,2,2,1,0.58,0
292,69,Diploma,0.4,1,1,0,0,0,1,0,3,3,1,Data Science,5,1,0,1,0,0,1,0,Bachelor's,66.67,0.08,0.08,1,2,0,0.72,0
207,95,Bachelor's,2.9,1,1,0,1,0,1,0,1,2,1,AI Engineer,3,1,1,1,0,1,1,0,Bachelor's,60.0,0.9666666666666667,0.97,2,2,1,0.58,1
294,51,Bachelor's,2.9,1,1,1,0,0,1,0,2,1,0,Machine Learning,5,0,1,1,0,1,0,0,Master's,66.67,0.58,0.58,2,3,0,0.14,1
940,65,Bachelor's,0.2,1,0,1,0,0,1,0,4,1,1,Machine Learning,0,1,1,1,0,0,1,0,Master's,75.0,1.0,1.0,2,3,0,0.44,1
850,54,Bachelor's,2.6,1,0,0,0,0,1,0,3,4,1,Data Analyst,3,1,0,0,0,1,1,0,Bachelor's,66.67,0.8666666666666667,0.87,2,2,1,0.86,1
983,56,Bachelor's,1.5,0,0,1,1,1,0,0,1,4,1,Machine Learning,2,0,1,1,1,1,1,1,Diploma,50.0,0.75,0.75,2,1,1,0.86,1
687,94,Bachelor's,6.4,1,1,0,0,0,0,0,4,2,1,Business Intelligence,1,0,1,0,1,0,0,1,Diploma,33.33,6.4,1.0,2,1,1,0.58,0
29,82,Bachelor's,1.0,1,1,1,0,1,1,0,2,1,1,Data Analyst,3,1,1,1,0,0,0,1,Bachelor's,75.0,0.3333333333333333,0.33,2,2,1,0.44,1
179,72,Master's,3.6,0,1,0,0,0,1,0,5,6,0,Data Science,5,1,0,0,0,0,0,1,Master's,0.0,0.72,0.72,3,3,1,0.7,0
41,90,Bachelor's,1.9,0,0,1,1,0,0,1,7,3,0,Data Science,0,1,1,0,1,0,1,1,Bachelor's,40.0,1.0,1.0,2,2,1,0.42,1
470,40,Master's,3.8,1,0,1,0,1,1,0,2,5,1,Data Analyst,2,1,0,0,0,1,0,1,Bachelor's,66.67,1.9,1.0,3,2,1,1.0,1
192,58,Master's,2.2,0,1,1,0,0,1,0,3,3,1,Data Analyst,4,1,1,1,1,0,0,0,Bachelor's,50.0,0.55,0.55,3,2,1,0.72,1
344,15,Bachelor's,3.2,1,0,1,0,1,1,0,1,3,1,AI Engineer,0,1,1,1,0,0,1,1,Master's,60.0,1.0,1.0,2,3,0,0.72,0
749,19,Master's,3.6,0,0,0,1,1,1,0,0,1,1,Business Intelligence,5,1,0,0,0,0,0,1,Bachelor's,0.0,0.72,0.72,3,2,1,0.44,0
816,10,Bachelor's,8.6,0,1,1,0,0,1,0,1,3,1,AI Engineer,5,0,1,0,1,1,0,0,Master's,33.33,1.72,1.0,2,3,0,0.72,0
973,88,Master's,0.8,0,0,0,1,0,1,0,0,2,1,Data Analyst,0,1,1,1,0,0,1,1,Diploma,20.0,1.0,1.0,3,1,1,0.58,0
737,16,Bachelor's,1.5,0,1,0,0,1,0,0,1,2,0,AI Engineer,2,1,1,0,1,1,1,0,Master's,40.0,0.75,0.75,2,3,0,0.28,0
626,43,Bachelor's,2.9,0,0,1,1,0,0,0,0,1,0,AI Engineer,3,1,0,0,0,0,0,0,Bachelor's,0.0,0.9666666666666667,0.97,2,2,1,0.14,0
278,31,Bachelor's,10.8,1,0,0,0,0,1,0,0,3,1,AI Engineer,1,1,0,1,1,0,0,0,Master's,33.33,10.8,1.0,2,3,0,0.72,1
355,16,Diploma,1.7,0,0,0,0,1,1,0,2,3,0,AI Engineer,2,1,1,0,1,1,1,0,Master's,40.0,0.85,0.85,1,3,0,0.42,1
529,80,Diploma,4.1,1,1,0,0,0,0,0,6,1,1,Business Intelligence,2,1,1,0,0,1,1,0,Master's,50.0,2.05,1.0,1,3,0,0.44,0
86,28,Bachelor's,1.6,1,1,0,0,0,1,0,1,2,0,Data Science,1,0,1,0,1,1,0,0,Bachelor's,33.33,1.6,1.0,2,2,1,0.28,1
901,62,Bachelor's,2.0,1,0,0,0,0,1,0,3,6,1,Machine Learning,1,1,1,1,0,0,0,1,Diploma,25.0,2.0,1.0,2,1,1,1.0,1
317,20,Bachelor's,1.9,1,0,1,0,1,1,1,3,4,0,Data Analyst,2,1,1,0,0,1,0,0,Bachelor's,66.67,0.95,0.95,2,2,1,0.56,1
857,35,Diploma,3.5,1,0,0,0,0,1,0,1,5,1,Data Science,0,0,0,0,0,0,1,0,Master's,100.0,1.0,1.0,1,3,0,1.0,1
902,59,Diploma,0.0,0,0,0,0,0,1,1,2,4,0,Data Science,2,0,1,0,0,0,0,0,Master's,0.0,0.0,0.0,1,3,0,0.56,0
693,9,Bachelor's,1.3,1,1,0,0,0,1,0,3,4,0,Data Analyst,0,1,1,0,0,0,0,0,Master's,100.0,1.0,1.0,2,3,0,0.56,1
337,10,Master's,0.6,1,1,0,0,0,1,1,1,4,0,AI Engineer,5,0,1,0,1,1,0,0,Master's,33.33,0.12,0.12,3,3,1,0.56,0
863,45,Bachelor's,0.5,0,0,0,0,1,1,1,0,3,1,Business Intelligence,1,0,0,0,0,0,1,0,Bachelor's,100.0,0.5,0.5,2,2,1,0.72,1
145,82,Bachelor's,0.8,1,0,1,0,1,0,1,3,4,0,Data Analyst,3,1,1,1,0,0,0,1,Bachelor's,75.0,0.26666666666666666,0.27,2,2,1,0.56,0
315,15,Master's,1.5,0,0,1,0,0,1,0,1,2,1,AI Engineer,0,1,1,1,0,0,1,1,Master's,40.0,1.0,1.0,3,3,1,0.58,1
225,30,Bachelor's,1.4,1,0,0,0,0,0,0,2,4,0,Data Analyst,1,1,1,0,1,1,0,0,Bachelor's,25.0,1.4,1.0,2,2,1,0.56,1
423,48,Diploma,0.1,0,1,0,1,0,1,0,1,5,1,AI Engineer,1,1,1,1,0,1,0,0,Bachelor's,25.0,0.1,0.1,1,2,0,1.0,0
54,96,Master's,4.0,0,0,0,0,0,1,0,1,3,1,Business Intelligence,2,1,1,0,1,0,0,0,Master's,0.0,2.0,1.0,3,3,1,0.72,1
894,40,Bachelor's,0.6,0,0,0,0,0,1,0,1,2,1,Data Analyst,2,1,0,0,0,1,0,1,Bachelor's,0.0,0.3,0.3,2,2,1,0.58,0
944,91,Master's,3.1,0,0,0,1,0,1,1,1,5,0,AI Engineer,5,0,1,0,1,1,1,1,Diploma,60.0,0.62,0.62,3,1,1,0.7,1
933,91,Master's,2.1,1,1,1,0,0,1,0,1,6,1,AI Engineer,5,0,1,0,1,1,1,1,Diploma,40.0,0.42000000000000004,0.42,3,1,1,1.0,1
816,83,Bachelor's,8.6,0,1,1,0,0,1,0,1,3,1,Business Intelligence,2,0,1,0,0,0,0,0,Bachelor's,100.0,4.3,1.0,2,2,1,0.72,1
68,74,Master's,0.3,1,1,1,0,0,1,0,4,4,1,Data Science,1,1,1,1,0,0,1,0,Bachelor's,100.0,0.3,0.3,3,2,1,0.86,1
619,44,Master's,2.0,0,1,0,0,0,0,0,1,5,0,Business Intelligence,1,1,1,0,0,1,0,0,Bachelor's,33.33,2.0,1.0,3,2,1,0.7,0
334,46,Bachelor's,12.0,0,0,0,0,0,1,0,1,1,1,Data Analyst,1,1,1,1,0,0,1,0,Bachelor's,25.0,12.0,1.0,2,2,1,0.44,1
77,6,Master's,1.2,1,1,0,0,0,1,0,5,3,0,Data Science,2,0,0,0,0,1,0,0,Diploma,0.0,0.6,0.6,3,1,1,0.42,0
539,24,Bachelor's,0.5,0,1,0,0,0,1,0,0,0,0,Machine Learning,2,1,1,0,1,0,1,0,Master's,50.0,0.25,0.25,2,3,0,0.0,0
856,73,Bachelor's,0.7,1,0,0,1,0,1,0,5,2,1,AI Engineer,1,0,0,0,0,0,1,0,Master's,100.0,0.7,0.7,2,3,0,0.58,1
155,91,Master's,2.4,1,0,0,0,0,1,0,3,6,0,AI Engineer,5,0,1,0,1,1,1,1,Diploma,20.0,0.48,0.48,3,1,1,0.7,1
72,7,Bachelor's,0.7,1,1,1,0,0,1,0,2,0,0,AI Engineer,2,1,0,0,0,1,0,0,Bachelor's,50.0,0.35,0.35,2,2,1,0.0,0
501,6,Bachelor's,1.8,0,0,0,0,0,1,0,0,2,0,Data Science,2,0,0,0,0,1,0,0,Diploma,0.0,0.9,0.9,2,1,1,0.28,0
447,33,Master's,2.9,1,1,0,0,1,1,0,1,2,1,AI Engineer,3,0,1,0,0,0,0,0,Bachelor's,100.0,0.9666666666666667,0.97,3,2,1,0.58,1
692,85,Bachelor's,1.7,0,1,0,0,0,0,0,4,2,1,Data Science,1,1,0,0,0,0,0,0,Master's,0.0,1.7,1.0,2,3,0,0.58,0
559,38,Master's,4.6,1,0,1,0,1,1,0,3,1,0,AI Engineer,2,1,1,1,0,0,0,1,Bachelor's,50.0,2.3,1.0,3,2,1,0.14,1
754,44,Bachelor's,0.7,1,1,0,1,0,1,0,0,3,1,Business Intelligence,1,1,1,0,0,1,0,0,Bachelor's,66.67,0.7,0.7,2,2,1,0.72,1
359,17,Master's,0.8,1,1,0,1,1,1,0,0,7,1,AI Engineer,4,1,0,1,0,1,0,0,Bachelor's,66.67,0.2,0.2,3,2,1,1.0,1
277,31,Master's,0.7,0,1,0,0,0,1,0,1,1,1,AI Engineer,1,1,0,1,1,0,0,0,Master's,0.0,0.7,0.7,3,3,1,0.44,0
883,37,Diploma,2.5,1,1,1,0,0,1,0,1,5,0,Data Analyst,0,1,0,0,0,0,0,0,Bachelor's,100.0,1.0,1.0,1,2,0,0.7,1
313,11,Diploma,2.0,1,1,0,1,0,1,0,2,1,0,Data Analyst,3,1,1,0,0,1,0,1,Master's,50.0,0.6666666666666666,0.67,1,3,0,0.14,0
105,92,Master's,12.0,0,0,0,0,0,1,1,3,6,1,Machine Learning,3,0,1,0,0,0,1,0,Bachelor's,50.0,4.0,1.0,3,2,1,1.0,1
971,5,Bachelor's,0.1,1,1,0,1,0,0,0,0,1,1,Business Intelligence,4,0,1,0,0,0,1,0,Bachelor's,50.0,0.025,0.02,2,2,1,0.44,0
95,64,Master's,0.7,1,0,0,0,0,1,0,5,5,1,AI Engineer,3,1,0,1,0,0,1,0,Bachelor's,66.67,0.2333333333333333,0.23,3,2,1,1.0,1
219,76,Bachelor's,2.7,0,1,1,0,0,0,0,1,2,1,Data Science,0,1,0,0,0,0,1,0,Master's,0.0,1.0,1.0,2,3,0,0.58,0
682,3,Bachelor's,9.3,0,0,0,0,0,1,1,1,1,0,AI Engineer,3,0,1,1,0,0,0,0,Diploma,0.0,3.1,1.0,2,1,1,0.14,0
878,56,Bachelor's,1.8,1,1,1,0,0,1,0,2,1,0,Machine Learning,2,0,1,1,1,1,1,1,Diploma,50.0,0.9,0.9,2,1,1,0.14,1
944,63,Master's,3.1,0,0,0,1,0,1,1,1,5,0,Business Intelligence,5,1,1,0,0,0,0,0,Diploma,0.0,0.62,0.62,3,1,1,0.7,0
795,38,Diploma,0.1,1,0,0,0,0,0,0,1,4,0,AI Engineer,2,1,1,1,0,0,0,1,Bachelor's,25.0,0.05,0.05,1,2,0,0.56,0
128,54,Master's,1.3,1,0,1,0,0,1,1,1,1,0,Data Analyst,3,1,0,0,0,1,1,0,Bachelor's,66.67,0.43333333333333335,0.43,3,2,1,0.14,1
200,2,Master's,0.3,1,0,0,0,0,0,0,2,2,1,Machine Learning,4,1,1,1,0,0,1,0,Diploma,25.0,0.075,0.08,3,1,1,0.58,0
929,90,Bachelor's,2.6,0,1,1,0,0,0,0,0,3,1,Data Science,0,1,1,0,1,0,1,1,Bachelor's,20.0,1.0,1.0,2,2,1,0.72,0
332,2,Master's,3.2,1,1,0,0,1,0,0,2,4,1,Machine Learning,4,1,1,1,0,0,1,0,Diploma,50.0,0.8,0.8,3,1,1,0.86,1
547,12,Bachelor's,4.1,1,0,0,0,0,0,1,1,4,1,Machine Learning,3,1,1,0,0,1,1,0,Bachelor's,25.0,1.3666666666666665,1.0,2,2,1,0.86,1
866,40,Bachelor's,6.9,0,0,0,0,0,0,0,2,7,1,Data Analyst,2,1,0,0,0,1,0,1,Bachelor's,0.0,3.45,1.0,2,2,1,1.0,0
656,2,Bachelor's,6.9,1,0,0,0,0,0,0,2,4,1,Machine Learning,4,1,1,1,0,0,1,0,Diploma,25.0,1.725,1.0,2,1,1,0.86,1
292,80,Diploma,0.4,1,1,0,0,0,1,0,3,3,1,Business Intelligence,2,1,1,0,0,1,1,0,Master's,75.0,0.2,0.2,1,3,0,0.72,1
66,94,Bachelor's,3.3,0,0,0,0,1,0,0,6,4,1,Business Intelligence,1,0,1,0,1,0,0,1,Diploma,0.0,3.3,1.0,2,1,1,0.86,0
972,57,Master's,4.5,1,1,1,0,0,0,0,1,0,1,Business Intelligence,3,0,1,0,1,0,0,0,Bachelor's,50.0,1.5,1.0,3,2,1,0.3,1
731,47,Bachelor's,0.9,0,0,0,1,0,1,0,2,2,0,Data Analyst,0,1,0,0,0,0,0,1,Master's,0.0,1.0,1.0,2,3,0,0.28,0
568,36,Bachelor's,0.3,1,1,0,0,0,1,1,2,2,0,Business Intelligence,0,0,1,1,0,1,1,0,Master's,50.0,1.0,1.0,2,3,0,0.28,1
657,4,Bachelor's,2.0,0,0,1,0,0,0,0,2,4,1,Data Analyst,2,0,1,0,0,0,1,1,Bachelor's,0.0,1.0,1.0,2,2,1,0.86,1
404,75,Master's,3.3,1,0,0,0,1,1,0,4,3,0,AI Engineer,2,0,1,1,0,1,1,0,Master's,50.0,1.65,1.0,3,3,1,0.42,1
725,24,Bachelor's,2.9,1,0,0,0,0,0,1,3,1,1,Machine Learning,2,1,1,0,1,0,1,0,Master's,25.0,1.45,1.0,2,3,0,0.44,0
606,82,Bachelor's,1.8,1,0,1,0,0,0,0,2,2,0,Data Analyst,3,1,1,1,0,0,0,1,Bachelor's,50.0,0.6,0.6,2,2,1,0.28,1
618,91,Bachelor's,2.7,1,1,1,0,0,0,0,2,2,1,AI Engineer,5,0,1,0,1,1,1,1,Diploma,20.0,0.54,0.54,2,1,1,0.58,0
596,62,Bachelor's,2.2,0,1,0,0,0,0,0,1,10,1,Machine Learning,1,1,1,1,0,0,0,1,Diploma,25.0,2.2,1.0,2,1,1,1.0,1
648,2,Bachelor's,4.4,1,0,0,0,1,1,0,2,1,0,Machine Learning,4,1,1,1,0,0,1,0,Diploma,50.0,1.1,1.0,2,1,1,0.14,1
146,15,Diploma,5.3,0,0,0,1,0,0,0,2,4,0,AI Engineer,0,1,1,1,0,0,1,1,Master's,0.0,1.0,1.0,1,3,0,0.56,0
761,75,Bachelor's,1.5,1,0,0,1,0,0,0,1,3,1,AI Engineer,2,0,1,1,0,1,1,0,Master's,0.0,0.75,0.75,2,3,0,0.72,0
530,91,Master's,1.9,0,0,0,0,1,1,0,2,4,0,AI Engineer,5,0,1,0,1,1,1,1,Diploma,40.0,0.38,0.38,3,1,1,0.56,1
402,49,Master's,0.5,1,0,0,1,1,0,1,0,2,0,Data Science,4,1,1,0,0,0,0,0,Diploma,50.0,0.125,0.12,3,1,1,0.28,0
125,87,Bachelor's,2.7,0,1,1,1,1,1,0,0,1,1,AI Engineer,1,1,0,0,0,0,0,0,Bachelor's,0.0,2.7,1.0,2,2,1,0.44,0
514,35,Master's,0.0,1,1,0,0,1,1,0,3,2,0,Data Science,0,0,0,0,0,0,1,0,Master's,100.0,1.0,1.0,3,3,1,0.28,1
332,94,Master's,3.2,1,1,0,0,1,0,0,2,4,1,Business Intelligence,1,0,1,0,1,0,0,1,Diploma,33.33,3.2,1.0,3,1,1,0.86,0
480,47,Bachelor's,1.4,0,0,0,0,0,1,1,1,1,0,Data Analyst,0,1,0,0,0,0,0,1,Master's,50.0,1.0,1.0,2,3,0,0.14,1
712,24,Bachelor's,0.2,1,1,0,1,0,1,0,2,6,0,Machine Learning,2,1,1,0,1,0,1,0,Master's,100.0,0.1,0.1,2,3,0,0.7,0
947,83,Bachelor's,1.5,1,1,0,0,0,0,0,0,4,0,Business Intelligence,2,0,1,0,0,0,0,0,Bachelor's,100.0,0.75,0.75,2,2,1,0.56,1
650,60,Bachelor's,3.1,1,1,0,0,1,1,0,4,5,1,Data Analyst,0,0,1,0,0,0,0,0,Bachelor's,100.0,1.0,1.0,2,2,1,1.0,1
715,93,Bachelor's,0.1,1,1,0,0,1,1,1,0,2,1,Data Science,1,0,1,1,0,1,1,0,Bachelor's,75.0,0.1,0.1,2,2,1,0.58,1
398,77,Bachelor's,0.7,1,1,0,0,0,0,0,1,2,1,Data Analyst,0,0,1,0,0,0,0,1,Bachelor's,50.0,1.0,1.0,2,2,1,0.58,1
794,48,Bachelor's,2.9,1,1,0,1,0,0,0,0,2,0,AI Engineer,1,1,1,1,0,1,0,0,Bachelor's,50.0,2.9,1.0,2,2,1,0.28,1
815,23,Master's,0.2,0,0,1,0,0,1,0,2,2,1,AI Engineer,4,1,0,0,0,1,1,0,Bachelor's,33.33,0.05,0.05,3,2,1,0.58,1
30,12,Diploma,4.4,0,1,0,0,0,1,1,2,2,1,Machine Learning,3,1,1,0,0,1,1,0,Bachelor's,50.0,1.4666666666666668,1.0,1,2,0,0.58,1
56,41,Master's,1.1,0,1,0,0,0,1,0,0,1,1,Business Intelligence,2,1,0,0,0,0,1,1,Bachelor's,33.33,0.55,0.55,3,2,1,0.44,0
132,51,Bachelor's,1.7,1,1,0,0,1,1,0,2,3,1,Machine Learning,5,0,1,1,0,1,0,0,Master's,66.67,0.33999999999999997,0.34,2,3,0,0.72,1
231,23,Master's,5.6,0,1,1,0,0,1,0,4,2,1,AI Engineer,4,1,0,0,0,1,1,0,Bachelor's,33.33,1.4,1.0,3,2,1,0.58,1
395,31,Bachelor's,1.0,0,1,1,0,1,1,0,1,2,1,AI Engineer,1,1,0,1,1,0,0,0,Master's,33.33,1.0,1.0,2,3,0,0.58,0
152,21,Bachelor's,4.5,1,0,0,0,0,1,1,4,4,0,Data Science,1,1,1,0,0,0,1,1,Bachelor's,75.0,4.5,1.0,2,2,1,0.56,1
502,24,Bachelor's,1.6,0,1,0,0,0,0,0,2,8,0,Machine Learning,2,1,1,0,1,0,1,0,Master's,25.0,0.8,0.8,2,3,0,0.7,0
982,72,Master's,4.1,1,1,0,0,0,1,0,1,4,1,Data Science,5,1,0,0,0,0,0,1,Master's,50.0,0.82,0.82,3,3,1,0.86,1
963,9,Bachelor's,4.6,1,0,0,0,1,1,0,7,3,1,Data Analyst,0,1,1,0,0,0,0,0,Master's,50.0,1.0,1.0,2,3,0,0.72,1
933,22,Master's,2.1,1,1,1,0,0,1,0,1,6,1,Data Analyst,2,1,1,0,0,0,1,0,Master's,100.0,1.05,1.0,3,3,1,1.0,1
506,4,Bachelor's,1.3,1,1,0,0,1,0,0,1,2,0,Data Analyst,2,0,1,0,0,0,1,1,Bachelor's,33.33,0.65,0.65,2,2,1,0.28,0
386,77,Master's,1.0,0,1,0,0,0,1,0,1,2,0,Data Analyst,0,0,1,0,0,0,0,1,Bachelor's,50.0,1.0,1.0,3,2,1,0.28,1
908,98,Bachelor's,1.1,1,0,0,1,1,0,0,3,4,0,Machine Learning,2,1,1,0,1,0,0,0,Bachelor's,66.67,0.55,0.55,2,2,1,0.56,1
533,3,Master's,3.1,1,0,0,0,1,1,0,4,4,1,AI Engineer,3,0,1,1,0,0,0,0,Diploma,0.0,1.0333333333333334,1.0,3,1,1,0.86,0
965,28,Bachelor's,2.1,0,0,0,0,0,1,0,3,0,1,Data Science,1,0,1,0,1,1,0,0,Bachelor's,0.0,2.1,1.0,2,2,1,0.3,0
967,90,Master's,0.5,0,0,1,1,1,1,0,1,4,0,Data Science,0,1,1,0,1,0,1,1,Bachelor's,40.0,1.0,1.0,3,2,1,0.56,1
448,98,Master's,4.6,1,1,1,0,0,1,1,3,3,1,Machine Learning,2,1,1,0,1,0,0,0,Bachelor's,66.67,2.3,1.0,3,2,1,0.72,1
580,15,Bachelor's,2.0,0,0,0,0,0,0,0,1,4,0,AI Engineer,0,1,1,1,0,0,1,1,Master's,0.0,1.0,1.0,2,3,0,0.56,0
126,8,Bachelor's,2.0,0,1,1,0,1,1,0,2,0,1,AI Engineer,2,1,0,0,0,0,1,0,Master's,50.0,1.0,1.0,2,3,0,0.3,0
555,48,Master's,0.6,1,0,0,1,1,0,0,1,1,1,AI Engineer,1,1,1,1,0,1,0,0,Bachelor's,50.0,0.6,0.6,3,2,1,0.44,1
694,99,Bachelor's,0.4,1,0,0,0,1,1,0,2,0,1,AI Engineer,2,1,1,0,1,0,0,0,Diploma,33.33,0.2,0.2,2,1,1,0.3,0
489,88,Master's,1.2,0,0,1,0,0,1,0,0,3,0,Data Analyst,0,1,1,1,0,0,1,1,Diploma,40.0,1.0,1.0,3,1,1,0.42,1
612,52,Master's,2.6,1,0,0,0,1,1,1,2,1,1,Business Intelligence,1,1,0,1,0,0,0,0,Bachelor's,50.0,2.6,1.0,3,2,1,0.44,1
891,55,Master's,0.3,1,1,0,0,0,1,0,4,4,0,Machine Learning,2,0,0,0,0,1,1,1,Bachelor's,33.33,0.15,0.15,3,2,1,0.56,0
446,37,Master's,0.5,1,1,1,0,0,0,0,2,2,1,Data Analyst,0,1,0,0,0,0,0,0,Bachelor's,100.0,1.0,1.0,3,2,1,0.58,1
470,4,Master's,3.8,1,0,1,0,1,1,0,2,5,1,Data Analyst,2,0,1,0,0,0,1,1,Bachelor's,33.33,1.9,1.0,3,2,1,1.0,1
349,55,Bachelor's,11.0,0,0,1,0,0,0,0,2,0,0,Machine Learning,2,0,0,0,0,1,1,1,Bachelor's,0.0,5.5,1.0,2,2,1,0.0,1
508,12,Master's,1.9,1,0,0,0,1,1,0,2,1,0,Machine Learning,3,1,1,0,0,1,1,0,Bachelor's,75.0,0.6333333333333333,0.63,3,2,1,0.14,1
457,19,Diploma,2.9,1,1,1,0,0,0,0,1,1,1,Business Intelligence,5,1,0,0,0,0,0,1,Bachelor's,50.0,0.58,0.58,1,2,0,0.44,0
986,79,Bachelor's,0.2,0,1,0,0,0,0,0,1,1,1,Data Science,3,1,1,0,0,0,1,0,Bachelor's,33.33,0.06666666666666667,0.07,2,2,1,0.44,0
908,57,Bachelor's,1.1,1,0,0,1,1,0,0,3,4,0,Business Intelligence,3,0,1,0,1,0,0,0,Bachelor's,50.0,0.3666666666666667,0.37,2,2,1,0.56,1
752,94,Master's,0.6,0,1,0,1,0,0,0,1,6,1,Business Intelligence,1,0,1,0,1,0,0,1,Diploma,66.67,0.6,0.6,3,1,1,1.0,1
385,37,Master's,2.7,1,0,1,0,0,0,0,2,4,0,Data Analyst,0,1,0,0,0,0,0,0,Bachelor's,100.0,1.0,1.0,3,2,1,0.56,1
712,76,Bachelor's,0.2,1,1,0,1,0,1,0,2,6,0,Data Science,0,1,0,0,0,0,1,0,Master's,100.0,1.0,1.0,2,3,0,0.7,1
929,83,Bachelor's,2.6,0,1,1,0,0,0,0,0,3,1,Business Intelligence,2,0,1,0,0,0,0,0,Bachelor's,100.0,1.3,1.0,2,2,1,0.72,1
628,7,Master's,1.9,0,1,0,0,0,1,1,2,1,0,AI Engineer,2,1,0,0,0,1,0,0,Bachelor's,0.0,0.95,0.95,3,2,1,0.14,0
115,92,Bachelor's,2.2,0,0,0,0,0,1,0,1,3,1,Machine Learning,3,0,1,0,0,0,1,0,Bachelor's,50.0,0.7333333333333334,0.73,2,2,1,0.72,1
452,55,Bachelor's,2.4,0,1,0,0,1,1,0,2,2,0,Machine Learning,2,0,0,0,0,1,1,1,Bachelor's,66.67,1.2,1.0,2,2,1,0.28,1
654,28,Master's,1.1,1,0,1,0,0,0,0,5,5,0,Data Science,1,0,1,0,1,1,0,0,Bachelor's,0.0,1.1,1.0,3,2,1,0.7,0
119,93,Master's,0.8,1,0,0,1,0,0,0,2,4,0,Data Science,1,0,1,1,0,1,1,0,Bachelor's,0.0,0.8,0.8,3,2,1,0.56,0
93,37,Master's,2.3,1,0,0,1,0,0,0,4,3,0,Data Analyst,0,1,0,0,0,0,0,0,Bachelor's,100.0,1.0,1.0,3,2,1,0.42,1
910,84,Bachelor's,0.4,1,0,0,0,0,1,1,2,2,1,AI Engineer,1,1,0,1,1,1,0,0,Bachelor's,25.0,0.4,0.4,2,2,1,0.58,1
521,61,Bachelor's,0.2,0,0,1,1,0,1,0,4,3,1,Business Intelligence,2,0,0,1,0,0,1,0,Bachelor's,100.0,0.1,0.1,2,2,1,0.72,1
585,75,Bachelor's,11.0,0,0,1,0,0,1,0,3,1,0,AI Engineer,2,0,1,1,0,1,1,0,Master's,50.0,5.5,1.0,2,3,0,0.14,0
538,39,Bachelor's,2.9,1,0,0,1,1,1,1,4,5,1,Data Science,0,1,0,0,1,0,1,1,Master's,100.0,1.0,1.0,2,3,0,1.0,1
433,23,Bachelor's,1.7,0,1,0,0,1,1,0,3,5,0,AI Engineer,4,1,0,0,0,1,1,0,Bachelor's,66.67,0.425,0.42,2,2,1,0.7,1
751,52,Bachelor's,1.9,1,1,0,0,0,1,0,2,1,0,Business Intelligence,1,1,0,1,0,0,0,0,Bachelor's,50.0,1.9,1.0,2,2,1,0.14,1
874,84,Bachelor's,4.6,1,1,0,1,0,0,0,3,1,0,AI Engineer,1,1,0,1,1,1,0,0,Bachelor's,50.0,4.6,1.0,2,2,1,0.14,1
145,84,Bachelor's,0.8,1,0,1,0,1,0,1,3,4,0,AI Engineer,1,1,0,1,1,1,0,0,Bachelor's,75.0,0.8,0.8,2,2,1,0.56,1
68,11,Master's,0.3,1,1,1,0,0,1,0,4,4,1,Data Analyst,3,1,1,0,0,1,0,1,Master's,50.0,0.09999999999999999,0.1,3,3,1,0.86,0
700,66,Bachelor's,2.0,0,0,1,0,0,1,0,2,1,0,Business Intelligence,1,0,1,1,1,0,1,0,Bachelor's,50.0,2.0,1.0,2,2,1,0.14,1
878,13,Bachelor's,1.8,1,1,1,0,0,1,0,2,1,0,Data Analyst,3,0,1,1,1,0,1,1,Bachelor's,60.0,0.6,0.6,2,2,1,0.14,1
131,77,Bachelor's,3.2,1,1,0,0,0,1,0,1,1,1,Data Analyst,0,0,1,0,0,0,0,1,Bachelor's,50.0,1.0,1.0,2,2,1,0.44,1
733,41,Bachelor's,1.9,1,0,1,0,1,1,0,1,6,1,Business Intelligence,2,1,0,0,0,0,1,1,Bachelor's,66.67,0.95,0.95,2,2,1,1.0,1
281,49,Master's,2.4,1,0,0,1,1,1,0,2,3,0,Data Science,4,1,1,0,0,0,0,0,Diploma,50.0,0.6,0.6,3,1,1,0.42,1
789,15,Bachelor's,0.2,0,0,0,1,1,1,0,1,2,0,AI Engineer,0,1,1,1,0,0,1,1,Master's,20.0,1.0,1.0,2,3,0,0.28,0
652,56,Bachelor's,0.9,1,0,1,0,1,1,0,0,9,0,Machine Learning,2,0,1,1,1,1,1,1,Diploma,50.0,0.45,0.45,2,1,1,0.7,1
566,54,Bachelor's,1.4,1,1,1,0,0,0,0,4,4,0,Data Analyst,3,1,0,0,0,1,1,0,Bachelor's,33.33,0.4666666666666666,0.47,2,2,1,0.56,1
513,31,Master's,7.8,1,1,0,1,1,1,0,2,2,1,AI Engineer,1,1,0,1,1,0,0,0,Master's,66.67,7.8,1.0,3,3,1,0.58,1
640,61,Bachelor's,6.5,0,0,1,0,0,1,0,1,3,0,Business Intelligence,2,0,0,1,0,0,1,0,Bachelor's,100.0,3.25,1.0,2,2,1,0.42,1
1,58,Bachelor's,0.5,1,1,0,0,0,1,0,4,4,1,Data Analyst,4,1,1,1,1,0,0,0,Bachelor's,50.0,0.125,0.12,2,2,1,0.86,1
685,87,Master's,0.4,1,1,1,0,0,1,0,4,5,1,AI Engineer,1,1,0,0,0,0,0,0,Bachelor's,100.0,0.4,0.4,3,2,1,1.0,1
942,60,Bachelor's,1.0,0,1,0,0,1,0,0,4,4,0,Data Analyst,0,0,1,0,0,0,0,0,Bachelor's,100.0,1.0,1.0,2,2,1,0.56,1
432,53,Master's,1.8,0,1,0,0,1,1,0,3,3,0,Data Science,4,1,0,0,1,0,0,0,Bachelor's,0.0,0.45,0.45,3,2,1,0.42,0
391,86,Master's,0.7,1,0,0,0,0,0,0,4,2,0,Data Science,3,0,0,1,1,0,1,0,Bachelor's,0.0,0.2333333333333333,0.23,3,2,1,0.28,0
266,61,Master's,0.2,0,0,0,0,0,1,0,2,3,1,Business Intelligence,2,0,0,1,0,0,1,0,Bachelor's,50.0,0.1,0.1,3,2,1,0.72,1
399,80,Master's,2.4,0,0,0,0,0,0,1,1,5,0,Business Intelligence,2,1,1,0,0,1,1,0,Master's,0.0,1.2,1.0,3,3,1,0.7,0
808,42,Master's,0.5,1,0,1,1,0,0,0,2,0,0,Business Intelligence,3,0,1,0,0,0,0,0,Diploma,0.0,0.16666666666666666,0.17,3,1,1,0.0,0
256,29,Bachelor's,1.4,0,0,1,0,0,1,1,3,1,0,AI Engineer,0,1,1,1,1,0,1,0,Bachelor's,40.0,1.0,1.0,2,2,1,0.14,1
395,84,Bachelor's,1.0,0,1,1,0,1,1,0,1,2,1,AI Engineer,1,1,0,1,1,1,0,0,Bachelor's,50.0,1.0,1.0,2,2,1,0.58,1
952,92,Bachelor's,0.6,0,1,0,0,0,1,1,1,3,0,Machine Learning,3,0,1,0,0,0,1,0,Bachelor's,100.0,0.19999999999999998,0.2,2,2,1,0.42,1
174,27,Bachelor's,0.8,0,0,0,0,1,0,0,1,2,0,Data Science,3,0,1,0,0,1,0,0,Master's,50.0,0.26666666666666666,0.27,2,3,0,0.28,0
45,44,Bachelor's,5.4,0,1,0,0,1,0,0,2,3,1,Business Intelligence,1,1,1,0,0,1,0,0,Bachelor's,66.67,5.4,1.0,2,2,1,0.72,1
855,93,Bachelor's,6.3,1,1,0,0,0,1,0,2,5,1,Data Science,1,0,1,1,0,1,1,0,Bachelor's,50.0,6.3,1.0,2,2,1,1.0,1
141,5,Master's,4.4,0,0,0,0,0,0,0,1,5,1,Business Intelligence,4,0,1,0,0,0,1,0,Bachelor's,0.0,1.1,1.0,3,2,1,1.0,0
539,52,Bachelor's,0.5,0,1,0,0,0,1,0,0,0,0,Business Intelligence,1,1,0,1,0,0,0,0,Bachelor's,0.0,0.5,0.5,2,2,1,0.0,0
745,53,Bachelor's,1.3,0,0,0,0,0,1,0,1,8,1,Data Science,4,1,0,0,1,0,0,0,Bachelor's,0.0,0.325,0.32,2,2,1,1.0,0
721,52,Master's,0.4,0,0,0,0,1,1,0,2,4,1,Business Intelligence,1,1,0,1,0,0,0,0,Bachelor's,0.0,0.4,0.4,3,2,1,0.86,0
50,38,Bachelor's,0.1,1,0,0,0,1,1,0,1,1,0,AI Engineer,2,1,1,1,0,0,0,1,Bachelor's,25.0,0.05,0.05,2,2,1,0.14,0
61,44,Bachelor's,5.2,1,0,0,1,0,0,0,4,3,1,Business Intelligence,1,1,1,0,0,1,0,0,Bachelor's,33.33,5.2,1.0,2,2,1,0.72,1
243,53,Master's,3.7,0,1,1,0,0,1,0,1,1,1,Data Science,4,1,0,0,1,0,0,0,Bachelor's,0.0,0.925,0.92,3,2,1,0.44,1
269,2,Bachelor's,2.3,1,1,1,1,0,1,0,6,3,0,Machine Learning,4,1,1,1,0,0,1,0,Diploma,100.0,0.575,0.57,2,1,1,0.42,1
140,54,Master's,2.2,0,0,0,1,1,1,0,0,2,0,Data Analyst,3,1,0,0,0,1,1,0,Bachelor's,66.67,0.7333333333333334,0.73,3,2,1,0.28,1
157,84,Bachelor's,0.4,1,1,0,0,1,1,0,1,3,1,AI Engineer,1,1,0,1,1,1,0,0,Bachelor's,50.0,0.4,0.4,2,2,1,0.72,1
597,77,Bachelor's,0.8,1,0,1,0,0,1,0,2,3,0,Data Analyst,0,0,1,0,0,0,0,1,Bachelor's,0.0,1.0,1.0,2,2,1,0.42,1
596,90,Bachelor's,2.2,0,1,0,0,0,0,0,1,10,1,Data Science,0,1,1,0,1,0,1,1,Bachelor's,20.0,1.0,1.0,2,2,1,1.0,1
276,35,Bachelor's,0.3,0,1,0,0,0,0,0,2,1,1,Data Science,0,0,0,0,0,0,1,0,Master's,0.0,1.0,1.0,2,3,0,0.44,0
31,46,Bachelor's,0.1,1,0,1,0,0,0,0,2,3,0,Data Analyst,1,1,1,1,0,0,1,0,Bachelor's,50.0,0.1,0.1,2,2,1,0.42,1
8,72,Master's,4.7,0,0,0,1,0,1,0,1,6,1,Data Science,5,1,0,0,0,0,0,1,Master's,0.0,0.9400000000000001,0.94,3,3,1,1.0,1
792,92,Bachelor's,3.3,0,0,1,0,0,1,0,0,0,0,Machine Learning,3,0,1,0,0,0,1,0,Bachelor's,50.0,1.0999999999999999,1.0,2,2,1,0.0,0
715,79,Bachelor's,0.1,1,1,0,0,1,1,1,0,2,1,Data Science,3,1,1,0,0,0,1,0,Bachelor's,100.0,0.03333333333333333,0.03,2,2,1,0.58,1
935,55,Bachelor's,2.8,0,0,0,0,1,1,0,3,0,0,Machine Learning,2,0,0,0,0,1,1,1,Bachelor's,66.67,1.4,1.0,2,2,1,0.0,1
33,72,Diploma,0.7,1,1,0,0,1,1,0,4,2,0,Data Science,5,1,0,0,0,0,0,1,Master's,50.0,0.13999999999999999,0.14,1,3,0,0.28,0
810,11,Bachelor's,0.3,0,0,1,0,0,1,0,3,4,1,Data Analyst,3,1,1,0,0,1,0,1,Master's,0.0,0.09999999999999999,0.1,2,3,0,0.86,0
655,29,Bachelor's,0.2,0,0,0,0,0,0,0,4,7,0,AI Engineer,0,1,1,1,1,0,1,0,Bachelor's,0.0,1.0,1.0,2,2,1,0.7,1
452,69,Bachelor's,2.4,0,1,0,0,1,1,0,2,2,0,Data Science,5,1,0,1,0,0,1,0,Bachelor's,33.33,0.48,0.48,2,2,1,0.28,1
449,63,Bachelor's,7.2,1,1,0,0,0,0,0,4,9,1,Business Intelligence,5,1,1,0,0,0,0,0,Diploma,100.0,1.44,1.0,2,1,1,1.0,1
928,47,Bachelor's,1.6,0,1,0,0,0,0,0,1,4,0,Data Analyst,0,1,0,0,0,0,0,1,Master's,0.0,1.0,1.0,2,3,0,0.56,0
907,7,Master's,7.9,0,1,1,0,0,1,0,1,4,0,AI Engineer,2,1,0,0,0,1,0,0,Bachelor's,0.0,3.95,1.0,3,2,1,0.56,0
862,64,Bachelor's,2.7,1,1,1,0,1,1,1,2,3,0,AI Engineer,3,1,0,1,0,0,1,0,Bachelor's,100.0,0.9,0.9,2,2,1,0.42,1
37,82,Bachelor's,1.0,1,0,1,0,1,1,0,1,3,1,Data Analyst,3,1,1,1,0,0,0,1,Bachelor's,50.0,0.3333333333333333,0.33,2,2,1,0.72,1
659,64,Bachelor's,1.3,1,1,0,1,0,1,0,3,5,0,AI Engineer,3,1,0,1,0,0,1,0,Bachelor's,66.67,0.43333333333333335,0.43,2,2,1,0.7,1
947,92,Bachelor's,1.5,1,1,0,0,0,0,0,0,4,0,Machine Learning,3,0,1,0,0,0,1,0,Bachelor's,50.0,0.5,0.5,2,2,1,0.56,1
740,12,Bachelor's,1.3,1,1,0,0,1,1,0,1,3,0,Machine Learning,3,1,1,0,0,1,1,0,Bachelor's,100.0,0.43333333333333335,0.43,2,2,1,0.42,1
34,12,Master's,0.3,0,0,1,0,0,1,0,0,2,0,Machine Learning,3,1,1,0,0,1,1,0,Bachelor's,25.0,0.09999999999999999,0.1,3,2,1,0.28,0
455,36,Bachelor's,0.1,0,1,1,0,1,0,1,2,2,0,Business Intelligence,0,0,1,1,0,1,1,0,Master's,75.0,1.0,1.0,2,3,0,0.28,1
444,29,Bachelor's,1.5,0,1,0,1,0,0,0,1,3,0,AI Engineer,0,1,1,1,1,0,1,0,Bachelor's,40.0,1.0,1.0,2,2,1,0.42,1
237,11,Bachelor's,5.0,0,0,0,0,0,0,0,1,4,0,Data Analyst,3,1,1,0,0,1,0,1,Master's,0.0,1.6666666666666667,1.0,2,3,0,0.56,0
212,53,Bachelor's,1.5,0,1,0,0,0,1,0,0,5,1,Data Science,4,1,0,0,1,0,0,0,Bachelor's,0.0,0.375,0.38,2,2,1,1.0,0
821,70,Master's,0.6,0,0,0,1,0,1,0,3,4,1,AI Engineer,1,1,0,1,0,0,1,0,Bachelor's,33.33,0.6,0.6,3,2,1,0.86,1
140,85,Master's,2.2,0,0,0,1,1,1,0,0,2,0,Data Science,1,1,0,0,0,0,0,0,Master's,0.0,2.2,1.0,3,3,1,0.28,0
702,74,Diploma,1.4,0,1,0,0,1,0,1,2,3,0,Data Science,1,1,1,1,0,0,1,0,Bachelor's,25.0,1.4,1.0,1,2,0,0.42,0
608,96,Bachelor's,4.0,1,0,0,1,0,0,0,4,6,1,Business Intelligence,2,1,1,0,1,0,0,0,Master's,66.67,2.0,1.0,2,3,0,1.0,0
706,47,Master's,0.3,0,1,0,0,1,1,0,1,2,1,Data Analyst,0,1,0,0,0,0,0,1,Master's,0.0,1.0,1.0,3,3,1,0.58,0
982,33,Master's,4.1,1,1,0,0,0,1,0,1,4,1,AI Engineer,3,0,1,0,0,0,0,0,Bachelor's,100.0,1.3666666666666665,1.0,3,2,1,0.86,1
361,81,Bachelor's,6.1,1,1,0,0,0,0,1,1,4,0,Data Science,2,1,1,0,0,0,0,1,Bachelor's,100.0,3.05,1.0,2,2,1,0.56,1
304,67,Bachelor's,1.9,1,0,0,1,1,0,0,1,5,1,Data Science,0,1,1,1,0,1,1,0,Bachelor's,40.0,1.0,1.0,2,2,1,1.0,1
296,43,Bachelor's,0.6,1,0,0,0,1,0,1,3,7,1,AI Engineer,3,1,0,0,0,0,0,0,Bachelor's,100.0,0.19999999999999998,0.2,2,2,1,1.0,1
152,18,Bachelor's,4.5,1,0,0,0,0,1,1,4,4,0,Data Analyst,0,1,1,0,0,1,0,0,Diploma,33.33,1.0,1.0,2,1,1,0.56,1
946,74,Diploma,1.8,1,0,1,0,1,1,1,0,3,0,Data Science,1,1,1,1,0,0,1,0,Bachelor's,75.0,1.8,1.0,1,2,0,0.42,1
223,53,Diploma,1.4,1,0,1,0,0,1,0,1,4,0,Data Science,4,1,0,0,1,0,0,0,Bachelor's,50.0,0.35,0.35,1,2,0,0.56,0
196,39,Bachelor's,5.1,1,1,0,1,0,1,0,0,4,1,Data Science,0,1,0,0,1,0,1,1,Master's,75.0,1.0,1.0,2,3,0,0.86,1
600,72,Diploma,5.6,1,1,0,0,0,1,0,1,0,0,Data Science,5,1,0,0,0,0,0,1,Master's,50.0,1.1199999999999999,1.0,1,3,0,0.0,0
299,34,Bachelor's,2.5,1,0,0,0,1,1,0,4,0,0,Machine Learning,2,1,1,0,0,1,0,0,Bachelor's,66.67,1.25,1.0,2,2,1,0.0,1
529,37,Diploma,4.1,1,1,0,0,0,0,0,6,1,1,Data Analyst,0,1,0,0,0,0,0,0,Bachelor's,100.0,1.0,1.0,1,2,0,0.44,1
488,41,Bachelor's,3.0,0,0,0,0,0,0,0,2,9,0,Business Intelligence,2,1,0,0,0,0,1,1,Bachelor's,0.0,1.5,1.0,2,2,1,0.7,1
211,97,Bachelor's,1.4,0,0,0,1,0,1,0,2,4,1,Data Analyst,4,0,0,1,0,1,1,0,Bachelor's,33.33,0.35,0.35,2,2,1,0.86,1
232,49,Bachelor's,0.7,1,1,0,0,1,1,0,3,4,0,Data Science,4,1,1,0,0,0,0,0,Diploma,100.0,0.175,0.18,2,1,1,0.56,0
870,10,Master's,3.2,1,0,1,0,1,1,0,1,5,0,AI Engineer,5,0,1,0,1,1,0,0,Master's,33.33,0.64,0.64,3,3,1,0.7,1
695,40,Bachelor's,1.1,0,0,0,1,0,0,0,3,8,0,Data Analyst,2,1,0,0,0,1,0,1,Bachelor's,0.0,0.55,0.55,2,2,1,0.7,0
674,18,Bachelor's,4.1,1,0,0,0,0,1,0,1,2,1,Data Analyst,0,1,1,0,0,1,0,0,Diploma,33.33,1.0,1.0,2,1,1,0.58,0
367,25,Master's,3.1,1,0,0,0,0,1,0,1,2,0,Data Science,3,1,1,0,0,0,1,0,Bachelor's,66.67,1.0333333333333334,1.0,3,2,1,0.28,1
481,41,Bachelor's,4.3,1,0,0,1,0,1,0,4,2,0,Business Intelligence,2,1,0,0,0,0,1,1,Bachelor's,66.67,2.15,1.0,2,2,1,0.28,1
582,36,Master's,1.2,0,1,0,0,1,1,0,3,2,0,Business Intelligence,0,0,1,1,0,1,1,0,Master's,75.0,1.0,1.0,3,3,1,0.28,1
572,2,Master's,0.5,0,1,1,0,0,1,0,0,4,1,Machine Learning,4,1,1,1,0,0,1,0,Diploma,75.0,0.125,0.12,3,1,1,0.86,1
179,83,Master's,3.6,0,1,0,0,0,1,0,5,6,0,Business Intelligence,2,0,1,0,0,0,0,0,Bachelor's,100.0,1.8,1.0,3,2,1,0.7,1
484,74,Bachelor's,0.0,1,1,0,0,0,1,1,4,5,0,Data Science,1,1,1,1,0,0,1,0,Bachelor's,75.0,0.0,0.0,2,2,1,0.7,1
589,49,Bachelor's,1.4,1,0,1,1,0,1,0,0,2,0,Data Science,4,1,1,0,0,0,0,0,Diploma,50.0,0.35,0.35,2,1,1,0.28,1
495,67,Bachelor's,2.3,1,1,1,0,1,0,0,2,4,0,Data Science,0,1,1,1,0,1,1,0,Bachelor's,80.0,1.0,1.0,2,2,1,0.56,1
969,53,Bachelor's,1.0,0,1,1,1,0,1,0,1,4,1,Data Science,4,1,0,0,1,0,0,0,Bachelor's,50.0,0.25,0.25,2,2,1,0.86,1
547,19,Bachelor's,4.1,1,0,0,0,0,0,1,1,4,1,Business Intelligence,5,1,0,0,0,0,0,1,Bachelor's,100.0,0.82,0.82,2,2,1,0.86,1
930,26,Bachelor's,0.2,1,0,1,1,0,1,1,0,3,1,Machine Learning,2,1,0,0,0,1,1,1,Bachelor's,75.0,0.1,0.1,2,2,1,0.72,1
16,54,Bachelor's,6.5,1,0,0,0,1,0,0,1,3,0,Data Analyst,3,1,0,0,0,1,1,0,Bachelor's,66.67,2.1666666666666665,1.0,2,2,1,0.42,1
466,51,Bachelor's,0.1,1,1,0,0,0,1,0,2,4,1,Machine Learning,5,0,1,1,0,1,0,0,Master's,33.33,0.02,0.02,2,3,0,0.86,0
402,25,Master's,0.5,1,0,0,1,1,0,1,0,2,0,Data Science,3,1,1,0,0,0,1,0,Bachelor's,33.33,0.16666666666666666,0.17,3,2,1,0.28,0
294,17,Bachelor's,2.9,1,1,1,0,0,1,0,2,1,0,AI Engineer,4,1,0,1,0,1,0,0,Bachelor's,66.67,0.725,0.72,2,2,1,0.14,1
171,74,Bachelor's,2.4,0,1,0,0,0,1,1,2,1,0,Data Science,1,1,1,1,0,0,1,0,Bachelor's,50.0,2.4,1.0,2,2,1,0.14,1
32,61,Bachelor's,2.3,0,0,0,0,0,1,0,2,1,1,Business Intelligence,2,0,0,1,0,0,1,0,Bachelor's,50.0,1.15,1.0,2,2,1,0.44,1
263,46,Bachelor's,0.9,0,0,0,0,0,0,0,0,6,0,Data Analyst,1,1,1,1,0,0,1,0,Bachelor's,0.0,0.9,0.9,2,2,1,0.7,1
215,55,Master's,3.0,0,0,0,0,1,1,0,1,5,1,Machine Learning,2,0,0,0,0,1,1,1,Bachelor's,66.67,1.5,1.0,3,2,1,1.0,1
983,50,Bachelor's,1.5,0,0,1,1,1,0,0,1,4,1,AI Engineer,1,1,0,0,0,1,1,0,Master's,33.33,1.5,1.0,2,3,0,0.86,0
558,75,Diploma,1.3,1,0,1,0,0,1,0,0,0,0,AI Engineer,2,0,1,1,0,1,1,0,Master's,50.0,0.65,0.65,1,3,0,0.0,0
189,11,Bachelor's,0.9,0,1,1,1,0,1,0,1,3,1,Data Analyst,3,1,1,0,0,1,0,1,Master's,25.0,0.3,0.3,2,3,0,0.72,0
786,12,Master's,5.6,1,0,0,1,1,1,0,1,3,0,Machine Learning,3,1,1,0,0,1,1,0,Bachelor's,75.0,1.8666666666666665,1.0,3,2,1,0.42,1
583,40,Bachelor's,2.3,1,0,1,1,1,1,1,5,0,1,Data Analyst,2,1,0,0,0,1,0,1,Bachelor's,100.0,1.15,1.0,2,2,1,0.3,1
808,48,Master's,0.5,1,0,1,1,0,0,0,2,0,0,AI Engineer,1,1,1,1,0,1,0,0,Bachelor's,50.0,0.5,0.5,3,2,1,0.0,0
600,56,Diploma,5.6,1,1,0,0,0,1,0,1,0,0,Machine Learning,2,0,1,1,1,1,1,1,Diploma,33.33,2.8,1.0,1,1,1,0.0,0
846,8,Bachelor's,0.7,1,1,0,0,0,0,0,2,0,0,AI Engineer,2,1,0,0,0,0,1,0,Master's,50.0,0.35,0.35,2,3,0,0.0,0
946,88,Diploma,1.8,1,0,1,0,1,1,1,0,3,0,Data Analyst,0,1,1,1,0,0,1,1,Diploma,80.0,1.0,1.0,1,1,1,0.42,1
261,14,Bachelor's,0.8,0,0,0,0,0,1,0,0,2,0,Data Science,3,1,1,0,0,1,1,0,Bachelor's,25.0,0.26666666666666666,0.27,2,2,1,0.28,0
182,87,Bachelor's,1.0,1,0,1,1,0,1,0,4,0,1,AI Engineer,1,1,0,0,0,0,0,0,Bachelor's,100.0,1.0,1.0,2,2,1,0.3,1
505,56,Bachelor's,1.2,1,1,0,0,0,1,0,3,3,0,Machine Learning,2,0,1,1,1,1,1,1,Diploma,33.33,0.6,0.6,2,1,1,0.42,1
342,54,Bachelor's,1.6,1,1,0,1,0,1,0,6,2,1,Data Analyst,3,1,0,0,0,1,1,0,Bachelor's,66.67,0.5333333333333333,0.53,2,2,1,0.58,0
954,100,Master's,3.3,1,0,1,0,0,1,0,3,6,0,Data Science,5,0,0,0,0,1,0,0,Bachelor's,0.0,0.6599999999999999,0.66,3,2,1,0.7,0
22,17,Bachelor's,0.9,0,0,0,0,1,0,1,1,4,0,AI Engineer,4,1,0,1,0,1,0,0,Bachelor's,33.33,0.225,0.22,2,2,1,0.56,0
74,45,Master's,0.0,0,0,0,0,0,1,0,0,3,0,Business Intelligence,1,0,0,0,0,0,1,0,Bachelor's,100.0,0.0,0.0,3,2,1,0.42,1
602,5,Bachelor's,1.0,1,1,1,0,0,1,0,3,3,1,Business Intelligence,4,0,1,0,0,0,1,0,Bachelor's,100.0,0.25,0.25,2,2,1,0.72,1
847,3,Diploma,0.3,0,1,1,0,0,0,1,0,4,1,AI Engineer,3,0,1,1,0,0,0,0,Diploma,100.0,0.09999999999999999,0.1,1,1,1,0.86,0
166,9,Master's,4.3,0,0,0,1,0,1,0,2,4,0,Data Analyst,0,1,1,0,0,0,0,0,Master's,0.0,1.0,1.0,3,3,1,0.56,0
234,84,Bachelor's,0.1,0,0,1,0,0,1,0,2,0,0,AI Engineer,1,1,0,1,1,1,0,0,Bachelor's,25.0,0.1,0.1,2,2,1,0.0,0
375,20,Diploma,0.7,0,1,0,0,0,1,0,2,3,0,Data Analyst,2,1,1,0,0,1,0,0,Bachelor's,33.33,0.35,0.35,1,2,0,0.42,0
433,83,Bachelor's,1.7,0,1,0,0,1,1,0,3,5,0,Business Intelligence,2,0,1,0,0,0,0,0,Bachelor's,100.0,0.85,0.85,2,2,1,0.7,1
641,21,Diploma,1.9,1,0,1,0,1,1,1,3,3,0,Data Science,1,1,1,0,0,0,1,1,Bachelor's,75.0,1.9,1.0,1,2,0,0.42,0
334,80,Bachelor's,12.0,0,0,0,0,0,1,0,1,1,1,Business Intelligence,2,1,1,0,0,1,1,0,Master's,25.0,6.0,1.0,2,3,0,0.44,0
804,33,Bachelor's,0.9,0,1,0,1,0,1,1,4,2,1,AI Engineer,3,0,1,0,0,0,0,0,Bachelor's,100.0,0.3,0.3,2,2,1,0.58,1
607,5,Bachelor's,0.2,1,1,1,1,0,1,0,1,0,0,Business Intelligence,4,0,1,0,0,0,1,0,Bachelor's,100.0,0.05,0.05,2,2,1,0.0,1
540,24,Bachelor's,1.9,0,0,0,0,0,1,1,8,1,1,Machine Learning,2,1,1,0,1,0,1,0,Master's,25.0,0.95,0.95,2,3,0,0.44,0
866,63,Bachelor's,6.9,0,0,0,0,0,0,0,2,7,1,Business Intelligence,5,1,1,0,0,0,0,0,Diploma,0.0,1.3800000000000001,1.0,2,1,1,1.0,1
35,79,Master's,0.2,0,0,0,0,0,1,0,4,5,1,Data Science,3,1,1,0,0,0,1,0,Bachelor's,33.33,0.06666666666666667,0.07,3,2,1,1.0,0
444,26,Bachelor's,1.5,0,1,0,1,0,0,0,1,3,0,Machine Learning,2,1,0,0,0,1,1,1,Bachelor's,0.0,0.75,0.75,2,2,1,0.42,0
231,89,Master's,5.6,0,1,1,0,0,1,0,4,2,1,Machine Learning,2,0,0,0,0,1,1,0,Bachelor's,50.0,2.8,1.0,3,2,1,0.58,1
318,92,Bachelor's,3.3,1,0,0,1,0,0,0,3,3,0,Machine Learning,3,0,1,0,0,0,1,0,Bachelor's,0.0,1.0999999999999999,1.0,2,2,1,0.42,0
343,33,Bachelor's,5.1,1,1,1,0,0,0,0,1,7,1,AI Engineer,3,0,1,0,0,0,0,0,Bachelor's,100.0,1.7,1.0,2,2,1,1.0,1
430,18,Bachelor's,5.1,0,1,1,0,0,0,0,1,1,0,Data Analyst,0,1,1,0,0,1,0,0,Diploma,33.33,1.0,1.0,2,1,1,0.14,1
876,18,Bachelor's,2.0,1,0,0,0,0,1,0,3,2,1,Data Analyst,0,1,1,0,0,1,0,0,Diploma,33.33,1.0,1.0,2,1,1,0.58,1
979,38,Bachelor's,5.2,0,0,0,0,1,0,0,1,2,1,AI Engineer,2,1,1,1,0,0,0,1,Bachelor's,0.0,2.6,1.0,2,2,1,0.58,0
637,33,Bachelor's,1.3,0,1,0,0,1,1,1,0,3,0,AI Engineer,3,0,1,0,0,0,0,0,Bachelor's,100.0,0.43333333333333335,0.43,2,2,1,0.42,1
466,27,Bachelor's,0.1,1,1,0,0,0,1,0,2,4,1,Data Science,3,0,1,0,0,1,0,0,Master's,50.0,0.03333333333333333,0.03,2,3,0,0.86,0
79,49,Bachelor's,0.6,0,0,1,0,0,1,0,1,3,0,Data Science,4,1,1,0,0,0,0,0,Diploma,0.0,0.15,0.15,2,1,1,0.42,0
893,50,Master's,4.0,0,1,0,0,1,0,1,2,5,1,AI Engineer,1,1,0,0,0,1,1,0,Master's,33.33,4.0,1.0,3,3,1,1.0,1
573,15,Bachelor's,3.3,1,1,0,1,0,1,0,3,1,1,AI Engineer,0,1,1,1,0,0,1,1,Master's,60.0,1.0,1.0,2,3,0,0.44,1
449,77,Bachelor's,7.2,1,1,0,0,0,0,0,4,9,1,Data Analyst,0,0,1,0,0,0,0,1,Bachelor's,50.0,1.0,1.0,2,2,1,1.0,1
729,52,Bachelor's,4.2,1,0,1,0,1,0,0,3,7,0,Business Intelligence,1,1,0,1,0,0,0,0,Bachelor's,100.0,4.2,1.0,2,2,1,0.7,1
282,98,Bachelor's,3.0,1,0,1,0,0,1,1,4,1,1,Machine Learning,2,1,1,0,1,0,0,0,Bachelor's,33.33,1.5,1.0,2,2,1,0.44,0
675,68,Bachelor's,3.9,0,1,0,1,0,1,0,2,5,0,Data Science,4,1,0,0,0,0,1,0,Bachelor's,50.0,0.975,0.98,2,2,1,0.7,1
57,99,Diploma,3.6,1,1,1,0,0,0,0,1,7,1,AI Engineer,2,1,1,0,1,0,0,0,Diploma,66.67,1.8,1.0,1,1,1,1.0,1
975,19,Diploma,0.9,1,0,0,0,0,1,0,2,2,1,Business Intelligence,5,1,0,0,0,0,0,1,Bachelor's,50.0,0.18,0.18,1,2,0,0.58,0
191,95,Diploma,0.2,1,0,1,0,0,1,1,3,3,1,AI Engineer,3,1,1,1,0,1,1,0,Bachelor's,60.0,0.06666666666666667,0.07,1,2,0,0.72,0
644,25,Bachelor's,2.4,0,0,0,0,1,1,0,3,1,0,Data Science,3,1,1,0,0,0,1,0,Bachelor's,33.33,0.7999999999999999,0.8,2,2,1,0.14,1
463,76,Master's,0.3,0,1,1,0,1,0,0,1,3,0,Data Science,0,1,0,0,0,0,1,0,Master's,0.0,1.0,1.0,3,3,1,0.42,0
42,76,Bachelor's,3.9,0,1,0,0,0,1,0,5,3,0,Data Science,0,1,0,0,0,0,1,0,Master's,50.0,1.0,1.0,2,3,0,0.42,0
486,25,Master's,1.1,0,1,1,1,0,0,0,0,1,0,Data Science,3,1,1,0,0,0,1,0,Bachelor's,33.33,0.3666666666666667,0.37,3,2,1,0.14,0
173,33,Bachelor's,2.5,1,0,0,0,0,1,0,3,1,1,AI Engineer,3,0,1,0,0,0,0,0,Bachelor's,0.0,0.8333333333333334,0.83,2,2,1,0.44,0
679,60,Master's,0.5,1,1,1,0,0,1,0,2,4,1,Data Analyst,0,0,1,0,0,0,0,0,Bachelor's,100.0,1.0,1.0,3,2,1,0.86,1
250,37,Master's,2.4,1,1,1,0,0,0,0,2,3,1,Data Analyst,0,1,0,0,0,0,0,0,Bachelor's,100.0,1.0,1.0,3,2,1,0.72,1
510,92,Master's,3.6,0,0,1,0,0,0,0,2,3,1,Machine Learning,3,0,1,0,0,0,1,0,Bachelor's,0.0,1.2,1.0,3,2,1,0.72,0
502,43,Bachelor's,1.6,0,1,0,0,0,0,0,2,8,0,AI Engineer,3,1,0,0,0,0,0,0,Bachelor's,0.0,0.5333333333333333,0.53,2,2,1,0.7,0
193,9,Master's,1.1,0,1,0,1,1,1,0,2,5,0,Data Analyst,0,1,1,0,0,0,0,0,Master's,50.0,1.0,1.0,3,3,1,0.7,1
790,14,Master's,1.8,0,1,0,0,0,1,0,4,3,0,Data Science,3,1,1,0,0,1,1,0,Bachelor's,50.0,0.6,0.6,3,2,1,0.42,1
907,3,Master's,7.9,0,1,1,0,0,1,0,1,4,0,AI Engineer,3,0,1,1,0,0,0,0,Diploma,100.0,2.6333333333333333,1.0,3,1,1,0.56,1
750,69,Bachelor's,0.4,0,1,1,0,0,0,0,1,3,0,Data Science,5,1,0,1,0,0,1,0,Bachelor's,33.33,0.08,0.08,2,2,1,0.42,0
742,56,Bachelor's,3.3,1,1,0,0,0,1,0,1,0,0,Machine Learning,2,0,1,1,1,1,1,1,Diploma,33.33,1.65,1.0,2,1,1,0.0,0
165,26,Diploma,0.4,1,0,0,0,0,0,0,2,4,1,Machine Learning,2,1,0,0,0,1,1,1,Bachelor's,25.0,0.2,0.2,1,2,0,0.86,0
755,53,Bachelor's,9.3,0,0,1,1,0,1,1,0,5,0,Data Science,4,1,0,0,1,0,0,0,Bachelor's,50.0,2.325,1.0,2,2,1,0.7,1
90,41,Bachelor's,0.7,1,0,0,0,0,1,1,2,6,0,Business Intelligence,2,1,0,0,0,0,1,1,Bachelor's,100.0,0.35,0.35,2,2,1,0.7,1
691,82,Bachelor's,0.5,1,1,0,0,1,1,0,0,5,1,Data Analyst,3,1,1,1,0,0,0,1,Bachelor's,50.0,0.16666666666666666,0.17,2,2,1,1.0,1
987,21,Bachelor's,3.3,1,0,1,0,0,0,0,2,2,0,Data Science,1,1,1,0,0,0,1,1,Bachelor's,25.0,3.3,1.0,2,2,1,0.28,1
58,39,Bachelor's,1.3,1,0,0,0,0,1,0,2,6,0,Data Science,0,1,0,0,1,0,1,1,Master's,50.0,1.0,1.0,2,3,0,0.7,0
973,80,Master's,0.8,0,0,0,1,0,1,0,0,2,1,Business Intelligence,2,1,1,0,0,1,1,0,Master's,25.0,0.4,0.4,3,3,1,0.58,0
263,23,Bachelor's,0.9,0,0,0,0,0,0,0,0,6,0,AI Engineer,4,1,0,0,0,1,1,0,Bachelor's,0.0,0.225,0.22,2,2,1,0.7,0
648,93,Bachelor's,4.4,1,0,0,0,1,1,0,2,1,0,Data Science,1,0,1,1,0,1,1,0,Bachelor's,50.0,4.4,1.0,2,2,1,0.14,1
750,74,Bachelor's,0.4,0,1,1,0,0,0,0,1,3,0,Data Science,1,1,1,1,0,0,1,0,Bachelor's,50.0,0.4,0.4,2,2,1,0.42,1
819,58,Diploma,2.4,1,1,1,1,1,0,0,1,2,1,Data Analyst,4,1,1,1,1,0,0,0,Bachelor's,100.0,0.6,0.6,1,2,0,0.58,0
243,69,Master's,3.7,0,1,1,0,0,1,0,1,1,1,Data Science,5,1,0,1,0,0,1,0,Bachelor's,66.67,0.74,0.74,3,2,1,0.44,1
663,75,Bachelor's,6.3,1,0,0,1,0,0,0,1,5,0,AI Engineer,2,0,1,1,0,1,1,0,Master's,0.0,3.15,1.0,2,3,0,0.7,0
858,29,Bachelor's,1.5,1,1,1,0,0,1,0,2,1,1,AI Engineer,0,1,1,1,1,0,1,0,Bachelor's,80.0,1.0,1.0,2,2,1,0.44,1
876,62,Bachelor's,2.0,1,0,0,0,0,1,0,3,2,1,Machine Learning,1,1,1,1,0,0,0,1,Diploma,25.0,2.0,1.0,2,1,1,0.58,1
759,53,Master's,0.3,0,0,0,0,1,0,0,5,2,1,Data Science,4,1,0,0,1,0,0,0,Bachelor's,0.0,0.075,0.08,3,2,1,0.58,0
219,45,Bachelor's,2.7,0,1,1,0,0,0,0,1,2,1,Business Intelligence,1,0,0,0,0,0,1,0,Bachelor's,0.0,2.7,1.0,2,2,1,0.58,1
9,27,Bachelor's,0.7,1,1,1,0,0,1,0,3,2,1,Data Science,3,0,1,0,0,1,0,0,Master's,50.0,0.2333333333333333,0.23,2,3,0,0.58,0
430,34,Bachelor's,5.1,0,1,1,0,0,0,0,1,1,0,Machine Learning,2,1,1,0,0,1,0,0,Bachelor's,33.33,2.55,1.0,2,2,1,0.14,1
806,14,Master's,3.7,0,1,0,0,1,1,1,2,2,0,Data Science,3,1,1,0,0,1,1,0,Bachelor's,75.0,1.2333333333333334,1.0,3,2,1,0.28,1
879,41,Diploma,0.9,0,1,0,0,1,0,0,1,2,0,Business Intelligence,2,1,0,0,0,0,1,1,Bachelor's,0.0,0.45,0.45,1,2,0,0.28,0
13,74,Master's,7.2,0,0,1,0,1,1,0,3,1,0,Data Science,1,1,1,1,0,0,1,0,Bachelor's,50.0,7.2,1.0,3,2,1,0.14,1
775,60,Master's,3.9,1,1,0,0,0,1,1,0,3,1,Data Analyst,0,0,1,0,0,0,0,0,Bachelor's,100.0,1.0,1.0,3,2,1,0.72,1
907,42,Master's,7.9,0,1,1,0,0,1,0,1,4,0,Business Intelligence,3,0,1,0,0,0,0,0,Diploma,100.0,2.6333333333333333,1.0,3,1,1,0.56,1
970,51,Bachelor's,0.1,1,0,0,1,0,0,0,2,0,1,Machine Learning,5,0,1,1,0,1,0,0,Master's,0.0,0.02,0.02,2,3,0,0.3,0
225,75,Bachelor's,1.4,1,0,0,0,0,0,0,2,4,0,AI Engineer,2,0,1,1,0,1,1,0,Master's,0.0,0.7,0.7,2,3,0,0.56,0
743,11,Master's,3.7,1,1,0,1,0,0,0,3,3,0,Data Analyst,3,1,1,0,0,1,0,1,Master's,50.0,1.2333333333333334,1.0,3,3,1,0.42,1
690,35,Bachelor's,3.6,1,0,1,0,0,0,0,2,2,0,Data Science,0,0,0,0,0,0,1,0,Master's,0.0,1.0,1.0,2,3,0,0.28,0
759,19,Master's,0.3,0,0,0,0,1,0,0,5,2,1,Business Intelligence,5,1,0,0,0,0,0,1,Bachelor's,0.0,0.06,0.06,3,2,1,0.58,0
67,88,Bachelor's,0.7,1,0,0,0,0,1,0,1,3,0,Data Analyst,0,1,1,1,0,0,1,1,Diploma,40.0,1.0,1.0,2,1,1,0.42,1
809,65,Bachelor's,0.5,1,0,0,0,0,1,0,1,2,0,Machine Learning,0,1,1,1,0,0,1,0,Master's,50.0,1.0,1.0,2,3,0,0.28,0
669,76,Bachelor's,0.3,0,0,1,0,0,0,0,2,0,0,Data Science,0,1,0,0,0,0,1,0,Master's,0.0,1.0,1.0,2,3,0,0.0,0
677,61,Bachelor's,0.2,1,0,0,0,0,0,0,0,1,1,Business Intelligence,2,0,0,1,0,0,1,0,Bachelor's,0.0,0.1,0.1,2,2,1,0.44,0
503,47,Bachelor's,0.1,0,1,0,0,0,1,0,3,2,0,Data Analyst,0,1,0,0,0,0,0,1,Master's,0.0,1.0,1.0,2,3,0,0.28,0
184,14,Master's,6.7,1,0,0,1,1,0,1,0,1,1,Data Science,3,1,1,0,0,1,1,0,Bachelor's,50.0,2.2333333333333334,1.0,3,2,1,0.44,1
208,67,Bachelor's,1.5,0,1,0,0,0,1,0,2,4,0,Data Science,0,1,1,1,0,1,1,0,Bachelor's,40.0,1.0,1.0,2,2,1,0.56,1
528,52,Bachelor's,0.9,0,1,1,0,1,1,0,1,2,1,Business Intelligence,1,1,0,1,0,0,0,0,Bachelor's,50.0,0.9,0.9,2,2,1,0.58,1
300,32,Diploma,3.1,1,1,0,0,0,0,1,1,7,0,AI Engineer,1,0,0,0,0,1,1,0,Diploma,0.0,3.1,1.0,1,1,1,0.7,0
818,80,Bachelor's,3.7,1,1,1,0,1,0,0,2,4,1,Business Intelligence,2,1,1,0,0,1,1,0,Master's,75.0,1.85,1.0,2,3,0,0.86,1
241,10,Master's,5.1,0,0,1,1,1,0,0,2,1,0,AI Engineer,5,0,1,0,1,1,0,0,Master's,66.67,1.02,1.0,3,3,1,0.14,1
455,17,Bachelor's,0.1,0,1,1,0,1,0,1,2,2,0,AI Engineer,4,1,0,1,0,1,0,0,Bachelor's,66.67,0.025,0.02,2,2,1,0.28,1
975,40,Diploma,0.9,1,0,0,0,0,1,0,2,2,1,Data Analyst,2,1,0,0,0,1,0,1,Bachelor's,33.33,0.45,0.45,1,2,0,0.58,0
742,68,Bachelor's,3.3,1,1,0,0,0,1,0,1,0,0,Data Science,4,1,0,0,0,0,1,0,Bachelor's,100.0,0.825,0.82,2,2,1,0.0,1
902,63,Diploma,0.0,0,0,0,0,0,1,1,2,4,0,Business Intelligence,5,1,1,0,0,0,0,0,Diploma,0.0,0.0,0.0,1,1,1,0.56,0
530,15,Master's,1.9,0,0,0,0,1,1,0,2,4,0,AI Engineer,0,1,1,1,0,0,1,1,Master's,20.0,1.0,1.0,3,3,1,0.56,0
659,97,Bachelor's,1.3,1,1,0,1,0,1,0,3,5,0,Data Analyst,4,0,0,1,0,1,1,0,Bachelor's,33.33,0.325,0.32,2,2,1,0.7,1
244,39,Bachelor's,4.7,0,1,0,1,1,1,0,4,2,0,Data Science,0,1,0,0,1,0,1,1,Master's,50.0,1.0,1.0,2,3,0,0.28,1
563,57,Bachelor's,3.8,1,0,1,0,0,1,0,2,3,0,Business Intelligence,3,0,1,0,1,0,0,0,Bachelor's,0.0,1.2666666666666666,1.0,2,2,1,0.42,0
962,10,Bachelor's,1.3,1,0,0,1,0,1,0,2,3,0,AI Engineer,5,0,1,0,1,1,0,0,Master's,33.33,0.26,0.26,2,3,0,0.42,0
771,71,Bachelor's,1.5,1,1,0,0,0,1,0,2,1,0,Data Analyst,2,1,1,0,0,0,0,1,Diploma,66.67,0.75,0.75,2,1,1,0.14,1
238,97,Diploma,1.6,1,1,1,0,0,0,0,1,2,1,Data Analyst,4,0,0,1,0,1,1,0,Bachelor's,33.33,0.4,0.4,1,2,0,0.58,0
246,17,Master's,2.5,1,0,1,0,0,1,0,2,4,1,AI Engineer,4,1,0,1,0,1,0,0,Bachelor's,66.67,0.625,0.62,3,2,1,0.86,1
345,76,Bachelor's,3.4,0,0,0,1,0,1,1,1,2,1,Data Science,0,1,0,0,0,0,1,0,Master's,50.0,1.0,1.0,2,3,0,0.58,1
484,17,Bachelor's,0.0,1,1,0,0,0,1,1,4,5,0,AI Engineer,4,1,0,1,0,1,0,0,Bachelor's,33.33,0.0,0.0,2,2,1,0.7,0
310,16,Bachelor's,4.2,1,0,1,1,1,1,0,0,4,1,AI Engineer,2,1,1,0,1,1,1,0,Master's,80.0,2.1,1.0,2,3,0,0.86,1
561,78,Master's,1.1,0,0,1,0,0,0,0,1,5,0,Business Intelligence,5,1,0,0,0,1,1,0,Master's,0.0,0.22000000000000003,0.22,3,3,1,0.7,0
284,3,Diploma,0.0,1,1,0,1,1,0,0,2,3,1,AI Engineer,3,0,1,1,0,0,0,0,Diploma,50.0,0.0,0.0,1,1,1,0.72,0
38,51,Diploma,3.2,1,1,1,1,1,1,1,2,2,1,Machine Learning,5,0,1,1,0,1,0,0,Master's,100.0,0.64,0.64,1,3,0,0.58,1
796,94,Master's,0.2,0,1,0,1,0,1,0,4,1,1,Business Intelligence,1,0,1,0,1,0,0,1,Diploma,66.67,0.2,0.2,3,1,1,0.44,1
32,46,Bachelor's,2.3,0,0,0,0,0,1,0,2,1,1,Data Analyst,1,1,1,1,0,0,1,0,Bachelor's,25.0,2.3,1.0,2,2,1,0.44,1
243,55,Master's,3.7,0,1,1,0,0,1,0,1,1,1,Machine Learning,2,0,0,0,0,1,1,1,Bachelor's,33.33,1.85,1.0,3,2,1,0.44,1
553,99,Bachelor's,4.3,0,1,0,1,0,0,0,3,1,1,AI Engineer,2,1,1,0,1,0,0,0,Diploma,66.67,2.15,1.0,2,1,1,0.44,1
292,26,Diploma,0.4,1,1,0,0,0,1,0,3,3,1,Machine Learning,2,1,0,0,0,1,1,1,Bachelor's,50.0,0.2,0.2,1,2,0,0.72,0
615,76,Master's,1.0,1,0,0,0,0,1,0,2,2,0,Data Science,0,1,0,0,0,0,1,0,Master's,100.0,1.0,1.0,3,3,1,0.28,1
292,31,Diploma,0.4,1,1,0,0,0,1,0,3,3,1,AI Engineer,1,1,0,1,1,0,0,0,Master's,33.33,0.4,0.4,1,3,0,0.72,0
619,81,Master's,2.0,0,1,0,0,0,0,0,1,5,0,Data Science,2,1,1,0,0,0,0,1,Bachelor's,33.33,1.0,1.0,3,2,1,0.7,1
758,72,Bachelor's,1.7,0,0,1,0,0,0,0,0,3,0,Data Science,5,1,0,0,0,0,0,1,Master's,0.0,0.33999999999999997,0.34,2,3,0,0.42,0
382,19,Bachelor's,1.2,0,0,0,0,0,1,0,0,3,1,Business Intelligence,5,1,0,0,0,0,0,1,Bachelor's,0.0,0.24,0.24,2,2,1,0.72,0
599,90,Bachelor's,0.2,1,0,0,0,1,0,0,0,5,0,Data Science,0,1,1,0,1,0,1,1,Bachelor's,20.0,1.0,1.0,2,2,1,0.7,1
578,68,Master's,2.6,0,0,0,1,0,0,0,3,1,1,Data Science,4,1,0,0,0,0,1,0,Bachelor's,0.0,0.65,0.65,3,2,1,0.44,0
138,15,Master's,1.7,0,1,0,0,1,0,1,2,2,0,AI Engineer,0,1,1,1,0,0,1,1,Master's,40.0,1.0,1.0,3,3,1,0.28,1
838,58,Bachelor's,1.0,1,0,0,0,0,0,0,3,6,0,Data Analyst,4,1,1,1,1,0,0,0,Bachelor's,25.0,0.25,0.25,2,2,1,0.7,0
200,78,Master's,0.3,1,0,0,0,0,0,0,2,2,1,Business Intelligence,5,1,0,0,0,1,1,0,Master's,33.33,0.06,0.06,3,3,1,0.58,0
335,30,Diploma,9.2,1,1,0,1,0,1,0,0,4,1,Data Analyst,1,1,1,0,1,1,0,0,Bachelor's,75.0,9.2,1.0,1,2,0,0.86,0
605,48,Bachelor's,0.2,1,0,1,0,0,1,0,2,1,1,AI Engineer,1,1,1,1,0,1,0,0,Bachelor's,50.0,0.2,0.2,2,2,1,0.44,0
447,56,Master's,2.9,1,1,0,0,1,1,0,1,2,1,Machine Learning,2,0,1,1,1,1,1,1,Diploma,50.0,1.45,1.0,3,1,1,0.58,1
348,42,Diploma,1.2,1,0,0,0,1,1,0,5,2,0,Business Intelligence,3,0,1,0,0,0,0,0,Diploma,0.0,0.39999999999999997,0.4,1,1,1,0.28,1
278,24,Bachelor's,10.8,1,0,0,0,0,1,0,0,3,1,Machine Learning,2,1,1,0,1,0,1,0,Master's,50.0,5.4,1.0,2,3,0,0.72,1
994,52,Bachelor's,0.4,1,0,0,0,0,1,0,2,4,1,Business Intelligence,1,1,0,1,0,0,0,0,Bachelor's,50.0,0.4,0.4,2,2,1,0.86,1
532,43,Master's,2.4,0,1,0,0,1,1,0,1,1,1,AI Engineer,3,1,0,0,0,0,0,0,Bachelor's,0.0,0.7999999999999999,0.8,3,2,1,0.44,0
801,34,Master's,7.8,0,0,0,0,0,1,0,4,4,1,Machine Learning,2,1,1,0,0,1,0,0,Bachelor's,0.0,3.9,1.0,3,2,1,0.86,0
399,60,Master's,2.4,0,0,0,0,0,0,1,1,5,0,Data Analyst,0,0,1,0,0,0,0,0,Bachelor's,0.0,1.0,1.0,3,2,1,0.7,0
391,83,Master's,0.7,1,0,0,0,0,0,0,4,2,0,Business Intelligence,2,0,1,0,0,0,0,0,Bachelor's,0.0,0.35,0.35,3,2,1,0.28,0
602,68,Bachelor's,1.0,1,1,1,0,0,1,0,3,3,1,Data Science,4,1,0,0,0,0,1,0,Bachelor's,100.0,0.25,0.25,2,2,1,0.72,1
562,11,Bachelor's,0.7,0,1,0,1,0,0,1,0,2,0,Data Analyst,3,1,1,0,0,1,0,1,Master's,50.0,0.2333333333333333,0.23,2,3,0,0.28,0
10,13,Master's,1.7,1,0,0,0,0,1,0,2,4,1,Data Analyst,3,0,1,1,1,0,1,1,Bachelor's,20.0,0.5666666666666667,0.57,3,2,1,0.86,1
591,50,Bachelor's,2.9,0,1,0,0,0,1,1,2,2,1,AI Engineer,1,1,0,0,0,1,1,0,Master's,33.33,2.9,1.0,2,3,0,0.58,0
549,82,Bachelor's,0.1,1,0,1,0,0,0,0,2,2,1,Data Analyst,3,1,1,1,0,0,0,1,Bachelor's,50.0,0.03333333333333333,0.03,2,2,1,0.58,0
59,19,Diploma,1.6,0,0,1,0,1,0,0,0,2,1,Business Intelligence,5,1,0,0,0,0,0,1,Bachelor's,0.0,0.32,0.32,1,2,0,0.58,0
88,44,Bachelor's,0.5,0,0,0,0,0,0,0,2,5,0,Business Intelligence,1,1,1,0,0,1,0,0,Bachelor's,0.0,0.5,0.5,2,2,1,0.7,0
459,33,Diploma,0.6,1,1,0,1,0,1,1,3,2,1,AI Engineer,3,0,1,0,0,0,0,0,Bachelor's,100.0,0.19999999999999998,0.2,1,2,0,0.58,0
104,38,Bachelor's,6.6,0,0,0,0,1,0,0,3,0,0,AI Engineer,2,1,1,1,0,0,0,1,Bachelor's,0.0,3.3,1.0,2,2,1,0.0,0
831,3,Bachelor's,9.8,1,0,1,1,1,1,0,3,4,0,AI Engineer,3,0,1,1,0,0,0,0,Diploma,50.0,3.266666666666667,1.0,2,1,1,0.56,1
789,99,Bachelor's,0.2,0,0,0,1,1,1,0,1,2,0,AI Engineer,2,1,1,0,1,0,0,0,Diploma,33.33,0.1,0.1,2,1,1,0.28,1
104,65,Bachelor's,6.6,0,0,0,0,1,0,0,3,0,0,Machine Learning,0,1,1,1,0,0,1,0,Master's,0.0,1.0,1.0,2,3,0,0.0,0
254,35,Bachelor's,0.3,0,0,0,0,0,0,0,2,1,0,Data Science,0,0,0,0,0,0,1,0,Master's,0.0,1.0,1.0,2,3,0,0.14,0
742,36,Bachelor's,3.3,1,1,0,0,0,1,0,1,0,0,Business Intelligence,0,0,1,1,0,1,1,0,Master's,50.0,1.0,1.0,2,3,0,0.0,0
335,38,Diploma,9.2,1,1,0,1,0,1,0,0,4,1,AI Engineer,2,1,1,1,0,0,0,1,Bachelor's,50.0,4.6,1.0,1,2,0,0.86,1
463,39,Master's,0.3,0,1,1,0,1,0,0,1,3,0,Data Science,0,1,0,0,1,0,1,1,Master's,0.0,1.0,1.0,3,3,1,0.42,1
549,25,Bachelor's,0.1,1,0,1,0,0,0,0,2,2,1,Data Science,3,1,1,0,0,0,1,0,Bachelor's,33.33,0.03333333333333333,0.03,2,2,1,0.58,0
301,64,Diploma,0.1,0,0,0,1,1,1,0,2,3,0,AI Engineer,3,1,0,1,0,0,1,0,Bachelor's,33.33,0.03333333333333333,0.03,1,2,0,0.42,0
654,13,Master's,1.1,1,0,1,0,0,0,0,5,5,0,Data Analyst,3,0,1,1,1,0,1,1,Bachelor's,20.0,0.3666666666666667,0.37,3,2,1,0.7,0
555,68,Master's,0.6,1,0,0,1,1,0,0,1,1,1,Data Science,4,1,0,0,0,0,1,0,Bachelor's,50.0,0.15,0.15,3,2,1,0.44,1
628,70,Master's,1.9,0,1,0,0,0,1,1,2,1,0,AI Engineer,1,1,0,1,0,0,1,0,Bachelor's,33.33,1.9,1.0,3,2,1,0.14,1
341,75,Bachelor's,0.7,0,1,0,1,0,0,1,4,4,0,AI Engineer,2,0,1,1,0,1,1,0,Master's,25.0,0.35,0.35,2,3,0,0.56,0
492,1,Bachelor's,1.2,1,1,1,1,0,1,0,0,5,1,Data Science,4,1,0,0,1,0,1,0,Bachelor's,100.0,0.3,0.3,2,2,1,1.0,1
84,72,Diploma,5.3,0,1,1,0,0,1,0,3,3,1,Data Science,5,1,0,0,0,0,0,1,Master's,0.0,1.06,1.0,1,3,0,0.72,0
929,54,Bachelor's,2.6,0,1,1,0,0,0,0,0,3,1,Data Analyst,3,1,0,0,0,1,1,0,Bachelor's,0.0,0.8666666666666667,0.87,2,2,1,0.72,0
259,98,Bachelor's,0.2,1,0,0,0,1,0,0,3,5,1,Machine Learning,2,1,1,0,1,0,0,0,Bachelor's,33.33,0.1,0.1,2,2,1,1.0,1
360,9,Bachelor's,2.2,1,1,0,0,0,0,0,4,4,0,Data Analyst,0,1,1,0,0,0,0,0,Master's,100.0,1.0,1.0,2,3,0,0.56,1
87,36,Master's,2.4,1,0,0,1,1,0,1,1,2,0,Business Intelligence,0,0,1,1,0,1,1,0,Master's,25.0,1.0,1.0,3,3,1,0.28,1
428,37,Master's,7.6,0,1,0,0,1,1,1,1,4,1,Data Analyst,0,1,0,0,0,0,0,0,Bachelor's,0.0,1.0,1.0,3,2,1,0.86,1
367,59,Master's,3.1,1,0,0,0,0,1,0,1,2,0,Data Science,2,0,1,0,0,0,0,0,Master's,0.0,1.55,1.0,3,3,1,0.28,1
343,21,Bachelor's,5.1,1,1,1,0,0,0,0,1,7,1,Data Science,1,1,1,0,0,0,1,1,Bachelor's,50.0,5.1,1.0,2,2,1,1.0,1
347,20,Bachelor's,1.1,0,0,1,0,0,1,1,0,3,0,Data Analyst,2,1,1,0,0,1,0,0,Bachelor's,0.0,0.55,0.55,2,2,1,0.42,0
803,1,Bachelor's,1.1,0,1,1,0,0,0,0,1,4,1,Data Science,4,1,0,0,1,0,1,0,Bachelor's,0.0,0.275,0.28,2,2,1,0.86,1
96,59,Bachelor's,0.5,0,1,0,0,1,1,1,2,2,1,Data Science,2,0,1,0,0,0,0,0,Master's,100.0,0.25,0.25,2,3,0,0.58,0
255,28,Bachelor's,2.9,0,0,0,1,0,1,0,3,2,0,Data Science,1,0,1,0,1,1,0,0,Bachelor's,33.33,2.9,1.0,2,2,1,0.28,1
854,71,Master's,4.7,0,1,0,1,1,1,0,0,3,1,Data Analyst,2,1,1,0,0,0,0,1,Diploma,33.33,2.35,1.0,3,1,1,0.72,1
136,56,Bachelor's,0.2,0,1,0,0,0,0,0,4,4,0,Machine Learning,2,0,1,1,1,1,1,1,Diploma,16.67,0.1,0.1,2,1,1,0.56,0
248,9,Master's,0.1,0,0,0,1,1,0,0,3,2,1,Data Analyst,0,1,1,0,0,0,0,0,Master's,0.0,1.0,1.0,3,3,1,0.58,1
499,65,Master's,1.2,0,0,0,0,0,1,0,3,2,1,Machine Learning,0,1,1,1,0,0,1,0,Master's,25.0,1.0,1.0,3,3,1,0.58,1
958,98,Diploma,1.4,0,0,0,0,0,0,1,2,1,1,Machine Learning,2,1,1,0,1,0,0,0,Bachelor's,0.0,0.7,0.7,1,2,0,0.44,0
486,34,Master's,1.1,0,1,1,1,0,0,0,0,1,0,Machine Learning,2,1,1,0,0,1,0,0,Bachelor's,33.33,0.55,0.55,3,2,1,0.14,0
402,81,Master's,0.5,1,0,0,1,1,0,1,0,2,0,Data Science,2,1,1,0,0,0,0,1,Bachelor's,66.67,0.25,0.25,3,2,1,0.28,1
604,32,Diploma,1.1,1,0,0,0,1,0,0,4,0,0,AI Engineer,1,0,0,0,0,1,1,0,Diploma,50.0,1.1,1.0,1,1,1,0.0,1
412,66,Master's,0.3,1,0,0,0,0,1,1,2,4,1,Business Intelligence,1,0,1,1,1,0,1,0,Bachelor's,25.0,0.3,0.3,3,2,1,0.86,1
971,100,Bachelor's,0.1,1,1,0,1,0,0,0,0,1,1,Data Science,5,0,0,0,0,1,0,0,Bachelor's,0.0,0.02,0.02,2,2,1,0.44,0
908,25,Bachelor's,1.1,1,0,0,1,1,0,0,3,4,0,Data Science,3,1,1,0,0,0,1,0,Bachelor's,33.33,0.3666666666666667,0.37,2,2,1,0.56,0
448,51,Master's,4.6,1,1,1,0,0,1,1,3,3,1,Machine Learning,5,0,1,1,0,1,0,0,Master's,66.67,0.9199999999999999,0.92,3,3,1,0.72,1
247,63,Bachelor's,0.4,1,1,0,1,0,0,0,0,1,0,Business Intelligence,5,1,1,0,0,0,0,0,Diploma,100.0,0.08,0.08,2,1,1,0.14,1
770,90,Master's,1.3,0,0,0,1,0,0,0,2,3,0,Data Science,0,1,1,0,1,0,1,1,Bachelor's,20.0,1.0,1.0,3,2,1,0.42,1
699,45,Bachelor's,8.2,0,1,0,1,1,1,0,1,5,0,Business Intelligence,1,0,0,0,0,0,1,0,Bachelor's,100.0,8.2,1.0,2,2,1,0.7,1
421,26,Master's,1.0,1,1,0,0,1,1,0,2,1,0,Machine Learning,2,1,0,0,0,1,1,1,Bachelor's,75.0,0.5,0.5,3,2,1,0.14,0
124,21,Bachelor's,4.1,1,0,1,0,1,0,0,2,3,1,Data Science,1,1,1,0,0,0,1,1,Bachelor's,25.0,4.1,1.0,2,2,1,0.72,1
260,82,Diploma,2.2,1,1,0,1,0,1,0,4,7,0,Data Analyst,3,1,1,1,0,0,0,1,Bachelor's,50.0,0.7333333333333334,0.73,1,2,0,0.7,0
169,93,Diploma,0.0,0,1,0,0,0,1,0,0,4,0,Data Science,1,0,1,1,0,1,1,0,Bachelor's,50.0,0.0,0.0,1,2,0,0.56,0
941,51,Bachelor's,0.2,1,1,0,0,1,1,0,4,1,1,Machine Learning,5,0,1,1,0,1,0,0,Master's,66.67,0.04,0.04,2,3,0,0.44,0
877,24,Master's,2.2,1,0,0,1,0,0,0,1,4,1,Machine Learning,2,1,1,0,1,0,1,0,Master's,50.0,1.1,1.0,3,3,1,0.86,1
111,92,Bachelor's,4.2,1,1,0,1,1,0,0,2,4,1,Machine Learning,3,0,1,0,0,0,1,0,Bachelor's,50.0,1.4000000000000001,1.0,2,2,1,0.86,1
290,12,Bachelor's,0.2,1,0,1,0,0,0,0,0,1,1,Machine Learning,3,1,1,0,0,1,1,0,Bachelor's,25.0,0.06666666666666667,0.07,2,2,1,0.44,0
599,11,Bachelor's,0.2,1,0,0,0,1,0,0,0,5,0,Data Analyst,3,1,1,0,0,1,0,1,Master's,50.0,0.06666666666666667,0.07,2,3,0,0.7,0
13,27,Master's,7.2,0,0,1,0,1,1,0,3,1,0,Data Science,3,0,1,0,0,1,0,0,Master's,50.0,2.4,1.0,3,3,1,0.14,1
800,33,Master's,0.0,1,1,0,0,0,1,0,1,2,1,AI Engineer,3,0,1,0,0,0,0,0,Bachelor's,100.0,0.0,0.0,3,2,1,0.58,1
23,80,Bachelor's,6.5,0,1,1,1,1,0,1,4,5,0,Business Intelligence,2,1,1,0,0,1,1,0,Master's,50.0,3.25,1.0,2,3,0,0.7,1
945,92,Bachelor's,3.9,0,0,1,1,0,1,0,3,3,0,Machine Learning,3,0,1,0,0,0,1,0,Bachelor's,50.0,1.3,1.0,2,2,1,0.42,1
200,92,Master's,0.3,1,0,0,0,0,0,0,2,2,1,Machine Learning,3,0,1,0,0,0,1,0,Bachelor's,0.0,0.09999999999999999,0.1,3,2,1,0.58,0
242,38,Master's,3.7,1,0,0,0,0,0,0,0,4,0,AI Engineer,2,1,1,1,0,0,0,1,Bachelor's,25.0,1.85,1.0,3,2,1,0.56,1
303,70,Bachelor's,0.1,1,1,1,1,0,1,0,1,4,1,AI Engineer,1,1,0,1,0,0,1,0,Bachelor's,100.0,0.1,0.1,2,2,1,0.86,1
165,42,Diploma,0.4,1,0,0,0,0,0,0,2,4,1,Business Intelligence,3,0,1,0,0,0,0,0,Diploma,0.0,0.13333333333333333,0.13,1,1,1,0.86,0
738,29,Master's,0.5,1,1,0,0,0,1,0,4,6,0,AI Engineer,0,1,1,1,1,0,1,0,Bachelor's,60.0,1.0,1.0,3,2,1,0.7,1
176,34,Bachelor's,1.9,0,0,1,1,0,1,0,2,8,1,Machine Learning,2,1,1,0,0,1,0,0,Bachelor's,0.0,0.95,0.95,2,2,1,1.0,1
29,57,Bachelor's,1.0,1,1,1,0,1,1,0,2,1,1,Business Intelligence,3,0,1,0,1,0,0,0,Bachelor's,50.0,0.3333333333333333,0.33,2,2,1,0.44,1
677,3,Bachelor's,0.2,1,0,0,0,0,0,0,0,1,1,AI Engineer,3,0,1,1,0,0,0,0,Diploma,0.0,0.06666666666666667,0.07,2,1,1,0.44,0
535,6,Master's,1.3,0,0,0,0,0,0,0,3,5,1,Data Science,2,0,0,0,0,1,0,0,Diploma,0.0,0.65,0.65,3,1,1,1.0,1
294,48,Bachelor's,2.9,1,1,1,0,0,1,0,2,1,0,AI Engineer,1,1,1,1,0,1,0,0,Bachelor's,75.0,2.9,1.0,2,2,1,0.14,1
477,64,Diploma,4.1,1,1,0,0,0,0,0,5,3,0,AI Engineer,3,1,0,1,0,0,1,0,Bachelor's,33.33,1.3666666666666665,1.0,1,2,0,0.42,0
383,13,Bachelor's,8.7,0,0,0,0,0,0,0,2,2,0,Data Analyst,3,0,1,1,1,0,1,1,Bachelor's,0.0,2.9,1.0,2,2,1,0.28,0
556,36,Bachelor's,0.6,0,1,0,0,1,1,0,2,4,0,Business Intelligence,0,0,1,1,0,1,1,0,Master's,75.0,1.0,1.0,2,3,0,0.56,1
773,79,Bachelor's,5.6,0,0,0,0,0,1,0,0,2,0,Data Science,3,1,1,0,0,0,1,0,Bachelor's,33.33,1.8666666666666665,1.0,2,2,1,0.28,0
692,70,Bachelor's,1.7,0,1,0,0,0,0,0,4,2,1,AI Engineer,1,1,0,1,0,0,1,0,Bachelor's,0.0,1.7,1.0,2,2,1,0.58,0
296,33,Bachelor's,0.6,1,0,0,0,1,0,1,3,7,1,AI Engineer,3,0,1,0,0,0,0,0,Bachelor's,0.0,0.19999999999999998,0.2,2,2,1,1.0,0
651,76,Diploma,0.1,1,1,0,0,0,1,0,1,2,1,Data Science,0,1,0,0,0,0,1,0,Master's,100.0,1.0,1.0,1,3,0,0.58,1
334,57,Bachelor's,12.0,0,0,0,0,0,1,0,1,1,1,Business Intelligence,3,0,1,0,1,0,0,0,Bachelor's,0.0,4.0,1.0,2,2,1,0.44,0
248,55,Master's,0.1,0,0,0,1,1,0,0,3,2,1,Machine Learning,2,0,0,0,0,1,1,1,Bachelor's,33.33,0.05,0.05,3,2,1,0.58,0
241,13,Master's,5.1,0,0,1,1,1,0,0,2,1,0,Data Analyst,3,0,1,1,1,0,1,1,Bachelor's,40.0,1.7,1.0,3,2,1,0.14,1
106,97,Bachelor's,0.5,1,0,1,0,0,1,0,5,2,1,Data Analyst,4,0,0,1,0,1,1,0,Bachelor's,66.67,0.125,0.12,2,2,1,0.58,1
898,51,Master's,0.5,1,1,0,0,0,1,0,2,1,1,Machine Learning,5,0,1,1,0,1,0,0,Master's,33.33,0.1,0.1,3,3,1,0.44,0
931,92,Bachelor's,2.2,0,1,0,0,0,0,0,3,5,1,Machine Learning,3,0,1,0,0,0,1,0,Bachelor's,50.0,0.7333333333333334,0.73,2,2,1,1.0,1
685,53,Master's,0.4,1,1,1,0,0,1,0,4,5,1,Data Science,4,1,0,0,1,0,0,0,Bachelor's,50.0,0.1,0.1,3,2,1,1.0,1
561,36,Master's,1.1,0,0,1,0,0,0,0,1,5,0,Business Intelligence,0,0,1,1,0,1,1,0,Master's,25.0,1.0,1.0,3,3,1,0.7,0
123,5,Bachelor's,5.0,0,0,1,0,0,1,0,4,4,0,Business Intelligence,4,0,1,0,0,0,1,0,Bachelor's,50.0,1.25,1.0,2,2,1,0.56,1
35,25,Master's,0.2,0,0,0,0,0,1,0,4,5,1,Data Science,3,1,1,0,0,0,1,0,Bachelor's,33.33,0.06666666666666667,0.07,3,2,1,1.0,0
618,81,Bachelor's,2.7,1,1,1,0,0,0,0,2,2,1,Data Science,2,1,1,0,0,0,0,1,Bachelor's,66.67,1.35,1.0,2,2,1,0.58,1
840,19,Bachelor's,0.6,1,1,0,0,1,0,0,5,1,0,Business Intelligence,5,1,0,0,0,0,0,1,Bachelor's,50.0,0.12,0.12,2,2,1,0.14,0
416,35,Bachelor's,6.9,0,1,0,0,0,1,0,1,4,1,Data Science,0,0,0,0,0,0,1,0,Master's,100.0,1.0,1.0,2,3,0,0.86,1
708,34,Master's,0.6,1,0,0,0,0,0,0,0,4,0,Machine Learning,2,1,1,0,0,1,0,0,Bachelor's,33.33,0.3,0.3,3,2,1,0.56,0
621,54,Bachelor's,1.6,0,1,1,0,0,0,1,0,4,0,Data Analyst,3,1,0,0,0,1,1,0,Bachelor's,0.0,0.5333333333333333,0.53,2,2,1,0.56,0
637,46,Bachelor's,1.3,0,1,0,0,1,1,1,0,3,0,Data Analyst,1,1,1,1,0,0,1,0,Bachelor's,50.0,1.3,1.0,2,2,1,0.42,1
327,6,Bachelor's,0.5,0,1,0,0,1,1,0,2,3,0,Data Science,2,0,0,0,0,1,0,0,Diploma,100.0,0.25,0.25,2,1,1,0.42,1
295,83,Bachelor's,4.0,1,1,0,1,1,1,0,3,1,0,Business Intelligence,2,0,1,0,0,0,0,0,Bachelor's,100.0,2.0,1.0,2,2,1,0.14,1
432,1,Master's,1.8,0,1,0,0,1,1,0,3,3,0,Data Science,4,1,0,0,1,0,1,0,Bachelor's,33.33,0.45,0.45,3,2,1,0.42,1
347,71,Bachelor's,1.1,0,0,1,0,0,1,1,0,3,0,Data Analyst,2,1,1,0,0,0,0,1,Diploma,33.33,0.55,0.55,2,1,1,0.42,0
37,34,Bachelor's,1.0,1,0,1,0,1,1,0,1,3,1,Machine Learning,2,1,1,0,0,1,0,0,Bachelor's,66.67,0.5,0.5,2,2,1,0.72,0
700,56,Bachelor's,2.0,0,0,1,0,0,1,0,2,1,0,Machine Learning,2,0,1,1,1,1,1,1,Diploma,33.33,1.0,1.0,2,1,1,0.14,1
512,83,Bachelor's,3.2,0,0,0,1,1,0,0,3,2,1,Business Intelligence,2,0,1,0,0,0,0,0,Bachelor's,0.0,1.6,1.0,2,2,1,0.58,1
849,97,Bachelor's,5.4,0,1,1,0,0,1,0,4,5,0,Data Analyst,4,0,0,1,0,1,1,0,Bachelor's,66.67,1.35,1.0,2,2,1,0.7,1
970,26,Bachelor's,0.1,1,0,0,1,0,0,0,2,0,1,Machine Learning,2,1,0,0,0,1,1,1,Bachelor's,25.0,0.05,0.05,2,2,1,0.3,0
900,42,Diploma,3.8,1,1,1,0,0,0,1,2,4,0,Business Intelligence,3,0,1,0,0,0,0,0,Diploma,100.0,1.2666666666666666,1.0,1,1,1,0.56,1
535,91,Master's,1.3,0,0,0,0,0,0,0,3,5,1,AI Engineer,5,0,1,0,1,1,1,1,Diploma,0.0,0.26,0.26,3,1,1,1.0,0
910,38,Bachelor's,0.4,1,0,0,0,0,1,1,2,2,1,AI Engineer,2,1,1,1,0,0,0,1,Bachelor's,50.0,0.2,0.2,2,2,1,0.58,0
773,26,Bachelor's,5.6,0,0,0,0,0,1,0,0,2,0,Machine Learning,2,1,0,0,0,1,1,1,Bachelor's,25.0,2.8,1.0,2,2,1,0.28,1
706,99,Master's,0.3,0,1,0,0,1,1,0,1,2,1,AI Engineer,2,1,1,0,1,0,0,0,Diploma,33.33,0.15,0.15,3,1,1,0.58,0
878,59,Bachelor's,1.8,1,1,1,0,0,1,0,2,1,0,Data Science,2,0,1,0,0,0,0,0,Master's,100.0,0.9,0.9,2,3,0,0.14,1
664,84,Bachelor's,1.7,0,0,1,0,1,1,0,1,5,1,AI Engineer,1,1,0,1,1,1,0,0,Bachelor's,50.0,1.7,1.0,2,2,1,1.0,1
18,24,Bachelor's,2.1,0,0,1,0,0,1,0,0,5,0,Machine Learning,2,1,1,0,1,0,1,0,Master's,25.0,1.05,1.0,2,3,0,0.7,0
27,21,Bachelor's,5.0,0,1,0,0,1,1,1,4,1,1,Data Science,1,1,1,0,0,0,1,1,Bachelor's,75.0,5.0,1.0,2,2,1,0.44,1
536,60,Master's,0.3,0,0,0,0,0,0,0,1,4,1,Data Analyst,0,0,1,0,0,0,0,0,Bachelor's,0.0,1.0,1.0,3,2,1,0.86,1
29,90,Bachelor's,1.0,1,1,1,0,1,1,0,2,1,1,Data Science,0,1,1,0,1,0,1,1,Bachelor's,60.0,1.0,1.0,2,2,1,0.44,0
651,20,Diploma,0.1,1,1,0,0,0,1,0,1,2,1,Data Analyst,2,1,1,0,0,1,0,0,Bachelor's,66.67,0.05,0.05,1,2,0,0.58,0
658,6,Bachelor's,0.9,0,1,0,1,0,0,0,4,2,0,Data Science,2,0,0,0,0,1,0,0,Diploma,0.0,0.45,0.45,2,1,1,0.28,0
635,67,Bachelor's,6.5,0,0,0,0,0,0,0,2,3,0,Data Science,0,1,1,1,0,1,1,0,Bachelor's,0.0,1.0,1.0,2,2,1,0.42,0
640,10,Bachelor's,6.5,0,0,1,0,0,1,0,1,3,0,AI Engineer,5,0,1,0,1,1,0,0,Master's,0.0,1.3,1.0,2,3,0,0.42,0
880,12,Bachelor's,2.1,1,0,1,0,0,1,0,2,4,1,Machine Learning,3,1,1,0,0,1,1,0,Bachelor's,50.0,0.7000000000000001,0.7,2,2,1,0.86,1
117,97,Master's,0.2,1,1,1,0,0,0,0,2,1,0,Data Analyst,4,0,0,1,0,1,1,0,Bachelor's,33.33,0.05,0.05,3,2,1,0.14,0
132,22,Bachelor's,1.7,1,1,0,0,1,1,0,2,3,1,Data Analyst,2,1,1,0,0,0,1,0,Master's,100.0,0.85,0.85,2,3,0,0.72,1
289,62,Bachelor's,0.1,1,1,0,0,1,0,0,1,2,0,Machine Learning,1,1,1,1,0,0,0,1,Diploma,50.0,0.1,0.1,2,1,1,0.28,0
718,61,Master's,3.0,0,0,1,0,0,0,0,5,2,1,Business Intelligence,2,0,0,1,0,0,1,0,Bachelor's,50.0,1.5,1.0,3,2,1,0.58,1
236,80,Master's,1.1,0,0,0,0,1,1,0,1,3,1,Business Intelligence,2,1,1,0,0,1,1,0,Master's,50.0,0.55,0.55,3,3,1,0.72,1
42,17,Bachelor's,3.9,0,1,0,0,0,1,0,5,3,0,AI Engineer,4,1,0,1,0,1,0,0,Bachelor's,0.0,0.975,0.98,2,2,1,0.42,1
160,10,Master's,0.1,0,0,0,0,1,1,0,3,4,1,AI Engineer,5,0,1,0,1,1,0,0,Master's,33.33,0.02,0.02,3,3,1,0.86,0
764,12,Master's,1.7,1,0,0,0,0,0,1,0,1,0,Machine Learning,3,1,1,0,0,1,1,0,Bachelor's,25.0,0.5666666666666667,0.57,3,2,1,0.14,0
691,83,Bachelor's,0.5,1,1,0,0,1,1,0,0,5,1,Business Intelligence,2,0,1,0,0,0,0,0,Bachelor's,100.0,0.25,0.25,2,2,1,1.0,1
125,40,Bachelor's,2.7,0,1,1,1,1,1,0,0,1,1,Data Analyst,2,1,0,0,0,1,0,1,Bachelor's,33.33,1.35,1.0,2,2,1,0.44,0
260,23,Diploma,2.2,1,1,0,1,0,1,0,4,7,0,AI Engineer,4,1,0,0,0,1,1,0,Bachelor's,66.67,0.55,0.55,1,2,0,0.7,0
276,40,Bachelor's,0.3,0,1,0,0,0,0,0,2,1,1,Data Analyst,2,1,0,0,0,1,0,1,Bachelor's,0.0,0.15,0.15,2,2,1,0.44,0
213,74,Bachelor's,0.4,1,0,0,0,0,1,0,3,3,0,Data Science,1,1,1,1,0,0,1,0,Bachelor's,50.0,0.4,0.4,2,2,1,0.42,1
963,74,Bachelor's,4.6,1,0,0,0,1,1,0,7,3,1,Data Science,1,1,1,1,0,0,1,0,Bachelor's,50.0,4.6,1.0,2,2,1,0.72,1
473,50,Diploma,5.3,0,1,0,0,0,0,0,1,4,0,AI Engineer,1,1,0,0,0,1,1,0,Master's,0.0,5.3,1.0,1,3,0,0.56,0
836,10,Bachelor's,2.7,0,0,0,0,0,1,0,4,4,0,AI Engineer,5,0,1,0,1,1,0,0,Master's,0.0,0.54,0.54,2,3,0,0.56,0
702,94,Diploma,1.4,0,1,0,0,1,0,1,2,3,0,Business Intelligence,1,0,1,0,1,0,0,1,Diploma,66.67,1.4,1.0,1,1,1,0.42,1
570,4,Bachelor's,1.5,0,1,1,1,0,1,0,2,3,1,Data Analyst,2,0,1,0,0,0,1,1,Bachelor's,66.67,0.75,0.75,2,2,1,0.72,1
431,1,Bachelor's,1.5,0,1,1,0,1,1,0,2,3,1,Data Science,4,1,0,0,1,0,1,0,Bachelor's,33.33,0.375,0.38,2,2,1,0.72,0
715,43,Bachelor's,0.1,1,1,0,0,1,1,1,0,2,1,AI Engineer,3,1,0,0,0,0,0,0,Bachelor's,100.0,0.03333333333333333,0.03,2,2,1,0.58,1
80,83,Bachelor's,7.5,0,1,0,0,0,0,0,2,3,0,Business Intelligence,2,0,1,0,0,0,0,0,Bachelor's,100.0,3.75,1.0,2,2,1,0.42,1
955,5,Bachelor's,12.0,0,0,0,0,1,0,0,0,1,0,Business Intelligence,4,0,1,0,0,0,1,0,Bachelor's,0.0,3.0,1.0,2,2,1,0.14,0
228,94,Bachelor's,0.8,0,0,0,1,1,1,0,1,1,1,Business Intelligence,1,0,1,0,1,0,0,1,Diploma,33.33,0.8,0.8,2,1,1,0.44,1
902,90,Diploma,0.0,0,0,0,0,0,1,1,2,4,0,Data Science,0,1,1,0,1,0,1,1,Bachelor's,40.0,1.0,1.0,1,2,0,0.56,1
95,34,Master's,0.7,1,0,0,0,0,1,0,5,5,1,Machine Learning,2,1,1,0,0,1,0,0,Bachelor's,33.33,0.35,0.35,3,2,1,1.0,1
424,66,Bachelor's,0.4,1,0,1,0,0,1,0,4,5,1,Business Intelligence,1,0,1,1,1,0,1,0,Bachelor's,50.0,0.4,0.4,2,2,1,1.0,1
973,24,Master's,0.8,0,0,0,1,0,1,0,0,2,1,Machine Learning,2,1,1,0,1,0,1,0,Master's,50.0,0.4,0.4,3,3,1,0.58,1
919,14,Master's,1.2,1,1,1,0,0,1,0,3,4,1,Data Science,3,1,1,0,0,1,1,0,Bachelor's,75.0,0.39999999999999997,0.4,3,2,1,0.86,1
948,41,Master's,0.4,1,1,1,0,0,0,1,4,2,0,Business Intelligence,2,1,0,0,0,0,1,1,Bachelor's,66.67,0.2,0.2,3,2,1,0.28,1
516,42,Diploma,0.0,0,1,0,1,0,0,0,1,8,0,Business Intelligence,3,0,1,0,0,0,0,0,Diploma,100.0,0.0,0.0,1,1,1,0.7,1
165,13,Diploma,0.4,1,0,0,0,0,0,0,2,4,1,Data Analyst,3,0,1,1,1,0,1,1,Bachelor's,0.0,0.13333333333333333,0.13,1,2,0,0.86,0
426,29,Bachelor's,8.4,0,1,0,0,0,1,0,2,3,0,AI Engineer,0,1,1,1,1,0,1,0,Bachelor's,40.0,1.0,1.0,2,2,1,0.42,1
997,65,Master's,7.8,1,0,0,0,0,1,0,0,2,0,Machine Learning,0,1,1,1,0,0,1,0,Master's,50.0,1.0,1.0,3,3,1,0.28,1
812,46,Master's,3.6,0,0,1,1,0,1,0,0,3,1,Data Analyst,1,1,1,1,0,0,1,0,Bachelor's,50.0,3.6,1.0,3,2,1,0.72,1
993,34,Bachelor's,2.4,0,1,0,0,0,1,0,1,2,1,Machine Learning,2,1,1,0,0,1,0,0,Bachelor's,33.33,1.2,1.0,2,2,1,0.58,1
893,63,Master's,4.0,0,1,0,0,1,0,1,2,5,1,Business Intelligence,5,1,1,0,0,0,0,0,Diploma,50.0,0.8,0.8,3,1,1,1.0,1
42,4,Bachelor's,3.9,0,1,0,0,0,1,0,5,3,0,Data Analyst,2,0,1,0,0,0,1,1,Bachelor's,66.67,1.95,1.0,2,2,1,0.42,1
797,28,Master's,3.1,1,1,0,0,1,0,0,2,3,0,Data Science,1,0,1,0,1,1,0,0,Bachelor's,66.67,3.1,1.0,3,2,1,0.42,1
741,83,Bachelor's,4.4,1,1,1,1,0,0,0,1,4,1,Business Intelligence,2,0,1,0,0,0,0,0,Bachelor's,100.0,2.2,1.0,2,2,1,0.86,1
403,1,Bachelor's,0.1,1,1,0,1,0,1,0,3,2,1,Data Science,4,1,0,0,1,0,1,0,Bachelor's,100.0,0.025,0.02,2,2,1,0.58,1
755,36,Bachelor's,9.3,0,0,1,1,0,1,1,0,5,0,Business Intelligence,0,0,1,1,0,1,1,0,Master's,50.0,1.0,1.0,2,3,0,0.7,0
724,13,Master's,0.3,1,0,0,0,0,0,0,0,2,1,Data Analyst,3,0,1,1,1,0,1,1,Bachelor's,0.0,0.09999999999999999,0.1,3,2,1,0.58,0
416,5,Bachelor's,6.9,0,1,0,0,0,1,0,1,4,1,Business Intelligence,4,0,1,0,0,0,1,0,Bachelor's,100.0,1.725,1.0,2,2,1,0.86,1
300,97,Diploma,3.1,1,1,0,0,0,0,1,1,7,0,Data Analyst,4,0,0,1,0,1,1,0,Bachelor's,0.0,0.775,0.78,1,2,0,0.7,0
55,14,Bachelor's,12.0,0,1,1,0,1,1,1,2,0,0,Data Science,3,1,1,0,0,1,1,0,Bachelor's,75.0,4.0,1.0,2,2,1,0.0,1
336,80,Diploma,2.6,1,1,0,1,1,1,0,1,2,0,Business Intelligence,2,1,1,0,0,1,1,0,Master's,100.0,1.3,1.0,1,3,0,0.28,1
901,32,Bachelor's,2.0,1,0,0,0,0,1,0,3,6,1,AI Engineer,1,0,0,0,0,1,1,0,Diploma,50.0,2.0,1.0,2,1,1,1.0,1
881,50,Bachelor's,2.9,1,1,0,0,1,1,0,1,4,1,AI Engineer,1,1,0,0,0,1,1,0,Master's,100.0,2.9,1.0,2,3,0,0.86,1
430,27,Bachelor's,5.1,0,1,1,0,0,0,0,1,1,0,Data Science,3,0,1,0,0,1,0,0,Master's,50.0,1.7,1.0,2,3,0,0.14,0
972,35,Master's,4.5,1,1,1,0,0,0,0,1,0,1,Data Science,0,0,0,0,0,0,1,0,Master's,0.0,1.0,1.0,3,3,1,0.3,1
685,3,Master's,0.4,1,1,1,0,0,1,0,4,5,1,AI Engineer,3,0,1,1,0,0,0,0,Diploma,100.0,0.13333333333333333,0.13,3,1,1,1.0,1
789,4,Bachelor's,0.2,0,0,0,1,1,1,0,1,2,0,Data Analyst,2,0,1,0,0,0,1,1,Bachelor's,33.33,0.1,0.1,2,2,1,0.28,0
334,7,Bachelor's,12.0,0,0,0,0,0,1,0,1,1,1,AI Engineer,2,1,0,0,0,1,0,0,Bachelor's,0.0,6.0,1.0,2,2,1,0.44,0
741,77,Bachelor's,4.4,1,1,1,1,0,0,0,1,4,1,Data Analyst,0,0,1,0,0,0,0,1,Bachelor's,50.0,1.0,1.0,2,2,1,0.86,1
406,3,Master's,1.6,0,1,1,1,1,1,0,3,2,0,AI Engineer,3,0,1,1,0,0,0,0,Diploma,100.0,0.5333333333333333,0.53,3,1,1,0.28,1
30,81,Diploma,4.4,0,1,0,0,0,1,1,2,2,1,Data Science,2,1,1,0,0,0,0,1,Bachelor's,66.67,2.2,1.0,1,2,0,0.58,1
535,59,Master's,1.3,0,0,0,0,0,0,0,3,5,1,Data Science,2,0,1,0,0,0,0,0,Master's,0.0,0.65,0.65,3,3,1,1.0,0
517,74,Bachelor's,2.6,1,0,0,1,1,1,1,1,5,1,Data Science,1,1,1,1,0,0,1,0,Bachelor's,50.0,2.6,1.0,2,2,1,1.0,1
575,1,Master's,0.6,1,1,1,0,0,1,1,2,3,1,Data Science,4,1,0,0,1,0,1,0,Bachelor's,66.67,0.15,0.15,3,2,1,0.72,1
221,28,Bachelor's,7.5,0,1,0,0,1,0,1,2,2,1,Data Science,1,0,1,0,1,1,0,0,Bachelor's,66.67,7.5,1.0,2,2,1,0.58,1
827,59,Bachelor's,0.1,0,0,1,0,0,0,0,1,3,0,Data Science,2,0,1,0,0,0,0,0,Master's,0.0,0.05,0.05,2,3,0,0.42,0
990,53,Master's,3.3,0,1,1,1,0,0,0,2,4,1,Data Science,4,1,0,0,1,0,0,0,Bachelor's,50.0,0.825,0.82,3,2,1,0.86,1
594,10,Bachelor's,0.3,1,1,0,1,1,0,1,5,1,1,AI Engineer,5,0,1,0,1,1,0,0,Master's,100.0,0.06,0.06,2,3,0,0.44,1
494,71,Bachelor's,0.2,1,1,1,0,0,1,1,1,1,0,Data Analyst,2,1,1,0,0,0,0,1,Diploma,100.0,0.1,0.1,2,1,1,0.14,1
754,3,Bachelor's,0.7,1,1,0,1,0,1,0,0,3,1,AI Engineer,3,0,1,1,0,0,0,0,Diploma,50.0,0.2333333333333333,0.23,2,1,1,0.72,1
253,7,Master's,0.3,0,1,0,0,0,1,0,2,0,0,AI Engineer,2,1,0,0,0,1,0,0,Bachelor's,0.0,0.15,0.15,3,2,1,0.0,0
564,9,Diploma,0.8,1,0,0,0,0,0,1,3,7,1,Data Analyst,0,1,1,0,0,0,0,0,Master's,50.0,1.0,1.0,1,3,0,1.0,1
321,99,Bachelor's,0.7,0,1,0,0,0,1,0,2,2,1,AI Engineer,2,1,1,0,1,0,0,0,Diploma,33.33,0.35,0.35,2,1,1,0.58,0
39,90,Bachelor's,0.2,1,0,1,0,0,1,0,3,4,0,Data Science,0,1,1,0,1,0,1,1,Bachelor's,40.0,1.0,1.0,2,2,1,0.56,1
465,69,Master's,12.0,0,0,1,0,1,1,1,2,2,0,Data Science,5,1,0,1,0,0,1,0,Bachelor's,66.67,2.4,1.0,3,2,1,0.28,1
771,13,Bachelor's,1.5,1,1,0,0,0,1,0,2,1,0,Data Analyst,3,0,1,1,1,0,1,1,Bachelor's,40.0,0.5,0.5,2,2,1,0.14,0
938,94,Master's,4.4,0,0,0,0,1,1,1,2,0,0,Business Intelligence,1,0,1,0,1,0,0,1,Diploma,33.33,4.4,1.0,3,1,1,0.0,1
839,40,Bachelor's,6.6,0,1,0,0,0,1,1,4,3,0,Data Analyst,2,1,0,0,0,1,0,1,Bachelor's,33.33,3.3,1.0,2,2,1,0.42,0
411,62,Bachelor's,0.6,0,0,0,0,0,1,0,3,3,1,Machine Learning,1,1,1,1,0,0,0,1,Diploma,0.0,0.6,0.6,2,1,1,0.72,0
412,62,Master's,0.3,1,0,0,0,0,1,1,2,4,1,Machine Learning,1,1,1,1,0,0,0,1,Diploma,50.0,0.3,0.3,3,1,1,0.86,1
492,10,Bachelor's,1.2,1,1,1,1,0,1,0,0,5,1,AI Engineer,5,0,1,0,1,1,0,0,Master's,66.67,0.24,0.24,2,3,0,1.0,1
438,87,Master's,3.0,1,1,1,1,0,1,0,1,4,1,AI Engineer,1,1,0,0,0,0,0,0,Bachelor's,100.0,3.0,1.0,3,2,1,0.86,1
479,11,Master's,4.0,1,0,0,1,0,0,0,7,1,1,Data Analyst,3,1,1,0,0,1,0,1,Master's,25.0,1.3333333333333333,1.0,3,3,1,0.44,1
783,76,Bachelor's,1.5,0,0,0,0,0,0,0,3,4,1,Data Science,0,1,0,0,0,0,1,0,Master's,0.0,1.0,1.0,2,3,0,0.86,0
949,62,Master's,1.0,1,0,1,0,1,0,0,5,3,1,Machine Learning,1,1,1,1,0,0,0,1,Diploma,50.0,1.0,1.0,3,1,1,0.72,1
72,77,Bachelor's,0.7,1,1,1,0,0,1,0,2,0,0,Data Analyst,0,0,1,0,0,0,0,1,Bachelor's,50.0,1.0,1.0,2,2,1,0.0,1
582,56,Master's,1.2,0,1,0,0,1,1,0,3,2,0,Machine Learning,2,0,1,1,1,1,1,1,Diploma,50.0,0.6,0.6,3,1,1,0.28,0
220,49,Master's,0.8,1,1,0,0,0,0,0,2,3,0,Data Science,4,1,1,0,0,0,0,0,Diploma,100.0,0.2,0.2,3,1,1,0.42,1
4,16,Bachelor's,3.3,1,1,0,0,0,0,1,1,3,1,AI Engineer,2,1,1,0,1,1,1,0,Master's,40.0,1.65,1.0,2,3,0,0.72,1
862,73,Bachelor's,2.7,1,1,1,0,1,1,1,2,3,0,AI Engineer,1,0,0,0,0,0,1,0,Master's,100.0,2.7,1.0,2,3,0,0.42,1
913,74,Bachelor's,12.0,0,0,0,0,0,1,1,0,5,0,Data Science,1,1,1,1,0,0,1,0,Bachelor's,25.0,12.0,1.0,2,2,1,0.7,1
290,93,Bachelor's,0.2,1,0,1,0,0,0,0,0,1,1,Data Science,1,0,1,1,0,1,1,0,Bachelor's,25.0,0.2,0.2,2,2,1,0.44,0
380,9,Bachelor's,2.2,0,1,0,0,1,1,0,4,2,0,Data Analyst,0,1,1,0,0,0,0,0,Master's,50.0,1.0,1.0,2,3,0,0.28,1
902,33,Diploma,0.0,0,0,0,0,0,1,1,2,4,0,AI Engineer,3,0,1,0,0,0,0,0,Bachelor's,0.0,0.0,0.0,1,2,0,0.56,0
804,88,Bachelor's,0.9,0,1,0,1,0,1,1,4,2,1,Data Analyst,0,1,1,1,0,0,1,1,Diploma,60.0,1.0,1.0,2,1,1,0.58,1
355,35,Diploma,1.7,0,0,0,0,1,1,0,2,3,0,Data Science,0,0,0,0,0,0,1,0,Master's,100.0,1.0,1.0,1,3,0,0.42,1
743,75,Master's,3.7,1,1,0,1,0,0,0,3,3,0,AI Engineer,2,0,1,1,0,1,1,0,Master's,25.0,1.85,1.0,3,3,1,0.42,1
935,39,Bachelor's,2.8,0,0,0,0,1,1,0,3,0,0,Data Science,0,1,0,0,1,0,1,1,Master's,25.0,1.0,1.0,2,3,0,0.0,0
80,77,Bachelor's,7.5,0,1,0,0,0,0,0,2,3,0,Data Analyst,0,0,1,0,0,0,0,1,Bachelor's,50.0,1.0,1.0,2,2,1,0.42,1
66,87,Bachelor's,3.3,0,0,0,0,1,0,0,6,4,1,AI Engineer,1,1,0,0,0,0,0,0,Bachelor's,0.0,3.3,1.0,2,2,1,0.86,0
136,25,Bachelor's,0.2,0,1,0,0,0,0,0,4,4,0,Data Science,3,1,1,0,0,0,1,0,Bachelor's,33.33,0.06666666666666667,0.07,2,2,1,0.56,0
399,80,Master's,2.4,0,0,0,0,0,0,1,1,5,0,Business Intelligence,2,1,1,0,0,1,1,0,Master's,0.0,1.2,1.0,3,3,1,0.7,1
703,56,Bachelor's,0.9,1,0,1,0,0,0,0,3,3,1,Machine Learning,2,0,1,1,1,1,1,1,Diploma,16.67,0.45,0.45,2,1,1,0.72,0
347,48,Bachelor's,1.1,0,0,1,0,0,1,1,0,3,0,AI Engineer,1,1,1,1,0,1,0,0,Bachelor's,25.0,1.1,1.0,2,2,1,0.42,1
848,85,Master's,0.5,1,1,0,0,0,1,0,2,4,1,Data Science,1,1,0,0,0,0,0,0,Master's,100.0,0.5,0.5,3,3,1,0.86,1
961,10,Diploma,0.3,1,1,0,0,0,0,0,2,1,1,AI Engineer,5,0,1,0,1,1,0,0,Master's,33.33,0.06,0.06,1,3,0,0.44,0
59,41,Diploma,1.6,0,0,1,0,1,0,0,0,2,1,Business Intelligence,2,1,0,0,0,0,1,1,Bachelor's,0.0,0.8,0.8,1,2,0,0.58,0
778,83,Master's,1.4,1,1,0,0,0,0,0,2,2,0,Business Intelligence,2,0,1,0,0,0,0,0,Bachelor's,100.0,0.7,0.7,3,2,1,0.28,1
519,99,Master's,0.7,0,0,0,0,1,0,0,2,4,0,AI Engineer,2,1,1,0,1,0,0,0,Diploma,0.0,0.35,0.35,3,1,1,0.56,0
880,59,Bachelor's,2.1,1,0,1,0,0,1,0,2,4,1,Data Science,2,0,1,0,0,0,0,0,Master's,0.0,1.05,1.0,2,3,0,0.86,0
714,28,Bachelor's,1.5,1,1,1,1,1,1,0,1,1,1,Data Science,1,0,1,0,1,1,0,0,Bachelor's,100.0,1.5,1.0,2,2,1,0.44,1
844,41,Master's,2.4,0,0,0,0,0,1,1,0,2,1,Business Intelligence,2,1,0,0,0,0,1,1,Bachelor's,66.67,1.2,1.0,3,2,1,0.58,1
977,66,Bachelor's,0.8,0,0,0,0,1,0,0,0,2,0,Business Intelligence,1,0,1,1,1,0,1,0,Bachelor's,0.0,0.8,0.8,2,2,1,0.28,0
237,51,Bachelor's,5.0,0,0,0,0,0,0,0,1,4,0,Machine Learning,5,0,1,1,0,1,0,0,Master's,0.0,1.0,1.0,2,3,0,0.56,0
780,62,Bachelor's,4.6,1,1,0,0,0,1,0,4,4,1,Machine Learning,1,1,1,1,0,0,0,1,Diploma,50.0,4.6,1.0,2,1,1,0.86,1
79,30,Bachelor's,0.6,0,0,1,0,0,1,0,1,3,0,Data Analyst,1,1,1,0,1,1,0,0,Bachelor's,0.0,0.6,0.6,2,2,1,0.42,0
558,40,Diploma,1.3,1,0,1,0,0,1,0,0,0,0,Data Analyst,2,1,0,0,0,1,0,1,Bachelor's,33.33,0.65,0.65,1,2,0,0.0,0
755,40,Bachelor's,9.3,0,0,1,1,0,1,1,0,5,0,Data Analyst,2,1,0,0,0,1,0,1,Bachelor's,33.33,4.65,1.0,2,2,1,0.7,1
800,69,Master's,0.0,1,1,0,0,0,1,0,1,2,1,Data Science,5,1,0,1,0,0,1,0,Bachelor's,66.67,0.0,0.0,3,2,1,0.58,1
672,62,Master's,5.3,1,0,1,0,1,1,0,4,3,0,Machine Learning,1,1,1,1,0,0,0,1,Diploma,50.0,5.3,1.0,3,1,1,0.42,1
115,15,Bachelor's,2.2,0,0,0,0,0,1,0,1,3,1,AI Engineer,0,1,1,1,0,0,1,1,Master's,20.0,1.0,1.0,2,3,0,0.72,0
986,100,Bachelor's,0.2,0,1,0,0,0,0,0,1,1,1,Data Science,5,0,0,0,0,1,0,0,Bachelor's,0.0,0.04,0.04,2,2,1,0.44,0
462,3,Bachelor's,2.6,0,0,0,0,0,1,1,3,2,0,AI Engineer,3,0,1,1,0,0,0,0,Diploma,0.0,0.8666666666666667,0.87,2,1,1,0.28,0
626,24,Bachelor's,2.9,0,0,1,1,0,0,0,0,1,0,Machine Learning,2,1,1,0,1,0,1,0,Master's,25.0,1.45,1.0,2,3,0,0.14,0
126,41,Bachelor's,2.0,0,1,1,0,1,1,0,2,0,1,Business Intelligence,2,1,0,0,0,0,1,1,Bachelor's,33.33,1.0,1.0,2,2,1,0.3,1
602,63,Bachelor's,1.0,1,1,1,0,0,1,0,3,3,1,Business Intelligence,5,1,1,0,0,0,0,0,Diploma,100.0,0.2,0.2,2,1,1,0.72,1
573,48,Bachelor's,3.3,1,1,0,1,0,1,0,3,1,1,AI Engineer,1,1,1,1,0,1,0,0,Bachelor's,50.0,3.3,1.0,2,2,1,0.44,1
965,61,Bachelor's,2.1,0,0,0,0,0,1,0,3,0,1,Business Intelligence,2,0,0,1,0,0,1,0,Bachelor's,50.0,1.05,1.0,2,2,1,0.3,0
500,48,Master's,5.0,1,1,0,0,1,0,0,3,6,0,AI Engineer,1,1,1,1,0,1,0,0,Bachelor's,75.0,5.0,1.0,3,2,1,0.7,1
829,47,Master's,4.0,1,1,0,0,0,1,0,4,2,0,Data Analyst,0,1,0,0,0,0,0,1,Master's,50.0,1.0,1.0,3,3,1,0.28,1
102,56,Bachelor's,8.7,1,1,0,0,1,1,1,1,1,1,Machine Learning,2,0,1,1,1,1,1,1,Diploma,66.67,4.35,1.0,2,1,1,0.44,1
626,76,Bachelor's,2.9,0,0,1,1,0,0,0,0,1,0,Data Science,0,1,0,0,0,0,1,0,Master's,0.0,1.0,1.0,2,3,0,0.14,0
174,8,Bachelor's,0.8,0,0,0,0,1,0,0,1,2,0,AI Engineer,2,1,0,0,0,0,1,0,Master's,0.0,0.4,0.4,2,3,0,0.28,0
452,78,Bachelor's,2.4,0,1,0,0,1,1,0,2,2,0,Business Intelligence,5,1,0,0,0,1,1,0,Master's,66.67,0.48,0.48,2,3,0,0.28,0
92,18,Master's,2.6,0,1,0,0,1,0,0,3,3,0,Data Analyst,0,1,1,0,0,1,0,0,Diploma,66.67,1.0,1.0,3,1,1,0.42,1
695,84,Bachelor's,1.1,0,0,0,1,0,0,0,3,8,0,AI Engineer,1,1,0,1,1,1,0,0,Bachelor's,25.0,1.1,1.0,2,2,1,0.7,1
385,23,Master's,2.7,1,0,1,0,0,0,0,2,4,0,AI Engineer,4,1,0,0,0,1,1,0,Bachelor's,33.33,0.675,0.68,3,2,1,0.56,0
205,69,Bachelor's,1.7,0,1,0,1,0,0,0,3,4,1,Data Science,5,1,0,1,0,0,1,0,Bachelor's,0.0,0.33999999999999997,0.34,2,2,1,0.86,0
363,65,Bachelor's,2.4,1,1,1,0,0,1,0,2,2,0,Machine Learning,0,1,1,1,0,0,1,0,Master's,100.0,1.0,1.0,2,3,0,0.28,1
707,46,Bachelor's,2.6,1,1,1,1,1,1,0,1,5,1,Data Analyst,1,1,1,1,0,0,1,0,Bachelor's,100.0,2.6,1.0,2,2,1,1.0,1
817,66,Bachelor's,0.9,1,0,1,0,0,1,0,3,5,0,Business Intelligence,1,0,1,1,1,0,1,0,Bachelor's,50.0,0.9,0.9,2,2,1,0.7,1
498,80,Diploma,1.6,0,1,0,1,0,0,0,0,1,0,Business Intelligence,2,1,1,0,0,1,1,0,Master's,25.0,0.8,0.8,1,3,0,0.14,0
537,69,Master's,0.5,0,0,0,0,0,0,0,4,3,0,Data Science,5,1,0,1,0,0,1,0,Bachelor's,0.0,0.1,0.1,3,2,1,0.42,0
234,22,Bachelor's,0.1,0,0,1,0,0,1,0,2,0,0,Data Analyst,2,1,1,0,0,0,1,0,Master's,33.33,0.05,0.05,2,3,0,0.0,0
16,65,Bachelor's,6.5,1,0,0,0,1,0,0,1,3,0,Machine Learning,0,1,1,1,0,0,1,0,Master's,25.0,1.0,1.0,2,3,0,0.42,0
981,12,Bachelor's,0.5,1,1,1,0,0,1,0,2,2,0,Machine Learning,3,1,1,0,0,1,1,0,Bachelor's,75.0,0.16666666666666666,0.17,2,2,1,0.28,1
141,19,Master's,4.4,0,0,0,0,0,0,0,1,5,1,Business Intelligence,5,1,0,0,0,0,0,1,Bachelor's,0.0,0.8800000000000001,0.88,3,2,1,1.0,0
948,22,Master's,0.4,1,1,1,0,0,0,1,4,2,0,Data Analyst,2,1,1,0,0,0,1,0,Master's,66.67,0.2,0.2,3,3,1,0.28,0
620,55,Master's,3.3,1,0,1,0,1,1,0,3,5,0,Machine Learning,2,0,0,0,0,1,1,1,Bachelor's,66.67,1.65,1.0,3,2,1,0.7,1
420,62,Master's,6.8,1,0,0,0,0,0,0,5,0,1,Machine Learning,1,1,1,1,0,0,0,1,Diploma,25.0,6.8,1.0,3,1,1,0.3,1
456,51,Bachelor's,6.7,1,0,0,0,0,0,0,4,4,1,Machine Learning,5,0,1,1,0,1,0,0,Master's,0.0,1.34,1.0,2,3,0,0.86,0
300,48,Diploma,3.1,1,1,0,0,0,0,1,1,7,0,AI Engineer,1,1,1,1,0,1,0,0,Bachelor's,50.0,3.1,1.0,1,2,0,0.7,1
339,17,Bachelor's,0.2,1,1,0,1,0,0,0,1,4,1,AI Engineer,4,1,0,1,0,1,0,0,Bachelor's,33.33,0.05,0.05,2,2,1,0.86,1
303,13,Bachelor's,0.1,1,1,1,1,0,1,0,1,4,1,Data Analyst,3,0,1,1,1,0,1,1,Bachelor's,80.0,0.03333333333333333,0.03,2,2,1,0.86,0
892,28,Master's,1.3,0,1,0,0,1,1,1,1,2,1,Data Science,1,0,1,0,1,1,0,0,Bachelor's,66.67,1.3,1.0,3,2,1,0.58,1
592,67,Bachelor's,11.8,0,0,0,0,0,0,0,1,1,0,Data Science,0,1,1,1,0,1,1,0,Bachelor's,0.0,1.0,1.0,2,2,1,0.14,0
76,5,Master's,1.4,0,1,0,0,0,1,0,2,1,1,Business Intelligence,4,0,1,0,0,0,1,0,Bachelor's,100.0,0.35,0.35,3,2,1,0.44,1
788,100,Bachelor's,2.4,1,0,1,1,1,0,0,3,5,1,Data Science,5,0,0,0,0,1,0,0,Bachelor's,100.0,0.48,0.48,2,2,1,1.0,1
914,60,Bachelor's,1.1,0,1,0,0,0,1,0,0,1,0,Data Analyst,0,0,1,0,0,0,0,0,Bachelor's,100.0,1.0,1.0,2,2,1,0.14,1
950,15,Bachelor's,1.4,0,0,1,1,0,1,0,2,2,0,AI Engineer,0,1,1,1,0,0,1,1,Master's,40.0,1.0,1.0,2,3,0,0.28,0
780,81,Bachelor's,4.6,1,1,0,0,0,1,0,4,4,1,Data Science,2,1,1,0,0,0,0,1,Bachelor's,66.67,2.3,1.0,2,2,1,0.86,1
624,44,Bachelor's,7.9,0,1,1,1,0,0,1,3,0,0,Business Intelligence,1,1,1,0,0,1,0,0,Bachelor's,33.33,7.9,1.0,2,2,1,0.0,1
921,46,Master's,3.0,1,1,1,0,1,0,0,3,1,1,Data Analyst,1,1,1,1,0,0,1,0,Bachelor's,75.0,3.0,1.0,3,2,1,0.44,1
316,29,Bachelor's,2.6,1,1,0,0,1,0,0,3,4,1,AI Engineer,0,1,1,1,1,0,1,0,Bachelor's,40.0,1.0,1.0,2,2,1,0.86,1
500,68,Master's,5.0,1,1,0,0,1,0,0,3,6,0,Data Science,4,1,0,0,0,0,1,0,Bachelor's,50.0,1.25,1.0,3,2,1,0.7,1
75,96,Master's,11.0,0,1,1,1,0,1,1,0,6,0,Business Intelligence,2,1,1,0,1,0,0,0,Master's,66.67,5.5,1.0,3,3,1,0.7,1
726,49,Master's,0.2,1,1,0,0,0,1,0,3,4,1,Data Science,4,1,1,0,0,0,0,0,Diploma,100.0,0.05,0.05,3,1,1,0.86,1
366,43,Bachelor's,0.4,1,1,1,1,0,1,0,1,2,1,AI Engineer,3,1,0,0,0,0,0,0,Bachelor's,100.0,0.13333333333333333,0.13,2,2,1,0.58,1
546,68,Bachelor's,1.7,1,0,1,0,0,1,0,2,4,1,Data Science,4,1,0,0,0,0,1,0,Bachelor's,100.0,0.425,0.42,2,2,1,0.86,1
653,77,Bachelor's,0.8,1,1,0,0,0,1,0,0,1,1,Data Analyst,0,0,1,0,0,0,0,1,Bachelor's,50.0,1.0,1.0,2,2,1,0.44,1
678,20,Bachelor's,1.3,1,0,1,0,0,0,0,2,3,1,Data Analyst,2,1,1,0,0,1,0,0,Bachelor's,33.33,0.65,0.65,2,2,1,0.72,0
396,18,Master's,4.4,1,1,1,0,0,1,0,3,0,0,Data Analyst,0,1,1,0,0,1,0,0,Diploma,66.67,1.0,1.0,3,1,1,0.0,1
231,64,Master's,5.6,0,1,1,0,0,1,0,4,2,1,AI Engineer,3,1,0,1,0,0,1,0,Bachelor's,66.67,1.8666666666666665,1.0,3,2,1,0.58,1
804,49,Bachelor's,0.9,0,1,0,1,0,1,1,4,2,1,Data Science,4,1,1,0,0,0,0,0,Diploma,50.0,0.225,0.22,2,1,1,0.58,0
28,42,Bachelor's,4.7,0,1,0,0,0,0,0,4,0,1,Business Intelligence,3,0,1,0,0,0,0,0,Diploma,100.0,1.5666666666666667,1.0,2,1,1,0.3,1
475,12,Bachelor's,1.0,1,1,1,0,1,1,1,3,2,0,Machine Learning,3,1,1,0,0,1,1,0,Bachelor's,100.0,0.3333333333333333,0.33,2,2,1,0.28,1
295,89,Bachelor's,4.0,1,1,0,1,1,1,0,3,1,0,Machine Learning,2,0,0,0,0,1,1,0,Bachelor's,100.0,2.0,1.0,2,2,1,0.14,1
845,94,Bachelor's,7.2,0,0,0,1,1,0,0,1,6,1,Business Intelligence,1,0,1,0,1,0,0,1,Diploma,33.33,7.2,1.0,2,1,1,1.0,1
427,79,Bachelor's,0.0,1,1,0,1,1,1,0,0,5,1,Data Science,3,1,1,0,0,0,1,0,Bachelor's,100.0,0.0,0.0,2,2,1,1.0,1
872,36,Bachelor's,0.6,0,0,0,0,0,1,0,3,3,0,Business Intelligence,0,0,1,1,0,1,1,0,Master's,25.0,1.0,1.0,2,3,0,0.42,0
91,8,Bachelor's,7.2,0,0,1,0,0,1,1,0,4,1,AI Engineer,2,1,0,0,0,0,1,0,Master's,50.0,3.6,1.0,2,3,0,0.86,0
115,28,Bachelor's,2.2,0,0,0,0,0,1,0,1,3,1,Data Science,1,0,1,0,1,1,0,0,Bachelor's,0.0,2.2,1.0,2,2,1,0.72,0
159,86,Bachelor's,5.1,1,1,1,0,0,1,0,1,2,0,Data Science,3,0,0,1,1,0,1,0,Bachelor's,66.67,1.7,1.0,2,2,1,0.28,1
258,60,Bachelor's,1.7,1,0,0,0,0,1,1,3,5,1,Data Analyst,0,0,1,0,0,0,0,0,Bachelor's,0.0,1.0,1.0,2,2,1,1.0,1
373,49,Diploma,4.8,0,0,0,0,1,1,0,3,2,1,Data Science,4,1,1,0,0,0,0,0,Diploma,0.0,1.2,1.0,1,1,1,0.58,0
850,38,Bachelor's,2.6,1,0,0,0,0,1,0,3,4,1,AI Engineer,2,1,1,1,0,0,0,1,Bachelor's,25.0,1.3,1.0,2,2,1,0.86,1
90,80,Bachelor's,0.7,1,0,0,0,0,1,1,2,6,0,Business Intelligence,2,1,1,0,0,1,1,0,Master's,50.0,0.35,0.35,2,3,0,0.7,1
757,58,Bachelor's,8.0,1,0,0,0,1,1,0,0,1,1,Data Analyst,4,1,1,1,1,0,0,0,Bachelor's,25.0,2.0,1.0,2,2,1,0.44,0
298,5,Bachelor's,0.3,1,0,0,0,0,1,0,1,5,1,Business Intelligence,4,0,1,0,0,0,1,0,Bachelor's,50.0,0.075,0.08,2,2,1,1.0,0
829,98,Master's,4.0,1,1,0,0,0,1,0,4,2,0,Machine Learning,2,1,1,0,1,0,0,0,Bachelor's,66.67,2.0,1.0,3,2,1,0.28,1
358,75,Bachelor's,1.4,1,0,0,1,0,0,0,4,5,0,AI Engineer,2,0,1,1,0,1,1,0,Master's,0.0,0.7,0.7,2,3,0,0.7,0
824,2,Bachelor's,3.7,1,0,0,0,1,0,0,1,4,0,Machine Learning,4,1,1,1,0,0,1,0,Diploma,25.0,0.925,0.92,2,1,1,0.56,0
470,89,Master's,3.8,1,0,1,0,1,1,0,2,5,1,Machine Learning,2,0,0,0,0,1,1,0,Bachelor's,100.0,1.9,1.0,3,2,1,1.0,1
740,25,Bachelor's,1.3,1,1,0,0,1,1,0,1,3,0,Data Science,3,1,1,0,0,0,1,0,Bachelor's,100.0,0.43333333333333335,0.43,2,2,1,0.42,1
851,1,Diploma,0.8,0,0,1,0,0,1,1,2,3,1,Data Science,4,1,0,0,1,0,1,0,Bachelor's,33.33,0.2,0.2,1,2,0,0.72,0
128,95,Master's,1.3,1,0,1,0,0,1,1,1,1,0,AI Engineer,3,1,1,1,0,1,1,0,Bachelor's,60.0,0.43333333333333335,0.43,3,2,1,0.14,1
782,69,Bachelor's,5.8,0,0,0,0,0,1,1,1,3,1,Data Science,5,1,0,1,0,0,1,0,Bachelor's,33.33,1.16,1.0,2,2,1,0.72,1
270,40,Bachelor's,0.9,1,1,1,0,0,1,0,0,2,1,Data Analyst,2,1,0,0,0,1,0,1,Bachelor's,33.33,0.45,0.45,2,2,1,0.58,0
498,68,Diploma,1.6,0,1,0,1,0,0,0,0,1,0,Data Science,4,1,0,0,0,0,1,0,Bachelor's,0.0,0.4,0.4,1,2,0,0.14,0
413,69,Master's,0.8,1,0,1,0,1,1,0,1,4,0,Data Science,5,1,0,1,0,0,1,0,Bachelor's,100.0,0.16,0.16,3,2,1,0.56,1
209,69,Diploma,0.8,1,0,0,1,0,1,0,1,2,1,Data Science,5,1,0,1,0,0,1,0,Bachelor's,66.67,0.16,0.16,1,2,0,0.58,0
690,16,Bachelor's,3.6,1,0,1,0,0,0,0,2,2,0,AI Engineer,2,1,1,0,1,1,1,0,Master's,20.0,1.8,1.0,2,3,0,0.28,1
306,54,Master's,5.1,1,0,0,0,0,0,0,5,1,0,Data Analyst,3,1,0,0,0,1,1,0,Bachelor's,33.33,1.7,1.0,3,2,1,0.14,0
191,63,Diploma,0.2,1,0,1,0,0,1,1,3,3,1,Business Intelligence,5,1,1,0,0,0,0,0,Diploma,50.0,0.04,0.04,1,1,1,0.72,1
357,18,Diploma,5.8,0,1,0,0,0,0,0,0,3,0,Data Analyst,0,1,1,0,0,1,0,0,Diploma,33.33,1.0,1.0,1,1,1,0.42,1
457,17,Diploma,2.9,1,1,1,0,0,0,0,1,1,1,AI Engineer,4,1,0,1,0,1,0,0,Bachelor's,66.67,0.725,0.72,1,2,0,0.44,0
449,99,Bachelor's,7.2,1,1,0,0,0,0,0,4,9,1,AI Engineer,2,1,1,0,1,0,0,0,Diploma,66.67,3.6,1.0,2,1,1,1.0,1
68,82,Master's,0.3,1,1,1,0,0,1,0,4,4,1,Data Analyst,3,1,1,1,0,0,0,1,Bachelor's,75.0,0.09999999999999999,0.1,3,2,1,0.86,1
839,4,Bachelor's,6.6,0,1,0,0,0,1,1,4,3,0,Data Analyst,2,0,1,0,0,0,1,1,Bachelor's,100.0,3.3,1.0,2,2,1,0.42,1
779,95,Master's,0.7,1,1,0,1,1,0,0,3,3,1,AI Engineer,3,1,1,1,0,1,1,0,Bachelor's,60.0,0.2333333333333333,0.23,3,2,1,0.72,1
782,95,Bachelor's,5.8,0,0,0,0,0,1,1,1,3,1,AI Engineer,3,1,1,1,0,1,1,0,Bachelor's,20.0,1.9333333333333333,1.0,2,2,1,0.72,1
874,9,Bachelor's,4.6,1,1,0,1,0,0,0,3,1,0,Data Analyst,0,1,1,0,0,0,0,0,Master's,100.0,1.0,1.0,2,3,0,0.14,0
467,31,Bachelor's,9.4,1,0,0,1,0,0,0,1,5,1,AI Engineer,1,1,0,1,1,0,0,0,Master's,66.67,9.4,1.0,2,3,0,1.0,1
360,5,Bachelor's,2.2,1,1,0,0,0,0,0,4,4,0,Business Intelligence,4,0,1,0,0,0,1,0,Bachelor's,50.0,0.55,0.55,2,2,1,0.56,0
387,100,Bachelor's,3.7,1,0,1,0,0,1,1,2,4,0,Data Science,5,0,0,0,0,1,0,0,Bachelor's,0.0,0.74,0.74,2,2,1,0.56,0
128,16,Master's,1.3,1,0,1,0,0,1,1,1,1,0,AI Engineer,2,1,1,0,1,1,1,0,Master's,40.0,0.65,0.65,3,3,1,0.14,1
776,42,Bachelor's,0.9,1,1,1,0,0,1,0,0,1,0,Business Intelligence,3,0,1,0,0,0,0,0,Diploma,100.0,0.3,0.3,2,1,1,0.14,1
733,41,Bachelor's,1.9,1,0,1,0,1,1,0,1,6,1,Business Intelligence,2,1,0,0,0,0,1,1,Bachelor's,66.67,0.95,0.95,2,2,1,1.0,0
754,80,Bachelor's,0.7,1,1,0,1,0,1,0,0,3,1,Business Intelligence,2,1,1,0,0,1,1,0,Master's,75.0,0.35,0.35,2,3,0,0.72,0
485,84,Bachelor's,1.0,1,1,0,0,0,1,0,2,2,1,AI Engineer,1,1,0,1,1,1,0,0,Bachelor's,25.0,1.0,1.0,2,2,1,0.58,1
244,30,Bachelor's,4.7,0,1,0,1,1,1,0,4,2,0,Data Analyst,1,1,1,0,1,1,0,0,Bachelor's,75.0,4.7,1.0,2,2,1,0.28,1
939,26,Bachelor's,1.7,0,0,1,0,0,1,0,1,1,0,Machine Learning,2,1,0,0,0,1,1,1,Bachelor's,25.0,0.85,0.85,2,2,1,0.14,1
905,49,Bachelor's,3.4,1,1,1,0,0,1,0,0,5,1,Data Science,4,1,1,0,0,0,0,0,Diploma,100.0,0.85,0.85,2,1,1,1.0,1
19,31,Bachelor's,6.2,1,0,0,0,0,1,0,3,2,0,AI Engineer,1,1,0,1,1,0,0,0,Master's,33.33,6.2,1.0,2,3,0,0.28,0
396,50,Master's,4.4,1,1,1,0,0,1,0,3,0,0,AI Engineer,1,1,0,0,0,1,1,0,Master's,66.67,4.4,1.0,3,3,1,0.0,1
667,15,Bachelor's,0.6,1,1,0,0,0,0,0,6,2,1,AI Engineer,0,1,1,1,0,0,1,1,Master's,40.0,1.0,1.0,2,3,0,0.58,0
229,52,Master's,10.3,1,0,0,0,1,0,0,4,2,1,Business Intelligence,1,1,0,1,0,0,0,0,Bachelor's,50.0,10.3,1.0,3,2,1,0.58,1
368,38,Master's,6.0,0,0,0,0,0,1,0,1,0,1,AI Engineer,2,1,1,1,0,0,0,1,Bachelor's,0.0,3.0,1.0,3,2,1,0.3,0
58,38,Bachelor's,1.3,1,0,0,0,0,1,0,2,6,0,AI Engineer,2,1,1,1,0,0,0,1,Bachelor's,25.0,0.65,0.65,2,2,1,0.7,1
281,60,Master's,2.4,1,0,0,1,1,1,0,2,3,0,Data Analyst,0,0,1,0,0,0,0,0,Bachelor's,0.0,1.0,1.0,3,2,1,0.42,1
557,20,Bachelor's,2.4,1,0,1,0,0,1,0,3,4,1,Data Analyst,2,1,1,0,0,1,0,0,Bachelor's,33.33,1.2,1.0,2,2,1,0.86,1
102,99,Bachelor's,8.7,1,1,0,0,1,1,1,1,1,1,AI Engineer,2,1,1,0,1,0,0,0,Diploma,66.67,4.35,1.0,2,1,1,0.44,1
48,87,Bachelor's,0.1,0,0,0,0,0,1,0,2,1,1,AI Engineer,1,1,0,0,0,0,0,0,Bachelor's,0.0,0.1,0.1,2,2,1,0.44,0
562,44,Bachelor's,0.7,0,1,0,1,0,0,1,0,2,0,Business Intelligence,1,1,1,0,0,1,0,0,Bachelor's,33.33,0.7,0.7,2,2,1,0.28,0
593,89,Bachelor's,0.3,0,1,0,0,0,0,0,4,2,1,Machine Learning,2,0,0,0,0,1,1,0,Bachelor's,0.0,0.15,0.15,2,2,1,0.58,0
812,63,Master's,3.6,0,0,1,1,0,1,0,0,3,1,Business Intelligence,5,1,1,0,0,0,0,0,Diploma,0.0,0.72,0.72,3,1,1,0.72,1
59,50,Diploma,1.6,0,0,1,0,1,0,0,0,2,1,AI Engineer,1,1,0,0,0,1,1,0,Master's,33.33,1.6,1.0,1,3,0,0.58,0
161,22,Bachelor's,4.4,0,0,0,0,0,0,1,2,5,1,Data Analyst,2,1,1,0,0,0,1,0,Master's,0.0,2.2,1.0,2,3,0,1.0,0
103,72,Bachelor's,5.4,1,1,0,0,0,0,0,4,4,1,Data Science,5,1,0,0,0,0,0,1,Master's,50.0,1.08,1.0,2,3,0,0.86,1
846,54,Bachelor's,0.7,1,1,0,0,0,0,0,2,0,0,Data Analyst,3,1,0,0,0,1,1,0,Bachelor's,33.33,0.2333333333333333,0.23,2,2,1,0.0,0
412,9,Master's,0.3,1,0,0,0,0,1,1,2,4,1,Data Analyst,0,1,1,0,0,0,0,0,Master's,50.0,1.0,1.0,3,3,1,0.86,1
786,15,Master's,5.6,1,0,0,1,1,1,0,1,3,0,AI Engineer,0,1,1,1,0,0,1,1,Master's,40.0,1.0,1.0,3,3,1,0.42,1
183,48,Master's,2.5,1,0,1,0,0,0,0,0,1,1,AI Engineer,1,1,1,1,0,1,0,0,Bachelor's,50.0,2.5,1.0,3,2,1,0.44,1
417,20,Bachelor's,0.1,1,0,0,0,0,1,0,2,1,0,Data Analyst,2,1,1,0,0,1,0,0,Bachelor's,33.33,0.05,0.05,2,2,1,0.14,0
116,35,Master's,2.2,1,1,0,0,1,0,0,4,3,0,Data Science,0,0,0,0,0,0,1,0,Master's,0.0,1.0,1.0,3,3,1,0.42,1
874,67,Bachelor's,4.6,1,1,0,1,0,0,0,3,1,0,Data Science,0,1,1,1,0,1,1,0,Bachelor's,40.0,1.0,1.0,2,2,1,0.14,1
957,98,Bachelor's,2.6,0,1,0,0,0,0,0,0,2,1,Machine Learning,2,1,1,0,1,0,0,0,Bachelor's,33.33,1.3,1.0,2,2,1,0.58,1
779,34,Master's,0.7,1,1,0,1,1,0,0,3,3,1,Machine Learning,2,1,1,0,0,1,0,0,Bachelor's,100.0,0.35,0.35,3,2,1,0.72,1
676,100,Master's,0.9,1,0,1,0,1,1,0,0,1,0,Data Science,5,0,0,0,0,1,0,0,Bachelor's,100.0,0.18,0.18,3,2,1,0.14,1
655,99,Bachelor's,0.2,0,0,0,0,0,0,0,4,7,0,AI Engineer,2,1,1,0,1,0,0,0,Diploma,0.0,0.1,0.1,2,1,1,0.7,0
437,73,Diploma,0.9,1,0,0,0,0,1,0,3,1,0,AI Engineer,1,0,0,0,0,0,1,0,Master's,100.0,0.9,0.9,1,3,0,0.14,1
318,94,Bachelor's,3.3,1,0,0,1,0,0,0,3,3,0,Business Intelligence,1,0,1,0,1,0,0,1,Diploma,33.33,3.3,1.0,2,1,1,0.42,0
816,54,Bachelor's,8.6,0,1,1,0,0,1,0,1,3,1,Data Analyst,3,1,0,0,0,1,1,0,Bachelor's,33.33,2.8666666666666667,1.0,2,2,1,0.72,1
606,90,Bachelor's,1.8,1,0,1,0,0,0,0,2,2,0,Data Science,0,1,1,0,1,0,1,1,Bachelor's,20.0,1.0,1.0,2,2,1,0.28,1
250,12,Master's,2.4,1,1,1,0,0,0,0,2,3,1,Machine Learning,3,1,1,0,0,1,1,0,Bachelor's,50.0,0.7999999999999999,0.8,3,2,1,0.72,1
911,88,Bachelor's,0.9,1,0,1,0,0,0,0,2,4,0,Data Analyst,0,1,1,1,0,0,1,1,Diploma,40.0,1.0,1.0,2,1,1,0.56,1
447,19,Master's,2.9,1,1,0,0,1,1,0,1,2,1,Business Intelligence,5,1,0,0,0,0,0,1,Bachelor's,50.0,0.58,0.58,3,2,1,0.58,1
497,80,Bachelor's,2.4,0,1,0,0,0,1,1,0,1,1,Business Intelligence,2,1,1,0,0,1,1,0,Master's,50.0,1.2,1.0,2,3,0,0.44,0
343,26,Bachelor's,5.1,1,1,1,0,0,0,0,1,7,1,Machine Learning,2,1,0,0,0,1,1,1,Bachelor's,25.0,2.55,1.0,2,2,1,1.0,1
427,23,Bachelor's,0.0,1,1,0,1,1,1,0,0,5,1,AI Engineer,4,1,0,0,0,1,1,0,Bachelor's,100.0,0.0,0.0,2,2,1,1.0,1
818,33,Bachelor's,3.7,1,1,1,0,1,0,0,2,4,1,AI Engineer,3,0,1,0,0,0,0,0,Bachelor's,100.0,1.2333333333333334,1.0,2,2,1,0.86,1
828,57,Bachelor's,8.6,1,0,0,0,0,1,0,0,3,0,Business Intelligence,3,0,1,0,1,0,0,0,Bachelor's,0.0,2.8666666666666667,1.0,2,2,1,0.42,0
240,30,Bachelor's,0.5,1,1,0,0,1,1,0,1,2,1,Data Analyst,1,1,1,0,1,1,0,0,Bachelor's,75.0,0.5,0.5,2,2,1,0.58,1
59,23,Diploma,1.6,0,0,1,0,1,0,0,0,2,1,AI Engineer,4,1,0,0,0,1,1,0,Bachelor's,33.33,0.4,0.4,1,2,0,0.58,1
527,74,Bachelor's,0.8,1,1,1,0,0,1,0,2,2,0,Data Science,1,1,1,1,0,0,1,0,Bachelor's,100.0,0.8,0.8,2,2,1,0.28,1
797,36,Master's,3.1,1,1,0,0,1,0,0,2,3,0,Business Intelligence,0,0,1,1,0,1,1,0,Master's,50.0,1.0,1.0,3,3,1,0.42,1
203,95,Bachelor's,0.1,1,0,0,0,1,1,1,1,1,1,AI Engineer,3,1,1,1,0,1,1,0,Bachelor's,60.0,0.03333333333333333,0.03,2,2,1,0.44,1
749,86,Master's,3.6,0,0,0,1,1,1,0,0,1,1,Data Science,3,0,0,1,1,0,1,0,Bachelor's,66.67,1.2,1.0,3,2,1,0.44,1
466,43,Bachelor's,0.1,1,1,0,0,0,1,0,2,4,1,AI Engineer,3,1,0,0,0,0,0,0,Bachelor's,100.0,0.03333333333333333,0.03,2,2,1,0.86,1
296,66,Bachelor's,0.6,1,0,0,0,1,0,1,3,7,1,Business Intelligence,1,0,1,1,1,0,1,0,Bachelor's,0.0,0.6,0.6,2,2,1,1.0,1
287,53,Bachelor's,0.2,0,0,1,1,1,1,0,2,1,0,Data Science,4,1,0,0,1,0,0,0,Bachelor's,50.0,0.05,0.05,2,2,1,0.14,0
73,87,Diploma,0.1,1,0,0,0,0,0,0,3,4,0,AI Engineer,1,1,0,0,0,0,0,0,Bachelor's,100.0,0.1,0.1,1,2,0,0.56,1
726,99,Master's,0.2,1,1,0,0,0,1,0,3,4,1,AI Engineer,2,1,1,0,1,0,0,0,Diploma,66.67,0.1,0.1,3,1,1,0.86,1
523,60,Master's,1.1,1,0,1,0,1,1,0,2,6,1,Data Analyst,0,0,1,0,0,0,0,0,Bachelor's,0.0,1.0,1.0,3,2,1,1.0,1
337,37,Master's,0.6,1,1,0,0,0,1,1,1,4,0,Data Analyst,0,1,0,0,0,0,0,0,Bachelor's,100.0,1.0,1.0,3,2,1,0.56,1
737,61,Bachelor's,1.5,0,1,0,0,1,0,0,1,2,0,Business Intelligence,2,0,0,1,0,0,1,0,Bachelor's,0.0,0.75,0.75,2,2,1,0.28,0
318,96,Bachelor's,3.3,1,0,0,1,0,0,0,3,3,0,Business Intelligence,2,1,1,0,1,0,0,0,Master's,66.67,1.65,1.0,2,3,0,0.42,0
203,53,Bachelor's,0.1,1,0,0,0,1,1,1,1,1,1,Data Science,4,1,0,0,1,0,0,0,Bachelor's,50.0,0.025,0.02,2,2,1,0.44,0
231,12,Master's,5.6,0,1,1,0,0,1,0,4,2,1,Machine Learning,3,1,1,0,0,1,1,0,Bachelor's,50.0,1.8666666666666665,1.0,3,2,1,0.58,1
904,35,Bachelor's,0.1,1,0,0,0,0,0,0,2,4,1,Data Science,0,0,0,0,0,0,1,0,Master's,0.0,1.0,1.0,2,3,0,0.86,0
563,67,Bachelor's,3.8,1,0,1,0,0,1,0,2,3,0,Data Science,0,1,1,1,0,1,1,0,Bachelor's,60.0,1.0,1.0,2,2,1,0.42,1
57,98,Diploma,3.6,1,1,1,0,0,0,0,1,7,1,Machine Learning,2,1,1,0,1,0,0,0,Bachelor's,66.67,1.8,1.0,1,2,0,1.0,1
644,38,Bachelor's,2.4,0,0,0,0,1,1,0,3,1,0,AI Engineer,2,1,1,1,0,0,0,1,Bachelor's,0.0,1.2,1.0,2,2,1,0.14,0
420,24,Master's,6.8,1,0,0,0,0,0,0,5,0,1,Machine Learning,2,1,1,0,1,0,1,0,Master's,25.0,3.4,1.0,3,3,1,0.3,1
915,81,Bachelor's,1.5,1,1,0,0,0,1,0,0,6,1,Data Science,2,1,1,0,0,0,0,1,Bachelor's,66.67,0.75,0.75,2,2,1,1.0,1
280,40,Master's,1.7,1,1,0,0,0,0,0,4,3,0,Data Analyst,2,1,0,0,0,1,0,1,Bachelor's,33.33,0.85,0.85,3,2,1,0.42,1
809,65,Bachelor's,0.5,1,0,0,0,0,1,0,1,2,0,Machine Learning,0,1,1,1,0,0,1,0,Master's,50.0,1.0,1.0,2,3,0,0.28,1
305,57,Master's,3.1,0,0,1,0,0,1,0,4,2,0,Business Intelligence,3,0,1,0,1,0,0,0,Bachelor's,0.0,1.0333333333333334,1.0,3,2,1,0.28,1
466,72,Bachelor's,0.1,1,1,0,0,0,1,0,2,4,1,Data Science,5,1,0,0,0,0,0,1,Master's,50.0,0.02,0.02,2,3,0,0.86,0
737,79,Bachelor's,1.5,0,1,0,0,1,0,0,1,2,0,Data Science,3,1,1,0,0,0,1,0,Bachelor's,33.33,0.5,0.5,2,2,1,0.28,0
174,45,Bachelor's,0.8,0,0,0,0,1,0,0,1,2,0,Business Intelligence,1,0,0,0,0,0,1,0,Bachelor's,0.0,0.8,0.8,2,2,1,0.28,0
804,89,Bachelor's,0.9,0,1,0,1,0,1,1,4,2,1,Machine Learning,2,0,0,0,0,1,1,0,Bachelor's,50.0,0.45,0.45,2,2,1,0.58,1
266,72,Master's,0.2,0,0,0,0,0,1,0,2,3,1,Data Science,5,1,0,0,0,0,0,1,Master's,0.0,0.04,0.04,3,3,1,0.72,0
247,96,Bachelor's,0.4,1,1,0,1,0,0,0,0,1,0,Business Intelligence,2,1,1,0,1,0,0,0,Master's,100.0,0.2,0.2,2,3,0,0.14,0
78,13,Diploma,2.8,1,0,0,0,0,0,0,1,3,0,Data Analyst,3,0,1,1,1,0,1,1,Bachelor's,0.0,0.9333333333333332,0.93,1,2,0,0.42,0
647,79,Bachelor's,0.3,0,0,1,0,1,1,0,1,5,1,Data Science,3,1,1,0,0,0,1,0,Bachelor's,33.33,0.09999999999999999,0.1,2,2,1,1.0,0
652,6,Bachelor's,0.9,1,0,1,0,1,1,0,0,9,0,Data Science,2,0,0,0,0,1,0,0,Diploma,100.0,0.45,0.45,2,1,1,0.7,1
854,97,Master's,4.7,0,1,0,1,1,1,0,0,3,1,Data Analyst,4,0,0,1,0,1,1,0,Bachelor's,66.67,1.175,1.0,3,2,1,0.72,1
253,71,Master's,0.3,0,1,0,0,0,1,0,2,0,0,Data Analyst,2,1,1,0,0,0,0,1,Diploma,33.33,0.15,0.15,3,1,1,0.0,0
475,97,Bachelor's,1.0,1,1,1,0,1,1,1,3,2,0,Data Analyst,4,0,0,1,0,1,1,0,Bachelor's,100.0,0.25,0.25,2,2,1,0.28,1
176,47,Bachelor's,1.9,0,0,1,1,0,1,0,2,8,1,Data Analyst,0,1,0,0,0,0,0,1,Master's,0.0,1.0,1.0,2,3,0,1.0,0
421,93,Master's,1.0,1,1,0,0,1,1,0,2,1,0,Data Science,1,0,1,1,0,1,1,0,Bachelor's,75.0,1.0,1.0,3,2,1,0.14,1
971,44,Bachelor's,0.1,1,1,0,1,0,0,0,0,1,1,Business Intelligence,1,1,1,0,0,1,0,0,Bachelor's,66.67,0.1,0.1,2,2,1,0.44,0
572,3,Master's,0.5,0,1,1,0,0,1,0,0,4,1,AI Engineer,3,0,1,1,0,0,0,0,Diploma,100.0,0.16666666666666666,0.17,3,1,1,0.86,1
461,54,Bachelor's,1.3,0,0,0,1,0,1,1,0,2,1,Data Analyst,3,1,0,0,0,1,1,0,Bachelor's,33.33,0.43333333333333335,0.43,2,2,1,0.58,0
864,84,Bachelor's,2.0,0,0,0,0,0,0,0,0,1,1,AI Engineer,1,1,0,1,1,1,0,0,Bachelor's,0.0,2.0,1.0,2,2,1,0.44,1
254,78,Bachelor's,0.3,0,0,0,0,0,0,0,2,1,0,Business Intelligence,5,1,0,0,0,1,1,0,Master's,0.0,0.06,0.06,2,3,0,0.14,0
520,92,Bachelor's,6.5,0,0,0,0,0,1,1,4,2,0,Machine Learning,3,0,1,0,0,0,1,0,Bachelor's,50.0,2.1666666666666665,1.0,2,2,1,0.28,1
903,38,Bachelor's,3.6,1,1,0,0,0,1,0,2,6,0,AI Engineer,2,1,1,1,0,0,0,1,Bachelor's,50.0,1.8,1.0,2,2,1,0.7,1
107,4,Bachelor's,1.3,0,1,1,0,0,1,0,1,2,0,Data Analyst,2,0,1,0,0,0,1,1,Bachelor's,66.67,0.65,0.65,2,2,1,0.28,1
171,79,Bachelor's,2.4,0,1,0,0,0,1,1,2,1,0,Data Science,3,1,1,0,0,0,1,0,Bachelor's,66.67,0.7999999999999999,0.8,2,2,1,0.14,0
58,17,Bachelor's,1.3,1,0,0,0,0,1,0,2,6,0,AI Engineer,4,1,0,1,0,1,0,0,Bachelor's,33.33,0.325,0.32,2,2,1,0.7,1
342,88,Bachelor's,1.6,1,1,0,1,0,1,0,6,2,1,Data Analyst,0,1,1,1,0,0,1,1,Diploma,60.0,1.0,1.0,2,1,1,0.58,1
942,36,Bachelor's,1.0,0,1,0,0,1,0,0,4,4,0,Business Intelligence,0,0,1,1,0,1,1,0,Master's,50.0,1.0,1.0,2,3,0,0.56,1
290,58,Bachelor's,0.2,1,0,1,0,0,0,0,0,1,1,Data Analyst,4,1,1,1,1,0,0,0,Bachelor's,50.0,0.05,0.05,2,2,1,0.44,0
84,41,Diploma,5.3,0,1,1,0,0,1,0,3,3,1,Business Intelligence,2,1,0,0,0,0,1,1,Bachelor's,33.33,2.65,1.0,1,2,0,0.72,0
117,8,Master's,0.2,1,1,1,0,0,0,0,2,1,0,AI Engineer,2,1,0,0,0,0,1,0,Master's,50.0,0.1,0.1,3,3,1,0.14,0
712,67,Bachelor's,0.2,1,1,0,1,0,1,0,2,6,0,Data Science,0,1,1,1,0,1,1,0,Bachelor's,60.0,1.0,1.0,2,2,1,0.7,1
534,30,Bachelor's,0.8,1,0,0,1,0,1,0,2,1,0,Data Analyst,1,1,1,0,1,1,0,0,Bachelor's,50.0,0.8,0.8,2,2,1,0.14,0
219,86,Bachelor's,2.7,0,1,1,0,0,0,0,1,2,1,Data Science,3,0,0,1,1,0,1,0,Bachelor's,33.33,0.9,0.9,2,2,1,0.58,1
738,52,Master's,0.5,1,1,0,0,0,1,0,4,6,0,Business Intelligence,1,1,0,1,0,0,0,0,Bachelor's,50.0,0.5,0.5,3,2,1,0.7,1
917,97,Bachelor's,5.4,0,1,0,1,0,0,0,1,0,0,Data Analyst,4,0,0,1,0,1,1,0,Bachelor's,0.0,1.35,1.0,2,2,1,0.0,1
783,25,Bachelor's,1.5,0,0,0,0,0,0,0,3,4,1,Data Science,3,1,1,0,0,0,1,0,Bachelor's,0.0,0.5,0.5,2,2,1,0.86,0
901,52,Bachelor's,2.0,1,0,0,0,0,1,0,3,6,1,Business Intelligence,1,1,0,1,0,0,0,0,Bachelor's,50.0,2.0,1.0,2,2,1,1.0,1
102,59,Bachelor's,8.7,1,1,0,0,1,1,1,1,1,1,Data Science,2,0,1,0,0,0,0,0,Master's,100.0,4.35,1.0,2,3,0,0.44,1
657,30,Bachelor's,2.0,0,0,1,0,0,0,0,2,4,1,Data Analyst,1,1,1,0,1,1,0,0,Bachelor's,0.0,2.0,1.0,2,2,1,0.86,1
456,67,Bachelor's,6.7,1,0,0,0,0,0,0,4,4,1,Data Science,0,1,1,1,0,1,1,0,Bachelor's,20.0,1.0,1.0,2,2,1,0.86,1
659,4,Bachelor's,1.3,1,1,0,1,0,1,0,3,5,0,Data Analyst,2,0,1,0,0,0,1,1,Bachelor's,66.67,0.65,0.65,2,2,1,0.7,1
773,93,Bachelor's,5.6,0,0,0,0,0,1,0,0,2,0,Data Science,1,0,1,1,0,1,1,0,Bachelor's,25.0,5.6,1.0,2,2,1,0.28,1
791,57,Bachelor's,0.4,0,0,0,0,1,1,1,2,2,0,Business Intelligence,3,0,1,0,1,0,0,0,Bachelor's,0.0,0.13333333333333333,0.13,2,2,1,0.28,0
851,63,Diploma,0.8,0,0,1,0,0,1,1,2,3,1,Business Intelligence,5,1,1,0,0,0,0,0,Diploma,0.0,0.16,0.16,1,1,1,0.72,0
526,32,Bachelor's,0.7,1,0,0,0,1,0,0,1,3,0,AI Engineer,1,0,0,0,0,1,1,0,Diploma,50.0,0.7,0.7,2,1,1,0.42,1
266,87,Master's,0.2,0,0,0,0,0,1,0,2,3,1,AI Engineer,1,1,0,0,0,0,0,0,Bachelor's,0.0,0.2,0.2,3,2,1,0.72,0
287,83,Bachelor's,0.2,0,0,1,1,1,1,0,2,1,0,Business Intelligence,2,0,1,0,0,0,0,0,Bachelor's,0.0,0.1,0.1,2,2,1,0.14,0
141,79,Master's,4.4,0,0,0,0,0,0,0,1,5,1,Data Science,3,1,1,0,0,0,1,0,Bachelor's,0.0,1.4666666666666668,1.0,3,2,1,1.0,1
895,51,Bachelor's,2.0,1,1,0,0,0,1,0,2,2,0,Machine Learning,5,0,1,1,0,1,0,0,Master's,33.33,0.4,0.4,2,3,0,0.28,0
406,63,Master's,1.6,0,1,1,1,1,1,0,3,2,0,Business Intelligence,5,1,1,0,0,0,0,0,Diploma,50.0,0.32,0.32,3,1,1,0.28,0
293,80,Master's,2.1,1,0,0,0,1,1,0,3,4,1,Business Intelligence,2,1,1,0,0,1,1,0,Master's,75.0,1.05,1.0,3,3,1,0.86,1
935,87,Bachelor's,2.8,0,0,0,0,1,1,0,3,0,0,AI Engineer,1,1,0,0,0,0,0,0,Bachelor's,0.0,2.8,1.0,2,2,1,0.0,0
906,1,Master's,0.6,1,0,0,0,0,0,0,0,2,1,Data Science,4,1,0,0,1,0,1,0,Bachelor's,33.33,0.15,0.15,3,2,1,0.58,0
31,19,Bachelor's,0.1,1,0,1,0,0,0,0,2,3,0,Business Intelligence,5,1,0,0,0,0,0,1,Bachelor's,50.0,0.02,0.02,2,2,1,0.42,0
355,63,Diploma,1.7,0,0,0,0,1,1,0,2,3,0,Business Intelligence,5,1,1,0,0,0,0,0,Diploma,0.0,0.33999999999999997,0.34,1,1,1,0.42,0
205,94,Bachelor's,1.7,0,1,0,1,0,0,0,3,4,1,Business Intelligence,1,0,1,0,1,0,0,1,Diploma,66.67,1.7,1.0,2,1,1,0.86,1
478,81,Bachelor's,3.6,0,1,0,0,0,1,0,3,7,0,Data Science,2,1,1,0,0,0,0,1,Bachelor's,33.33,1.8,1.0,2,2,1,0.7,1
994,26,Bachelor's,0.4,1,0,0,0,0,1,0,2,4,1,Machine Learning,2,1,0,0,0,1,1,1,Bachelor's,50.0,0.2,0.2,2,2,1,0.86,1
932,13,Master's,2.1,0,0,0,0,0,0,0,1,3,0,Data Analyst,3,0,1,1,1,0,1,1,Bachelor's,0.0,0.7000000000000001,0.7,3,2,1,0.42,0
291,86,Diploma,1.3,0,0,0,0,0,0,1,3,3,0,Data Science,3,0,0,1,1,0,1,0,Bachelor's,0.0,0.43333333333333335,0.43,1,2,0,0.42,0
111,23,Bachelor's,4.2,1,1,0,1,1,0,0,2,4,1,AI Engineer,4,1,0,0,0,1,1,0,Bachelor's,66.67,1.05,1.0,2,2,1,0.86,1
68,97,Master's,0.3,1,1,1,0,0,1,0,4,4,1,Data Analyst,4,0,0,1,0,1,1,0,Bachelor's,66.67,0.075,0.08,3,2,1,0.86,0
695,91,Bachelor's,1.1,0,0,0,1,0,0,0,3,8,0,AI Engineer,5,0,1,0,1,1,1,1,Diploma,20.0,0.22000000000000003,0.22,2,1,1,0.7,0
373,35,Diploma,4.8,0,0,0,0,1,1,0,3,2,1,Data Science,0,0,0,0,0,0,1,0,Master's,100.0,1.0,1.0,1,3,0,0.58,1
196,12,Bachelor's,5.1,1,1,0,1,0,1,0,0,4,1,Machine Learning,3,1,1,0,0,1,1,0,Bachelor's,75.0,1.7,1.0,2,2,1,0.86,1
126,9,Bachelor's,2.0,0,1,1,0,1,1,0,2,0,1,Data Analyst,0,1,1,0,0,0,0,0,Master's,50.0,1.0,1.0,2,3,0,0.3,0
687,98,Bachelor's,6.4,1,1,0,0,0,0,0,4,2,1,Machine Learning,2,1,1,0,1,0,0,0,Bachelor's,66.67,3.2,1.0,2,2,1,0.58,1
262,78,Master's,4.0,0,1,1,1,1,1,0,1,4,0,Business Intelligence,5,1,0,0,0,1,1,0,Master's,66.67,0.8,0.8,3,3,1,0.56,1
887,67,Bachelor's,0.0,1,1,0,0,0,1,0,0,1,0,Data Science,0,1,1,1,0,1,1,0,Bachelor's,60.0,1.0,1.0,2,2,1,0.14,1
924,44,Master's,1.1,1,0,1,0,0,1,1,0,0,0,Business Intelligence,1,1,1,0,0,1,0,0,Bachelor's,33.33,1.1,1.0,3,2,1,0.0,1
798,61,Bachelor's,0.2,0,0,1,1,0,1,0,2,3,1,Business Intelligence,2,0,0,1,0,0,1,0,Bachelor's,100.0,0.1,0.1,2,2,1,0.72,1
155,21,Master's,2.4,1,0,0,0,0,1,0,3,6,0,Data Science,1,1,1,0,0,0,1,1,Bachelor's,50.0,2.4,1.0,3,2,1,0.7,1
581,7,Bachelor's,0.7,1,0,1,0,1,0,0,1,0,0,AI Engineer,2,1,0,0,0,1,0,0,Bachelor's,100.0,0.35,0.35,2,2,1,0.0,1
108,97,Master's,3.5,0,0,0,0,0,1,0,3,1,0,Data Analyst,4,0,0,1,0,1,1,0,Bachelor's,33.33,0.875,0.88,3,2,1,0.14,1
423,99,Diploma,0.1,0,1,0,1,0,1,0,1,5,1,AI Engineer,2,1,1,0,1,0,0,0,Diploma,66.67,0.05,0.05,1,1,1,1.0,0
35,11,Master's,0.2,0,0,0,0,0,1,0,4,5,1,Data Analyst,3,1,1,0,0,1,0,1,Master's,0.0,0.06666666666666667,0.07,3,3,1,1.0,0
871,45,Bachelor's,4.3,0,0,0,0,0,0,1,2,1,0,Business Intelligence,1,0,0,0,0,0,1,0,Bachelor's,0.0,4.3,1.0,2,2,1,0.14,1
44,32,Master's,2.5,1,0,0,0,0,1,0,3,2,0,AI Engineer,1,0,0,0,0,1,1,0,Diploma,50.0,2.5,1.0,3,1,1,0.28,1
655,86,Bachelor's,0.2,0,0,0,0,0,0,0,4,7,0,Data Science,3,0,0,1,1,0,1,0,Bachelor's,0.0,0.06666666666666667,0.07,2,2,1,0.7,0
723,83,Diploma,0.9,0,1,0,1,1,1,0,2,2,0,Business Intelligence,2,0,1,0,0,0,0,0,Bachelor's,100.0,0.45,0.45,1,2,0,0.28,1
990,36,Master's,3.3,0,1,1,1,0,0,0,2,4,1,Business Intelligence,0,0,1,1,0,1,1,0,Master's,50.0,1.0,1.0,3,3,1,0.86,1
998,37,Bachelor's,0.2,1,0,0,1,1,1,1,2,6,0,Data Analyst,0,1,0,0,0,0,0,0,Bachelor's,100.0,1.0,1.0,2,2,1,0.7,1
416,75,Bachelor's,6.9,0,1,0,0,0,1,0,1,4,1,AI Engineer,2,0,1,1,0,1,1,0,Master's,50.0,3.45,1.0,2,3,0,0.86,1
1000,41,Bachelor's,0.8,0,0,0,0,0,1,1,0,4,1,Business Intelligence,2,1,0,0,0,0,1,1,Bachelor's,66.67,0.4,0.4,2,2,1,0.86,1
285,77,Bachelor's,1.0,1,0,0,0,0,1,0,5,0,1,Data Analyst,0,0,1,0,0,0,0,1,Bachelor's,0.0,1.0,1.0,2,2,1,0.3,1
447,92,Master's,2.9,1,1,0,0,1,1,0,1,2,1,Machine Learning,3,0,1,0,0,0,1,0,Bachelor's,100.0,0.9666666666666667,0.97,3,2,1,0.58,1
518,49,Master's,5.7,1,0,1,1,1,1,1,5,2,0,Data Science,4,1,1,0,0,0,0,0,Diploma,50.0,1.425,1.0,3,1,1,0.28,1
730,15,Bachelor's,2.4,1,1,0,1,1,1,0,1,4,0,AI Engineer,0,1,1,1,0,0,1,1,Master's,60.0,1.0,1.0,2,3,0,0.56,0
27,13,Bachelor's,5.0,0,1,0,0,1,1,1,4,1,1,Data Analyst,3,0,1,1,1,0,1,1,Bachelor's,60.0,1.6666666666666667,1.0,2,2,1,0.44,1
227,53,Master's,1.3,1,0,0,0,0,0,0,3,3,0,Data Science,4,1,0,0,1,0,0,0,Bachelor's,50.0,0.325,0.32,3,2,1,0.42,1
796,33,Master's,0.2,0,1,0,1,0,1,0,4,1,1,AI Engineer,3,0,1,0,0,0,0,0,Bachelor's,100.0,0.06666666666666667,0.07,3,2,1,0.44,1
901,72,Bachelor's,2.0,1,0,0,0,0,1,0,3,6,1,Data Science,5,1,0,0,0,0,0,1,Master's,50.0,0.4,0.4,2,3,0,1.0,0
425,32,Diploma,10.8,1,1,0,0,0,1,0,2,3,1,AI Engineer,1,0,0,0,0,1,1,0,Diploma,50.0,10.8,1.0,1,1,1,0.72,1
568,48,Bachelor's,0.3,1,1,0,0,0,1,1,2,2,0,AI Engineer,1,1,1,1,0,1,0,0,Bachelor's,50.0,0.3,0.3,2,2,1,0.28,1
368,68,Master's,6.0,0,0,0,0,0,1,0,1,0,1,Data Science,4,1,0,0,0,0,1,0,Bachelor's,50.0,1.5,1.0,3,2,1,0.3,1
310,57,Bachelor's,4.2,1,0,1,1,1,1,0,0,4,1,Business Intelligence,3,0,1,0,1,0,0,0,Bachelor's,50.0,1.4000000000000001,1.0,2,2,1,0.86,1
848,62,Master's,0.5,1,1,0,0,0,1,0,2,4,1,Machine Learning,1,1,1,1,0,0,0,1,Diploma,50.0,0.5,0.5,3,1,1,0.86,1
105,82,Master's,12.0,0,0,0,0,0,1,1,3,6,1,Data Analyst,3,1,1,1,0,0,0,1,Bachelor's,25.0,4.0,1.0,3,2,1,1.0,1
18,87,Bachelor's,2.1,0,0,1,0,0,1,0,0,5,0,AI Engineer,1,1,0,0,0,0,0,0,Bachelor's,0.0,2.1,1.0,2,2,1,0.7,1
205,93,Bachelor's,1.7,0,1,0,1,0,0,0,3,4,1,Data Science,1,0,1,1,0,1,1,0,Bachelor's,25.0,1.7,1.0,2,2,1,0.86,1
43,2,Diploma,1.0,1,0,0,0,0,0,0,2,3,1,Machine Learning,4,1,1,1,0,0,1,0,Diploma,25.0,0.25,0.25,1,1,1,0.72,0
89,77,Master's,11.8,0,1,1,0,1,1,0,2,2,1,Data Analyst,0,0,1,0,0,0,0,1,Bachelor's,50.0,1.0,1.0,3,2,1,0.58,1
586,16,Bachelor's,0.4,0,0,1,0,0,0,0,1,1,1,AI Engineer,2,1,1,0,1,1,1,0,Master's,0.0,0.2,0.2,2,3,0,0.44,0
157,8,Bachelor's,0.4,1,1,0,0,1,1,0,1,3,1,AI Engineer,2,1,0,0,0,0,1,0,Master's,100.0,0.2,0.2,2,3,0,0.72,0
266,19,Master's,0.2,0,0,0,0,0,1,0,2,3,1,Business Intelligence,5,1,0,0,0,0,0,1,Bachelor's,0.0,0.04,0.04,3,2,1,0.72,0
134,32,Bachelor's,0.6,1,1,0,0,0,1,0,2,4,0,AI Engineer,1,0,0,0,0,1,1,0,Diploma,50.0,0.6,0.6,2,1,1,0.56,1
464,67,Bachelor's,2.7,0,1,0,0,0,1,1,1,3,1,Data Science,0,1,1,1,0,1,1,0,Bachelor's,40.0,1.0,1.0,2,2,1,0.72,1
601,32,Bachelor's,0.5,0,0,0,0,0,0,0,5,2,0,AI Engineer,1,0,0,0,0,1,1,0,Diploma,0.0,0.5,0.5,2,1,1,0.28,0
748,85,Bachelor's,0.8,1,0,0,1,0,0,0,2,4,0,Data Science,1,1,0,0,0,0,0,0,Master's,100.0,0.8,0.8,2,3,0,0.56,1
132,25,Bachelor's,1.7,1,1,0,0,1,1,0,2,3,1,Data Science,3,1,1,0,0,0,1,0,Bachelor's,100.0,0.5666666666666667,0.57,2,2,1,0.72,1
741,53,Bachelor's,4.4,1,1,1,1,0,0,0,1,4,1,Data Science,4,1,0,0,1,0,0,0,Bachelor's,100.0,1.1,1.0,2,2,1,0.86,1
34,81,Master's,0.3,0,0,1,0,0,1,0,0,2,0,Data Science,2,1,1,0,0,0,0,1,Bachelor's,0.0,0.15,0.15,3,2,1,0.28,0
83,25,Bachelor's,1.4,1,0,0,1,0,1,0,0,3,1,Data Science,3,1,1,0,0,0,1,0,Bachelor's,66.67,0.4666666666666666,0.47,2,2,1,0.72,1
929,33,Bachelor's,2.6,0,1,1,0,0,0,0,0,3,1,AI Engineer,3,0,1,0,0,0,0,0,Bachelor's,100.0,0.8666666666666667,0.87,2,2,1,0.72,1
132,31,Bachelor's,1.7,1,1,0,0,1,1,0,2,3,1,AI Engineer,1,1,0,1,1,0,0,0,Master's,33.33,1.7,1.0,2,3,0,0.72,0
428,36,Master's,7.6,0,1,0,0,1,1,1,1,4,1,Business Intelligence,0,0,1,1,0,1,1,0,Master's,75.0,1.0,1.0,3,3,1,0.86,1
866,87,Bachelor's,6.9,0,0,0,0,0,0,0,2,7,1,AI Engineer,1,1,0,0,0,0,0,0,Bachelor's,0.0,6.9,1.0,2,2,1,1.0,0
204,89,Master's,1.0,1,1,1,0,0,1,0,2,2,1,Machine Learning,2,0,0,0,0,1,1,0,Bachelor's,50.0,0.5,0.5,3,2,1,0.58,0
799,49,Bachelor's,0.2,0,0,0,1,0,1,0,1,2,1,Data Science,4,1,1,0,0,0,0,0,Diploma,0.0,0.05,0.05,2,1,1,0.58,0
336,44,Diploma,2.6,1,1,0,1,1,1,0,1,2,0,Business Intelligence,1,1,1,0,0,1,0,0,Bachelor's,100.0,2.6,1.0,1,2,0,0.28,1
962,48,Bachelor's,1.3,1,0,0,1,0,1,0,2,3,0,AI Engineer,1,1,1,1,0,1,0,0,Bachelor's,25.0,1.3,1.0,2,2,1,0.42,1
497,30,Bachelor's,2.4,0,1,0,0,0,1,1,0,1,1,Data Analyst,1,1,1,0,1,1,0,0,Bachelor's,25.0,2.4,1.0,2,2,1,0.44,0
442,13,Master's,0.2,1,1,1,0,0,1,0,1,1,1,Data Analyst,3,0,1,1,1,0,1,1,Bachelor's,60.0,0.06666666666666667,0.07,3,2,1,0.44,1
828,43,Bachelor's,8.6,1,0,0,0,0,1,0,0,3,0,AI Engineer,3,1,0,0,0,0,0,0,Bachelor's,100.0,2.8666666666666667,1.0,2,2,1,0.42,1
258,93,Bachelor's,1.7,1,0,0,0,0,1,1,3,5,1,Data Science,1,0,1,1,0,1,1,0,Bachelor's,25.0,1.7,1.0,2,2,1,1.0,1
292,16,Diploma,0.4,1,1,0,0,0,1,0,3,3,1,AI Engineer,2,1,1,0,1,1,1,0,Master's,60.0,0.2,0.2,1,3,0,0.72,0
966,91,Bachelor's,2.2,0,1,0,1,0,1,0,0,1,0,AI Engineer,5,0,1,0,1,1,1,1,Diploma,60.0,0.44000000000000006,0.44,2,1,1,0.14,1
125,26,Bachelor's,2.7,0,1,1,1,1,1,0,0,1,1,Machine Learning,2,1,0,0,0,1,1,1,Bachelor's,50.0,1.35,1.0,2,2,1,0.44,1
956,75,Bachelor's,6.8,0,1,1,0,0,1,0,2,3,0,AI Engineer,2,0,1,1,0,1,1,0,Master's,75.0,3.4,1.0,2,3,0,0.42,1
663,47,Bachelor's,6.3,1,0,0,1,0,0,0,1,5,0,Data Analyst,0,1,0,0,0,0,0,1,Master's,50.0,1.0,1.0,2,3,0,0.7,1
871,37,Bachelor's,4.3,0,0,0,0,0,0,1,2,1,0,Data Analyst,0,1,0,0,0,0,0,0,Bachelor's,0.0,1.0,1.0,2,2,1,0.14,0
759,3,Master's,0.3,0,0,0,0,1,0,0,5,2,1,AI Engineer,3,0,1,1,0,0,0,0,Diploma,0.0,0.09999999999999999,0.1,3,1,1,0.58,0
175,26,Bachelor's,2.5,1,0,1,0,0,1,0,1,1,0,Machine Learning,2,1,0,0,0,1,1,1,Bachelor's,50.0,1.25,1.0,2,2,1,0.14,1
884,98,Bachelor's,3.6,1,0,0,1,0,0,0,3,1,1,Machine Learning,2,1,1,0,1,0,0,0,Bachelor's,66.67,1.8,1.0,2,2,1,0.44,1
492,97,Bachelor's,1.2,1,1,1,1,0,1,0,0,5,1,Data Analyst,4,0,0,1,0,1,1,0,Bachelor's,66.67,0.3,0.3,2,2,1,1.0,1
869,15,Master's,0.4,1,1,0,1,0,1,0,4,4,1,AI Engineer,0,1,1,1,0,0,1,1,Master's,60.0,1.0,1.0,3,3,1,0.86,1
814,66,Master's,0.1,1,1,0,0,1,1,0,0,2,1,Business Intelligence,1,0,1,1,1,0,1,0,Bachelor's,50.0,0.1,0.1,3,2,1,0.58,1
80,28,Bachelor's,7.5,0,1,0,0,0,0,0,2,3,0,Data Science,1,0,1,0,1,1,0,0,Bachelor's,33.33,7.5,1.0,2,2,1,0.42,1
619,84,Master's,2.0,0,1,0,0,0,0,0,1,5,0,AI Engineer,1,1,0,1,1,1,0,0,Bachelor's,0.0,2.0,1.0,3,2,1,0.7,1
812,38,Master's,3.6,0,0,1,1,0,1,0,0,3,1,AI Engineer,2,1,1,1,0,0,0,1,Bachelor's,25.0,1.8,1.0,3,2,1,0.72,1
915,44,Bachelor's,1.5,1,1,0,0,0,1,0,0,6,1,Business Intelligence,1,1,1,0,0,1,0,0,Bachelor's,66.67,1.5,1.0,2,2,1,1.0,1
305,53,Master's,3.1,0,0,1,0,0,1,0,4,2,0,Data Science,4,1,0,0,1,0,0,0,Bachelor's,0.0,0.775,0.78,3,2,1,0.28,0
510,80,Master's,3.6,0,0,1,0,0,0,0,2,3,1,Business Intelligence,2,1,1,0,0,1,1,0,Master's,0.0,1.8,1.0,3,3,1,0.72,1
344,4,Bachelor's,3.2,1,0,1,0,1,1,0,1,3,1,Data Analyst,2,0,1,0,0,0,1,1,Bachelor's,33.33,1.6,1.0,2,2,1,0.72,1
570,72,Bachelor's,1.5,0,1,1,1,0,1,0,2,3,1,Data Science,5,1,0,0,0,0,0,1,Master's,0.0,0.3,0.3,2,3,0,0.72,0
91,44,Bachelor's,7.2,0,0,1,0,0,1,1,0,4,1,Business Intelligence,1,1,1,0,0,1,0,0,Bachelor's,0.0,7.2,1.0,2,2,1,0.86,1
647,46,Bachelor's,0.3,0,0,1,0,1,1,0,1,5,1,Data Analyst,1,1,1,1,0,0,1,0,Bachelor's,50.0,0.3,0.3,2,2,1,1.0,0
862,84,Bachelor's,2.7,1,1,1,0,1,1,1,2,3,0,AI Engineer,1,1,0,1,1,1,0,0,Bachelor's,75.0,2.7,1.0,2,2,1,0.42,1
169,26,Diploma,0.0,0,1,0,0,0,1,0,0,4,0,Machine Learning,2,1,0,0,0,1,1,1,Bachelor's,25.0,0.0,0.0,1,2,0,0.56,0
334,96,Bachelor's,12.0,0,0,0,0,0,1,0,1,1,1,Business Intelligence,2,1,1,0,1,0,0,0,Master's,0.0,6.0,1.0,2,3,0,0.44,0
634,13,Bachelor's,4.0,1,0,1,0,0,0,0,2,7,1,Data Analyst,3,0,1,1,1,0,1,1,Bachelor's,20.0,1.3333333333333333,1.0,2,2,1,1.0,1
236,69,Master's,1.1,0,0,0,0,1,1,0,1,3,1,Data Science,5,1,0,1,0,0,1,0,Bachelor's,33.33,0.22000000000000003,0.22,3,2,1,0.72,0
399,44,Master's,2.4,0,0,0,0,0,0,1,1,5,0,Business Intelligence,1,1,1,0,0,1,0,0,Bachelor's,0.0,2.4,1.0,3,2,1,0.7,0
588,53,Bachelor's,1.3,0,1,0,0,0,0,0,2,5,1,Data Science,4,1,0,0,1,0,0,0,Bachelor's,0.0,0.325,0.32,2,2,1,1.0,0
821,51,Master's,0.6,0,0,0,1,0,1,0,3,4,1,Machine Learning,5,0,1,1,0,1,0,0,Master's,0.0,0.12,0.12,3,3,1,0.86,0
477,13,Diploma,4.1,1,1,0,0,0,0,0,5,3,0,Data Analyst,3,0,1,1,1,0,1,1,Bachelor's,20.0,1.3666666666666665,1.0,1,2,0,0.42,0
535,41,Master's,1.3,0,0,0,0,0,0,0,3,5,1,Business Intelligence,2,1,0,0,0,0,1,1,Bachelor's,0.0,0.65,0.65,3,2,1,1.0,0
845,11,Bachelor's,7.2,0,0,0,1,1,0,0,1,6,1,Data Analyst,3,1,1,0,0,1,0,1,Master's,25.0,2.4,1.0,2,3,0,1.0,0
585,37,Bachelor's,11.0,0,0,1,0,0,1,0,3,1,0,Data Analyst,0,1,0,0,0,0,0,0,Bachelor's,0.0,1.0,1.0,2,2,1,0.14,0
88,60,Bachelor's,0.5,0,0,0,0,0,0,0,2,5,0,Data Analyst,0,0,1,0,0,0,0,0,Bachelor's,0.0,1.0,1.0,2,2,1,0.7,0
615,32,Master's,1.0,1,0,0,0,0,1,0,2,2,0,AI Engineer,1,0,0,0,0,1,1,0,Diploma,50.0,1.0,1.0,3,1,1,0.28,1
606,45,Bachelor's,1.8,1,0,1,0,0,0,0,2,2,0,Business Intelligence,1,0,0,0,0,0,1,0,Bachelor's,0.0,1.8,1.0,2,2,1,0.28,1
961,18,Diploma,0.3,1,1,0,0,0,0,0,2,1,1,Data Analyst,0,1,1,0,0,1,0,0,Diploma,66.67,1.0,1.0,1,1,1,0.44,1
828,93,Bachelor's,8.6,1,0,0,0,0,1,0,0,3,0,Data Science,1,0,1,1,0,1,1,0,Bachelor's,25.0,8.6,1.0,2,2,1,0.42,1
778,79,Master's,1.4,1,1,0,0,0,0,0,2,2,0,Data Science,3,1,1,0,0,0,1,0,Bachelor's,66.67,0.4666666666666666,0.47,3,2,1,0.28,1
253,20,Master's,0.3,0,1,0,0,0,1,0,2,0,0,Data Analyst,2,1,1,0,0,1,0,0,Bachelor's,33.33,0.15,0.15,3,2,1,0.0,0
358,44,Bachelor's,1.4,1,0,0,1,0,0,0,4,5,0,Business Intelligence,1,1,1,0,0,1,0,0,Bachelor's,33.33,1.4,1.0,2,2,1,0.7,1
58,36,Bachelor's,1.3,1,0,0,0,0,1,0,2,6,0,Business Intelligence,0,0,1,1,0,1,1,0,Master's,25.0,1.0,1.0,2,3,0,0.7,0
943,69,Bachelor's,3.8,1,0,1,0,0,0,1,3,1,0,Data Science,5,1,0,1,0,0,1,0,Bachelor's,66.67,0.76,0.76,2,2,1,0.14,1
399,37,Master's,2.4,0,0,0,0,0,0,1,1,5,0,Data Analyst,0,1,0,0,0,0,0,0,Bachelor's,0.0,1.0,1.0,3,2,1,0.7,1
521,33,Bachelor's,0.2,0,0,1,1,0,1,0,4,3,1,AI Engineer,3,0,1,0,0,0,0,0,Bachelor's,0.0,0.06666666666666667,0.07,2,2,1,0.72,0
525,82,Master's,1.7,0,0,1,0,0,1,0,4,3,1,Data Analyst,3,1,1,1,0,0,0,1,Bachelor's,25.0,0.5666666666666667,0.57,3,2,1,0.72,0
919,19,Master's,1.2,1,1,1,0,0,1,0,3,4,1,Business Intelligence,5,1,0,0,0,0,0,1,Bachelor's,50.0,0.24,0.24,3,2,1,0.86,0
417,51,Bachelor's,0.1,1,0,0,0,0,1,0,2,1,0,Machine Learning,5,0,1,1,0,1,0,0,Master's,0.0,0.02,0.02,2,3,0,0.14,0
393,32,Bachelor's,0.5,1,1,0,1,1,0,1,4,5,0,AI Engineer,1,0,0,0,0,1,1,0,Diploma,50.0,0.5,0.5,2,1,1,0.7,1
643,22,Bachelor's,1.8,0,0,1,0,0,1,0,4,2,0,Data Analyst,2,1,1,0,0,0,1,0,Master's,33.33,0.9,0.9,2,3,0,0.28,0
222,1,Bachelor's,0.4,1,0,0,0,1,1,0,2,10,0,Data Science,4,1,0,0,1,0,1,0,Bachelor's,66.67,0.1,0.1,2,2,1,0.7,0
329,54,Bachelor's,2.7,0,0,0,0,0,1,1,4,4,0,Data Analyst,3,1,0,0,0,1,1,0,Bachelor's,33.33,0.9,0.9,2,2,1,0.56,0
372,89,Diploma,0.5,0,1,0,0,0,0,0,1,4,0,Machine Learning,2,0,0,0,0,1,1,0,Bachelor's,0.0,0.25,0.25,1,2,0,0.56,0
511,20,Bachelor's,4.2,1,0,0,0,0,0,0,4,1,0,Data Analyst,2,1,1,0,0,1,0,0,Bachelor's,33.33,2.1,1.0,2,2,1,0.14,1
153,58,Bachelor's,3.0,0,1,1,1,0,0,0,2,1,1,Data Analyst,4,1,1,1,1,0,0,0,Bachelor's,75.0,0.75,0.75,2,2,1,0.44,1
893,35,Master's,4.0,0,1,0,0,1,0,1,2,5,1,Data Science,0,0,0,0,0,0,1,0,Master's,0.0,1.0,1.0,3,3,1,1.0,1
879,70,Diploma,0.9,0,1,0,0,1,0,0,1,2,0,AI Engineer,1,1,0,1,0,0,1,0,Bachelor's,0.0,0.9,0.9,1,2,0,0.28,0
984,70,Diploma,1.6,0,0,1,0,1,1,0,4,5,1,AI Engineer,1,1,0,1,0,0,1,0,Bachelor's,66.67,1.6,1.0,1,2,0,1.0,1
480,61,Bachelor's,1.4,0,0,0,0,0,1,1,1,1,0,Business Intelligence,2,0,0,1,0,0,1,0,Bachelor's,50.0,0.7,0.7,2,2,1,0.14,1
583,63,Bachelor's,2.3,1,0,1,1,1,1,1,5,0,1,Business Intelligence,5,1,1,0,0,0,0,0,Diploma,50.0,0.45999999999999996,0.46,2,1,1,0.3,0
932,61,Master's,2.1,0,0,0,0,0,0,0,1,3,0,Business Intelligence,2,0,0,1,0,0,1,0,Bachelor's,0.0,1.05,1.0,3,2,1,0.42,0
857,57,Diploma,3.5,1,0,0,0,0,1,0,1,5,1,Business Intelligence,3,0,1,0,1,0,0,0,Bachelor's,0.0,1.1666666666666667,1.0,1,2,0,1.0,0
20,3,Bachelor's,0.1,0,1,0,1,0,0,1,2,4,0,AI Engineer,3,0,1,1,0,0,0,0,Diploma,50.0,0.03333333333333333,0.03,2,1,1,0.56,0
593,95,Bachelor's,0.3,0,1,0,0,0,0,0,4,2,1,AI Engineer,3,1,1,1,0,1,1,0,Bachelor's,20.0,0.09999999999999999,0.1,2,2,1,0.58,1
950,99,Bachelor's,1.4,0,0,1,1,0,1,0,2,2,0,AI Engineer,2,1,1,0,1,0,0,0,Diploma,33.33,0.7,0.7,2,1,1,0.28,1
228,45,Bachelor's,0.8,0,0,0,1,1,1,0,1,1,1,Business Intelligence,1,0,0,0,0,0,1,0,Bachelor's,100.0,0.8,0.8,2,2,1,0.44,1
346,15,Bachelor's,1.4,0,1,0,0,0,1,0,2,2,1,AI Engineer,0,1,1,1,0,0,1,1,Master's,40.0,1.0,1.0,2,3,0,0.58,1
19,17,Bachelor's,6.2,1,0,0,0,0,1,0,3,2,0,AI Engineer,4,1,0,1,0,1,0,0,Bachelor's,33.33,1.55,1.0,2,2,1,0.28,1
444,15,Bachelor's,1.5,0,1,0,1,0,0,0,1,3,0,AI Engineer,0,1,1,1,0,0,1,1,Master's,20.0,1.0,1.0,2,3,0,0.42,0
677,5,Bachelor's,0.2,1,0,0,0,0,0,0,0,1,1,Business Intelligence,4,0,1,0,0,0,1,0,Bachelor's,0.0,0.05,0.05,2,2,1,0.44,0
368,86,Master's,6.0,0,0,0,0,0,1,0,1,0,1,Data Science,3,0,0,1,1,0,1,0,Bachelor's,33.33,2.0,1.0,3,2,1,0.3,1
899,46,Diploma,1.1,1,1,0,1,0,1,0,0,3,0,Data Analyst,1,1,1,1,0,0,1,0,Bachelor's,75.0,1.1,1.0,1,2,0,0.42,0
619,11,Master's,2.0,0,1,0,0,0,0,0,1,5,0,Data Analyst,3,1,1,0,0,1,0,1,Master's,25.0,0.6666666666666666,0.67,3,3,1,0.7,1
889,64,Diploma,3.2,0,1,0,1,0,1,0,1,2,0,AI Engineer,3,1,0,1,0,0,1,0,Bachelor's,33.33,1.0666666666666667,1.0,1,2,0,0.28,0
860,92,Diploma,3.3,1,1,1,0,0,1,0,2,3,0,Machine Learning,3,0,1,0,0,0,1,0,Bachelor's,100.0,1.0999999999999999,1.0,1,2,0,0.42,1
726,14,Master's,0.2,1,1,0,0,0,1,0,3,4,1,Data Science,3,1,1,0,0,1,1,0,Bachelor's,75.0,0.06666666666666667,0.07,3,2,1,0.86,0
751,39,Bachelor's,1.9,1,1,0,0,0,1,0,2,1,0,Data Science,0,1,0,0,1,0,1,1,Master's,50.0,1.0,1.0,2,3,0,0.14,0
147,67,Bachelor's,4.0,1,1,0,0,0,0,0,2,5,0,Data Science,0,1,1,1,0,1,1,0,Bachelor's,40.0,1.0,1.0,2,2,1,0.7,1
693,55,Bachelor's,1.3,1,1,0,0,0,1,0,3,4,0,Machine Learning,2,0,0,0,0,1,1,1,Bachelor's,33.33,0.65,0.65,2,2,1,0.56,1
504,42,Master's,1.0,0,0,0,0,0,1,1,5,1,0,Business Intelligence,3,0,1,0,0,0,0,0,Diploma,0.0,0.3333333333333333,0.33,3,1,1,0.14,0
430,75,Bachelor's,5.1,0,1,1,0,0,0,0,1,1,0,AI Engineer,2,0,1,1,0,1,1,0,Master's,50.0,2.55,1.0,2,3,0,0.14,0
848,94,Master's,0.5,1,1,0,0,0,1,0,2,4,1,Business Intelligence,1,0,1,0,1,0,0,1,Diploma,33.33,0.5,0.5,3,1,1,0.86,1
198,52,Master's,8.7,0,1,0,0,1,0,0,0,1,1,Business Intelligence,1,1,0,1,0,0,0,0,Bachelor's,0.0,8.7,1.0,3,2,1,0.44,0
997,22,Master's,7.8,1,0,0,0,0,1,0,0,2,0,Data Analyst,2,1,1,0,0,0,1,0,Master's,66.67,3.9,1.0,3,3,1,0.28,1
287,77,Bachelor's,0.2,0,0,1,1,1,1,0,2,1,0,Data Analyst,0,0,1,0,0,0,0,1,Bachelor's,0.0,1.0,1.0,2,2,1,0.14,0
565,44,Bachelor's,4.3,1,0,0,1,0,1,0,2,1,1,Business Intelligence,1,1,1,0,0,1,0,0,Bachelor's,33.33,4.3,1.0,2,2,1,0.44,1
369,85,Bachelor's,0.5,1,0,0,1,0,1,0,2,2,0,Data Science,1,1,0,0,0,0,0,0,Master's,100.0,0.5,0.5,2,3,0,0.28,1
240,59,Bachelor's,0.5,1,1,0,0,1,1,0,1,2,1,Data Science,2,0,1,0,0,0,0,0,Master's,100.0,0.25,0.25,2,3,0,0.58,0
802,25,Bachelor's,3.3,0,1,0,0,0,1,0,4,3,0,Data Science,3,1,1,0,0,0,1,0,Bachelor's,66.67,1.0999999999999999,1.0,2,2,1,0.42,1
287,21,Bachelor's,0.2,0,0,1,1,1,1,0,2,1,0,Data Science,1,1,1,0,0,0,1,1,Bachelor's,25.0,0.2,0.2,2,2,1,0.14,0
700,92,Bachelor's,2.0,0,0,1,0,0,1,0,2,1,0,Machine Learning,3,0,1,0,0,0,1,0,Bachelor's,50.0,0.6666666666666666,0.67,2,2,1,0.14,1
395,64,Bachelor's,1.0,0,1,1,0,1,1,0,1,2,1,AI Engineer,3,1,0,1,0,0,1,0,Bachelor's,66.67,0.3333333333333333,0.33,2,2,1,0.58,0
996,68,Diploma,2.7,0,0,1,0,0,1,0,3,3,0,Data Science,4,1,0,0,0,0,1,0,Bachelor's,50.0,0.675,0.68,1,2,0,0.42,0
518,93,Master's,5.7,1,0,1,1,1,1,1,5,2,0,Data Science,1,0,1,1,0,1,1,0,Bachelor's,75.0,5.7,1.0,3,2,1,0.28,1
795,47,Diploma,0.1,1,0,0,0,0,0,0,1,4,0,Data Analyst,0,1,0,0,0,0,0,1,Master's,50.0,1.0,1.0,1,3,0,0.56,1
775,35,Master's,3.9,1,1,0,0,0,1,1,0,3,1,Data Science,0,0,0,0,0,0,1,0,Master's,100.0,1.0,1.0,3,3,1,0.72,1
561,87,Master's,1.1,0,0,1,0,0,0,0,1,5,0,AI Engineer,1,1,0,0,0,0,0,0,Bachelor's,0.0,1.1,1.0,3,2,1,0.7,1
864,7,Bachelor's,2.0,0,0,0,0,0,0,0,0,1,1,AI Engineer,2,1,0,0,0,1,0,0,Bachelor's,0.0,1.0,1.0,2,2,1,0.44,0
712,56,Bachelor's,0.2,1,1,0,1,0,1,0,2,6,0,Machine Learning,2,0,1,1,1,1,1,1,Diploma,50.0,0.1,0.1,2,1,1,0.7,0
60,52,Bachelor's,2.5,1,1,1,0,1,0,0,2,2,1,Business Intelligence,1,1,0,1,0,0,0,0,Bachelor's,100.0,2.5,1.0,2,2,1,0.58,1
545,46,Bachelor's,8.2,1,1,0,0,0,1,0,2,1,0,Data Analyst,1,1,1,1,0,0,1,0,Bachelor's,75.0,8.2,1.0,2,2,1,0.14,1
303,9,Bachelor's,0.1,1,1,1,1,0,1,0,1,4,1,Data Analyst,0,1,1,0,0,0,0,0,Master's,100.0,1.0,1.0,2,3,0,0.86,1
244,58,Bachelor's,4.7,0,1,0,1,1,1,0,4,2,0,Data Analyst,4,1,1,1,1,0,0,0,Bachelor's,50.0,1.175,1.0,2,2,1,0.28,1
684,23,Bachelor's,4.3,1,0,0,0,0,1,0,4,2,1,AI Engineer,4,1,0,0,0,1,1,0,Bachelor's,66.67,1.075,1.0,2,2,1,0.58,1
207,3,Bachelor's,2.9,1,1,0,1,0,1,0,1,2,1,AI Engineer,3,0,1,1,0,0,0,0,Diploma,50.0,0.9666666666666667,0.97,2,1,1,0.58,1
375,61,Diploma,0.7,0,1,0,0,0,1,0,2,3,0,Business Intelligence,2,0,0,1,0,0,1,0,Bachelor's,50.0,0.35,0.35,1,2,0,0.42,0
283,9,Bachelor's,2.1,1,1,0,0,1,1,1,3,3,1,Data Analyst,0,1,1,0,0,0,0,0,Master's,100.0,1.0,1.0,2,3,0,0.72,1
478,53,Bachelor's,3.6,0,1,0,0,0,1,0,3,7,0,Data Science,4,1,0,0,1,0,0,0,Bachelor's,0.0,0.9,0.9,2,2,1,0.7,0
22,68,Bachelor's,0.9,0,0,0,0,1,0,1,1,4,0,Data Science,4,1,0,0,0,0,1,0,Bachelor's,0.0,0.225,0.22,2,2,1,0.56,0
559,49,Master's,4.6,1,0,1,0,1,1,0,3,1,0,Data Science,4,1,1,0,0,0,0,0,Diploma,50.0,1.15,1.0,3,1,1,0.14,1
349,89,Bachelor's,11.0,0,0,1,0,0,0,0,2,0,0,Machine Learning,2,0,0,0,0,1,1,0,Bachelor's,0.0,5.5,1.0,2,2,1,0.0,0
489,70,Master's,1.2,0,0,1,0,0,1,0,0,3,0,AI Engineer,1,1,0,1,0,0,1,0,Bachelor's,66.67,1.2,1.0,3,2,1,0.42,1
944,48,Master's,3.1,0,0,0,1,0,1,1,1,5,0,AI Engineer,1,1,1,1,0,1,0,0,Bachelor's,0.0,3.1,1.0,3,2,1,0.7,0
670,82,Bachelor's,4.3,1,0,1,0,0,1,1,0,3,0,Data Analyst,3,1,1,1,0,0,0,1,Bachelor's,75.0,1.4333333333333333,1.0,2,2,1,0.42,1
258,7,Bachelor's,1.7,1,0,0,0,0,1,1,3,5,1,AI Engineer,2,1,0,0,0,1,0,0,Bachelor's,50.0,0.85,0.85,2,2,1,1.0,1
655,99,Bachelor's,0.2,0,0,0,0,0,0,0,4,7,0,AI Engineer,2,1,1,0,1,0,0,0,Diploma,0.0,0.1,0.1,2,1,1,0.7,1
47,31,Bachelor's,0.7,1,0,0,0,0,0,0,2,2,0,AI Engineer,1,1,0,1,1,0,0,0,Master's,33.33,0.7,0.7,2,3,0,0.28,0
27,56,Bachelor's,5.0,0,1,0,0,1,1,1,4,1,1,Machine Learning,2,0,1,1,1,1,1,1,Diploma,66.67,2.5,1.0,2,1,1,0.44,1
967,96,Master's,0.5,0,0,1,1,1,1,0,1,4,0,Business Intelligence,2,1,1,0,1,0,0,0,Master's,33.33,0.25,0.25,3,3,1,0.56,1
27,99,Bachelor's,5.0,0,1,0,0,1,1,1,4,1,1,AI Engineer,2,1,1,0,1,0,0,0,Diploma,33.33,2.5,1.0,2,1,1,0.44,1
981,61,Bachelor's,0.5,1,1,1,0,0,1,0,2,2,0,Business Intelligence,2,0,0,1,0,0,1,0,Bachelor's,100.0,0.25,0.25,2,2,1,0.28,1
397,92,Master's,1.4,1,1,0,0,0,1,0,2,2,0,Machine Learning,3,0,1,0,0,0,1,0,Bachelor's,100.0,0.4666666666666666,0.47,3,2,1,0.28,1
951,5,Bachelor's,0.2,0,0,0,0,1,0,0,1,3,1,Business Intelligence,4,0,1,0,0,0,1,0,Bachelor's,0.0,0.05,0.05,2,2,1,0.72,0
145,30,Bachelor's,0.8,1,0,1,0,1,0,1,3,4,0,Data Analyst,1,1,1,0,1,1,0,0,Bachelor's,50.0,0.8,0.8,2,2,1,0.56,1
587,22,Diploma,3.0,1,0,0,0,0,1,1,1,1,1,Data Analyst,2,1,1,0,0,0,1,0,Master's,66.67,1.5,1.0,1,3,0,0.44,1
699,17,Bachelor's,8.2,0,1,0,1,1,1,0,1,5,0,AI Engineer,4,1,0,1,0,1,0,0,Bachelor's,33.33,2.05,1.0,2,2,1,0.7,1
522,10,Bachelor's,6.8,1,0,0,0,0,1,0,2,3,0,AI Engineer,5,0,1,0,1,1,0,0,Master's,0.0,1.3599999999999999,1.0,2,3,0,0.42,0
121,71,Master's,5.5,0,0,0,0,0,0,0,2,5,0,Data Analyst,2,1,1,0,0,0,0,1,Diploma,0.0,2.75,1.0,3,1,1,0.7,0
801,68,Master's,7.8,0,0,0,0,0,1,0,4,4,1,Data Science,4,1,0,0,0,0,1,0,Bachelor's,50.0,1.95,1.0,3,2,1,0.86,1
462,42,Bachelor's,2.6,0,0,0,0,0,1,1,3,2,0,Business Intelligence,3,0,1,0,0,0,0,0,Diploma,0.0,0.8666666666666667,0.87,2,1,1,0.28,0
677,27,Bachelor's,0.2,1,0,0,0,0,0,0,0,1,1,Data Science,3,0,1,0,0,1,0,0,Master's,0.0,0.06666666666666667,0.07,2,3,0,0.44,0
382,7,Bachelor's,1.2,0,0,0,0,0,1,0,0,3,1,AI Engineer,2,1,0,0,0,1,0,0,Bachelor's,0.0,0.6,0.6,2,2,1,0.72,1
776,23,Bachelor's,0.9,1,1,1,0,0,1,0,0,1,0,AI Engineer,4,1,0,0,0,1,1,0,Bachelor's,66.67,0.225,0.22,2,2,1,0.14,0
673,75,Diploma,5.1,0,1,1,0,0,0,0,2,2,1,AI Engineer,2,0,1,1,0,1,1,0,Master's,50.0,2.55,1.0,1,3,0,0.58,0
903,8,Bachelor's,3.6,1,1,0,0,0,1,0,2,6,0,AI Engineer,2,1,0,0,0,0,1,0,Master's,100.0,1.8,1.0,2,3,0,0.7,1
418,8,Bachelor's,0.3,1,1,0,0,1,1,0,2,4,0,AI Engineer,2,1,0,0,0,0,1,0,Master's,100.0,0.15,0.15,2,3,0,0.56,1
327,5,Bachelor's,0.5,0,1,0,0,1,1,0,2,3,0,Business Intelligence,4,0,1,0,0,0,1,0,Bachelor's,100.0,0.125,0.12,2,2,1,0.42,0
391,71,Master's,0.7,1,0,0,0,0,0,0,4,2,0,Data Analyst,2,1,1,0,0,0,0,1,Diploma,33.33,0.35,0.35,3,1,1,0.28,0
297,86,Master's,0.5,1,1,0,0,0,1,0,0,1,1,Data Science,3,0,0,1,1,0,1,0,Bachelor's,33.33,0.16666666666666666,0.17,3,2,1,0.44,0
630,100,Bachelor's,1.5,1,1,0,0,0,0,0,2,3,1,Data Science,5,0,0,0,0,1,0,0,Bachelor's,0.0,0.3,0.3,2,2,1,0.72,0
996,2,Diploma,2.7,0,0,1,0,0,1,0,3,3,0,Machine Learning,4,1,1,1,0,0,1,0,Diploma,50.0,0.675,0.68,1,1,1,0.42,1
823,88,Bachelor's,2.4,0,1,0,0,1,1,0,0,8,1,Data Analyst,0,1,1,1,0,0,1,1,Diploma,40.0,1.0,1.0,2,1,1,1.0,0
775,51,Master's,3.9,1,1,0,0,0,1,1,0,3,1,Machine Learning,5,0,1,1,0,1,0,0,Master's,33.33,0.78,0.78,3,3,1,0.72,1
84,66,Diploma,5.3,0,1,1,0,0,1,0,3,3,1,Business Intelligence,1,0,1,1,1,0,1,0,Bachelor's,75.0,5.3,1.0,1,2,0,0.72,1
146,12,Diploma,5.3,0,0,0,1,0,0,0,2,4,0,Machine Learning,3,1,1,0,0,1,1,0,Bachelor's,0.0,1.7666666666666666,1.0,1,2,0,0.56,0
171,47,Bachelor's,2.4,0,1,0,0,0,1,1,2,1,0,Data Analyst,0,1,0,0,0,0,0,1,Master's,50.0,1.0,1.0,2,3,0,0.14,0
334,55,Bachelor's,12.0,0,0,0,0,0,1,0,1,1,1,Machine Learning,2,0,0,0,0,1,1,1,Bachelor's,33.33,6.0,1.0,2,2,1,0.44,1
424,26,Bachelor's,0.4,1,0,1,0,0,1,0,4,5,1,Machine Learning,2,1,0,0,0,1,1,1,Bachelor's,50.0,0.2,0.2,2,2,1,1.0,0
309,45,Master's,1.0,1,0,1,1,0,0,0,5,1,0,Business Intelligence,1,0,0,0,0,0,1,0,Bachelor's,0.0,1.0,1.0,3,2,1,0.14,0
526,62,Bachelor's,0.7,1,0,0,0,1,0,0,1,3,0,Machine Learning,1,1,1,1,0,0,0,1,Diploma,25.0,0.7,0.7,2,1,1,0.42,1
661,70,Bachelor's,2.3,1,1,0,0,0,1,0,0,7,0,AI Engineer,1,1,0,1,0,0,1,0,Bachelor's,66.67,2.3,1.0,2,2,1,0.7,1
881,87,Bachelor's,2.9,1,1,0,0,1,1,0,1,4,1,AI Engineer,1,1,0,0,0,0,0,0,Bachelor's,100.0,2.9,1.0,2,2,1,0.86,1
763,2,Bachelor's,0.3,0,1,1,1,0,1,0,2,1,0,Machine Learning,4,1,1,1,0,0,1,0,Diploma,75.0,0.075,0.08,2,1,1,0.14,0
569,26,Master's,2.4,0,1,0,1,0,0,0,1,2,1,Machine Learning,2,1,0,0,0,1,1,1,Bachelor's,0.0,1.2,1.0,3,2,1,0.58,0
347,14,Bachelor's,1.1,0,0,1,0,0,1,1,0,3,0,Data Science,3,1,1,0,0,1,1,0,Bachelor's,25.0,0.3666666666666667,0.37,2,2,1,0.42,0
302,82,Bachelor's,6.9,0,1,1,0,0,1,0,3,1,0,Data Analyst,3,1,1,1,0,0,0,1,Bachelor's,50.0,2.3000000000000003,1.0,2,2,1,0.14,1
922,57,Bachelor's,0.0,0,0,1,1,0,0,0,2,1,1,Business Intelligence,3,0,1,0,1,0,0,0,Bachelor's,50.0,0.0,0.0,2,2,1,0.44,0
347,32,Bachelor's,1.1,0,0,1,0,0,1,1,0,3,0,AI Engineer,1,0,0,0,0,1,1,0,Diploma,50.0,1.1,1.0,2,1,1,0.42,1
133,78,Bachelor's,0.2,0,1,1,0,0,0,1,1,5,0,Business Intelligence,5,1,0,0,0,1,1,0,Master's,0.0,0.04,0.04,2,3,0,0.7,0
682,30,Bachelor's,9.3,0,0,0,0,0,1,1,1,1,0,Data Analyst,1,1,1,0,1,1,0,0,Bachelor's,0.0,9.3,1.0,2,2,1,0.14,1
614,13,Diploma,1.0,0,1,0,0,0,1,0,1,6,1,Data Analyst,3,0,1,1,1,0,1,1,Bachelor's,40.0,0.3333333333333333,0.33,1,2,0,1.0,0
988,40,Bachelor's,1.7,1,0,0,1,0,1,1,2,1,1,Data Analyst,2,1,0,0,0,1,0,1,Bachelor's,66.67,0.85,0.85,2,2,1,0.44,1
106,31,Bachelor's,0.5,1,0,1,0,0,1,0,5,2,1,AI Engineer,1,1,0,1,1,0,0,0,Master's,66.67,0.5,0.5,2,3,0,0.58,0
171,37,Bachelor's,2.4,0,1,0,0,0,1,1,2,1,0,Data Analyst,0,1,0,0,0,0,0,0,Bachelor's,0.0,1.0,1.0,2,2,1,0.14,1
640,45,Bachelor's,6.5,0,0,1,0,0,1,0,1,3,0,Business Intelligence,1,0,0,0,0,0,1,0,Bachelor's,100.0,6.5,1.0,2,2,1,0.42,1
250,86,Master's,2.4,1,1,1,0,0,0,0,2,3,1,Data Science,3,0,0,1,1,0,1,0,Bachelor's,33.33,0.7999999999999999,0.8,3,2,1,0.72,0
544,59,Bachelor's,0.7,0,0,0,1,0,0,0,0,6,0,Data Science,2,0,1,0,0,0,0,0,Master's,0.0,0.35,0.35,2,3,0,0.7,0
728,28,Master's,12.0,1,0,1,0,0,1,0,1,4,0,Data Science,1,0,1,0,1,1,0,0,Bachelor's,0.0,12.0,1.0,3,2,1,0.56,1
262,61,Master's,4.0,0,1,1,1,1,1,0,1,4,0,Business Intelligence,2,0,0,1,0,0,1,0,Bachelor's,100.0,2.0,1.0,3,2,1,0.56,1
842,19,Bachelor's,1.4,0,0,1,0,0,1,1,2,2,0,Business Intelligence,5,1,0,0,0,0,0,1,Bachelor's,50.0,0.27999999999999997,0.28,2,2,1,0.28,0
494,43,Bachelor's,0.2,1,1,1,0,0,1,1,1,1,0,AI Engineer,3,1,0,0,0,0,0,0,Bachelor's,100.0,0.06666666666666667,0.07,2,2,1,0.14,1
244,59,Bachelor's,4.7,0,1,0,1,1,1,0,4,2,0,Data Science,2,0,1,0,0,0,0,0,Master's,100.0,2.35,1.0,2,3,0,0.28,1
451,16,Master's,1.7,1,0,0,0,1,1,0,2,2,0,AI Engineer,2,1,1,0,1,1,1,0,Master's,60.0,0.85,0.85,3,3,1,0.28,1
903,69,Bachelor's,3.6,1,1,0,0,0,1,0,2,6,0,Data Science,5,1,0,1,0,0,1,0,Bachelor's,66.67,0.72,0.72,2,2,1,0.7,1
797,44,Master's,3.1,1,1,0,0,1,0,0,2,3,0,Business Intelligence,1,1,1,0,0,1,0,0,Bachelor's,100.0,3.1,1.0,3,2,1,0.42,1
290,66,Bachelor's,0.2,1,0,1,0,0,0,0,0,1,1,Business Intelligence,1,0,1,1,1,0,1,0,Bachelor's,25.0,0.2,0.2,2,2,1,0.44,0
263,10,Bachelor's,0.9,0,0,0,0,0,0,0,0,6,0,AI Engineer,5,0,1,0,1,1,0,0,Master's,0.0,0.18,0.18,2,3,0,0.7,0
849,47,Bachelor's,5.4,0,1,1,0,0,1,0,4,5,0,Data Analyst,0,1,0,0,0,0,0,1,Master's,0.0,1.0,1.0,2,3,0,0.7,0
845,19,Bachelor's,7.2,0,0,0,1,1,0,0,1,6,1,Business Intelligence,5,1,0,0,0,0,0,1,Bachelor's,0.0,1.44,1.0,2,2,1,1.0,0
314,84,Master's,4.2,0,0,1,1,0,1,0,2,0,0,AI Engineer,1,1,0,1,1,1,0,0,Bachelor's,50.0,4.2,1.0,3,2,1,0.0,1
85,93,Bachelor's,7.2,1,1,0,0,0,0,0,1,2,1,Data Science,1,0,1,1,0,1,1,0,Bachelor's,25.0,7.2,1.0,2,2,1,0.58,1
415,89,Bachelor's,1.9,1,1,0,0,0,1,0,2,3,1,Machine Learning,2,0,0,0,0,1,1,0,Bachelor's,50.0,0.95,0.95,2,2,1,0.72,1
329,81,Bachelor's,2.7,0,0,0,0,0,1,1,4,4,0,Data Science,2,1,1,0,0,0,0,1,Bachelor's,33.33,1.35,1.0,2,2,1,0.56,1
45,51,Bachelor's,5.4,0,1,0,0,1,0,0,2,3,1,Machine Learning,5,0,1,1,0,1,0,0,Master's,66.67,1.08,1.0,2,3,0,0.72,0
815,13,Master's,0.2,0,0,1,0,0,1,0,2,2,1,Data Analyst,3,0,1,1,1,0,1,1,Bachelor's,40.0,0.06666666666666667,0.07,3,2,1,0.58,0
333,63,Diploma,0.6,0,0,0,0,0,0,1,6,3,1,Business Intelligence,5,1,1,0,0,0,0,0,Diploma,0.0,0.12,0.12,1,1,1,0.72,0
465,16,Master's,12.0,0,0,1,0,1,1,1,2,2,0,AI Engineer,2,1,1,0,1,1,1,0,Master's,40.0,6.0,1.0,3,3,1,0.28,1
200,53,Master's,0.3,1,0,0,0,0,0,0,2,2,1,Data Science,4,1,0,0,1,0,0,0,Bachelor's,50.0,0.075,0.08,3,2,1,0.58,0
201,35,Bachelor's,3.5,0,1,1,0,1,1,0,1,3,1,Data Science,0,0,0,0,0,0,1,0,Master's,100.0,1.0,1.0,2,3,0,0.72,1
329,100,Bachelor's,2.7,0,0,0,0,0,1,1,4,4,0,Data Science,5,0,0,0,0,1,0,0,Bachelor's,0.0,0.54,0.54,2,2,1,0.56,0
680,59,Master's,3.0,1,0,0,0,0,1,0,0,1,0,Data Science,2,0,1,0,0,0,0,0,Master's,0.0,1.5,1.0,3,3,1,0.14,0
240,39,Bachelor's,0.5,1,1,0,0,1,1,0,1,2,1,Data Science,0,1,0,0,1,0,1,1,Master's,50.0,1.0,1.0,2,3,0,0.58,1
884,67,Bachelor's,3.6,1,0,0,1,0,0,0,3,1,1,Data Science,0,1,1,1,0,1,1,0,Bachelor's,20.0,1.0,1.0,2,2,1,0.44,1
798,73,Bachelor's,0.2,0,0,1,1,0,1,0,2,3,1,AI Engineer,1,0,0,0,0,0,1,0,Master's,100.0,0.2,0.2,2,3,0,0.72,1
702,61,Diploma,1.4,0,1,0,0,1,0,1,2,3,0,Business Intelligence,2,0,0,1,0,0,1,0,Bachelor's,0.0,0.7,0.7,1,2,0,0.42,0
583,50,Bachelor's,2.3,1,0,1,1,1,1,1,5,0,1,AI Engineer,1,1,0,0,0,1,1,0,Master's,100.0,2.3,1.0,2,3,0,0.3,1
657,53,Bachelor's,2.0,0,0,1,0,0,0,0,2,4,1,Data Science,4,1,0,0,1,0,0,0,Bachelor's,0.0,0.5,0.5,2,2,1,0.86,0
359,46,Master's,0.8,1,1,0,1,1,1,0,0,7,1,Data Analyst,1,1,1,1,0,0,1,0,Bachelor's,75.0,0.8,0.8,3,2,1,1.0,1
998,52,Bachelor's,0.2,1,0,0,1,1,1,1,2,6,0,Business Intelligence,1,1,0,1,0,0,0,0,Bachelor's,50.0,0.2,0.2,2,2,1,0.7,1
901,29,Bachelor's,2.0,1,0,0,0,0,1,0,3,6,1,AI Engineer,0,1,1,1,1,0,1,0,Bachelor's,40.0,1.0,1.0,2,2,1,1.0,1
721,5,Master's,0.4,0,0,0,0,1,1,0,2,4,1,Business Intelligence,4,0,1,0,0,0,1,0,Bachelor's,50.0,0.1,0.1,3,2,1,0.86,0
360,67,Bachelor's,2.2,1,1,0,0,0,0,0,4,4,0,Data Science,0,1,1,1,0,1,1,0,Bachelor's,40.0,1.0,1.0,2,2,1,0.56,1
378,74,Diploma,1.8,0,0,1,0,1,1,0,3,6,0,Data Science,1,1,1,1,0,0,1,0,Bachelor's,50.0,1.8,1.0,1,2,0,0.7,1
385,95,Master's,2.7,1,0,1,0,0,0,0,2,4,0,AI Engineer,3,1,1,1,0,1,1,0,Bachelor's,40.0,0.9,0.9,3,2,1,0.56,1
720,75,Master's,0.7,1,0,1,0,0,0,0,1,3,0,AI Engineer,2,0,1,1,0,1,1,0,Master's,25.0,0.35,0.35,3,3,1,0.42,0
465,81,Master's,12.0,0,0,1,0,1,1,1,2,2,0,Data Science,2,1,1,0,0,0,0,1,Bachelor's,33.33,6.0,1.0,3,2,1,0.28,0
222,40,Bachelor's,0.4,1,0,0,0,1,1,0,2,10,0,Data Analyst,2,1,0,0,0,1,0,1,Bachelor's,66.67,0.2,0.2,2,2,1,0.7,1
799,72,Bachelor's,0.2,0,0,0,1,0,1,0,1,2,1,Data Science,5,1,0,0,0,0,0,1,Master's,0.0,0.04,0.04,2,3,0,0.58,0
675,2,Bachelor's,3.9,0,1,0,1,0,1,0,2,5,0,Machine Learning,4,1,1,1,0,0,1,0,Diploma,50.0,0.975,0.98,2,1,1,0.7,1
365,68,Master's,3.3,0,1,0,0,0,1,0,3,4,0,Data Science,4,1,0,0,0,0,1,0,Bachelor's,50.0,0.825,0.82,3,2,1,0.56,1
72,62,Bachelor's,0.7,1,1,1,0,0,1,0,2,0,0,Machine Learning,1,1,1,1,0,0,0,1,Diploma,75.0,0.7,0.7,2,1,1,0.0,1
240,80,Bachelor's,0.5,1,1,0,0,1,1,0,1,2,1,Business Intelligence,2,1,1,0,0,1,1,0,Master's,100.0,0.25,0.25,2,3,0,0.58,1
504,58,Master's,1.0,0,0,0,0,0,1,1,5,1,0,Data Analyst,4,1,1,1,1,0,0,0,Bachelor's,0.0,0.25,0.25,3,2,1,0.14,0
414,85,Bachelor's,0.1,1,0,0,0,0,0,0,1,6,0,Data Science,1,1,0,0,0,0,0,0,Master's,100.0,0.1,0.1,2,3,0,0.7,0
127,69,Master's,0.2,0,1,1,0,0,1,0,2,2,1,Data Science,5,1,0,1,0,0,1,0,Bachelor's,66.67,0.04,0.04,3,2,1,0.58,0
487,58,Diploma,1.3,1,0,0,0,1,1,0,2,2,0,Data Analyst,4,1,1,1,1,0,0,0,Bachelor's,25.0,0.325,0.32,1,2,0,0.28,0
597,35,Bachelor's,0.8,1,0,1,0,0,1,0,2,3,0,Data Science,0,0,0,0,0,0,1,0,Master's,100.0,1.0,1.0,2,3,0,0.42,1
527,14,Bachelor's,0.8,1,1,1,0,0,1,0,2,2,0,Data Science,3,1,1,0,0,1,1,0,Bachelor's,75.0,0.26666666666666666,0.27,2,2,1,0.28,0
248,15,Master's,0.1,0,0,0,1,1,0,0,3,2,1,AI Engineer,0,1,1,1,0,0,1,1,Master's,0.0,1.0,1.0,3,3,1,0.58,0
482,6,Bachelor's,0.3,0,1,0,0,0,1,0,1,0,1,Data Science,2,0,0,0,0,1,0,0,Diploma,0.0,0.15,0.15,2,1,1,0.3,0
312,16,Diploma,5.6,0,1,1,0,0,1,0,1,2,1,AI Engineer,2,1,1,0,1,1,1,0,Master's,40.0,2.8,1.0,1,3,0,0.58,1
444,87,Bachelor's,1.5,0,1,0,1,0,0,0,1,3,0,AI Engineer,1,1,0,0,0,0,0,0,Bachelor's,0.0,1.5,1.0,2,2,1,0.42,0
283,95,Bachelor's,2.1,1,1,0,0,1,1,1,3,3,1,AI Engineer,3,1,1,1,0,1,1,0,Bachelor's,80.0,0.7000000000000001,0.7,2,2,1,0.72,1
2,46,Master's,2.0,1,1,1,0,0,1,0,1,5,0,Data Analyst,1,1,1,1,0,0,1,0,Bachelor's,100.0,2.0,1.0,3,2,1,0.7,1
74,63,Master's,0.0,0,0,0,0,0,1,0,0,3,0,Business Intelligence,5,1,1,0,0,0,0,0,Diploma,0.0,0.0,0.0,3,1,1,0.42,0
64,12,Bachelor's,1.4,1,1,0,0,0,0,0,5,4,1,Machine Learning,3,1,1,0,0,1,1,0,Bachelor's,50.0,0.4666666666666666,0.47,2,2,1,0.86,1
773,41,Bachelor's,5.6,0,0,0,0,0,1,0,0,2,0,Business Intelligence,2,1,0,0,0,0,1,1,Bachelor's,33.33,2.8,1.0,2,2,1,0.28,1
347,19,Bachelor's,1.1,0,0,1,0,0,1,1,0,3,0,Business Intelligence,5,1,0,0,0,0,0,1,Bachelor's,50.0,0.22000000000000003,0.22,2,2,1,0.42,0
324,76,Bachelor's,0.6,1,1,0,1,0,0,0,4,1,0,Data Science,0,1,0,0,0,0,1,0,Master's,50.0,1.0,1.0,2,3,0,0.14,1
239,77,Bachelor's,8.6,1,1,1,0,1,0,0,4,0,0,Data Analyst,0,0,1,0,0,0,0,1,Bachelor's,50.0,1.0,1.0,2,2,1,0.0,1
397,2,Master's,1.4,1,1,0,0,0,1,0,2,2,0,Machine Learning,4,1,1,1,0,0,1,0,Diploma,75.0,0.35,0.35,3,1,1,0.28,0
337,20,Master's,0.6,1,1,0,0,0,1,1,1,4,0,Data Analyst,2,1,1,0,0,1,0,0,Bachelor's,66.67,0.3,0.3,3,2,1,0.56,1
341,95,Bachelor's,0.7,0,1,0,1,0,0,1,4,4,0,AI Engineer,3,1,1,1,0,1,1,0,Bachelor's,20.0,0.2333333333333333,0.23,2,2,1,0.56,0
279,9,Master's,0.4,0,0,0,1,1,0,0,3,3,1,Data Analyst,0,1,1,0,0,0,0,0,Master's,0.0,1.0,1.0,3,3,1,0.72,0
353,21,Bachelor's,1.4,0,1,0,0,0,1,1,1,2,1,Data Science,1,1,1,0,0,0,1,1,Bachelor's,75.0,1.4,1.0,2,2,1,0.58,1
946,8,Diploma,1.8,1,0,1,0,1,1,1,0,3,0,AI Engineer,2,1,0,0,0,0,1,0,Master's,100.0,0.9,0.9,1,3,0,0.42,1
892,39,Master's,1.3,0,1,0,0,1,1,1,1,2,1,Data Science,0,1,0,0,1,0,1,1,Master's,50.0,1.0,1.0,3,3,1,0.58,1
463,37,Master's,0.3,0,1,1,0,1,0,0,1,3,0,Data Analyst,0,1,0,0,0,0,0,0,Bachelor's,0.0,1.0,1.0,3,2,1,0.42,0
462,29,Bachelor's,2.6,0,0,0,0,0,1,1,3,2,0,AI Engineer,0,1,1,1,1,0,1,0,Bachelor's,20.0,1.0,1.0,2,2,1,0.28,1
713,83,Bachelor's,3.8,1,1,0,0,1,1,0,1,2,0,Business Intelligence,2,0,1,0,0,0,0,0,Bachelor's,100.0,1.9,1.0,2,2,1,0.28,1
798,38,Bachelor's,0.2,0,0,1,1,0,1,0,2,3,1,AI Engineer,2,1,1,1,0,0,0,1,Bachelor's,25.0,0.1,0.1,2,2,1,0.72,1
733,90,Bachelor's,1.9,1,0,1,0,1,1,0,1,6,1,Data Science,0,1,1,0,1,0,1,1,Bachelor's,40.0,1.0,1.0,2,2,1,1.0,1
407,75,Bachelor's,4.6,1,1,1,1,0,0,0,0,1,0,AI Engineer,2,0,1,1,0,1,1,0,Master's,50.0,2.3,1.0,2,3,0,0.14,1
162,100,Bachelor's,0.3,0,0,0,0,0,1,0,4,1,1,Data Science,5,0,0,0,0,1,0,0,Bachelor's,0.0,0.06,0.06,2,2,1,0.44,0
503,35,Bachelor's,0.1,0,1,0,0,0,1,0,3,2,0,Data Science,0,0,0,0,0,0,1,0,Master's,100.0,1.0,1.0,2,3,0,0.28,1
448,68,Master's,4.6,1,1,1,0,0,1,1,3,3,1,Data Science,4,1,0,0,0,0,1,0,Bachelor's,100.0,1.15,1.0,3,2,1,0.72,1
695,3,Bachelor's,1.1,0,0,0,1,0,0,0,3,8,0,AI Engineer,3,0,1,1,0,0,0,0,Diploma,0.0,0.3666666666666667,0.37,2,1,1,0.7,0
455,12,Bachelor's,0.1,0,1,1,0,1,0,1,2,2,0,Machine Learning,3,1,1,0,0,1,1,0,Bachelor's,50.0,0.03333333333333333,0.03,2,2,1,0.28,0
885,32,Master's,0.4,1,1,0,0,1,1,1,3,5,0,AI Engineer,1,0,0,0,0,1,1,0,Diploma,100.0,0.4,0.4,3,1,1,0.7,1
265,47,Master's,0.0,0,1,1,1,1,0,1,0,7,0,Data Analyst,0,1,0,0,0,0,0,1,Master's,50.0,1.0,1.0,3,3,1,0.7,1
132,63,Bachelor's,1.7,1,1,0,0,1,1,0,2,3,1,Business Intelligence,5,1,1,0,0,0,0,0,Diploma,100.0,0.33999999999999997,0.34,2,1,1,0.72,1
834,26,Bachelor's,3.4,1,0,0,0,1,0,0,4,2,0,Machine Learning,2,1,0,0,0,1,1,1,Bachelor's,50.0,1.7,1.0,2,2,1,0.28,1
120,43,Bachelor's,0.3,0,0,1,0,0,1,0,2,2,0,AI Engineer,3,1,0,0,0,0,0,0,Bachelor's,0.0,0.09999999999999999,0.1,2,2,1,0.28,0
892,77,Master's,1.3,0,1,0,0,1,1,1,1,2,1,Data Analyst,0,0,1,0,0,0,0,1,Bachelor's,100.0,1.0,1.0,3,2,1,0.58,1
219,44,Bachelor's,2.7,0,1,1,0,0,0,0,1,2,1,Business Intelligence,1,1,1,0,0,1,0,0,Bachelor's,33.33,2.7,1.0,2,2,1,0.58,0
417,38,Bachelor's,0.1,1,0,0,0,0,1,0,2,1,0,AI Engineer,2,1,1,1,0,0,0,1,Bachelor's,25.0,0.05,0.05,2,2,1,0.14,0
672,29,Master's,5.3,1,0,1,0,1,1,0,4,3,0,AI Engineer,0,1,1,1,1,0,1,0,Bachelor's,60.0,1.0,1.0,3,2,1,0.42,1
505,55,Bachelor's,1.2,1,1,0,0,0,1,0,3,3,0,Machine Learning,2,0,0,0,0,1,1,1,Bachelor's,33.33,0.6,0.6,2,2,1,0.42,0
300,52,Diploma,3.1,1,1,0,0,0,0,1,1,7,0,Business Intelligence,1,1,0,1,0,0,0,0,Bachelor's,50.0,3.1,1.0,1,2,0,0.7,1
109,19,Bachelor's,3.0,1,1,1,1,0,0,0,3,4,0,Business Intelligence,5,1,0,0,0,0,0,1,Bachelor's,50.0,0.6,0.6,2,2,1,0.56,1
238,35,Diploma,1.6,1,1,1,0,0,0,0,1,2,1,Data Science,0,0,0,0,0,0,1,0,Master's,0.0,1.0,1.0,1,3,0,0.58,0
293,48,Master's,2.1,1,0,0,0,1,1,0,3,4,1,AI Engineer,1,1,1,1,0,1,0,0,Bachelor's,50.0,2.1,1.0,3,2,1,0.86,1
987,91,Bachelor's,3.3,1,0,1,0,0,0,0,2,2,0,AI Engineer,5,0,1,0,1,1,1,1,Diploma,0.0,0.6599999999999999,0.66,2,1,1,0.28,1
988,60,Bachelor's,1.7,1,0,0,1,0,1,1,2,1,1,Data Analyst,0,0,1,0,0,0,0,0,Bachelor's,0.0,1.0,1.0,2,2,1,0.44,1
579,31,Bachelor's,2.3,1,1,1,1,0,0,0,3,2,1,AI Engineer,1,1,0,1,1,0,0,0,Master's,100.0,2.3,1.0,2,3,0,0.58,1
828,3,Bachelor's,8.6,1,0,0,0,0,1,0,0,3,0,AI Engineer,3,0,1,1,0,0,0,0,Diploma,0.0,2.8666666666666667,1.0,2,1,1,0.42,1
187,35,Master's,2.9,0,0,0,0,1,1,0,2,5,1,Data Science,0,0,0,0,0,0,1,0,Master's,100.0,1.0,1.0,3,3,1,1.0,1
36,88,Master's,3.0,1,0,1,0,0,0,0,1,1,0,Data Analyst,0,1,1,1,0,0,1,1,Diploma,40.0,1.0,1.0,3,1,1,0.14,0
561,52,Master's,1.1,0,0,1,0,0,0,0,1,5,0,Business Intelligence,1,1,0,1,0,0,0,0,Bachelor's,50.0,1.1,1.0,3,2,1,0.7,1
256,71,Bachelor's,1.4,0,0,1,0,0,1,1,3,1,0,Data Analyst,2,1,1,0,0,0,0,1,Diploma,33.33,0.7,0.7,2,1,1,0.14,1
435,51,Diploma,0.4,0,1,0,0,1,1,1,3,4,0,Machine Learning,5,0,1,1,0,1,0,0,Master's,66.67,0.08,0.08,1,3,0,0.56,1
619,56,Master's,2.0,0,1,0,0,0,0,0,1,5,0,Machine Learning,2,0,1,1,1,1,1,1,Diploma,16.67,1.0,1.0,3,1,1,0.7,1
8,99,Master's,4.7,0,0,0,1,0,1,0,1,6,1,AI Engineer,2,1,1,0,1,0,0,0,Diploma,33.33,2.35,1.0,3,1,1,1.0,1
748,21,Bachelor's,0.8,1,0,0,1,0,0,0,2,4,0,Data Science,1,1,1,0,0,0,1,1,Bachelor's,25.0,0.8,0.8,2,2,1,0.56,1
178,1,Bachelor's,0.3,0,1,1,0,0,0,0,2,2,1,Data Science,4,1,0,0,1,0,1,0,Bachelor's,0.0,0.075,0.08,2,2,1,0.58,0
242,53,Master's,3.7,1,0,0,0,0,0,0,0,4,0,Data Science,4,1,0,0,1,0,0,0,Bachelor's,50.0,0.925,0.92,3,2,1,0.56,1
41,6,Bachelor's,1.9,0,0,1,1,0,0,1,7,3,0,Data Science,2,0,0,0,0,1,0,0,Diploma,0.0,0.95,0.95,2,1,1,0.42,0
357,98,Diploma,5.8,0,1,0,0,0,0,0,0,3,0,Machine Learning,2,1,1,0,1,0,0,0,Bachelor's,33.33,2.9,1.0,1,2,0,0.42,1
757,82,Bachelor's,8.0,1,0,0,0,1,1,0,0,1,1,Data Analyst,3,1,1,1,0,0,0,1,Bachelor's,25.0,2.6666666666666665,1.0,2,2,1,0.44,1
113,62,Master's,0.6,1,1,0,0,1,1,1,2,2,0,Machine Learning,1,1,1,1,0,0,0,1,Diploma,75.0,0.6,0.6,3,1,1,0.28,1
877,89,Master's,2.2,1,0,0,1,0,0,0,1,4,1,Machine Learning,2,0,0,0,0,1,1,0,Bachelor's,0.0,1.1,1.0,3,2,1,0.86,1
768,79,Master's,1.6,1,0,0,0,0,1,0,2,2,1,Data Science,3,1,1,0,0,0,1,0,Bachelor's,66.67,0.5333333333333333,0.53,3,2,1,0.58,1
166,47,Master's,4.3,0,0,0,1,0,1,0,2,4,0,Data Analyst,0,1,0,0,0,0,0,1,Master's,0.0,1.0,1.0,3,3,1,0.56,1
504,96,Master's,1.0,0,0,0,0,0,1,1,5,1,0,Business Intelligence,2,1,1,0,1,0,0,0,Master's,0.0,0.5,0.5,3,3,1,0.14,0
854,50,Master's,4.7,0,1,0,1,1,1,0,0,3,1,AI Engineer,1,1,0,0,0,1,1,0,Master's,66.67,4.7,1.0,3,3,1,0.72,1
78,82,Diploma,2.8,1,0,0,0,0,0,0,1,3,0,Data Analyst,3,1,1,1,0,0,0,1,Bachelor's,25.0,0.9333333333333332,0.93,1,2,0,0.42,0
719,31,Bachelor's,10.3,0,0,0,0,0,1,1,1,3,1,AI Engineer,1,1,0,1,1,0,0,0,Master's,0.0,10.3,1.0,2,3,0,0.72,0
823,64,Bachelor's,2.4,0,1,0,0,1,1,0,0,8,1,AI Engineer,3,1,0,1,0,0,1,0,Bachelor's,33.33,0.7999999999999999,0.8,2,2,1,1.0,1
878,29,Bachelor's,1.8,1,1,1,0,0,1,0,2,1,0,AI Engineer,0,1,1,1,1,0,1,0,Bachelor's,80.0,1.0,1.0,2,2,1,0.14,1
196,15,Bachelor's,5.1,1,1,0,1,0,1,0,0,4,1,AI Engineer,0,1,1,1,0,0,1,1,Master's,60.0,1.0,1.0,2,3,0,0.86,1
402,58,Master's,0.5,1,0,0,1,1,0,1,0,2,0,Data Analyst,4,1,1,1,1,0,0,0,Bachelor's,50.0,0.125,0.12,3,2,1,0.28,1
833,23,Bachelor's,2.2,1,1,0,1,0,1,0,2,5,0,AI Engineer,4,1,0,0,0,1,1,0,Bachelor's,66.67,0.55,0.55,2,2,1,0.7,1
64,38,Bachelor's,1.4,1,1,0,0,0,0,0,5,4,1,AI Engineer,2,1,1,1,0,0,0,1,Bachelor's,50.0,0.7,0.7,2,2,1,0.86,1
652,41,Bachelor's,0.9,1,0,1,0,1,1,0,0,9,0,Business Intelligence,2,1,0,0,0,0,1,1,Bachelor's,66.67,0.45,0.45,2,2,1,0.7,1
886,75,Bachelor's,1.5,0,1,1,0,1,0,0,3,3,1,AI Engineer,2,0,1,1,0,1,1,0,Master's,75.0,0.75,0.75,2,3,0,0.72,0
425,15,Diploma,10.8,1,1,0,0,0,1,0,2,3,1,AI Engineer,0,1,1,1,0,0,1,1,Master's,60.0,1.0,1.0,1,3,0,0.72,1
42,87,Bachelor's,3.9,0,1,0,0,0,1,0,5,3,0,AI Engineer,1,1,0,0,0,0,0,0,Bachelor's,0.0,3.9,1.0,2,2,1,0.42,0
373,3,Diploma,4.8,0,0,0,0,1,1,0,3,2,1,AI Engineer,3,0,1,1,0,0,0,0,Diploma,0.0,1.5999999999999999,1.0,1,1,1,0.58,0
956,83,Bachelor's,6.8,0,1,1,0,0,1,0,2,3,0,Business Intelligence,2,0,1,0,0,0,0,0,Bachelor's,100.0,3.4,1.0,2,2,1,0.42,1
306,1,Master's,5.1,1,0,0,0,0,0,0,5,1,0,Data Science,4,1,0,0,1,0,1,0,Bachelor's,33.33,1.275,1.0,3,2,1,0.14,1
209,88,Diploma,0.8,1,0,0,1,0,1,0,1,2,1,Data Analyst,0,1,1,1,0,0,1,1,Diploma,40.0,1.0,1.0,1,1,1,0.58,1
467,75,Bachelor's,9.4,1,0,0,1,0,0,0,1,5,1,AI Engineer,2,0,1,1,0,1,1,0,Master's,0.0,4.7,1.0,2,3,0,1.0,0
932,94,Master's,2.1,0,0,0,0,0,0,0,1,3,0,Business Intelligence,1,0,1,0,1,0,0,1,Diploma,0.0,2.1,1.0,3,1,1,0.42,0
304,11,Bachelor's,1.9,1,0,0,1,1,0,0,1,5,1,Data Analyst,3,1,1,0,0,1,0,1,Master's,50.0,0.6333333333333333,0.63,2,3,0,1.0,0
967,60,Master's,0.5,0,0,1,1,1,1,0,1,4,0,Data Analyst,0,0,1,0,0,0,0,0,Bachelor's,0.0,1.0,1.0,3,2,1,0.56,1
585,65,Bachelor's,11.0,0,0,1,0,0,1,0,3,1,0,Machine Learning,0,1,1,1,0,0,1,0,Master's,50.0,1.0,1.0,2,3,0,0.14,0
392,76,Bachelor's,0.2,1,1,0,0,0,1,0,2,3,1,Data Science,0,1,0,0,0,0,1,0,Master's,100.0,1.0,1.0,2,3,0,0.72,1
153,4,Bachelor's,3.0,0,1,1,1,0,0,0,2,1,1,Data Analyst,2,0,1,0,0,0,1,1,Bachelor's,33.33,1.5,1.0,2,2,1,0.44,1
647,25,Bachelor's,0.3,0,0,1,0,1,1,0,1,5,1,Data Science,3,1,1,0,0,0,1,0,Bachelor's,33.33,0.09999999999999999,0.1,2,2,1,1.0,0
362,72,Bachelor's,0.6,1,0,0,0,0,1,0,3,1,1,Data Science,5,1,0,0,0,0,0,1,Master's,50.0,0.12,0.12,2,3,0,0.44,0
264,79,Bachelor's,1.5,1,0,0,0,1,1,0,1,3,0,Data Science,3,1,1,0,0,0,1,0,Bachelor's,66.67,0.5,0.5,2,2,1,0.42,1
216,43,Bachelor's,0.6,1,0,1,0,1,0,0,1,4,0,AI Engineer,3,1,0,0,0,0,0,0,Bachelor's,100.0,0.19999999999999998,0.2,2,2,1,0.56,1
721,94,Master's,0.4,0,0,0,0,1,1,0,2,4,1,Business Intelligence,1,0,1,0,1,0,0,1,Diploma,0.0,0.4,0.4,3,1,1,0.86,0
716,40,Master's,12.0,1,0,0,0,0,0,1,2,2,0,Data Analyst,2,1,0,0,0,1,0,1,Bachelor's,66.67,6.0,1.0,3,2,1,0.28,1
622,96,Bachelor's,0.2,0,0,1,1,0,1,0,1,4,0,Business Intelligence,2,1,1,0,1,0,0,0,Master's,33.33,0.1,0.1,2,3,0,0.56,0
543,99,Bachelor's,2.1,0,0,0,1,1,1,1,3,2,0,AI Engineer,2,1,1,0,1,0,0,0,Diploma,33.33,1.05,1.0,2,1,1,0.28,1
524,85,Master's,0.3,1,0,0,0,0,0,0,3,7,0,Data Science,1,1,0,0,0,0,0,0,Master's,100.0,0.3,0.3,3,3,1,0.7,1
639,95,Bachelor's,12.0,0,0,1,0,0,1,0,1,2,1,AI Engineer,3,1,1,1,0,1,1,0,Bachelor's,40.0,4.0,1.0,2,2,1,0.58,1
825,100,Bachelor's,2.6,1,0,0,0,0,1,1,4,4,1,Data Science,5,0,0,0,0,1,0,0,Bachelor's,0.0,0.52,0.52,2,2,1,0.86,0
194,91,Bachelor's,2.4,0,0,1,1,1,1,0,2,4,0,AI Engineer,5,0,1,0,1,1,1,1,Diploma,60.0,0.48,0.48,2,1,1,0.56,1
652,44,Bachelor's,0.9,1,0,1,0,1,1,0,0,9,0,Business Intelligence,1,1,1,0,0,1,0,0,Bachelor's,66.67,0.9,0.9,2,2,1,0.7,1
27,72,Bachelor's,5.0,0,1,0,0,1,1,1,4,1,1,Data Science,5,1,0,0,0,0,0,1,Master's,50.0,1.0,1.0,2,3,0,0.44,0
46,59,Bachelor's,2.4,0,1,0,0,1,1,0,2,6,0,Data Science,2,0,1,0,0,0,0,0,Master's,100.0,1.2,1.0,2,3,0,0.7,1
647,23,Bachelor's,0.3,0,0,1,0,1,1,0,1,5,1,AI Engineer,4,1,0,0,0,1,1,0,Bachelor's,66.67,0.075,0.08,2,2,1,1.0,1
829,62,Master's,4.0,1,1,0,0,0,1,0,4,2,0,Machine Learning,1,1,1,1,0,0,0,1,Diploma,50.0,4.0,1.0,3,1,1,0.28,1
954,23,Master's,3.3,1,0,1,0,0,1,0,3,6,0,AI Engineer,4,1,0,0,0,1,1,0,Bachelor's,66.67,0.825,0.82,3,2,1,0.7,1
58,58,Bachelor's,1.3,1,0,0,0,0,1,0,2,6,0,Data Analyst,4,1,1,1,1,0,0,0,Bachelor's,25.0,0.325,0.32,2,2,1,0.7,0
13,55,Master's,7.2,0,0,1,0,1,1,0,3,1,0,Machine Learning,2,0,0,0,0,1,1,1,Bachelor's,66.67,3.6,1.0,3,2,1,0.14,1
949,33,Master's,1.0,1,0,1,0,1,0,0,5,3,1,AI Engineer,3,0,1,0,0,0,0,0,Bachelor's,0.0,0.3333333333333333,0.33,3,2,1,0.72,0
612,77,Master's,2.6,1,0,0,0,1,1,1,2,1,1,Data Analyst,0,0,1,0,0,0,0,1,Bachelor's,50.0,1.0,1.0,3,2,1,0.44,1
961,63,Diploma,0.3,1,1,0,0,0,0,0,2,1,1,Business Intelligence,5,1,1,0,0,0,0,0,Diploma,100.0,0.06,0.06,1,1,1,0.44,1
49,60,Bachelor's,5.1,1,0,1,0,1,1,1,2,3,1,Data Analyst,0,0,1,0,0,0,0,0,Bachelor's,0.0,1.0,1.0,2,2,1,0.72,0
803,99,Bachelor's,1.1,0,1,1,0,0,0,0,1,4,1,AI Engineer,2,1,1,0,1,0,0,0,Diploma,33.33,0.55,0.55,2,1,1,0.86,0
94,61,Bachelor's,1.8,1,1,1,0,0,1,1,1,0,1,Business Intelligence,2,0,0,1,0,0,1,0,Bachelor's,100.0,0.9,0.9,2,2,1,0.3,1
607,80,Bachelor's,0.2,1,1,1,1,0,1,0,1,0,0,Business Intelligence,2,1,1,0,0,1,1,0,Master's,75.0,0.1,0.1,2,3,0,0.0,0
657,76,Bachelor's,2.0,0,0,1,0,0,0,0,2,4,1,Data Science,0,1,0,0,0,0,1,0,Master's,0.0,1.0,1.0,2,3,0,0.86,0
584,61,Bachelor's,1.7,1,1,1,0,0,1,0,1,5,1,Business Intelligence,2,0,0,1,0,0,1,0,Bachelor's,100.0,0.85,0.85,2,2,1,1.0,1
451,95,Master's,1.7,1,0,0,0,1,1,0,2,2,0,AI Engineer,3,1,1,1,0,1,1,0,Bachelor's,60.0,0.5666666666666667,0.57,3,2,1,0.28,1
379,69,Master's,1.1,1,0,0,1,1,1,0,3,4,0,Data Science,5,1,0,1,0,0,1,0,Bachelor's,66.67,0.22000000000000003,0.22,3,2,1,0.56,1
10,89,Master's,1.7,1,0,0,0,0,1,0,2,4,1,Machine Learning,2,0,0,0,0,1,1,0,Bachelor's,50.0,0.85,0.85,3,2,1,0.86,1
674,21,Bachelor's,4.1,1,0,0,0,0,1,0,1,2,1,Data Science,1,1,1,0,0,0,1,1,Bachelor's,50.0,4.1,1.0,2,2,1,0.58,1
726,3,Master's,0.2,1,1,0,0,0,1,0,3,4,1,AI Engineer,3,0,1,1,0,0,0,0,Diploma,50.0,0.06666666666666667,0.07,3,1,1,0.86,1
516,48,Diploma,0.0,0,1,0,1,0,0,0,1,8,0,AI Engineer,1,1,1,1,0,1,0,0,Bachelor's,25.0,0.0,0.0,1,2,0,0.7,0
224,10,Bachelor's,7.2,1,0,1,0,0,1,1,2,3,0,AI Engineer,5,0,1,0,1,1,0,0,Master's,0.0,1.44,1.0,2,3,0,0.42,0
381,87,Bachelor's,0.4,0,0,0,0,0,1,0,2,6,1,AI Engineer,1,1,0,0,0,0,0,0,Bachelor's,0.0,0.4,0.4,2,2,1,1.0,0
541,81,Master's,3.1,0,0,0,0,0,1,0,3,1,1,Data Science,2,1,1,0,0,0,0,1,Bachelor's,0.0,1.55,1.0,3,2,1,0.44,0
302,42,Bachelor's,6.9,0,1,1,0,0,1,0,3,1,0,Business Intelligence,3,0,1,0,0,0,0,0,Diploma,100.0,2.3000000000000003,1.0,2,1,1,0.14,1
203,99,Bachelor's,0.1,1,0,0,0,1,1,1,1,1,1,AI Engineer,2,1,1,0,1,0,0,0,Diploma,33.33,0.05,0.05,2,1,1,0.44,0
942,89,Bachelor's,1.0,0,1,0,0,1,0,0,4,4,0,Machine Learning,2,0,0,0,0,1,1,0,Bachelor's,50.0,0.5,0.5,2,2,1,0.56,0
589,66,Bachelor's,1.4,1,0,1,1,0,1,0,0,2,0,Business Intelligence,1,0,1,1,1,0,1,0,Bachelor's,75.0,1.4,1.0,2,2,1,0.28,1
571,91,Bachelor's,2.2,1,0,0,1,0,1,0,4,6,0,AI Engineer,5,0,1,0,1,1,1,1,Diploma,40.0,0.44000000000000006,0.44,2,1,1,0.7,0
957,46,Bachelor's,2.6,0,1,0,0,0,0,0,0,2,1,Data Analyst,1,1,1,1,0,0,1,0,Bachelor's,25.0,2.6,1.0,2,2,1,0.58,1
196,9,Bachelor's,5.1,1,1,0,1,0,1,0,0,4,1,Data Analyst,0,1,1,0,0,0,0,0,Master's,100.0,1.0,1.0,2,3,0,0.86,1
322,49,Master's,0.4,0,0,1,0,0,1,0,1,2,1,Data Science,4,1,1,0,0,0,0,0,Diploma,0.0,0.1,0.1,3,1,1,0.58,0
418,4,Bachelor's,0.3,1,1,0,0,1,1,0,2,4,0,Data Analyst,2,0,1,0,0,0,1,1,Bachelor's,66.67,0.15,0.15,2,2,1,0.56,1
619,60,Master's,2.0,0,1,0,0,0,0,0,1,5,0,Data Analyst,0,0,1,0,0,0,0,0,Bachelor's,100.0,1.0,1.0,3,2,1,0.7,1
342,90,Bachelor's,1.6,1,1,0,1,0,1,0,6,2,1,Data Science,0,1,1,0,1,0,1,1,Bachelor's,80.0,1.0,1.0,2,2,1,0.58,1
389,96,Master's,8.8,0,0,0,0,0,1,0,1,1,0,Business Intelligence,2,1,1,0,1,0,0,0,Master's,0.0,4.4,1.0,3,3,1,0.14,0
9,29,Bachelor's,0.7,1,1,1,0,0,1,0,3,2,1,AI Engineer,0,1,1,1,1,0,1,0,Bachelor's,80.0,1.0,1.0,2,2,1,0.58,1
532,86,Master's,2.4,0,1,0,0,1,1,0,1,1,1,Data Science,3,0,0,1,1,0,1,0,Bachelor's,33.33,0.7999999999999999,0.8,3,2,1,0.44,1
149,47,Diploma,4.8,1,1,1,0,0,1,0,1,1,1,Data Analyst,0,1,0,0,0,0,0,1,Master's,50.0,1.0,1.0,1,3,0,0.44,1
383,77,Bachelor's,8.7,0,0,0,0,0,0,0,2,2,0,Data Analyst,0,0,1,0,0,0,0,1,Bachelor's,0.0,1.0,1.0,2,2,1,0.28,0
529,87,Diploma,4.1,1,1,0,0,0,0,0,6,1,1,AI Engineer,1,1,0,0,0,0,0,0,Bachelor's,100.0,4.1,1.0,1,2,0,0.44,0
12,63,Master's,11.0,1,0,0,0,1,0,0,3,3,0,Business Intelligence,5,1,1,0,0,0,0,0,Diploma,50.0,2.2,1.0,3,1,1,0.42,1
476,31,Master's,2.8,0,1,0,0,1,1,0,2,6,0,AI Engineer,1,1,0,1,1,0,0,0,Master's,0.0,2.8,1.0,3,3,1,0.7,1
594,51,Bachelor's,0.3,1,1,0,1,1,0,1,5,1,1,Machine Learning,5,0,1,1,0,1,0,0,Master's,66.67,0.06,0.06,2,3,0,0.44,0
579,41,Bachelor's,2.3,1,1,1,1,0,0,0,3,2,1,Business Intelligence,2,1,0,0,0,0,1,1,Bachelor's,33.33,1.15,1.0,2,2,1,0.58,1
645,36,Bachelor's,0.2,1,1,1,0,0,1,0,2,3,0,Business Intelligence,0,0,1,1,0,1,1,0,Master's,75.0,1.0,1.0,2,3,0,0.42,1
956,40,Bachelor's,6.8,0,1,1,0,0,1,0,2,3,0,Data Analyst,2,1,0,0,0,1,0,1,Bachelor's,0.0,3.4,1.0,2,2,1,0.42,0
53,95,Master's,7.0,1,0,1,0,0,0,1,5,2,0,AI Engineer,3,1,1,1,0,1,1,0,Bachelor's,40.0,2.3333333333333335,1.0,3,2,1,0.28,0
436,60,Master's,0.1,1,0,0,0,0,0,0,1,2,1,Data Analyst,0,0,1,0,0,0,0,0,Bachelor's,0.0,1.0,1.0,3,2,1,0.58,0
206,15,Diploma,3.7,0,1,0,0,1,1,0,1,2,0,AI Engineer,0,1,1,1,0,0,1,1,Master's,40.0,1.0,1.0,1,3,0,0.28,1
944,78,Master's,3.1,0,0,0,1,0,1,1,1,5,0,Business Intelligence,5,1,0,0,0,1,1,0,Master's,33.33,0.62,0.62,3,3,1,0.7,1
986,99,Bachelor's,0.2,0,1,0,0,0,0,0,1,1,1,AI Engineer,2,1,1,0,1,0,0,0,Diploma,33.33,0.1,0.1,2,1,1,0.44,0
915,88,Bachelor's,1.5,1,1,0,0,0,1,0,0,6,1,Data Analyst,0,1,1,1,0,0,1,1,Diploma,60.0,1.0,1.0,2,1,1,1.0,1
745,30,Bachelor's,1.3,0,0,0,0,0,1,0,1,8,1,Data Analyst,1,1,1,0,1,1,0,0,Bachelor's,0.0,1.3,1.0,2,2,1,1.0,1
913,30,Bachelor's,12.0,0,0,0,0,0,1,1,0,5,0,Data Analyst,1,1,1,0,1,1,0,0,Bachelor's,0.0,12.0,1.0,2,2,1,0.7,1
54,27,Master's,4.0,0,0,0,0,0,1,0,1,3,1,Data Science,3,0,1,0,0,1,0,0,Master's,0.0,1.3333333333333333,1.0,3,3,1,0.72,1
999,40,Master's,0.1,1,1,1,0,0,0,0,4,5,1,Data Analyst,2,1,0,0,0,1,0,1,Bachelor's,33.33,0.05,0.05,3,2,1,1.0,0
580,78,Bachelor's,2.0,0,0,0,0,0,0,0,1,4,0,Business Intelligence,5,1,0,0,0,1,1,0,Master's,0.0,0.4,0.4,2,3,0,0.56,0
490,45,Master's,1.5,1,0,0,1,1,0,0,1,2,0,Business Intelligence,1,0,0,0,0,0,1,0,Bachelor's,0.0,1.5,1.0,3,2,1,0.28,0
803,75,Bachelor's,1.1,0,1,1,0,0,0,0,1,4,1,AI Engineer,2,0,1,1,0,1,1,0,Master's,50.0,0.55,0.55,2,3,0,0.86,1
344,47,Bachelor's,3.2,1,0,1,0,1,1,0,1,3,1,Data Analyst,0,1,0,0,0,0,0,1,Master's,50.0,1.0,1.0,2,3,0,0.72,0
169,90,Diploma,0.0,0,1,0,0,0,1,0,0,4,0,Data Science,0,1,1,0,1,0,1,1,Bachelor's,40.0,1.0,1.0,1,2,0,0.56,0
909,56,Bachelor's,1.0,1,1,1,0,1,1,0,4,1,1,Machine Learning,2,0,1,1,1,1,1,1,Diploma,66.67,0.5,0.5,2,1,1,0.44,0
161,54,Bachelor's,4.4,0,0,0,0,0,0,1,2,5,1,Data Analyst,3,1,0,0,0,1,1,0,Bachelor's,0.0,1.4666666666666668,1.0,2,2,1,1.0,0
527,85,Bachelor's,0.8,1,1,1,0,0,1,0,2,2,0,Data Science,1,1,0,0,0,0,0,0,Master's,100.0,0.8,0.8,2,3,0,0.28,0
703,9,Bachelor's,0.9,1,0,1,0,0,0,0,3,3,1,Data Analyst,0,1,1,0,0,0,0,0,Master's,50.0,1.0,1.0,2,3,0,0.72,0
527,65,Bachelor's,0.8,1,1,1,0,0,1,0,2,2,0,Machine Learning,0,1,1,1,0,0,1,0,Master's,100.0,1.0,1.0,2,3,0,0.28,1
287,70,Bachelor's,0.2,0,0,1,1,1,1,0,2,1,0,AI Engineer,1,1,0,1,0,0,1,0,Bachelor's,66.67,0.2,0.2,2,2,1,0.14,0
875,1,Diploma,3.3,0,0,0,0,1,1,1,5,7,0,Data Science,4,1,0,0,1,0,1,0,Bachelor's,33.33,0.825,0.82,1,2,0,0.7,0
412,86,Master's,0.3,1,0,0,0,0,1,1,2,4,1,Data Science,3,0,0,1,1,0,1,0,Bachelor's,33.33,0.09999999999999999,0.1,3,2,1,0.86,0
522,13,Bachelor's,6.8,1,0,0,0,0,1,0,2,3,0,Data Analyst,3,0,1,1,1,0,1,1,Bachelor's,20.0,2.2666666666666666,1.0,2,2,1,0.42,1
569,38,Master's,2.4,0,1,0,1,0,0,0,1,2,1,AI Engineer,2,1,1,1,0,0,0,1,Bachelor's,25.0,1.2,1.0,3,2,1,0.58,1
199,45,Master's,3.5,1,0,0,0,0,0,0,4,3,1,Business Intelligence,1,0,0,0,0,0,1,0,Bachelor's,0.0,3.5,1.0,3,2,1,0.72,0
161,40,Bachelor's,4.4,0,0,0,0,0,0,1,2,5,1,Data Analyst,2,1,0,0,0,1,0,1,Bachelor's,33.33,2.2,1.0,2,2,1,1.0,1
775,95,Master's,3.9,1,1,0,0,0,1,1,0,3,1,AI Engineer,3,1,1,1,0,1,1,0,Bachelor's,60.0,1.3,1.0,3,2,1,0.72,1
389,15,Master's,8.8,0,0,0,0,0,1,0,1,1,0,AI Engineer,0,1,1,1,0,0,1,1,Master's,20.0,1.0,1.0,3,3,1,0.14,1
474,50,Master's,1.3,0,1,0,0,1,1,0,0,4,1,AI Engineer,1,1,0,0,0,1,1,0,Master's,66.67,1.3,1.0,3,3,1,0.86,1
381,2,Bachelor's,0.4,0,0,0,0,0,1,0,2,6,1,Machine Learning,4,1,1,1,0,0,1,0,Diploma,25.0,0.1,0.1,2,1,1,1.0,0
765,53,Diploma,0.4,1,0,0,1,1,0,0,1,1,1,Data Science,4,1,0,0,1,0,0,0,Bachelor's,100.0,0.1,0.1,1,2,0,0.44,0
631,95,Master's,3.5,0,1,0,1,0,1,0,3,1,1,AI Engineer,3,1,1,1,0,1,1,0,Bachelor's,40.0,1.1666666666666667,1.0,3,2,1,0.44,0
592,26,Bachelor's,11.8,0,0,0,0,0,0,0,1,1,0,Machine Learning,2,1,0,0,0,1,1,1,Bachelor's,0.0,5.9,1.0,2,2,1,0.14,1
124,66,Bachelor's,4.1,1,0,1,0,1,0,0,2,3,1,Business Intelligence,1,0,1,1,1,0,1,0,Bachelor's,25.0,4.1,1.0,2,2,1,0.72,1
825,75,Bachelor's,2.6,1,0,0,0,0,1,1,4,4,1,AI Engineer,2,0,1,1,0,1,1,0,Master's,25.0,1.3,1.0,2,3,0,0.86,0
72,33,Bachelor's,0.7,1,1,1,0,0,1,0,2,0,0,AI Engineer,3,0,1,0,0,0,0,0,Bachelor's,100.0,0.2333333333333333,0.23,2,2,1,0.0,1
982,82,Master's,4.1,1,1,0,0,0,1,0,1,4,1,Data Analyst,3,1,1,1,0,0,0,1,Bachelor's,50.0,1.3666666666666665,1.0,3,2,1,0.86,1
994,85,Bachelor's,0.4,1,0,0,0,0,1,0,2,4,1,Data Science,1,1,0,0,0,0,0,0,Master's,100.0,0.4,0.4,2,3,0,0.86,1
168,59,Bachelor's,1.8,1,0,0,0,1,1,0,3,3,0,Data Science,2,0,1,0,0,0,0,0,Master's,0.0,0.9,0.9,2,3,0,0.42,0
284,95,Diploma,0.0,1,1,0,1,1,0,0,2,3,1,AI Engineer,3,1,1,1,0,1,1,0,Bachelor's,60.0,0.0,0.0,1,2,0,0.72,0
494,26,Bachelor's,0.2,1,1,1,0,0,1,1,1,1,0,Machine Learning,2,1,0,0,0,1,1,1,Bachelor's,75.0,0.1,0.1,2,2,1,0.14,1
36,94,Master's,3.0,1,0,1,0,0,0,0,1,1,0,Business Intelligence,1,0,1,0,1,0,0,1,Diploma,0.0,3.0,1.0,3,1,1,0.14,0
824,21,Bachelor's,3.7,1,0,0,0,1,0,0,1,4,0,Data Science,1,1,1,0,0,0,1,1,Bachelor's,25.0,3.7,1.0,2,2,1,0.56,1
175,49,Bachelor's,2.5,1,0,1,0,0,1,0,1,1,0,Data Science,4,1,1,0,0,0,0,0,Diploma,50.0,0.625,0.62,2,1,1,0.14,1
199,80,Master's,3.5,1,0,0,0,0,0,0,4,3,1,Business Intelligence,2,1,1,0,0,1,1,0,Master's,25.0,1.75,1.0,3,3,1,0.72,0
116,71,Master's,2.2,1,1,0,0,1,0,0,4,3,0,Data Analyst,2,1,1,0,0,0,0,1,Diploma,66.67,1.1,1.0,3,1,1,0.42,1
936,86,Bachelor's,4.1,1,1,0,0,0,1,0,2,3,1,Data Science,3,0,0,1,1,0,1,0,Bachelor's,33.33,1.3666666666666665,1.0,2,2,1,0.72,1
315,71,Master's,1.5,0,0,1,0,0,1,0,1,2,1,Data Analyst,2,1,1,0,0,0,0,1,Diploma,0.0,0.75,0.75,3,1,1,0.58,0
939,66,Bachelor's,1.7,0,0,1,0,0,1,0,1,1,0,Business Intelligence,1,0,1,1,1,0,1,0,Bachelor's,50.0,1.7,1.0,2,2,1,0.14,1
220,37,Master's,0.8,1,1,0,0,0,0,0,2,3,0,Data Analyst,0,1,0,0,0,0,0,0,Bachelor's,100.0,1.0,1.0,3,2,1,0.42,1
891,14,Master's,0.3,1,1,0,0,0,1,0,4,4,0,Data Science,3,1,1,0,0,1,1,0,Bachelor's,75.0,0.09999999999999999,0.1,3,2,1,0.56,0
578,72,Master's,2.6,0,0,0,1,0,0,0,3,1,1,Data Science,5,1,0,0,0,0,0,1,Master's,0.0,0.52,0.52,3,3,1,0.44,0
777,93,Bachelor's,2.9,1,1,0,0,1,1,1,4,4,0,Data Science,1,0,1,1,0,1,1,0,Bachelor's,75.0,2.9,1.0,2,2,1,0.56,1
134,7,Bachelor's,0.6,1,1,0,0,0,1,0,2,4,0,AI Engineer,2,1,0,0,0,1,0,0,Bachelor's,50.0,0.3,0.3,2,2,1,0.56,0
631,38,Master's,3.5,0,1,0,1,0,1,0,3,1,1,AI Engineer,2,1,1,1,0,0,0,1,Bachelor's,25.0,1.75,1.0,3,2,1,0.44,1
122,45,Master's,7.8,1,0,0,1,0,1,0,3,4,0,Business Intelligence,1,0,0,0,0,0,1,0,Bachelor's,100.0,7.8,1.0,3,2,1,0.56,1
833,22,Bachelor's,2.2,1,1,0,1,0,1,0,2,5,0,Data Analyst,2,1,1,0,0,0,1,0,Master's,100.0,1.1,1.0,2,3,0,0.7,1
899,44,Diploma,1.1,1,1,0,1,0,1,0,0,3,0,Business Intelligence,1,1,1,0,0,1,0,0,Bachelor's,66.67,1.1,1.0,1,2,0,0.42,0
970,81,Bachelor's,0.1,1,0,0,1,0,0,0,2,0,1,Data Science,2,1,1,0,0,0,0,1,Bachelor's,33.33,0.05,0.05,2,2,1,0.3,0
421,80,Master's,1.0,1,1,0,0,1,1,0,2,1,0,Business Intelligence,2,1,1,0,0,1,1,0,Master's,100.0,0.5,0.5,3,3,1,0.14,1
895,97,Bachelor's,2.0,1,1,0,0,0,1,0,2,2,0,Data Analyst,4,0,0,1,0,1,1,0,Bachelor's,33.33,0.5,0.5,2,2,1,0.28,0
492,35,Bachelor's,1.2,1,1,1,1,0,1,0,0,5,1,Data Science,0,0,0,0,0,0,1,0,Master's,100.0,1.0,1.0,2,3,0,1.0,1
599,60,Bachelor's,0.2,1,0,0,0,1,0,0,0,5,0,Data Analyst,0,0,1,0,0,0,0,0,Bachelor's,0.0,1.0,1.0,2,2,1,0.7,1
289,96,Bachelor's,0.1,1,1,0,0,1,0,0,1,2,0,Business Intelligence,2,1,1,0,1,0,0,0,Master's,66.67,0.05,0.05,2,3,0,0.28,0
53,67,Master's,7.0,1,0,1,0,0,0,1,5,2,0,Data Science,0,1,1,1,0,1,1,0,Bachelor's,40.0,1.0,1.0,3,2,1,0.28,0
205,72,Bachelor's,1.7,0,1,0,1,0,0,0,3,4,1,Data Science,5,1,0,0,0,0,0,1,Master's,0.0,0.33999999999999997,0.34,2,3,0,0.86,0
348,95,Diploma,1.2,1,0,0,0,1,1,0,5,2,0,AI Engineer,3,1,1,1,0,1,1,0,Bachelor's,60.0,0.39999999999999997,0.4,1,2,0,0.28,0
51,55,Master's,5.2,1,0,1,0,0,0,0,0,4,0,Machine Learning,2,0,0,0,0,1,1,1,Bachelor's,0.0,2.6,1.0,3,2,1,0.56,1
839,9,Bachelor's,6.6,0,1,0,0,0,1,1,4,3,0,Data Analyst,0,1,1,0,0,0,0,0,Master's,50.0,1.0,1.0,2,3,0,0.42,0
922,69,Bachelor's,0.0,0,0,1,1,0,0,0,2,1,1,Data Science,5,1,0,1,0,0,1,0,Bachelor's,33.33,0.0,0.0,2,2,1,0.44,0
912,28,Bachelor's,5.2,1,0,0,1,1,1,0,2,2,0,Data Science,1,0,1,0,1,1,0,0,Bachelor's,66.67,5.2,1.0,2,2,1,0.28,1
40,15,Bachelor's,0.9,1,1,0,1,1,0,1,2,5,1,AI Engineer,0,1,1,1,0,0,1,1,Master's,60.0,1.0,1.0,2,3,0,1.0,1
250,91,Master's,2.4,1,1,1,0,0,0,0,2,3,1,AI Engineer,5,0,1,0,1,1,1,1,Diploma,20.0,0.48,0.48,3,1,1,0.72,0
218,31,Master's,2.9,1,0,0,0,0,0,0,3,5,0,AI Engineer,1,1,0,1,1,0,0,0,Master's,33.33,2.9,1.0,3,3,1,0.7,1
179,59,Master's,3.6,0,1,0,0,0,1,0,5,6,0,Data Science,2,0,1,0,0,0,0,0,Master's,100.0,1.8,1.0,3,3,1,0.7,1
551,82,Bachelor's,7.6,1,1,1,0,0,0,1,2,8,0,Data Analyst,3,1,1,1,0,0,0,1,Bachelor's,100.0,2.533333333333333,1.0,2,2,1,0.7,1
183,54,Master's,2.5,1,0,1,0,0,0,0,0,1,1,Data Analyst,3,1,0,0,0,1,1,0,Bachelor's,33.33,0.8333333333333334,0.83,3,2,1,0.44,1
736,68,Master's,5.4,0,0,0,0,0,0,1,2,3,1,Data Science,4,1,0,0,0,0,1,0,Bachelor's,0.0,1.35,1.0,3,2,1,0.72,1
164,85,Bachelor's,3.4,0,1,0,0,0,0,0,2,4,0,Data Science,1,1,0,0,0,0,0,0,Master's,0.0,3.4,1.0,2,3,0,0.56,0
746,47,Master's,1.6,0,0,0,0,1,1,0,3,3,1,Data Analyst,0,1,0,0,0,0,0,1,Master's,0.0,1.0,1.0,3,3,1,0.72,1
377,42,Master's,1.5,1,1,0,0,1,1,0,0,3,1,Business Intelligence,3,0,1,0,0,0,0,0,Diploma,100.0,0.5,0.5,3,1,1,0.72,1
705,23,Diploma,1.4,0,1,0,1,0,1,0,3,2,1,AI Engineer,4,1,0,0,0,1,1,0,Bachelor's,33.33,0.35,0.35,1,2,0,0.58,0
497,86,Bachelor's,2.4,0,1,0,0,0,1,1,0,1,1,Data Science,3,0,0,1,1,0,1,0,Bachelor's,33.33,0.7999999999999999,0.8,2,2,1,0.44,1
597,65,Bachelor's,0.8,1,0,1,0,0,1,0,2,3,0,Machine Learning,0,1,1,1,0,0,1,0,Master's,75.0,1.0,1.0,2,3,0,0.42,1
461,89,Bachelor's,1.3,0,0,0,1,0,1,1,0,2,1,Machine Learning,2,0,0,0,0,1,1,0,Bachelor's,50.0,0.65,0.65,2,2,1,0.58,1
755,54,Bachelor's,9.3,0,0,1,1,0,1,1,0,5,0,Data Analyst,3,1,0,0,0,1,1,0,Bachelor's,33.33,3.1,1.0,2,2,1,0.7,1
474,92,Master's,1.3,0,1,0,0,1,1,0,0,4,1,Machine Learning,3,0,1,0,0,0,1,0,Bachelor's,100.0,0.43333333333333335,0.43,3,2,1,0.86,1
685,11,Master's,0.4,1,1,1,0,0,1,0,4,5,1,Data Analyst,3,1,1,0,0,1,0,1,Master's,50.0,0.13333333333333333,0.13,3,3,1,1.0,1
905,63,Bachelor's,3.4,1,1,1,0,0,1,0,0,5,1,Business Intelligence,5,1,1,0,0,0,0,0,Diploma,100.0,0.6799999999999999,0.68,2,1,1,1.0,1
37,22,Bachelor's,1.0,1,0,1,0,1,1,0,1,3,1,Data Analyst,2,1,1,0,0,0,1,0,Master's,66.67,0.5,0.5,2,3,0,0.72,1
599,54,Bachelor's,0.2,1,0,0,0,1,0,0,0,5,0,Data Analyst,3,1,0,0,0,1,1,0,Bachelor's,66.67,0.06666666666666667,0.07,2,2,1,0.7,1
641,89,Diploma,1.9,1,0,1,0,1,1,1,3,3,0,Machine Learning,2,0,0,0,0,1,1,0,Bachelor's,100.0,0.95,0.95,1,2,0,0.42,1
706,85,Master's,0.3,0,1,0,0,1,1,0,1,2,1,Data Science,1,1,0,0,0,0,0,0,Master's,0.0,0.3,0.3,3,3,1,0.58,0
319,36,Bachelor's,0.2,1,1,0,0,0,1,1,1,5,0,Business Intelligence,0,0,1,1,0,1,1,0,Master's,50.0,1.0,1.0,2,3,0,0.7,1
555,58,Master's,0.6,1,0,0,1,1,0,0,1,1,1,Data Analyst,4,1,1,1,1,0,0,0,Bachelor's,50.0,0.15,0.15,3,2,1,0.44,0
412,20,Master's,0.3,1,0,0,0,0,1,1,2,4,1,Data Analyst,2,1,1,0,0,1,0,0,Bachelor's,33.33,0.15,0.15,3,2,1,0.86,0
356,16,Bachelor's,5.2,1,0,0,0,1,0,0,1,9,0,AI Engineer,2,1,1,0,1,1,1,0,Master's,40.0,2.6,1.0,2,3,0,0.7,1
671,92,Bachelor's,1.2,0,0,0,1,0,0,1,0,5,1,Machine Learning,3,0,1,0,0,0,1,0,Bachelor's,0.0,0.39999999999999997,0.4,2,2,1,1.0,1
617,56,Diploma,12.0,1,1,1,1,0,1,1,1,5,1,Machine Learning,2,0,1,1,1,1,1,1,Diploma,83.33,6.0,1.0,1,1,1,1.0,1
965,93,Bachelor's,2.1,0,0,0,0,0,1,0,3,0,1,Data Science,1,0,1,1,0,1,1,0,Bachelor's,25.0,2.1,1.0,2,2,1,0.3,0
229,50,Master's,10.3,1,0,0,0,1,0,0,4,2,1,AI Engineer,1,1,0,0,0,1,1,0,Master's,66.67,10.3,1.0,3,3,1,0.58,1
729,90,Bachelor's,4.2,1,0,1,0,1,0,0,3,7,0,Data Science,0,1,1,0,1,0,1,1,Bachelor's,20.0,1.0,1.0,2,2,1,0.7,1
264,66,Bachelor's,1.5,1,0,0,0,1,1,0,1,3,0,Business Intelligence,1,0,1,1,1,0,1,0,Bachelor's,25.0,1.5,1.0,2,2,1,0.42,1
930,74,Bachelor's,0.2,1,0,1,1,0,1,1,0,3,1,Data Science,1,1,1,1,0,0,1,0,Bachelor's,75.0,0.2,0.2,2,2,1,0.72,1
487,13,Diploma,1.3,1,0,0,0,1,1,0,2,2,0,Data Analyst,3,0,1,1,1,0,1,1,Bachelor's,20.0,0.43333333333333335,0.43,1,2,0,0.28,0
561,15,Master's,1.1,0,0,1,0,0,0,0,1,5,0,AI Engineer,0,1,1,1,0,0,1,1,Master's,20.0,1.0,1.0,3,3,1,0.7,1
352,73,Master's,2.2,0,0,0,1,0,1,0,1,3,1,AI Engineer,1,0,0,0,0,0,1,0,Master's,100.0,2.2,1.0,3,3,1,0.72,1
442,27,Master's,0.2,1,1,1,0,0,1,0,1,1,1,Data Science,3,0,1,0,0,1,0,0,Master's,50.0,0.06666666666666667,0.07,3,3,1,0.44,0
635,8,Bachelor's,6.5,0,0,0,0,0,0,0,2,3,0,AI Engineer,2,1,0,0,0,0,1,0,Master's,0.0,3.25,1.0,2,3,0,0.42,0
459,70,Diploma,0.6,1,1,0,1,0,1,1,3,2,1,AI Engineer,1,1,0,1,0,0,1,0,Bachelor's,66.67,0.6,0.6,1,2,0,0.58,0
815,100,Master's,0.2,0,0,1,0,0,1,0,2,2,1,Data Science,5,0,0,0,0,1,0,0,Bachelor's,0.0,0.04,0.04,3,2,1,0.58,0
25,50,Bachelor's,7.2,1,0,1,1,0,0,0,1,3,0,AI Engineer,1,1,0,0,0,1,1,0,Master's,33.33,7.2,1.0,2,3,0,0.42,0
131,88,Bachelor's,3.2,1,1,0,0,0,1,0,1,1,1,Data Analyst,0,1,1,1,0,0,1,1,Diploma,60.0,1.0,1.0,2,1,1,0.44,1
941,67,Bachelor's,0.2,1,1,0,0,1,1,0,4,1,1,Data Science,0,1,1,1,0,1,1,0,Bachelor's,80.0,1.0,1.0,2,2,1,0.44,1
370,26,Diploma,0.7,0,1,0,0,1,0,0,1,2,1,Machine Learning,2,1,0,0,0,1,1,1,Bachelor's,25.0,0.35,0.35,1,2,0,0.58,0
436,36,Master's,0.1,1,0,0,0,0,0,0,1,2,1,Business Intelligence,0,0,1,1,0,1,1,0,Master's,0.0,1.0,1.0,3,3,1,0.58,0
224,21,Bachelor's,7.2,1,0,1,0,0,1,1,2,3,0,Data Science,1,1,1,0,0,0,1,1,Bachelor's,75.0,7.2,1.0,2,2,1,0.42,1
611,77,Diploma,5.3,0,1,0,0,1,1,0,3,3,0,Data Analyst,0,0,1,0,0,0,0,1,Bachelor's,50.0,1.0,1.0,1,2,0,0.42,0
352,52,Master's,2.2,0,0,0,1,0,1,0,1,3,1,Business Intelligence,1,1,0,1,0,0,0,0,Bachelor's,0.0,2.2,1.0,3,2,1,0.72,1
802,11,Bachelor's,3.3,0,1,0,0,0,1,0,4,3,0,Data Analyst,3,1,1,0,0,1,0,1,Master's,25.0,1.0999999999999999,1.0,2,3,0,0.42,0
485,8,Bachelor's,1.0,1,1,0,0,0,1,0,2,2,1,AI Engineer,2,1,0,0,0,0,1,0,Master's,100.0,0.5,0.5,2,3,0,0.58,1
197,57,Master's,9.1,1,1,0,0,0,1,0,1,3,0,Business Intelligence,3,0,1,0,1,0,0,0,Bachelor's,50.0,3.033333333333333,1.0,3,2,1,0.42,1
109,46,Bachelor's,3.0,1,1,1,1,0,0,0,3,4,0,Data Analyst,1,1,1,1,0,0,1,0,Bachelor's,75.0,3.0,1.0,2,2,1,0.56,1
860,78,Diploma,3.3,1,1,1,0,0,1,0,2,3,0,Business Intelligence,5,1,0,0,0,1,1,0,Master's,66.67,0.6599999999999999,0.66,1,3,0,0.42,1
220,97,Master's,0.8,1,1,0,0,0,0,0,2,3,0,Data Analyst,4,0,0,1,0,1,1,0,Bachelor's,0.0,0.2,0.2,3,2,1,0.42,0
776,2,Bachelor's,0.9,1,1,1,0,0,1,0,0,1,0,Machine Learning,4,1,1,1,0,0,1,0,Diploma,100.0,0.225,0.22,2,1,1,0.14,1
923,64,Master's,2.4,0,1,0,0,0,1,0,2,2,1,AI Engineer,3,1,0,1,0,0,1,0,Bachelor's,33.33,0.7999999999999999,0.8,3,2,1,0.58,1
720,52,Master's,0.7,1,0,1,0,0,0,0,1,3,0,Business Intelligence,1,1,0,1,0,0,0,0,Bachelor's,100.0,0.7,0.7,3,2,1,0.42,1
319,65,Bachelor's,0.2,1,1,0,0,0,1,1,1,5,0,Machine Learning,0,1,1,1,0,0,1,0,Master's,75.0,1.0,1.0,2,3,0,0.7,1
82,11,Bachelor's,0.2,1,1,0,0,1,0,0,1,3,1,Data Analyst,3,1,1,0,0,1,0,1,Master's,75.0,0.06666666666666667,0.07,2,3,0,0.72,0
537,6,Master's,0.5,0,0,0,0,0,0,0,4,3,0,Data Science,2,0,0,0,0,1,0,0,Diploma,0.0,0.25,0.25,3,1,1,0.42,0
698,96,Bachelor's,0.4,1,1,0,0,0,0,0,6,2,1,Business Intelligence,2,1,1,0,1,0,0,0,Master's,66.67,0.2,0.2,2,3,0,0.58,0
432,79,Master's,1.8,0,1,0,0,1,1,0,3,3,0,Data Science,3,1,1,0,0,0,1,0,Bachelor's,66.67,0.6,0.6,3,2,1,0.42,1
897,76,Bachelor's,2.4,1,0,0,1,1,0,0,4,4,1,Data Science,0,1,0,0,0,0,1,0,Master's,50.0,1.0,1.0,2,3,0,0.86,0
8,64,Master's,4.7,0,0,0,1,0,1,0,1,6,1,AI Engineer,3,1,0,1,0,0,1,0,Bachelor's,33.33,1.5666666666666667,1.0,3,2,1,1.0,1
636,93,Bachelor's,0.7,0,0,1,0,0,1,1,0,4,1,Data Science,1,0,1,1,0,1,1,0,Bachelor's,50.0,0.7,0.7,2,2,1,0.86,1
149,55,Diploma,4.8,1,1,1,0,0,1,0,1,1,1,Machine Learning,2,0,0,0,0,1,1,1,Bachelor's,33.33,2.4,1.0,1,2,0,0.44,0
98,44,Bachelor's,0.5,0,0,0,0,1,1,0,3,3,1,Business Intelligence,1,1,1,0,0,1,0,0,Bachelor's,33.33,0.5,0.5,2,2,1,0.72,1
728,86,Master's,12.0,1,0,1,0,0,1,0,1,4,0,Data Science,3,0,0,1,1,0,1,0,Bachelor's,66.67,4.0,1.0,3,2,1,0.56,1
101,14,Diploma,0.1,0,0,0,0,0,1,1,2,5,0,Data Science,3,1,1,0,0,1,1,0,Bachelor's,25.0,0.03333333333333333,0.03,1,2,0,0.7,0
730,83,Bachelor's,2.4,1,1,0,1,1,1,0,1,4,0,Business Intelligence,2,0,1,0,0,0,0,0,Bachelor's,100.0,1.2,1.0,2,2,1,0.56,1
367,5,Master's,3.1,1,0,0,0,0,1,0,1,2,0,Business Intelligence,4,0,1,0,0,0,1,0,Bachelor's,50.0,0.775,0.78,3,2,1,0.28,1
462,99,Bachelor's,2.6,0,0,0,0,0,1,1,3,2,0,AI Engineer,2,1,1,0,1,0,0,0,Diploma,0.0,1.3,1.0,2,1,1,0.28,1
925,25,Bachelor's,4.0,1,1,0,0,0,0,0,1,2,0,Data Science,3,1,1,0,0,0,1,0,Bachelor's,66.67,1.3333333333333333,1.0,2,2,1,0.28,1
414,50,Bachelor's,0.1,1,0,0,0,0,0,0,1,6,0,AI Engineer,1,1,0,0,0,1,1,0,Master's,33.33,0.1,0.1,2,3,0,0.7,0
259,73,Bachelor's,0.2,1,0,0,0,1,0,0,3,5,1,AI Engineer,1,0,0,0,0,0,1,0,Master's,0.0,0.2,0.2,2,3,0,1.0,0
903,71,Bachelor's,3.6,1,1,0,0,0,1,0,2,6,0,Data Analyst,2,1,1,0,0,0,0,1,Diploma,66.67,1.8,1.0,2,1,1,0.7,1
356,82,Bachelor's,5.2,1,0,0,0,1,0,0,1,9,0,Data Analyst,3,1,1,1,0,0,0,1,Bachelor's,25.0,1.7333333333333334,1.0,2,2,1,0.7,1
11,2,Diploma,0.6,1,1,0,0,1,1,1,1,0,0,Machine Learning,4,1,1,1,0,0,1,0,Diploma,75.0,0.15,0.15,1,1,1,0.0,1
416,10,Bachelor's,6.9,0,1,0,0,0,1,0,1,4,1,AI Engineer,5,0,1,0,1,1,0,0,Master's,33.33,1.3800000000000001,1.0,2,3,0,0.86,1
571,2,Bachelor's,2.2,1,0,0,1,0,1,0,4,6,0,Machine Learning,4,1,1,1,0,0,1,0,Diploma,50.0,0.55,0.55,2,1,1,0.7,1
250,60,Master's,2.4,1,1,1,0,0,0,0,2,3,1,Data Analyst,0,0,1,0,0,0,0,0,Bachelor's,100.0,1.0,1.0,3,2,1,0.72,1
652,45,Bachelor's,0.9,1,0,1,0,1,1,0,0,9,0,Business Intelligence,1,0,0,0,0,0,1,0,Bachelor's,100.0,0.9,0.9,2,2,1,0.7,1
847,8,Diploma,0.3,0,1,1,0,0,0,1,0,4,1,AI Engineer,2,1,0,0,0,0,1,0,Master's,0.0,0.15,0.15,1,3,0,0.86,0
550,58,Master's,2.5,1,1,1,0,0,0,0,2,3,1,Data Analyst,4,1,1,1,1,0,0,0,Bachelor's,75.0,0.625,0.62,3,2,1,0.72,1
122,7,Master's,7.8,1,0,0,1,0,1,0,3,4,0,AI Engineer,2,1,0,0,0,1,0,0,Bachelor's,50.0,3.9,1.0,3,2,1,0.56,1
920,99,Bachelor's,1.3,1,1,0,0,0,1,0,6,5,0,AI Engineer,2,1,1,0,1,0,0,0,Diploma,66.67,0.65,0.65,2,1,1,0.7,1
65,87,Bachelor's,1.4,1,1,1,0,0,1,1,3,1,1,AI Engineer,1,1,0,0,0,0,0,0,Bachelor's,100.0,1.4,1.0,2,2,1,0.44,1
658,72,Bachelor's,0.9,0,1,0,1,0,0,0,4,2,0,Data Science,5,1,0,0,0,0,0,1,Master's,0.0,0.18,0.18,2,3,0,0.28,0
302,21,Bachelor's,6.9,0,1,1,0,0,1,0,3,1,0,Data Science,1,1,1,0,0,0,1,1,Bachelor's,50.0,6.9,1.0,2,2,1,0.14,1
125,97,Bachelor's,2.7,0,1,1,1,1,1,0,0,1,1,Data Analyst,4,0,0,1,0,1,1,0,Bachelor's,100.0,0.675,0.68,2,2,1,0.44,1
312,47,Diploma,5.6,0,1,1,0,0,1,0,1,2,1,Data Analyst,0,1,0,0,0,0,0,1,Master's,0.0,1.0,1.0,1,3,0,0.58,0
191,1,Diploma,0.2,1,0,1,0,0,1,1,3,3,1,Data Science,4,1,0,0,1,0,1,0,Bachelor's,66.67,0.05,0.05,1,2,0,0.72,0
775,12,Master's,3.9,1,1,0,0,0,1,1,0,3,1,Machine Learning,3,1,1,0,0,1,1,0,Bachelor's,75.0,1.3,1.0,3,2,1,0.72,1
873,75,Bachelor's,1.8,0,0,0,0,0,0,0,2,4,0,AI Engineer,2,0,1,1,0,1,1,0,Master's,0.0,0.9,0.9,2,3,0,0.56,0
450,48,Diploma,2.9,1,0,1,0,0,1,0,0,3,0,AI Engineer,1,1,1,1,0,1,0,0,Bachelor's,50.0,2.9,1.0,1,2,0,0.42,0
808,94,Master's,0.5,1,0,1,1,0,0,0,2,0,0,Business Intelligence,1,0,1,0,1,0,0,1,Diploma,33.33,0.5,0.5,3,1,1,0.0,0
694,4,Bachelor's,0.4,1,0,0,0,1,1,0,2,0,1,Data Analyst,2,0,1,0,0,0,1,1,Bachelor's,33.33,0.2,0.2,2,2,1,0.3,0
159,34,Bachelor's,5.1,1,1,1,0,0,1,0,1,2,0,Machine Learning,2,1,1,0,0,1,0,0,Bachelor's,66.67,2.55,1.0,2,2,1,0.28,0
353,87,Bachelor's,1.4,0,1,0,0,0,1,1,1,2,1,AI Engineer,1,1,0,0,0,0,0,0,Bachelor's,0.0,1.4,1.0,2,2,1,0.58,0
820,32,Bachelor's,1.2,1,0,0,0,1,1,0,2,1,0,AI Engineer,1,0,0,0,0,1,1,0,Diploma,100.0,1.2,1.0,2,1,1,0.14,1
990,3,Master's,3.3,0,1,1,1,0,0,0,2,4,1,AI Engineer,3,0,1,1,0,0,0,0,Diploma,100.0,1.0999999999999999,1.0,3,1,1,0.86,1
799,92,Bachelor's,0.2,0,0,0,1,0,1,0,1,2,1,Machine Learning,3,0,1,0,0,0,1,0,Bachelor's,50.0,0.06666666666666667,0.07,2,2,1,0.58,1
674,68,Bachelor's,4.1,1,0,0,0,0,1,0,1,2,1,Data Science,4,1,0,0,0,0,1,0,Bachelor's,100.0,1.025,1.0,2,2,1,0.58,1
263,57,Bachelor's,0.9,0,0,0,0,0,0,0,0,6,0,Business Intelligence,3,0,1,0,1,0,0,0,Bachelor's,0.0,0.3,0.3,2,2,1,0.7,0
729,76,Bachelor's,4.2,1,0,1,0,1,0,0,3,7,0,Data Science,0,1,0,0,0,0,1,0,Master's,50.0,1.0,1.0,2,3,0,0.7,0
912,24,Bachelor's,5.2,1,0,0,1,1,1,0,2,2,0,Machine Learning,2,1,1,0,1,0,1,0,Master's,75.0,2.6,1.0,2,3,0,0.28,1
406,33,Master's,1.6,0,1,1,1,1,1,0,3,2,0,AI Engineer,3,0,1,0,0,0,0,0,Bachelor's,100.0,0.5333333333333333,0.53,3,2,1,0.28,1
996,3,Diploma,2.7,0,0,1,0,0,1,0,3,3,0,AI Engineer,3,0,1,1,0,0,0,0,Diploma,50.0,0.9,0.9,1,1,1,0.42,1
693,4,Bachelor's,1.3,1,1,0,0,0,1,0,3,4,0,Data Analyst,2,0,1,0,0,0,1,1,Bachelor's,66.67,0.65,0.65,2,2,1,0.56,1
603,30,Bachelor's,0.6,0,0,1,0,0,1,1,0,1,1,Data Analyst,1,1,1,0,1,1,0,0,Bachelor's,0.0,0.6,0.6,2,2,1,0.44,0
17,70,Bachelor's,0.5,1,1,1,0,0,1,0,2,4,0,AI Engineer,1,1,0,1,0,0,1,0,Bachelor's,100.0,0.5,0.5,2,2,1,0.56,1
637,49,Bachelor's,1.3,0,1,0,0,1,1,1,0,3,0,Data Science,4,1,1,0,0,0,0,0,Diploma,50.0,0.325,0.32,2,1,1,0.42,0
260,30,Diploma,2.2,1,1,0,1,0,1,0,4,7,0,Data Analyst,1,1,1,0,1,1,0,0,Bachelor's,75.0,2.2,1.0,1,2,0,0.7,1
957,72,Bachelor's,2.6,0,1,0,0,0,0,0,0,2,1,Data Science,5,1,0,0,0,0,0,1,Master's,0.0,0.52,0.52,2,3,0,0.58,0
890,82,Bachelor's,12.0,0,0,1,0,0,1,0,1,1,0,Data Analyst,3,1,1,1,0,0,0,1,Bachelor's,25.0,4.0,1.0,2,2,1,0.14,0
355,16,Diploma,1.7,0,0,0,0,1,1,0,2,3,0,AI Engineer,2,1,1,0,1,1,1,0,Master's,40.0,0.85,0.85,1,3,0,0.42,0
489,53,Master's,1.2,0,0,1,0,0,1,0,0,3,0,Data Science,4,1,0,0,1,0,0,0,Bachelor's,0.0,0.3,0.3,3,2,1,0.42,0
214,6,Bachelor's,4.0,0,1,0,1,0,1,0,1,2,1,Data Science,2,0,0,0,0,1,0,0,Diploma,0.0,2.0,1.0,2,1,1,0.58,1
239,24,Bachelor's,8.6,1,1,1,0,1,0,0,4,0,0,Machine Learning,2,1,1,0,1,0,1,0,Master's,50.0,4.3,1.0,2,3,0,0.0,0
180,92,Bachelor's,1.9,1,1,0,1,0,1,0,4,2,1,Machine Learning,3,0,1,0,0,0,1,0,Bachelor's,100.0,0.6333333333333333,0.63,2,2,1,0.58,1
419,96,Bachelor's,1.5,1,0,0,0,1,1,0,3,5,0,Business Intelligence,2,1,1,0,1,0,0,0,Master's,33.33,0.75,0.75,2,3,0,0.7,1
684,89,Bachelor's,4.3,1,0,0,0,0,1,0,4,2,1,Machine Learning,2,0,0,0,0,1,1,0,Bachelor's,50.0,2.15,1.0,2,2,1,0.58,0
143,28,Bachelor's,2.8,0,1,0,0,0,0,0,1,1,1,Data Science,1,0,1,0,1,1,0,0,Bachelor's,33.33,2.8,1.0,2,2,1,0.44,1
317,21,Bachelor's,1.9,1,0,1,0,1,1,1,3,4,0,Data Science,1,1,1,0,0,0,1,1,Bachelor's,75.0,1.9,1.0,2,2,1,0.56,1
244,8,Bachelor's,4.7,0,1,0,1,1,1,0,4,2,0,AI Engineer,2,1,0,0,0,0,1,0,Master's,50.0,2.35,1.0,2,3,0,0.28,0
684,9,Bachelor's,4.3,1,0,0,0,0,1,0,4,2,1,Data Analyst,0,1,1,0,0,0,0,0,Master's,50.0,1.0,1.0,2,3,0,0.58,0
789,40,Bachelor's,0.2,0,0,0,1,1,1,0,1,2,0,Data Analyst,2,1,0,0,0,1,0,1,Bachelor's,33.33,0.1,0.1,2,2,1,0.28,0
589,85,Bachelor's,1.4,1,0,1,1,0,1,0,0,2,0,Data Science,1,1,0,0,0,0,0,0,Master's,100.0,1.4,1.0,2,3,0,0.28,1
303,51,Bachelor's,0.1,1,1,1,1,0,1,0,1,4,1,Machine Learning,5,0,1,1,0,1,0,0,Master's,66.67,0.02,0.02,2,3,0,0.86,0
331,1,Bachelor's,2.0,1,1,0,0,0,1,0,1,3,1,Data Science,4,1,0,0,1,0,1,0,Bachelor's,66.67,0.5,0.5,2,2,1,0.72,1
561,63,Master's,1.1,0,0,1,0,0,0,0,1,5,0,Business Intelligence,5,1,1,0,0,0,0,0,Diploma,0.0,0.22000000000000003,0.22,3,1,1,0.7,0
949,68,Master's,1.0,1,0,1,0,1,0,0,5,3,1,Data Science,4,1,0,0,0,0,1,0,Bachelor's,50.0,0.25,0.25,3,2,1,0.72,1
248,74,Master's,0.1,0,0,0,1,1,0,0,3,2,1,Data Science,1,1,1,1,0,0,1,0,Bachelor's,0.0,0.1,0.1,3,2,1,0.58,0
283,26,Bachelor's,2.1,1,1,0,0,1,1,1,3,3,1,Machine Learning,2,1,0,0,0,1,1,1,Bachelor's,100.0,1.05,1.0,2,2,1,0.72,1
287,40,Bachelor's,0.2,0,0,1,1,1,1,0,2,1,0,Data Analyst,2,1,0,0,0,1,0,1,Bachelor's,33.33,0.1,0.1,2,2,1,0.14,0
940,3,Bachelor's,0.2,1,0,1,0,0,1,0,4,1,1,AI Engineer,3,0,1,1,0,0,0,0,Diploma,50.0,0.06666666666666667,0.07,2,1,1,0.44,0
32,9,Bachelor's,2.3,0,0,0,0,0,1,0,2,1,1,Data Analyst,0,1,1,0,0,0,0,0,Master's,0.0,1.0,1.0,2,3,0,0.44,0
500,32,Master's,5.0,1,1,0,0,1,0,0,3,6,0,AI Engineer,1,0,0,0,0,1,1,0,Diploma,50.0,5.0,1.0,3,1,1,0.7,1
670,67,Bachelor's,4.3,1,0,1,0,0,1,1,0,3,0,Data Science,0,1,1,1,0,1,1,0,Bachelor's,60.0,1.0,1.0,2,2,1,0.42,1
530,4,Master's,1.9,0,0,0,0,1,1,0,2,4,0,Data Analyst,2,0,1,0,0,0,1,1,Bachelor's,33.33,0.95,0.95,3,2,1,0.56,1
381,6,Bachelor's,0.4,0,0,0,0,0,1,0,2,6,1,Data Science,2,0,0,0,0,1,0,0,Diploma,0.0,0.2,0.2,2,1,1,1.0,0
63,73,Master's,3.7,0,1,1,0,0,0,1,3,3,1,AI Engineer,1,0,0,0,0,0,1,0,Master's,0.0,3.7,1.0,3,3,1,0.72,0
128,26,Master's,1.3,1,0,1,0,0,1,1,1,1,0,Machine Learning,2,1,0,0,0,1,1,1,Bachelor's,75.0,0.65,0.65,3,2,1,0.14,1
528,2,Bachelor's,0.9,0,1,1,0,1,1,0,1,2,1,Machine Learning,4,1,1,1,0,0,1,0,Diploma,75.0,0.225,0.22,2,1,1,0.58,1
163,66,Bachelor's,1.0,1,0,0,0,0,0,0,0,2,1,Business Intelligence,1,0,1,1,1,0,1,0,Bachelor's,0.0,1.0,1.0,2,2,1,0.58,1
958,85,Diploma,1.4,0,0,0,0,0,0,1,2,1,1,Data Science,1,1,0,0,0,0,0,0,Master's,0.0,1.4,1.0,1,3,0,0.44,0
251,86,Bachelor's,4.0,1,1,0,0,0,0,1,2,9,0,Data Science,3,0,0,1,1,0,1,0,Bachelor's,0.0,1.3333333333333333,1.0,2,2,1,0.7,0
830,35,Bachelor's,0.9,1,0,0,0,0,1,0,1,5,1,Data Science,0,0,0,0,0,0,1,0,Master's,100.0,1.0,1.0,2,3,0,1.0,1
295,59,Bachelor's,4.0,1,1,0,1,1,1,0,3,1,0,Data Science,2,0,1,0,0,0,0,0,Master's,100.0,2.0,1.0,2,3,0,0.14,1
179,38,Master's,3.6,0,1,0,0,0,1,0,5,6,0,AI Engineer,2,1,1,1,0,0,0,1,Bachelor's,25.0,1.8,1.0,3,2,1,0.7,1
229,33,Master's,10.3,1,0,0,0,1,0,0,4,2,1,AI Engineer,3,0,1,0,0,0,0,0,Bachelor's,0.0,3.4333333333333336,1.0,3,2,1,0.58,0
883,15,Diploma,2.5,1,1,1,0,0,1,0,1,5,0,AI Engineer,0,1,1,1,0,0,1,1,Master's,80.0,1.0,1.0,1,3,0,0.7,1
394,75,Master's,1.8,1,0,0,0,0,1,0,1,3,0,AI Engineer,2,0,1,1,0,1,1,0,Master's,25.0,0.9,0.9,3,3,1,0.42,1
692,74,Bachelor's,1.7,0,1,0,0,0,0,0,4,2,1,Data Science,1,1,1,1,0,0,1,0,Bachelor's,25.0,1.7,1.0,2,2,1,0.58,0
396,100,Master's,4.4,1,1,1,0,0,1,0,3,0,0,Data Science,5,0,0,0,0,1,0,0,Bachelor's,0.0,0.8800000000000001,0.88,3,2,1,0.0,0
72,14,Bachelor's,0.7,1,1,1,0,0,1,0,2,0,0,Data Science,3,1,1,0,0,1,1,0,Bachelor's,75.0,0.2333333333333333,0.23,2,2,1,0.0,1
318,66,Bachelor's,3.3,1,0,0,1,0,0,0,3,3,0,Business Intelligence,1,0,1,1,1,0,1,0,Bachelor's,25.0,3.3,1.0,2,2,1,0.42,1
899,45,Diploma,1.1,1,1,0,1,0,1,0,0,3,0,Business Intelligence,1,0,0,0,0,0,1,0,Bachelor's,100.0,1.1,1.0,1,2,0,0.42,1
595,48,Master's,3.2,1,0,0,0,1,1,0,2,8,0,AI Engineer,1,1,1,1,0,1,0,0,Bachelor's,50.0,3.2,1.0,3,2,1,0.7,1
379,44,Master's,1.1,1,0,0,1,1,1,0,3,4,0,Business Intelligence,1,1,1,0,0,1,0,0,Bachelor's,66.67,1.1,1.0,3,2,1,0.56,1
907,37,Master's,7.9,0,1,1,0,0,1,0,1,4,0,Data Analyst,0,1,0,0,0,0,0,0,Bachelor's,0.0,1.0,1.0,3,2,1,0.56,1
136,29,Bachelor's,0.2,0,1,0,0,0,0,0,4,4,0,AI Engineer,0,1,1,1,1,0,1,0,Bachelor's,20.0,1.0,1.0,2,2,1,0.56,1
730,99,Bachelor's,2.4,1,1,0,1,1,1,0,1,4,0,AI Engineer,2,1,1,0,1,0,0,0,Diploma,100.0,1.2,1.0,2,1,1,0.56,1
621,84,Bachelor's,1.6,0,1,1,0,0,0,1,0,4,0,AI Engineer,1,1,0,1,1,1,0,0,Bachelor's,25.0,1.6,1.0,2,2,1,0.56,1
378,85,Diploma,1.8,0,0,1,0,1,1,0,3,6,0,Data Science,1,1,0,0,0,0,0,0,Master's,0.0,1.8,1.0,1,3,0,0.7,0
919,34,Master's,1.2,1,1,1,0,0,1,0,3,4,1,Machine Learning,2,1,1,0,0,1,0,0,Bachelor's,66.67,0.6,0.6,3,2,1,0.86,1
119,59,Master's,0.8,1,0,0,1,0,0,0,2,4,0,Data Science,2,0,1,0,0,0,0,0,Master's,0.0,0.4,0.4,3,3,1,0.56,1
906,43,Master's,0.6,1,0,0,0,0,0,0,0,2,1,AI Engineer,3,1,0,0,0,0,0,0,Bachelor's,100.0,0.19999999999999998,0.2,3,2,1,0.58,1
530,33,Master's,1.9,0,0,0,0,1,1,0,2,4,0,AI Engineer,3,0,1,0,0,0,0,0,Bachelor's,0.0,0.6333333333333333,0.63,3,2,1,0.56,1
844,19,Master's,2.4,0,0,0,0,0,1,1,0,2,1,Business Intelligence,5,1,0,0,0,0,0,1,Bachelor's,50.0,0.48,0.48,3,2,1,0.58,0
935,8,Bachelor's,2.8,0,0,0,0,1,1,0,3,0,0,AI Engineer,2,1,0,0,0,0,1,0,Master's,50.0,1.4,1.0,2,3,0,0.0,1
666,31,Bachelor's,4.8,1,0,1,1,1,1,0,5,4,0,AI Engineer,1,1,0,1,1,0,0,0,Master's,100.0,4.8,1.0,2,3,0,0.56,1
523,11,Master's,1.1,1,0,1,0,1,1,0,2,6,1,Data Analyst,3,1,1,0,0,1,0,1,Master's,50.0,0.3666666666666667,0.37,3,3,1,1.0,1
650,8,Bachelor's,3.1,1,1,0,0,1,1,0,4,5,1,AI Engineer,2,1,0,0,0,0,1,0,Master's,100.0,1.55,1.0,2,3,0,1.0,1
387,25,Bachelor's,3.7,1,0,1,0,0,1,1,2,4,0,Data Science,3,1,1,0,0,0,1,0,Bachelor's,66.67,1.2333333333333334,1.0,2,2,1,0.56,1
574,20,Bachelor's,5.0,1,1,1,0,1,0,0,1,3,0,Data Analyst,2,1,1,0,0,1,0,0,Bachelor's,100.0,2.5,1.0,2,2,1,0.42,1
583,38,Bachelor's,2.3,1,0,1,1,1,1,1,5,0,1,AI Engineer,2,1,1,1,0,0,0,1,Bachelor's,75.0,1.15,1.0,2,2,1,0.3,1
573,7,Bachelor's,3.3,1,1,0,1,0,1,0,3,1,1,AI Engineer,2,1,0,0,0,1,0,0,Bachelor's,50.0,1.65,1.0,2,2,1,0.44,0
644,77,Bachelor's,2.4,0,0,0,0,1,1,0,3,1,0,Data Analyst,0,0,1,0,0,0,0,1,Bachelor's,0.0,1.0,1.0,2,2,1,0.14,0
573,39,Bachelor's,3.3,1,1,0,1,0,1,0,3,1,1,Data Science,0,1,0,0,1,0,1,1,Master's,75.0,1.0,1.0,2,3,0,0.44,1
1000,74,Bachelor's,0.8,0,0,0,0,0,1,1,0,4,1,Data Science,1,1,1,1,0,0,1,0,Bachelor's,25.0,0.8,0.8,2,2,1,0.86,1
904,72,Bachelor's,0.1,1,0,0,0,0,0,0,2,4,1,Data Science,5,1,0,0,0,0,0,1,Master's,50.0,0.02,0.02,2,3,0,0.86,0
870,20,Master's,3.2,1,0,1,0,1,1,0,1,5,0,Data Analyst,2,1,1,0,0,1,0,0,Bachelor's,66.67,1.6,1.0,3,2,1,0.7,1
269,81,Bachelor's,2.3,1,1,1,1,0,1,0,6,3,0,Data Science,2,1,1,0,0,0,0,1,Bachelor's,66.67,1.15,1.0,2,2,1,0.42,0
524,11,Master's,0.3,1,0,0,0,0,0,0,3,7,0,Data Analyst,3,1,1,0,0,1,0,1,Master's,25.0,0.09999999999999999,0.1,3,3,1,0.7,0
547,16,Bachelor's,4.1,1,0,0,0,0,0,1,1,4,1,AI Engineer,2,1,1,0,1,1,1,0,Master's,20.0,2.05,1.0,2,3,0,0.86,0
486,42,Master's,1.1,0,1,1,1,0,0,0,0,1,0,Business Intelligence,3,0,1,0,0,0,0,0,Diploma,100.0,0.3666666666666667,0.37,3,1,1,0.14,1
438,96,Master's,3.0,1,1,1,1,0,1,0,1,4,1,Business Intelligence,2,1,1,0,1,0,0,0,Master's,100.0,1.5,1.0,3,3,1,0.86,1
563,90,Bachelor's,3.8,1,0,1,0,0,1,0,2,3,0,Data Science,0,1,1,0,1,0,1,1,Bachelor's,40.0,1.0,1.0,2,2,1,0.42,1
555,52,Master's,0.6,1,0,0,1,1,0,0,1,1,1,Business Intelligence,1,1,0,1,0,0,0,0,Bachelor's,50.0,0.6,0.6,3,2,1,0.44,0
740,37,Bachelor's,1.3,1,1,0,0,1,1,0,1,3,0,Data Analyst,0,1,0,0,0,0,0,0,Bachelor's,100.0,1.0,1.0,2,2,1,0.42,1
111,52,Bachelor's,4.2,1,1,0,1,1,0,0,2,4,1,Business Intelligence,1,1,0,1,0,0,0,0,Bachelor's,50.0,4.2,1.0,2,2,1,0.86,1
322,9,Master's,0.4,0,0,1,0,0,1,0,1,2,1,Data Analyst,0,1,1,0,0,0,0,0,Master's,0.0,1.0,1.0,3,3,1,0.58,1
527,35,Bachelor's,0.8,1,1,1,0,0,1,0,2,2,0,Data Science,0,0,0,0,0,0,1,0,Master's,100.0,1.0,1.0,2,3,0,0.28,1
177,67,Bachelor's,3.8,1,1,0,1,0,0,0,1,2,0,Data Science,0,1,1,1,0,1,1,0,Bachelor's,40.0,1.0,1.0,2,2,1,0.28,1
674,95,Bachelor's,4.1,1,0,0,0,0,1,0,1,2,1,AI Engineer,3,1,1,1,0,1,1,0,Bachelor's,40.0,1.3666666666666665,1.0,2,2,1,0.58,1
551,7,Bachelor's,7.6,1,1,1,0,0,0,1,2,8,0,AI Engineer,2,1,0,0,0,1,0,0,Bachelor's,50.0,3.8,1.0,2,2,1,0.7,1
538,2,Bachelor's,2.9,1,0,0,1,1,1,1,4,5,1,Machine Learning,4,1,1,1,0,0,1,0,Diploma,50.0,0.725,0.72,2,1,1,1.0,1
624,25,Bachelor's,7.9,0,1,1,1,0,0,1,3,0,0,Data Science,3,1,1,0,0,0,1,0,Bachelor's,33.33,2.6333333333333333,1.0,2,2,1,0.0,1
965,76,Bachelor's,2.1,0,0,0,0,0,1,0,3,0,1,Data Science,0,1,0,0,0,0,1,0,Master's,50.0,1.0,1.0,2,3,0,0.3,0
944,94,Master's,3.1,0,0,0,1,0,1,1,1,5,0,Business Intelligence,1,0,1,0,1,0,0,1,Diploma,66.67,3.1,1.0,3,1,1,0.7,1
473,94,Diploma,5.3,0,1,0,0,0,0,0,1,4,0,Business Intelligence,1,0,1,0,1,0,0,1,Diploma,33.33,5.3,1.0,1,1,1,0.56,0
563,93,Bachelor's,3.8,1,0,1,0,0,1,0,2,3,0,Data Science,1,0,1,1,0,1,1,0,Bachelor's,50.0,3.8,1.0,2,2,1,0.42,1
994,41,Bachelor's,0.4,1,0,0,0,0,1,0,2,4,1,Business Intelligence,2,1,0,0,0,0,1,1,Bachelor's,66.67,0.2,0.2,2,2,1,0.86,1
879,75,Diploma,0.9,0,1,0,0,1,0,0,1,2,0,AI Engineer,2,0,1,1,0,1,1,0,Master's,50.0,0.45,0.45,1,3,0,0.28,0
388,52,Bachelor's,0.4,0,1,0,1,1,0,0,2,2,0,Business Intelligence,1,1,0,1,0,0,0,0,Bachelor's,0.0,0.4,0.4,2,2,1,0.28,0
98,87,Bachelor's,0.5,0,0,0,0,1,1,0,3,3,1,AI Engineer,1,1,0,0,0,0,0,0,Bachelor's,0.0,0.5,0.5,2,2,1,0.72,0
411,81,Bachelor's,0.6,0,0,0,0,0,1,0,3,3,1,Data Science,2,1,1,0,0,0,0,1,Bachelor's,0.0,0.3,0.3,2,2,1,0.72,0
375,77,Diploma,0.7,0,1,0,0,0,1,0,2,3,0,Data Analyst,0,0,1,0,0,0,0,1,Bachelor's,50.0,1.0,1.0,1,2,0,0.42,0
170,97,Bachelor's,0.8,1,0,0,1,0,1,0,2,4,0,Data Analyst,4,0,0,1,0,1,1,0,Bachelor's,33.33,0.2,0.2,2,2,1,0.56,0
56,65,Master's,1.1,0,1,0,0,0,1,0,0,1,1,Machine Learning,0,1,1,1,0,0,1,0,Master's,50.0,1.0,1.0,3,3,1,0.44,1
733,77,Bachelor's,1.9,1,0,1,0,1,1,0,1,6,1,Data Analyst,0,0,1,0,0,0,0,1,Bachelor's,0.0,1.0,1.0,2,2,1,1.0,1
325,38,Master's,9.3,0,1,1,0,0,1,0,1,4,0,AI Engineer,2,1,1,1,0,0,0,1,Bachelor's,50.0,4.65,1.0,3,2,1,0.56,1
658,67,Bachelor's,0.9,0,1,0,1,0,0,0,4,2,0,Data Science,0,1,1,1,0,1,1,0,Bachelor's,20.0,1.0,1.0,2,2,1,0.28,1
957,80,Bachelor's,2.6,0,1,0,0,0,0,0,0,2,1,Business Intelligence,2,1,1,0,0,1,1,0,Master's,25.0,1.3,1.0,2,3,0,0.58,1
260,42,Diploma,2.2,1,1,0,1,0,1,0,4,7,0,Business Intelligence,3,0,1,0,0,0,0,0,Diploma,100.0,0.7333333333333334,0.73,1,1,1,0.7,1
641,71,Diploma,1.9,1,0,1,0,1,1,1,3,3,0,Data Analyst,2,1,1,0,0,0,0,1,Diploma,66.67,0.95,0.95,1,1,1,0.42,1
562,54,Bachelor's,0.7,0,1,0,1,0,0,1,0,2,0,Data Analyst,3,1,0,0,0,1,1,0,Bachelor's,0.0,0.2333333333333333,0.23,2,2,1,0.28,0
340,67,Diploma,0.1,1,1,0,0,0,1,0,1,2,1,Data Science,0,1,1,1,0,1,1,0,Bachelor's,60.0,1.0,1.0,1,2,0,0.58,0
838,78,Bachelor's,1.0,1,0,0,0,0,0,0,3,6,0,Business Intelligence,5,1,0,0,0,1,1,0,Master's,33.33,0.2,0.2,2,3,0,0.7,0
404,64,Master's,3.3,1,0,0,0,1,1,0,4,3,0,AI Engineer,3,1,0,1,0,0,1,0,Bachelor's,66.67,1.0999999999999999,1.0,3,2,1,0.42,1
532,80,Master's,2.4,0,1,0,0,1,1,0,1,1,1,Business Intelligence,2,1,1,0,0,1,1,0,Master's,75.0,1.2,1.0,3,3,1,0.44,1
174,4,Bachelor's,0.8,0,0,0,0,1,0,0,1,2,0,Data Analyst,2,0,1,0,0,0,1,1,Bachelor's,0.0,0.4,0.4,2,2,1,0.28,0
795,31,Diploma,0.1,1,0,0,0,0,0,0,1,4,0,AI Engineer,1,1,0,1,1,0,0,0,Master's,33.33,0.1,0.1,1,3,0,0.56,0
538,13,Bachelor's,2.9,1,0,0,1,1,1,1,4,5,1,Data Analyst,3,0,1,1,1,0,1,1,Bachelor's,60.0,0.9666666666666667,0.97,2,2,1,1.0,1
160,27,Master's,0.1,0,0,0,0,1,1,0,3,4,1,Data Science,3,0,1,0,0,1,0,0,Master's,50.0,0.03333333333333333,0.03,3,3,1,0.86,0
594,65,Bachelor's,0.3,1,1,0,1,1,0,1,5,1,1,Machine Learning,0,1,1,1,0,0,1,0,Master's,50.0,1.0,1.0,2,3,0,0.44,0
256,64,Bachelor's,1.4,0,0,1,0,0,1,1,3,1,0,AI Engineer,3,1,0,1,0,0,1,0,Bachelor's,66.67,0.4666666666666666,0.47,2,2,1,0.14,1
617,25,Diploma,12.0,1,1,1,1,0,1,1,1,5,1,Data Science,3,1,1,0,0,0,1,0,Bachelor's,100.0,4.0,1.0,1,2,0,1.0,1
652,37,Bachelor's,0.9,1,0,1,0,1,1,0,0,9,0,Data Analyst,0,1,0,0,0,0,0,0,Bachelor's,100.0,1.0,1.0,2,2,1,0.7,1
714,75,Bachelor's,1.5,1,1,1,1,1,1,0,1,1,1,AI Engineer,2,0,1,1,0,1,1,0,Master's,100.0,0.75,0.75,2,3,0,0.44,1
344,73,Bachelor's,3.2,1,0,1,0,1,1,0,1,3,1,AI Engineer,1,0,0,0,0,0,1,0,Master's,100.0,3.2,1.0,2,3,0,0.72,1
536,71,Master's,0.3,0,0,0,0,0,0,0,1,4,1,Data Analyst,2,1,1,0,0,0,0,1,Diploma,0.0,0.15,0.15,3,1,1,0.86,0
373,14,Diploma,4.8,0,0,0,0,1,1,0,3,2,1,Data Science,3,1,1,0,0,1,1,0,Bachelor's,50.0,1.5999999999999999,1.0,1,2,0,0.58,0
435,94,Diploma,0.4,0,1,0,0,1,1,1,3,4,0,Business Intelligence,1,0,1,0,1,0,0,1,Diploma,66.67,0.4,0.4,1,1,1,0.56,1
934,24,Bachelor's,2.3,1,0,0,1,0,1,0,4,1,1,Machine Learning,2,1,1,0,1,0,1,0,Master's,75.0,1.15,1.0,2,3,0,0.44,0
46,67,Bachelor's,2.4,0,1,0,0,1,1,0,2,6,0,Data Science,0,1,1,1,0,1,1,0,Bachelor's,60.0,1.0,1.0,2,2,1,0.7,1
729,48,Bachelor's,4.2,1,0,1,0,1,0,0,3,7,0,AI Engineer,1,1,1,1,0,1,0,0,Bachelor's,75.0,4.2,1.0,2,2,1,0.7,1
904,91,Bachelor's,0.1,1,0,0,0,0,0,0,2,4,1,AI Engineer,5,0,1,0,1,1,1,1,Diploma,0.0,0.02,0.02,2,1,1,0.86,0
55,65,Bachelor's,12.0,0,1,1,0,1,1,1,2,0,0,Machine Learning,0,1,1,1,0,0,1,0,Master's,75.0,1.0,1.0,2,3,0,0.0,1
78,38,Diploma,2.8,1,0,0,0,0,0,0,1,3,0,AI Engineer,2,1,1,1,0,0,0,1,Bachelor's,25.0,1.4,1.0,1,2,0,0.42,0
491,90,Bachelor's,0.7,1,0,0,0,0,1,1,3,6,0,Data Science,0,1,1,0,1,0,1,1,Bachelor's,60.0,1.0,1.0,2,2,1,0.7,1
671,70,Bachelor's,1.2,0,0,0,1,0,0,1,0,5,1,AI Engineer,1,1,0,1,0,0,1,0,Bachelor's,0.0,1.2,1.0,2,2,1,1.0,1
856,59,Bachelor's,0.7,1,0,0,1,0,1,0,5,2,1,Data Science,2,0,1,0,0,0,0,0,Master's,0.0,0.35,0.35,2,3,0,0.58,0
272,12,Master's,4.9,1,0,1,0,1,0,0,2,5,1,Machine Learning,3,1,1,0,0,1,1,0,Bachelor's,50.0,1.6333333333333335,1.0,3,2,1,1.0,1
660,54,Bachelor's,1.5,0,1,1,0,0,0,1,6,4,0,Data Analyst,3,1,0,0,0,1,1,0,Bachelor's,0.0,0.5,0.5,2,2,1,0.56,0
550,51,Master's,2.5,1,1,1,0,0,0,0,2,3,1,Machine Learning,5,0,1,1,0,1,0,0,Master's,66.67,0.5,0.5,3,3,1,0.72,0
111,38,Bachelor's,4.2,1,1,0,1,1,0,0,2,4,1,AI Engineer,2,1,1,1,0,0,0,1,Bachelor's,50.0,2.1,1.0,2,2,1,0.86,1
15,46,Bachelor's,3.1,1,1,0,0,0,1,0,2,2,1,Data Analyst,1,1,1,1,0,0,1,0,Bachelor's,75.0,3.1,1.0,2,2,1,0.58,1
501,10,Bachelor's,1.8,0,0,0,0,0,1,0,0,2,0,AI Engineer,5,0,1,0,1,1,0,0,Master's,0.0,0.36,0.36,2,3,0,0.28,0
588,9,Bachelor's,1.3,0,1,0,0,0,0,0,2,5,1,Data Analyst,0,1,1,0,0,0,0,0,Master's,50.0,1.0,1.0,2,3,0,1.0,1
418,87,Bachelor's,0.3,1,1,0,0,1,1,0,2,4,0,AI Engineer,1,1,0,0,0,0,0,0,Bachelor's,100.0,0.3,0.3,2,2,1,0.56,1
840,94,Bachelor's,0.6,1,1,0,0,1,0,0,5,1,0,Business Intelligence,1,0,1,0,1,0,0,1,Diploma,33.33,0.6,0.6,2,1,1,0.14,0
275,52,Bachelor's,1.6,0,1,0,0,0,1,0,4,4,0,Business Intelligence,1,1,0,1,0,0,0,0,Bachelor's,0.0,1.6,1.0,2,2,1,0.56,0
494,51,Bachelor's,0.2,1,1,1,0,0,1,1,1,1,0,Machine Learning,5,0,1,1,0,1,0,0,Master's,66.67,0.04,0.04,2,3,0,0.14,0
197,22,Master's,9.1,1,1,0,0,0,1,0,1,3,0,Data Analyst,2,1,1,0,0,0,1,0,Master's,100.0,4.55,1.0,3,3,1,0.42,1
376,73,Bachelor's,5.1,1,1,0,1,0,1,0,0,1,0,AI Engineer,1,0,0,0,0,0,1,0,Master's,100.0,5.1,1.0,2,3,0,0.14,1
731,83,Bachelor's,0.9,0,0,0,1,0,1,0,2,2,0,Business Intelligence,2,0,1,0,0,0,0,0,Bachelor's,0.0,0.45,0.45,2,2,1,0.28,0
63,72,Master's,3.7,0,1,1,0,0,0,1,3,3,1,Data Science,5,1,0,0,0,0,0,1,Master's,50.0,0.74,0.74,3,3,1,0.72,0
361,68,Bachelor's,6.1,1,1,0,0,0,0,1,1,4,0,Data Science,4,1,0,0,0,0,1,0,Bachelor's,50.0,1.525,1.0,2,2,1,0.56,1
973,5,Master's,0.8,0,0,0,1,0,1,0,0,2,1,Business Intelligence,4,0,1,0,0,0,1,0,Bachelor's,50.0,0.2,0.2,3,2,1,0.58,1
544,83,Bachelor's,0.7,0,0,0,1,0,0,0,0,6,0,Business Intelligence,2,0,1,0,0,0,0,0,Bachelor's,0.0,0.35,0.35,2,2,1,0.7,0
991,82,Master's,3.6,1,0,1,0,1,0,0,1,2,1,Data Analyst,3,1,1,1,0,0,0,1,Bachelor's,50.0,1.2,1.0,3,2,1,0.58,1
745,29,Bachelor's,1.3,0,0,0,0,0,1,0,1,8,1,AI Engineer,0,1,1,1,1,0,1,0,Bachelor's,20.0,1.0,1.0,2,2,1,1.0,1
110,83,Diploma,0.4,0,1,0,1,1,1,0,5,1,1,Business Intelligence,2,0,1,0,0,0,0,0,Bachelor's,100.0,0.2,0.2,1,2,0,0.44,1
677,6,Bachelor's,0.2,1,0,0,0,0,0,0,0,1,1,Data Science,2,0,0,0,0,1,0,0,Diploma,0.0,0.1,0.1,2,1,1,0.44,0
194,69,Bachelor's,2.4,0,0,1,1,1,1,0,2,4,0,Data Science,5,1,0,1,0,0,1,0,Bachelor's,66.67,0.48,0.48,2,2,1,0.56,1
519,58,Master's,0.7,0,0,0,0,1,0,0,2,4,0,Data Analyst,4,1,1,1,1,0,0,0,Bachelor's,0.0,0.175,0.18,3,2,1,0.56,0
944,43,Master's,3.1,0,0,0,1,0,1,1,1,5,0,AI Engineer,3,1,0,0,0,0,0,0,Bachelor's,0.0,1.0333333333333334,1.0,3,2,1,0.7,0
651,69,Diploma,0.1,1,1,0,0,0,1,0,1,2,1,Data Science,5,1,0,1,0,0,1,0,Bachelor's,66.67,0.02,0.02,1,2,0,0.58,0
459,72,Diploma,0.6,1,1,0,1,0,1,1,3,2,1,Data Science,5,1,0,0,0,0,0,1,Master's,100.0,0.12,0.12,1,3,0,0.58,0
855,91,Bachelor's,6.3,1,1,0,0,0,1,0,2,5,1,AI Engineer,5,0,1,0,1,1,1,1,Diploma,40.0,1.26,1.0,2,1,1,1.0,1
799,37,Bachelor's,0.2,0,0,0,1,0,1,0,1,2,1,Data Analyst,0,1,0,0,0,0,0,0,Bachelor's,0.0,1.0,1.0,2,2,1,0.58,1
940,58,Bachelor's,0.2,1,0,1,0,0,1,0,4,1,1,Data Analyst,4,1,1,1,1,0,0,0,Bachelor's,50.0,0.05,0.05,2,2,1,0.44,1
968,82,Bachelor's,1.1,0,0,1,0,0,1,0,2,5,0,Data Analyst,3,1,1,1,0,0,0,1,Bachelor's,25.0,0.3666666666666667,0.37,2,2,1,0.7,0
568,26,Bachelor's,0.3,1,1,0,0,0,1,1,2,2,0,Machine Learning,2,1,0,0,0,1,1,1,Bachelor's,75.0,0.15,0.15,2,2,1,0.28,0
672,42,Master's,5.3,1,0,1,0,1,1,0,4,3,0,Business Intelligence,3,0,1,0,0,0,0,0,Diploma,0.0,1.7666666666666666,1.0,3,1,1,0.42,0
496,16,Bachelor's,2.8,1,0,0,0,0,1,1,0,0,1,AI Engineer,2,1,1,0,1,1,1,0,Master's,40.0,1.4,1.0,2,3,0,0.3,1
149,22,Diploma,4.8,1,1,1,0,0,1,0,1,1,1,Data Analyst,2,1,1,0,0,0,1,0,Master's,100.0,2.4,1.0,1,3,0,0.44,1
799,23,Bachelor's,0.2,0,0,0,1,0,1,0,1,2,1,AI Engineer,4,1,0,0,0,1,1,0,Bachelor's,33.33,0.05,0.05,2,2,1,0.58,0
769,47,Bachelor's,1.2,1,0,1,0,1,1,0,3,1,0,Data Analyst,0,1,0,0,0,0,0,1,Master's,50.0,1.0,1.0,2,3,0,0.14,1
461,67,Bachelor's,1.3,0,0,0,1,0,1,1,0,2,1,Data Science,0,1,1,1,0,1,1,0,Bachelor's,20.0,1.0,1.0,2,2,1,0.58,1
139,3,Bachelor's,1.6,1,1,1,0,0,0,0,2,0,1,AI Engineer,3,0,1,1,0,0,0,0,Diploma,100.0,0.5333333333333333,0.53,2,1,1,0.3,1
861,12,Master's,3.7,0,1,0,0,0,1,0,1,3,1,Machine Learning,3,1,1,0,0,1,1,0,Bachelor's,50.0,1.2333333333333334,1.0,3,2,1,0.72,1
836,23,Bachelor's,2.7,0,0,0,0,0,1,0,4,4,0,AI Engineer,4,1,0,0,0,1,1,0,Bachelor's,33.33,0.675,0.68,2,2,1,0.56,1
292,11,Diploma,0.4,1,1,0,0,0,1,0,3,3,1,Data Analyst,3,1,1,0,0,1,0,1,Master's,50.0,0.13333333333333333,0.13,1,3,0,0.72,0
335,52,Diploma,9.2,1,1,0,1,0,1,0,0,4,1,Business Intelligence,1,1,0,1,0,0,0,0,Bachelor's,50.0,9.2,1.0,1,2,0,0.86,0
699,50,Bachelor's,8.2,0,1,0,1,1,1,0,1,5,0,AI Engineer,1,1,0,0,0,1,1,0,Master's,66.67,8.2,1.0,2,3,0,0.7,0
835,57,Bachelor's,4.2,1,0,0,1,1,1,1,1,3,0,Business Intelligence,3,0,1,0,1,0,0,0,Bachelor's,50.0,1.4000000000000001,1.0,2,2,1,0.42,1
184,64,Master's,6.7,1,0,0,1,1,0,1,0,1,1,AI Engineer,3,1,0,1,0,0,1,0,Bachelor's,33.33,2.2333333333333334,1.0,3,2,1,0.44,0
307,46,Bachelor's,3.1,1,0,0,0,0,0,0,1,2,0,Data Analyst,1,1,1,1,0,0,1,0,Bachelor's,25.0,3.1,1.0,2,2,1,0.28,0
925,29,Bachelor's,4.0,1,1,0,0,0,0,0,1,2,0,AI Engineer,0,1,1,1,1,0,1,0,Bachelor's,40.0,1.0,1.0,2,2,1,0.28,1
981,70,Bachelor's,0.5,1,1,1,0,0,1,0,2,2,0,AI Engineer,1,1,0,1,0,0,1,0,Bachelor's,100.0,0.5,0.5,2,2,1,0.28,1
898,46,Master's,0.5,1,1,0,0,0,1,0,2,1,1,Data Analyst,1,1,1,1,0,0,1,0,Bachelor's,75.0,0.5,0.5,3,2,1,0.44,1
262,16,Master's,4.0,0,1,1,1,1,1,0,1,4,0,AI Engineer,2,1,1,0,1,1,1,0,Master's,80.0,2.0,1.0,3,3,1,0.56,1
927,98,Bachelor's,2.2,0,1,0,1,0,0,0,1,1,0,Machine Learning,2,1,1,0,1,0,0,0,Bachelor's,66.67,1.1,1.0,2,2,1,0.14,1
310,51,Bachelor's,4.2,1,0,1,1,1,1,0,0,4,1,Machine Learning,5,0,1,1,0,1,0,0,Master's,66.67,0.8400000000000001,0.84,2,3,0,0.86,0
344,11,Bachelor's,3.2,1,0,1,0,1,1,0,1,3,1,Data Analyst,3,1,1,0,0,1,0,1,Master's,50.0,1.0666666666666667,1.0,2,3,0,0.72,0
424,11,Bachelor's,0.4,1,0,1,0,0,1,0,4,5,1,Data Analyst,3,1,1,0,0,1,0,1,Master's,25.0,0.13333333333333333,0.13,2,3,0,1.0,0
657,63,Bachelor's,2.0,0,0,1,0,0,0,0,2,4,1,Business Intelligence,5,1,1,0,0,0,0,0,Diploma,0.0,0.4,0.4,2,1,1,0.86,0
773,53,Bachelor's,5.6,0,0,0,0,0,1,0,0,2,0,Data Science,4,1,0,0,1,0,0,0,Bachelor's,0.0,1.4,1.0,2,2,1,0.28,1
514,89,Master's,0.0,1,1,0,0,1,1,0,3,2,0,Machine Learning,2,0,0,0,0,1,1,0,Bachelor's,100.0,0.0,0.0,3,2,1,0.28,1
826,58,Master's,1.9,0,0,0,0,1,0,0,3,2,0,Data Analyst,4,1,1,1,1,0,0,0,Bachelor's,0.0,0.475,0.48,3,2,1,0.28,0
524,19,Master's,0.3,1,0,0,0,0,0,0,3,7,0,Business Intelligence,5,1,0,0,0,0,0,1,Bachelor's,50.0,0.06,0.06,3,2,1,0.7,0
261,32,Bachelor's,0.8,0,0,0,0,0,1,0,0,2,0,AI Engineer,1,0,0,0,0,1,1,0,Diploma,50.0,0.8,0.8,2,1,1,0.28,1
362,50,Bachelor's,0.6,1,0,0,0,0,1,0,3,1,1,AI Engineer,1,1,0,0,0,1,1,0,Master's,66.67,0.6,0.6,2,3,0,0.44,1
956,72,Bachelor's,6.8,0,1,1,0,0,1,0,2,3,0,Data Science,5,1,0,0,0,0,0,1,Master's,0.0,1.3599999999999999,1.0,2,3,0,0.42,0
169,55,Diploma,0.0,0,1,0,0,0,1,0,0,4,0,Machine Learning,2,0,0,0,0,1,1,1,Bachelor's,33.33,0.0,0.0,1,2,0,0.56,0
660,76,Bachelor's,1.5,0,1,1,0,0,0,1,6,4,0,Data Science,0,1,0,0,0,0,1,0,Master's,0.0,1.0,1.0,2,3,0,0.56,0
200,41,Master's,0.3,1,0,0,0,0,0,0,2,2,1,Business Intelligence,2,1,0,0,0,0,1,1,Bachelor's,33.33,0.15,0.15,3,2,1,0.58,0
385,99,Master's,2.7,1,0,1,0,0,0,0,2,4,0,AI Engineer,2,1,1,0,1,0,0,0,Diploma,33.33,1.35,1.0,3,1,1,0.56,1
312,70,Diploma,5.6,0,1,1,0,0,1,0,1,2,1,AI Engineer,1,1,0,1,0,0,1,0,Bachelor's,66.67,5.6,1.0,1,2,0,0.58,1
582,21,Master's,1.2,0,1,0,0,1,1,0,3,2,0,Data Science,1,1,1,0,0,0,1,1,Bachelor's,50.0,1.2,1.0,3,2,1,0.28,1
312,26,Diploma,5.6,0,1,1,0,0,1,0,1,2,1,Machine Learning,2,1,0,0,0,1,1,1,Bachelor's,25.0,2.8,1.0,1,2,0,0.58,0
566,1,Bachelor's,1.4,1,1,1,0,0,0,0,4,4,0,Data Science,4,1,0,0,1,0,1,0,Bachelor's,33.33,0.35,0.35,2,2,1,0.56,1
395,81,Bachelor's,1.0,0,1,1,0,1,1,0,1,2,1,Data Science,2,1,1,0,0,0,0,1,Bachelor's,33.33,0.5,0.5,2,2,1,0.58,1
771,99,Bachelor's,1.5,1,1,0,0,0,1,0,2,1,0,AI Engineer,2,1,1,0,1,0,0,0,Diploma,66.67,0.75,0.75,2,1,1,0.14,1
351,27,Bachelor's,5.0,0,0,1,0,0,1,1,1,4,0,Data Science,3,0,1,0,0,1,0,0,Master's,0.0,1.6666666666666667,1.0,2,3,0,0.56,0
28,50,Bachelor's,4.7,0,1,0,0,0,0,0,4,0,1,AI Engineer,1,1,0,0,0,1,1,0,Master's,0.0,4.7,1.0,2,3,0,0.3,0
879,66,Diploma,0.9,0,1,0,0,1,0,0,1,2,0,Business Intelligence,1,0,1,1,1,0,1,0,Bachelor's,25.0,0.9,0.9,1,2,0,0.28,0
875,100,Diploma,3.3,0,0,0,0,1,1,1,5,7,0,Data Science,5,0,0,0,0,1,0,0,Bachelor's,100.0,0.6599999999999999,0.66,1,2,0,0.7,1
632,65,Master's,1.1,0,0,0,0,0,0,0,2,7,1,Machine Learning,0,1,1,1,0,0,1,0,Master's,0.0,1.0,1.0,3,3,1,1.0,1
133,10,Bachelor's,0.2,0,1,1,0,0,0,1,1,5,0,AI Engineer,5,0,1,0,1,1,0,0,Master's,33.33,0.04,0.04,2,3,0,0.7,0
380,95,Bachelor's,2.2,0,1,0,0,1,1,0,4,2,0,AI Engineer,3,1,1,1,0,1,1,0,Bachelor's,60.0,0.7333333333333334,0.73,2,2,1,0.28,0
602,37,Bachelor's,1.0,1,1,1,0,0,1,0,3,3,1,Data Analyst,0,1,0,0,0,0,0,0,Bachelor's,100.0,1.0,1.0,2,2,1,0.72,1
528,69,Bachelor's,0.9,0,1,1,0,1,1,0,1,2,1,Data Science,5,1,0,1,0,0,1,0,Bachelor's,66.67,0.18,0.18,2,2,1,0.58,1
287,41,Bachelor's,0.2,0,0,1,1,1,1,0,2,1,0,Business Intelligence,2,1,0,0,0,0,1,1,Bachelor's,33.33,0.1,0.1,2,2,1,0.14,0
284,46,Diploma,0.0,1,1,0,1,1,0,0,2,3,1,Data Analyst,1,1,1,1,0,0,1,0,Bachelor's,50.0,0.0,0.0,1,2,0,0.72,0
903,77,Bachelor's,3.6,1,1,0,0,0,1,0,2,6,0,Data Analyst,0,0,1,0,0,0,0,1,Bachelor's,50.0,1.0,1.0,2,2,1,0.7,1
742,45,Bachelor's,3.3,1,1,0,0,0,1,0,1,0,0,Business Intelligence,1,0,0,0,0,0,1,0,Bachelor's,100.0,3.3,1.0,2,2,1,0.0,1
649,88,Master's,3.8,1,1,1,0,0,1,0,5,1,0,Data Analyst,0,1,1,1,0,0,1,1,Diploma,80.0,1.0,1.0,3,1,1,0.14,1
807,27,Master's,2.7,0,0,0,0,1,0,0,0,6,0,Data Science,3,0,1,0,0,1,0,0,Master's,50.0,0.9,0.9,3,3,1,0.7,1
227,65,Master's,1.3,1,0,0,0,0,0,0,3,3,0,Machine Learning,0,1,1,1,0,0,1,0,Master's,25.0,1.0,1.0,3,3,1,0.42,1
427,84,Bachelor's,0.0,1,1,0,1,1,1,0,0,5,1,AI Engineer,1,1,0,1,1,1,0,0,Bachelor's,75.0,0.0,0.0,2,2,1,1.0,1
27,8,Bachelor's,5.0,0,1,0,0,1,1,1,4,1,1,AI Engineer,2,1,0,0,0,0,1,0,Master's,50.0,2.5,1.0,2,3,0,0.44,0
332,67,Master's,3.2,1,1,0,0,1,0,0,2,4,1,Data Science,0,1,1,1,0,1,1,0,Bachelor's,60.0,1.0,1.0,3,2,1,0.86,1
117,49,Master's,0.2,1,1,1,0,0,0,0,2,1,0,Data Science,4,1,1,0,0,0,0,0,Diploma,100.0,0.05,0.05,3,1,1,0.14,1
89,96,Master's,11.8,0,1,1,0,1,1,0,2,2,1,Business Intelligence,2,1,1,0,1,0,0,0,Master's,33.33,5.9,1.0,3,3,1,0.58,1
619,89,Master's,2.0,0,1,0,0,0,0,0,1,5,0,Machine Learning,2,0,0,0,0,1,1,0,Bachelor's,0.0,1.0,1.0,3,2,1,0.7,1
733,89,Bachelor's,1.9,1,0,1,0,1,1,0,1,6,1,Machine Learning,2,0,0,0,0,1,1,0,Bachelor's,100.0,0.95,0.95,2,2,1,1.0,1
735,14,Bachelor's,0.4,0,0,0,0,0,1,0,1,2,1,Data Science,3,1,1,0,0,1,1,0,Bachelor's,25.0,0.13333333333333333,0.13,2,2,1,0.58,0
122,62,Master's,7.8,1,0,0,1,0,1,0,3,4,0,Machine Learning,1,1,1,1,0,0,0,1,Diploma,25.0,7.8,1.0,3,1,1,0.56,0
894,43,Bachelor's,0.6,0,0,0,0,0,1,0,1,2,1,AI Engineer,3,1,0,0,0,0,0,0,Bachelor's,0.0,0.19999999999999998,0.2,2,2,1,0.58,0
866,27,Bachelor's,6.9,0,0,0,0,0,0,0,2,7,1,Data Science,3,0,1,0,0,1,0,0,Master's,0.0,2.3000000000000003,1.0,2,3,0,1.0,0
33,96,Diploma,0.7,1,1,0,0,1,1,0,4,2,0,Business Intelligence,2,1,1,0,1,0,0,0,Master's,66.67,0.35,0.35,1,3,0,0.28,0
603,27,Bachelor's,0.6,0,0,1,0,0,1,1,0,1,1,Data Science,3,0,1,0,0,1,0,0,Master's,0.0,0.19999999999999998,0.2,2,3,0,0.44,0
696,68,Bachelor's,0.2,1,0,1,0,1,0,0,3,1,0,Data Science,4,1,0,0,0,0,1,0,Bachelor's,50.0,0.05,0.05,2,2,1,0.14,0
888,75,Bachelor's,0.7,1,1,1,1,0,1,0,0,8,0,AI Engineer,2,0,1,1,0,1,1,0,Master's,75.0,0.35,0.35,2,3,0,0.7,0
770,48,Master's,1.3,0,0,0,1,0,0,0,2,3,0,AI Engineer,1,1,1,1,0,1,0,0,Bachelor's,0.0,1.3,1.0,3,2,1,0.42,0
398,67,Bachelor's,0.7,1,1,0,0,0,0,0,1,2,1,Data Science,0,1,1,1,0,1,1,0,Bachelor's,40.0,1.0,1.0,2,2,1,0.58,1
525,25,Master's,1.7,0,0,1,0,0,1,0,4,3,1,Data Science,3,1,1,0,0,0,1,0,Bachelor's,33.33,0.5666666666666667,0.57,3,2,1,0.72,1
24,64,Bachelor's,8.9,1,0,1,0,0,0,0,1,1,1,AI Engineer,3,1,0,1,0,0,1,0,Bachelor's,66.67,2.966666666666667,1.0,2,2,1,0.44,1
325,24,Master's,9.3,0,1,1,0,0,1,0,1,4,0,Machine Learning,2,1,1,0,1,0,1,0,Master's,50.0,4.65,1.0,3,3,1,0.56,1
34,9,Master's,0.3,0,0,1,0,0,1,0,0,2,0,Data Analyst,0,1,1,0,0,0,0,0,Master's,0.0,1.0,1.0,3,3,1,0.28,0
247,8,Bachelor's,0.4,1,1,0,1,0,0,0,0,1,0,AI Engineer,2,1,0,0,0,0,1,0,Master's,50.0,0.2,0.2,2,3,0,0.14,0
855,95,Bachelor's,6.3,1,1,0,0,0,1,0,2,5,1,AI Engineer,3,1,1,1,0,1,1,0,Bachelor's,60.0,2.1,1.0,2,2,1,1.0,1
19,59,Bachelor's,6.2,1,0,0,0,0,1,0,3,2,0,Data Science,2,0,1,0,0,0,0,0,Master's,0.0,3.1,1.0,2,3,0,0.28,0
30,17,Diploma,4.4,0,1,0,0,0,1,1,2,2,1,AI Engineer,4,1,0,1,0,1,0,0,Bachelor's,0.0,1.1,1.0,1,2,0,0.58,1
49,43,Bachelor's,5.1,1,0,1,0,1,1,1,2,3,1,AI Engineer,3,1,0,0,0,0,0,0,Bachelor's,100.0,1.7,1.0,2,2,1,0.72,1
939,95,Bachelor's,1.7,0,0,1,0,0,1,0,1,1,0,AI Engineer,3,1,1,1,0,1,1,0,Bachelor's,40.0,0.5666666666666667,0.57,2,2,1,0.14,0
912,68,Bachelor's,5.2,1,0,0,1,1,1,0,2,2,0,Data Science,4,1,0,0,0,0,1,0,Bachelor's,100.0,1.3,1.0,2,2,1,0.28,1
180,4,Bachelor's,1.9,1,1,0,1,0,1,0,4,2,1,Data Analyst,2,0,1,0,0,0,1,1,Bachelor's,66.67,0.95,0.95,2,2,1,0.58,1
370,8,Diploma,0.7,0,1,0,0,1,0,0,1,2,1,AI Engineer,2,1,0,0,0,0,1,0,Master's,0.0,0.35,0.35,1,3,0,0.58,0
884,42,Bachelor's,3.6,1,0,0,1,0,0,0,3,1,1,Business Intelligence,3,0,1,0,0,0,0,0,Diploma,0.0,1.2,1.0,2,1,1,0.44,0
1000,49,Bachelor's,0.8,0,0,0,0,0,1,1,0,4,1,Data Science,4,1,1,0,0,0,0,0,Diploma,0.0,0.2,0.2,2,1,1,0.86,0
738,6,Master's,0.5,1,1,0,0,0,1,0,4,6,0,Data Science,2,0,0,0,0,1,0,0,Diploma,0.0,0.25,0.25,3,1,1,0.7,0
945,73,Bachelor's,3.9,0,0,1,1,0,1,0,3,3,0,AI Engineer,1,0,0,0,0,0,1,0,Master's,100.0,3.9,1.0,2,3,0,0.42,1
395,42,Bachelor's,1.0,0,1,1,0,1,1,0,1,2,1,Business Intelligence,3,0,1,0,0,0,0,0,Diploma,100.0,0.3333333333333333,0.33,2,1,1,0.58,1
590,72,Bachelor's,3.2,0,0,1,0,1,1,0,2,2,0,Data Science,5,1,0,0,0,0,0,1,Master's,0.0,0.64,0.64,2,3,0,0.28,0
496,32,Bachelor's,2.8,1,0,0,0,0,1,1,0,0,1,AI Engineer,1,0,0,0,0,1,1,0,Diploma,50.0,2.8,1.0,2,1,1,0.3,1
431,15,Bachelor's,1.5,0,1,1,0,1,1,0,2,3,1,AI Engineer,0,1,1,1,0,0,1,1,Master's,60.0,1.0,1.0,2,3,0,0.72,1
207,82,Bachelor's,2.9,1,1,0,1,0,1,0,1,2,1,Data Analyst,3,1,1,1,0,0,0,1,Bachelor's,50.0,0.9666666666666667,0.97,2,2,1,0.58,1
35,87,Master's,0.2,0,0,0,0,0,1,0,4,5,1,AI Engineer,1,1,0,0,0,0,0,0,Bachelor's,0.0,0.2,0.2,3,2,1,1.0,0
762,69,Bachelor's,4.7,1,1,1,1,0,1,0,0,3,1,Data Science,5,1,0,1,0,0,1,0,Bachelor's,100.0,0.9400000000000001,0.94,2,2,1,0.72,1
583,27,Bachelor's,2.3,1,0,1,1,1,1,1,5,0,1,Data Science,3,0,1,0,0,1,0,0,Master's,50.0,0.7666666666666666,0.77,2,3,0,0.3,0
413,97,Master's,0.8,1,0,1,0,1,1,0,1,4,0,Data Analyst,4,0,0,1,0,1,1,0,Bachelor's,100.0,0.2,0.2,3,2,1,0.56,1
364,66,Bachelor's,2.5,1,0,0,0,0,0,0,2,3,1,Business Intelligence,1,0,1,1,1,0,1,0,Bachelor's,0.0,2.5,1.0,2,2,1,0.72,0
310,59,Bachelor's,4.2,1,0,1,1,1,1,0,0,4,1,Data Science,2,0,1,0,0,0,0,0,Master's,0.0,2.1,1.0,2,3,0,0.86,1
982,28,Master's,4.1,1,1,0,0,0,1,0,1,4,1,Data Science,1,0,1,0,1,1,0,0,Bachelor's,33.33,4.1,1.0,3,2,1,0.86,1
279,24,Master's,0.4,0,0,0,1,1,0,0,3,3,1,Machine Learning,2,1,1,0,1,0,1,0,Master's,25.0,0.2,0.2,3,3,1,0.72,0
152,51,Bachelor's,4.5,1,0,0,0,0,1,1,4,4,0,Machine Learning,5,0,1,1,0,1,0,0,Master's,0.0,0.9,0.9,2,3,0,0.56,0
227,21,Master's,1.3,1,0,0,0,0,0,0,3,3,0,Data Science,1,1,1,0,0,0,1,1,Bachelor's,25.0,1.3,1.0,3,2,1,0.42,1
243,31,Master's,3.7,0,1,1,0,0,1,0,1,1,1,AI Engineer,1,1,0,1,1,0,0,0,Master's,33.33,3.7,1.0,3,3,1,0.44,1
10,75,Master's,1.7,1,0,0,0,0,1,0,2,4,1,AI Engineer,2,0,1,1,0,1,1,0,Master's,25.0,0.85,0.85,3,3,1,0.86,0
829,50,Master's,4.0,1,1,0,0,0,1,0,4,2,0,AI Engineer,1,1,0,0,0,1,1,0,Master's,66.67,4.0,1.0,3,3,1,0.28,1
392,92,Bachelor's,0.2,1,1,0,0,0,1,0,2,3,1,Machine Learning,3,0,1,0,0,0,1,0,Bachelor's,100.0,0.06666666666666667,0.07,2,2,1,0.72,1
48,40,Bachelor's,0.1,0,0,0,0,0,1,0,2,1,1,Data Analyst,2,1,0,0,0,1,0,1,Bachelor's,0.0,0.05,0.05,2,2,1,0.44,0
624,68,Bachelor's,7.9,0,1,1,1,0,0,1,3,0,0,Data Science,4,1,0,0,0,0,1,0,Bachelor's,0.0,1.975,1.0,2,2,1,0.0,0
204,16,Master's,1.0,1,1,1,0,0,1,0,2,2,1,AI Engineer,2,1,1,0,1,1,1,0,Master's,60.0,0.5,0.5,3,3,1,0.58,1
989,76,Bachelor's,1.4,0,0,1,0,0,0,1,0,2,0,Data Science,0,1,0,0,0,0,1,0,Master's,0.0,1.0,1.0,2,3,0,0.28,0
894,86,Bachelor's,0.6,0,0,0,0,0,1,0,1,2,1,Data Science,3,0,0,1,1,0,1,0,Bachelor's,33.33,0.19999999999999998,0.2,2,2,1,0.58,0
157,99,Bachelor's,0.4,1,1,0,0,1,1,0,1,3,1,AI Engineer,2,1,1,0,1,0,0,0,Diploma,66.67,0.2,0.2,2,1,1,0.72,1
855,63,Bachelor's,6.3,1,1,0,0,0,1,0,2,5,1,Business Intelligence,5,1,1,0,0,0,0,0,Diploma,100.0,1.26,1.0,2,1,1,1.0,1
26,56,Master's,1.6,1,0,1,0,0,1,0,0,5,0,Machine Learning,2,0,1,1,1,1,1,1,Diploma,33.33,0.8,0.8,3,1,1,0.7,0
992,24,Bachelor's,0.4,0,0,0,0,0,1,0,3,4,0,Machine Learning,2,1,1,0,1,0,1,0,Master's,25.0,0.2,0.2,2,3,0,0.56,0
820,99,Bachelor's,1.2,1,0,0,0,1,1,0,2,1,0,AI Engineer,2,1,1,0,1,0,0,0,Diploma,33.33,0.6,0.6,2,1,1,0.14,1
678,28,Bachelor's,1.3,1,0,1,0,0,0,0,2,3,1,Data Science,1,0,1,0,1,1,0,0,Bachelor's,0.0,1.3,1.0,2,2,1,0.72,1
761,93,Bachelor's,1.5,1,0,0,1,0,0,0,1,3,1,Data Science,1,0,1,1,0,1,1,0,Bachelor's,0.0,1.5,1.0,2,2,1,0.72,1
774,85,Bachelor's,7.8,1,1,1,0,0,1,0,2,4,0,Data Science,1,1,0,0,0,0,0,0,Master's,100.0,7.8,1.0,2,3,0,0.56,1
264,89,Bachelor's,1.5,1,0,0,0,1,1,0,1,3,0,Machine Learning,2,0,0,0,0,1,1,0,Bachelor's,100.0,0.75,0.75,2,2,1,0.42,1
529,31,Diploma,4.1,1,1,0,0,0,0,0,6,1,1,AI Engineer,1,1,0,1,1,0,0,0,Master's,33.33,4.1,1.0,1,3,0,0.44,0
588,15,Bachelor's,1.3,0,1,0,0,0,0,0,2,5,1,AI Engineer,0,1,1,1,0,0,1,1,Master's,20.0,1.0,1.0,2,3,0,1.0,0
958,42,Diploma,1.4,0,0,0,0,0,0,1,2,1,1,Business Intelligence,3,0,1,0,0,0,0,0,Diploma,0.0,0.4666666666666666,0.47,1,1,1,0.44,0
470,99,Master's,3.8,1,0,1,0,1,1,0,2,5,1,AI Engineer,2,1,1,0,1,0,0,0,Diploma,33.33,1.9,1.0,3,1,1,1.0,1
254,50,Bachelor's,0.3,0,0,0,0,0,0,0,2,1,0,AI Engineer,1,1,0,0,0,1,1,0,Master's,0.0,0.3,0.3,2,3,0,0.14,0
718,86,Master's,3.0,0,0,1,0,0,0,0,5,2,1,Data Science,3,0,0,1,1,0,1,0,Bachelor's,33.33,1.0,1.0,3,2,1,0.58,1
147,48,Bachelor's,4.0,1,1,0,0,0,0,0,2,5,0,AI Engineer,1,1,1,1,0,1,0,0,Bachelor's,50.0,4.0,1.0,2,2,1,0.7,1
326,13,Master's,1.0,0,1,1,0,0,1,1,0,5,0,Data Analyst,3,0,1,1,1,0,1,1,Bachelor's,80.0,0.3333333333333333,0.33,3,2,1,0.7,1
338,32,Master's,2.9,1,1,1,0,0,1,0,0,1,0,AI Engineer,1,0,0,0,0,1,1,0,Diploma,50.0,2.9,1.0,3,1,1,0.14,1
740,67,Bachelor's,1.3,1,1,0,0,1,1,0,1,3,0,Data Science,0,1,1,1,0,1,1,0,Bachelor's,80.0,1.0,1.0,2,2,1,0.42,1
118,79,Bachelor's,5.2,0,0,0,0,1,1,0,1,2,1,Data Science,3,1,1,0,0,0,1,0,Bachelor's,33.33,1.7333333333333334,1.0,2,2,1,0.58,1
165,91,Diploma,0.4,1,0,0,0,0,0,0,2,4,1,AI Engineer,5,0,1,0,1,1,1,1,Diploma,0.0,0.08,0.08,1,1,1,0.86,0
550,91,Master's,2.5,1,1,1,0,0,0,0,2,3,1,AI Engineer,5,0,1,0,1,1,1,1,Diploma,20.0,0.5,0.5,3,1,1,0.72,0
911,30,Bachelor's,0.9,1,0,1,0,0,0,0,2,4,0,Data Analyst,1,1,1,0,1,1,0,0,Bachelor's,25.0,0.9,0.9,2,2,1,0.56,1
870,6,Master's,3.2,1,0,1,0,1,1,0,1,5,0,Data Science,2,0,0,0,0,1,0,0,Diploma,100.0,1.6,1.0,3,1,1,0.7,1
808,25,Master's,0.5,1,0,1,1,0,0,0,2,0,0,Data Science,3,1,1,0,0,0,1,0,Bachelor's,33.33,0.16666666666666666,0.17,3,2,1,0.0,0
649,28,Master's,3.8,1,1,1,0,0,1,0,5,1,0,Data Science,1,0,1,0,1,1,0,0,Bachelor's,33.33,3.8,1.0,3,2,1,0.14,1
821,62,Master's,0.6,0,0,0,1,0,1,0,3,4,1,Machine Learning,1,1,1,1,0,0,0,1,Diploma,0.0,0.6,0.6,3,1,1,0.86,0
758,22,Bachelor's,1.7,0,0,1,0,0,0,0,0,3,0,Data Analyst,2,1,1,0,0,0,1,0,Master's,0.0,0.85,0.85,2,3,0,0.42,0
198,68,Master's,8.7,0,1,0,0,1,0,0,0,1,1,Data Science,4,1,0,0,0,0,1,0,Bachelor's,0.0,2.175,1.0,3,2,1,0.44,1
374,15,Bachelor's,1.7,1,1,0,1,1,0,0,6,4,0,AI Engineer,0,1,1,1,0,0,1,1,Master's,40.0,1.0,1.0,2,3,0,0.56,1
578,26,Master's,2.6,0,0,0,1,0,0,0,3,1,1,Machine Learning,2,1,0,0,0,1,1,1,Bachelor's,0.0,1.3,1.0,3,2,1,0.44,0
592,63,Bachelor's,11.8,0,0,0,0,0,0,0,1,1,0,Business Intelligence,5,1,1,0,0,0,0,0,Diploma,0.0,2.3600000000000003,1.0,2,1,1,0.14,1
564,18,Diploma,0.8,1,0,0,0,0,0,1,3,7,1,Data Analyst,0,1,1,0,0,1,0,0,Diploma,33.33,1.0,1.0,1,1,1,1.0,1
129,73,Diploma,1.2,0,1,0,0,0,1,1,1,1,0,AI Engineer,1,0,0,0,0,0,1,0,Master's,100.0,1.2,1.0,1,3,0,0.14,1
414,63,Bachelor's,0.1,1,0,0,0,0,0,0,1,6,0,Business Intelligence,5,1,1,0,0,0,0,0,Diploma,50.0,0.02,0.02,2,1,1,0.7,0
380,62,Bachelor's,2.2,0,1,0,0,1,1,0,4,2,0,Machine Learning,1,1,1,1,0,0,0,1,Diploma,25.0,2.2,1.0,2,1,1,0.28,0
880,68,Bachelor's,2.1,1,0,1,0,0,1,0,2,4,1,Data Science,4,1,0,0,0,0,1,0,Bachelor's,100.0,0.525,0.52,2,2,1,0.86,1
993,48,Bachelor's,2.4,0,1,0,0,0,1,0,1,2,1,AI Engineer,1,1,1,1,0,1,0,0,Bachelor's,25.0,2.4,1.0,2,2,1,0.58,1
1,50,Bachelor's,0.5,1,1,0,0,0,1,0,4,4,1,AI Engineer,1,1,0,0,0,1,1,0,Master's,66.67,0.5,0.5,2,3,0,0.86,1
167,63,Bachelor's,4.5,0,1,0,0,0,0,0,3,6,0,Business Intelligence,5,1,1,0,0,0,0,0,Diploma,50.0,0.9,0.9,2,1,1,0.7,1
16,69,Bachelor's,6.5,1,0,0,0,1,0,0,1,3,0,Data Science,5,1,0,1,0,0,1,0,Bachelor's,33.33,1.3,1.0,2,2,1,0.42,1
657,6,Bachelor's,2.0,0,0,1,0,0,0,0,2,4,1,Data Science,2,0,0,0,0,1,0,0,Diploma,0.0,1.0,1.0,2,1,1,0.86,0
112,58,Bachelor's,0.6,1,0,0,1,0,0,0,0,3,0,Data Analyst,4,1,1,1,1,0,0,0,Bachelor's,50.0,0.15,0.15,2,2,1,0.42,1
368,51,Master's,6.0,0,0,0,0,0,1,0,1,0,1,Machine Learning,5,0,1,1,0,1,0,0,Master's,0.0,1.2,1.0,3,3,1,0.3,0
102,12,Bachelor's,8.7,1,1,0,0,1,1,1,1,1,1,Machine Learning,3,1,1,0,0,1,1,0,Bachelor's,100.0,2.9,1.0,2,2,1,0.44,1
594,95,Bachelor's,0.3,1,1,0,1,1,0,1,5,1,1,AI Engineer,3,1,1,1,0,1,1,0,Bachelor's,60.0,0.09999999999999999,0.1,2,2,1,0.44,0
406,47,Master's,1.6,0,1,1,1,1,1,0,3,2,0,Data Analyst,0,1,0,0,0,0,0,1,Master's,0.0,1.0,1.0,3,3,1,0.28,1
982,9,Master's,4.1,1,1,0,0,0,1,0,1,4,1,Data Analyst,0,1,1,0,0,0,0,0,Master's,100.0,1.0,1.0,3,3,1,0.86,1
507,7,Master's,2.2,0,1,1,0,1,1,0,3,2,0,AI Engineer,2,1,0,0,0,1,0,0,Bachelor's,50.0,1.1,1.0,3,2,1,0.28,1
611,29,Diploma,5.3,0,1,0,0,1,1,0,3,3,0,AI Engineer,0,1,1,1,1,0,1,0,Bachelor's,40.0,1.0,1.0,1,2,0,0.42,0
671,78,Bachelor's,1.2,0,0,0,1,0,0,1,0,5,1,Business Intelligence,5,1,0,0,0,1,1,0,Master's,0.0,0.24,0.24,2,3,0,1.0,0
40,51,Bachelor's,0.9,1,1,0,1,1,0,1,2,5,1,Machine Learning,5,0,1,1,0,1,0,0,Master's,66.67,0.18,0.18,2,3,0,1.0,0
667,84,Bachelor's,0.6,1,1,0,0,0,0,0,6,2,1,AI Engineer,1,1,0,1,1,1,0,0,Bachelor's,25.0,0.6,0.6,2,2,1,0.58,0
548,55,Bachelor's,2.0,1,0,0,0,0,1,0,3,1,0,Machine Learning,2,0,0,0,0,1,1,1,Bachelor's,33.33,1.0,1.0,2,2,1,0.14,0
381,96,Bachelor's,0.4,0,0,0,0,0,1,0,2,6,1,Business Intelligence,2,1,1,0,1,0,0,0,Master's,0.0,0.2,0.2,2,3,0,1.0,0
759,59,Master's,0.3,0,0,0,0,1,0,0,5,2,1,Data Science,2,0,1,0,0,0,0,0,Master's,0.0,0.15,0.15,3,3,1,0.58,0
516,56,Diploma,0.0,0,1,0,1,0,0,0,1,8,0,Machine Learning,2,0,1,1,1,1,1,1,Diploma,33.33,0.0,0.0,1,1,1,0.7,0
497,22,Bachelor's,2.4,0,1,0,0,0,1,1,0,1,1,Data Analyst,2,1,1,0,0,0,1,0,Master's,66.67,1.2,1.0,2,3,0,0.44,1
886,100,Bachelor's,1.5,0,1,1,0,1,0,0,3,3,1,Data Science,5,0,0,0,0,1,0,0,Bachelor's,100.0,0.3,0.3,2,2,1,0.72,1
965,18,Bachelor's,2.1,0,0,0,0,0,1,0,3,0,1,Data Analyst,0,1,1,0,0,1,0,0,Diploma,0.0,1.0,1.0,2,1,1,0.3,0
281,58,Master's,2.4,1,0,0,1,1,1,0,2,3,0,Data Analyst,4,1,1,1,1,0,0,0,Bachelor's,50.0,0.6,0.6,3,2,1,0.42,0
351,40,Bachelor's,5.0,0,0,1,0,0,1,1,1,4,0,Data Analyst,2,1,0,0,0,1,0,1,Bachelor's,33.33,2.5,1.0,2,2,1,0.56,0
334,89,Bachelor's,12.0,0,0,0,0,0,1,0,1,1,1,Machine Learning,2,0,0,0,0,1,1,0,Bachelor's,50.0,6.0,1.0,2,2,1,0.44,1
926,31,Diploma,0.2,0,0,0,0,0,1,0,2,3,0,AI Engineer,1,1,0,1,1,0,0,0,Master's,0.0,0.2,0.2,1,3,0,0.42,0
943,56,Bachelor's,3.8,1,0,1,0,0,0,1,3,1,0,Machine Learning,2,0,1,1,1,1,1,1,Diploma,33.33,1.9,1.0,2,1,1,0.14,1
761,35,Bachelor's,1.5,1,0,0,1,0,0,0,1,3,1,Data Science,0,0,0,0,0,0,1,0,Master's,0.0,1.0,1.0,2,3,0,0.72,0
524,26,Master's,0.3,1,0,0,0,0,0,0,3,7,0,Machine Learning,2,1,0,0,0,1,1,1,Bachelor's,25.0,0.15,0.15,3,2,1,0.7,0
283,68,Bachelor's,2.1,1,1,0,0,1,1,1,3,3,1,Data Science,4,1,0,0,0,0,1,0,Bachelor's,100.0,0.525,0.52,2,2,1,0.72,1
941,84,Bachelor's,0.2,1,1,0,0,1,1,0,4,1,1,AI Engineer,1,1,0,1,1,1,0,0,Bachelor's,50.0,0.2,0.2,2,2,1,0.44,0
728,34,Master's,12.0,1,0,1,0,0,1,0,1,4,0,Machine Learning,2,1,1,0,0,1,0,0,Bachelor's,33.33,6.0,1.0,3,2,1,0.56,1
319,76,Bachelor's,0.2,1,1,0,0,0,1,1,1,5,0,Data Science,0,1,0,0,0,0,1,0,Master's,100.0,1.0,1.0,2,3,0,0.7,1
823,16,Bachelor's,2.4,0,1,0,0,1,1,0,0,8,1,AI Engineer,2,1,1,0,1,1,1,0,Master's,60.0,1.2,1.0,2,3,0,1.0,1
414,42,Bachelor's,0.1,1,0,0,0,0,0,0,1,6,0,Business Intelligence,3,0,1,0,0,0,0,0,Diploma,0.0,0.03333333333333333,0.03,2,1,1,0.7,0
594,5,Bachelor's,0.3,1,1,0,1,1,0,1,5,1,1,Business Intelligence,4,0,1,0,0,0,1,0,Bachelor's,50.0,0.075,0.08,2,2,1,0.44,0
14,61,Bachelor's,0.1,1,0,0,0,0,1,0,0,4,0,Business Intelligence,2,0,0,1,0,0,1,0,Bachelor's,50.0,0.05,0.05,2,2,1,0.56,0
56,44,Master's,1.1,0,1,0,0,0,1,0,0,1,1,Business Intelligence,1,1,1,0,0,1,0,0,Bachelor's,33.33,1.1,1.0,3,2,1,0.44,1
403,35,Bachelor's,0.1,1,1,0,1,0,1,0,3,2,1,Data Science,0,0,0,0,0,0,1,0,Master's,100.0,1.0,1.0,2,3,0,0.58,1
342,91,Bachelor's,1.6,1,1,0,1,0,1,0,6,2,1,AI Engineer,5,0,1,0,1,1,1,1,Diploma,60.0,0.32,0.32,2,1,1,0.58,1
794,1,Bachelor's,2.9,1,1,0,1,0,0,0,0,2,0,Data Science,4,1,0,0,1,0,1,0,Bachelor's,66.67,0.725,0.72,2,2,1,0.28,1
199,98,Master's,3.5,1,0,0,0,0,0,0,4,3,1,Machine Learning,2,1,1,0,1,0,0,0,Bachelor's,33.33,1.75,1.0,3,2,1,0.72,1
860,43,Diploma,3.3,1,1,1,0,0,1,0,2,3,0,AI Engineer,3,1,0,0,0,0,0,0,Bachelor's,100.0,1.0999999999999999,1.0,1,2,0,0.42,1
678,32,Bachelor's,1.3,1,0,1,0,0,0,0,2,3,1,AI Engineer,1,0,0,0,0,1,1,0,Diploma,0.0,1.3,1.0,2,1,1,0.72,1
965,63,Bachelor's,2.1,0,0,0,0,0,1,0,3,0,1,Business Intelligence,5,1,1,0,0,0,0,0,Diploma,0.0,0.42000000000000004,0.42,2,1,1,0.3,0
292,33,Diploma,0.4,1,1,0,0,0,1,0,3,3,1,AI Engineer,3,0,1,0,0,0,0,0,Bachelor's,100.0,0.13333333333333333,0.13,1,2,0,0.72,1
658,95,Bachelor's,0.9,0,1,0,1,0,0,0,4,2,0,AI Engineer,3,1,1,1,0,1,1,0,Bachelor's,20.0,0.3,0.3,2,2,1,0.28,0
441,77,Diploma,8.8,0,0,1,0,0,0,0,1,3,0,Data Analyst,0,0,1,0,0,0,0,1,Bachelor's,0.0,1.0,1.0,1,2,0,0.42,0
78,66,Diploma,2.8,1,0,0,0,0,0,0,1,3,0,Business Intelligence,1,0,1,1,1,0,1,0,Bachelor's,0.0,2.8,1.0,1,2,0,0.42,0
112,30,Bachelor's,0.6,1,0,0,1,0,0,0,0,3,0,Data Analyst,1,1,1,0,1,1,0,0,Bachelor's,50.0,0.6,0.6,2,2,1,0.42,1
535,10,Master's,1.3,0,0,0,0,0,0,0,3,5,1,AI Engineer,5,0,1,0,1,1,0,0,Master's,0.0,0.26,0.26,3,3,1,1.0,0
116,97,Master's,2.2,1,1,0,0,1,0,0,4,3,0,Data Analyst,4,0,0,1,0,1,1,0,Bachelor's,33.33,0.55,0.55,3,2,1,0.42,0
142,39,Bachelor's,1.1,1,1,0,0,0,1,0,0,6,1,Data Science,0,1,0,0,1,0,1,1,Master's,50.0,1.0,1.0,2,3,0,1.0,1
992,45,Bachelor's,0.4,0,0,0,0,0,1,0,3,4,0,Business Intelligence,1,0,0,0,0,0,1,0,Bachelor's,100.0,0.4,0.4,2,2,1,0.56,1
197,29,Master's,9.1,1,1,0,0,0,1,0,1,3,0,AI Engineer,0,1,1,1,1,0,1,0,Bachelor's,60.0,1.0,1.0,3,2,1,0.42,1
790,30,Master's,1.8,0,1,0,0,0,1,0,4,3,0,Data Analyst,1,1,1,0,1,1,0,0,Bachelor's,25.0,1.8,1.0,3,2,1,0.42,0
540,34,Bachelor's,1.9,0,0,0,0,0,1,1,8,1,1,Machine Learning,2,1,1,0,0,1,0,0,Bachelor's,0.0,0.95,0.95,2,2,1,0.44,1
299,52,Bachelor's,2.5,1,0,0,0,1,1,0,4,0,0,Business Intelligence,1,1,0,1,0,0,0,0,Bachelor's,50.0,2.5,1.0,2,2,1,0.0,1
76,81,Master's,1.4,0,1,0,0,0,1,0,2,1,1,Data Science,2,1,1,0,0,0,0,1,Bachelor's,33.33,0.7,0.7,3,2,1,0.44,1
530,22,Master's,1.9,0,0,0,0,1,1,0,2,4,0,Data Analyst,2,1,1,0,0,0,1,0,Master's,33.33,0.95,0.95,3,3,1,0.56,1
100,5,Bachelor's,1.1,1,0,0,0,1,0,0,1,2,1,Business Intelligence,4,0,1,0,0,0,1,0,Bachelor's,0.0,0.275,0.28,2,2,1,0.58,0
973,86,Master's,0.8,0,0,0,1,0,1,0,0,2,1,Data Science,3,0,0,1,1,0,1,0,Bachelor's,66.67,0.26666666666666666,0.27,3,2,1,0.58,1
468,32,Master's,1.3,1,1,0,1,0,0,0,2,4,1,AI Engineer,1,0,0,0,0,1,1,0,Diploma,0.0,1.3,1.0,3,1,1,0.86,1
636,24,Bachelor's,0.7,0,0,1,0,0,1,1,0,4,1,Machine Learning,2,1,1,0,1,0,1,0,Master's,25.0,0.35,0.35,2,3,0,0.86,0
877,11,Master's,2.2,1,0,0,1,0,0,0,1,4,1,Data Analyst,3,1,1,0,0,1,0,1,Master's,25.0,0.7333333333333334,0.73,3,3,1,0.86,0
125,17,Bachelor's,2.7,0,1,1,1,1,1,0,0,1,1,AI Engineer,4,1,0,1,0,1,0,0,Bachelor's,66.67,0.675,0.68,2,2,1,0.44,1
519,32,Master's,0.7,0,0,0,0,1,0,0,2,4,0,AI Engineer,1,0,0,0,0,1,1,0,Diploma,50.0,0.7,0.7,3,1,1,0.56,1
162,27,Bachelor's,0.3,0,0,0,0,0,1,0,4,1,1,Data Science,3,0,1,0,0,1,0,0,Master's,0.0,0.09999999999999999,0.1,2,3,0,0.44,0
506,61,Bachelor's,1.3,1,1,0,0,1,0,0,1,2,0,Business Intelligence,2,0,0,1,0,0,1,0,Bachelor's,0.0,0.65,0.65,2,2,1,0.28,1
882,25,Bachelor's,5.2,0,1,0,0,0,1,0,2,3,1,Data Science,3,1,1,0,0,0,1,0,Bachelor's,66.67,1.7333333333333334,1.0,2,2,1,0.72,1
864,64,Bachelor's,2.0,0,0,0,0,0,0,0,0,1,1,AI Engineer,3,1,0,1,0,0,1,0,Bachelor's,0.0,0.6666666666666666,0.67,2,2,1,0.44,0
21,64,Bachelor's,3.0,0,0,0,0,0,1,0,4,5,0,AI Engineer,3,1,0,1,0,0,1,0,Bachelor's,33.33,1.0,1.0,2,2,1,0.7,1
764,28,Master's,1.7,1,0,0,0,0,0,1,0,1,0,Data Science,1,0,1,0,1,1,0,0,Bachelor's,0.0,1.7,1.0,3,2,1,0.14,1
838,40,Bachelor's,1.0,1,0,0,0,0,0,0,3,6,0,Data Analyst,2,1,0,0,0,1,0,1,Bachelor's,33.33,0.5,0.5,2,2,1,0.7,1
464,91,Bachelor's,2.7,0,1,0,0,0,1,1,1,3,1,AI Engineer,5,0,1,0,1,1,1,1,Diploma,60.0,0.54,0.54,2,1,1,0.72,0
483,14,Bachelor's,2.0,0,0,0,0,0,1,1,2,4,0,Data Science,3,1,1,0,0,1,1,0,Bachelor's,25.0,0.6666666666666666,0.67,2,2,1,0.56,0
502,42,Bachelor's,1.6,0,1,0,0,0,0,0,2,8,0,Business Intelligence,3,0,1,0,0,0,0,0,Diploma,100.0,0.5333333333333333,0.53,2,1,1,0.7,1
943,39,Bachelor's,3.8,1,0,1,0,0,0,1,3,1,0,Data Science,0,1,0,0,1,0,1,1,Master's,50.0,1.0,1.0,2,3,0,0.14,0
309,2,Master's,1.0,1,0,1,1,0,0,0,5,1,0,Machine Learning,4,1,1,1,0,0,1,0,Diploma,50.0,0.25,0.25,3,1,1,0.14,0
596,81,Bachelor's,2.2,0,1,0,0,0,0,0,1,10,1,Data Science,2,1,1,0,0,0,0,1,Bachelor's,33.33,1.1,1.0,2,2,1,1.0,1
874,1,Bachelor's,4.6,1,1,0,1,0,0,0,3,1,0,Data Science,4,1,0,0,1,0,1,0,Bachelor's,66.67,1.15,1.0,2,2,1,0.14,0
553,32,Bachelor's,4.3,0,1,0,1,0,0,0,3,1,1,AI Engineer,1,0,0,0,0,1,1,0,Diploma,0.0,4.3,1.0,2,1,1,0.44,1
203,83,Bachelor's,0.1,1,0,0,0,1,1,1,1,1,1,Business Intelligence,2,0,1,0,0,0,0,0,Bachelor's,0.0,0.05,0.05,2,2,1,0.44,0
416,64,Bachelor's,6.9,0,1,0,0,0,1,0,1,4,1,AI Engineer,3,1,0,1,0,0,1,0,Bachelor's,33.33,2.3000000000000003,1.0,2,2,1,0.86,1
640,78,Bachelor's,6.5,0,0,1,0,0,1,0,1,3,0,Business Intelligence,5,1,0,0,0,1,1,0,Master's,33.33,1.3,1.0,2,3,0,0.42,0
142,31,Bachelor's,1.1,1,1,0,0,0,1,0,0,6,1,AI Engineer,1,1,0,1,1,0,0,0,Master's,33.33,1.1,1.0,2,3,0,1.0,1
856,58,Bachelor's,0.7,1,0,0,1,0,1,0,5,2,1,Data Analyst,4,1,1,1,1,0,0,0,Bachelor's,50.0,0.175,0.18,2,2,1,0.58,1
615,82,Master's,1.0,1,0,0,0,0,1,0,2,2,0,Data Analyst,3,1,1,1,0,0,0,1,Bachelor's,25.0,0.3333333333333333,0.33,3,2,1,0.28,1
107,78,Bachelor's,1.3,0,1,1,0,0,1,0,1,2,0,Business Intelligence,5,1,0,0,0,1,1,0,Master's,33.33,0.26,0.26,2,3,0,0.28,0
991,14,Master's,3.6,1,0,1,0,1,0,0,1,2,1,Data Science,3,1,1,0,0,1,1,0,Bachelor's,50.0,1.2,1.0,3,2,1,0.58,1
529,88,Diploma,4.1,1,1,0,0,0,0,0,6,1,1,Data Analyst,0,1,1,1,0,0,1,1,Diploma,40.0,1.0,1.0,1,1,1,0.44,1
576,16,Master's,0.3,0,0,0,0,1,1,0,1,1,1,AI Engineer,2,1,1,0,1,1,1,0,Master's,40.0,0.15,0.15,3,3,1,0.44,0
969,69,Bachelor's,1.0,0,1,1,1,0,1,0,1,4,1,Data Science,5,1,0,1,0,0,1,0,Bachelor's,66.67,0.2,0.2,2,2,1,0.86,0
854,54,Master's,4.7,0,1,0,1,1,1,0,0,3,1,Data Analyst,3,1,0,0,0,1,1,0,Bachelor's,66.67,1.5666666666666667,1.0,3,2,1,0.72,1
887,13,Bachelor's,0.0,1,1,0,0,0,1,0,0,1,0,Data Analyst,3,0,1,1,1,0,1,1,Bachelor's,40.0,0.0,0.0,2,2,1,0.14,0
749,80,Master's,3.6,0,0,0,1,1,1,0,0,1,1,Business Intelligence,2,1,1,0,0,1,1,0,Master's,50.0,1.8,1.0,3,3,1,0.44,1
688,79,Bachelor's,1.7,1,0,0,1,0,1,0,4,4,0,Data Science,3,1,1,0,0,0,1,0,Bachelor's,66.67,0.5666666666666667,0.57,2,2,1,0.56,1
291,31,Diploma,1.3,0,0,0,0,0,0,1,3,3,0,AI Engineer,1,1,0,1,1,0,0,0,Master's,0.0,1.3,1.0,1,3,0,0.42,0
805,69,Bachelor's,1.1,1,0,1,0,0,1,0,0,2,0,Data Science,5,1,0,1,0,0,1,0,Bachelor's,100.0,0.22000000000000003,0.22,2,2,1,0.28,1
311,21,Bachelor's,0.2,1,1,0,0,0,0,0,2,4,0,Data Science,1,1,1,0,0,0,1,1,Bachelor's,50.0,0.2,0.2,2,2,1,0.56,1
913,30,Bachelor's,12.0,0,0,0,0,0,1,1,0,5,0,Data Analyst,1,1,1,0,1,1,0,0,Bachelor's,0.0,12.0,1.0,2,2,1,0.7,0
668,23,Bachelor's,6.7,0,0,1,1,1,0,0,1,4,0,AI Engineer,4,1,0,0,0,1,1,0,Bachelor's,33.33,1.675,1.0,2,2,1,0.56,1
385,38,Master's,2.7,1,0,1,0,0,0,0,2,4,0,AI Engineer,2,1,1,1,0,0,0,1,Bachelor's,50.0,1.35,1.0,3,2,1,0.56,1
53,29,Master's,7.0,1,0,1,0,0,0,1,5,2,0,AI Engineer,0,1,1,1,1,0,1,0,Bachelor's,40.0,1.0,1.0,3,2,1,0.28,1
585,77,Bachelor's,11.0,0,0,1,0,0,1,0,3,1,0,Data Analyst,0,0,1,0,0,0,0,1,Bachelor's,0.0,1.0,1.0,2,2,1,0.14,0
183,32,Master's,2.5,1,0,1,0,0,0,0,0,1,1,AI Engineer,1,0,0,0,0,1,1,0,Diploma,0.0,2.5,1.0,3,1,1,0.44,0
369,62,Bachelor's,0.5,1,0,0,1,0,1,0,2,2,0,Machine Learning,1,1,1,1,0,0,0,1,Diploma,25.0,0.5,0.5,2,1,1,0.28,0
701,91,Bachelor's,8.4,1,1,0,0,0,0,1,2,4,1,AI Engineer,5,0,1,0,1,1,1,1,Diploma,40.0,1.6800000000000002,1.0,2,1,1,0.86,1
13,98,Master's,7.2,0,0,1,0,1,1,0,3,1,0,Machine Learning,2,1,1,0,1,0,0,0,Bachelor's,0.0,3.6,1.0,3,2,1,0.14,0
559,45,Master's,4.6,1,0,1,0,1,1,0,3,1,0,Business Intelligence,1,0,0,0,0,0,1,0,Bachelor's,100.0,4.6,1.0,3,2,1,0.14,0
960,49,Master's,3.9,0,0,1,1,1,1,1,5,8,0,Data Science,4,1,1,0,0,0,0,0,Diploma,0.0,0.975,0.98,3,1,1,0.7,1
160,33,Master's,0.1,0,0,0,0,1,1,0,3,4,1,AI Engineer,3,0,1,0,0,0,0,0,Bachelor's,0.0,0.03333333333333333,0.03,3,2,1,0.86,0
284,4,Diploma,0.0,1,1,0,1,1,0,0,2,3,1,Data Analyst,2,0,1,0,0,0,1,1,Bachelor's,33.33,0.0,0.0,1,2,0,0.72,0
565,18,Bachelor's,4.3,1,0,0,1,0,1,0,2,1,1,Data Analyst,0,1,1,0,0,1,0,0,Diploma,33.33,1.0,1.0,2,1,1,0.44,1
72,28,Bachelor's,0.7,1,1,1,0,0,1,0,2,0,0,Data Science,1,0,1,0,1,1,0,0,Bachelor's,33.33,0.7,0.7,2,2,1,0.0,1
892,58,Master's,1.3,0,1,0,0,1,1,1,1,2,1,Data Analyst,4,1,1,1,1,0,0,0,Bachelor's,25.0,0.325,0.32,3,2,1,0.58,0
98,91,Bachelor's,0.5,0,0,0,0,1,1,0,3,3,1,AI Engineer,5,0,1,0,1,1,1,1,Diploma,40.0,0.1,0.1,2,1,1,0.72,1
87,90,Master's,2.4,1,0,0,1,1,0,1,1,2,0,Data Science,0,1,1,0,1,0,1,1,Bachelor's,60.0,1.0,1.0,3,2,1,0.28,1
842,56,Bachelor's,1.4,0,0,1,0,0,1,1,2,2,0,Machine Learning,2,0,1,1,1,1,1,1,Diploma,50.0,0.7,0.7,2,1,1,0.28,0
101,20,Diploma,0.1,0,0,0,0,0,1,1,2,5,0,Data Analyst,2,1,1,0,0,1,0,0,Bachelor's,0.0,0.05,0.05,1,2,0,0.7,0
281,77,Master's,2.4,1,0,0,1,1,1,0,2,3,0,Data Analyst,0,0,1,0,0,0,0,1,Bachelor's,0.0,1.0,1.0,3,2,1,0.42,0
883,92,Diploma,2.5,1,1,1,0,0,1,0,1,5,0,Machine Learning,3,0,1,0,0,0,1,0,Bachelor's,100.0,0.8333333333333334,0.83,1,2,0,0.7,1
289,34,Bachelor's,0.1,1,1,0,0,1,0,0,1,2,0,Machine Learning,2,1,1,0,0,1,0,0,Bachelor's,100.0,0.05,0.05,2,2,1,0.28,1
749,87,Master's,3.6,0,0,0,1,1,1,0,0,1,1,AI Engineer,1,1,0,0,0,0,0,0,Bachelor's,0.0,3.6,1.0,3,2,1,0.44,0
196,10,Bachelor's,5.1,1,1,0,1,0,1,0,0,4,1,AI Engineer,5,0,1,0,1,1,0,0,Master's,66.67,1.02,1.0,2,3,0,0.86,1
391,94,Master's,0.7,1,0,0,0,0,0,0,4,2,0,Business Intelligence,1,0,1,0,1,0,0,1,Diploma,0.0,0.7,0.7,3,1,1,0.28,0
609,22,Bachelor's,0.7,0,1,1,0,1,1,0,1,5,1,Data Analyst,2,1,1,0,0,0,1,0,Master's,66.67,0.35,0.35,2,3,0,1.0,0
450,5,Diploma,2.9,1,0,1,0,0,1,0,0,3,0,Business Intelligence,4,0,1,0,0,0,1,0,Bachelor's,50.0,0.725,0.72,1,2,0,0.42,0
368,44,Master's,6.0,0,0,0,0,0,1,0,1,0,1,Business Intelligence,1,1,1,0,0,1,0,0,Bachelor's,0.0,6.0,1.0,3,2,1,0.3,0
430,9,Bachelor's,5.1,0,1,1,0,0,0,0,1,1,0,Data Analyst,0,1,1,0,0,0,0,0,Master's,50.0,1.0,1.0,2,3,0,0.14,1
96,43,Bachelor's,0.5,0,1,0,0,1,1,1,2,2,1,AI Engineer,3,1,0,0,0,0,0,0,Bachelor's,0.0,0.16666666666666666,0.17,2,2,1,0.58,0
261,4,Bachelor's,0.8,0,0,0,0,0,1,0,0,2,0,Data Analyst,2,0,1,0,0,0,1,1,Bachelor's,33.33,0.4,0.4,2,2,1,0.28,1
512,42,Bachelor's,3.2,0,0,0,1,1,0,0,3,2,1,Business Intelligence,3,0,1,0,0,0,0,0,Diploma,0.0,1.0666666666666667,1.0,2,1,1,0.58,1
121,65,Master's,5.5,0,0,0,0,0,0,0,2,5,0,Machine Learning,0,1,1,1,0,0,1,0,Master's,0.0,1.0,1.0,3,3,1,0.7,0
366,98,Bachelor's,0.4,1,1,1,1,0,1,0,1,2,1,Machine Learning,2,1,1,0,1,0,0,0,Bachelor's,100.0,0.2,0.2,2,2,1,0.58,0
785,41,Bachelor's,2.7,0,1,0,0,1,0,0,3,2,0,Business Intelligence,2,1,0,0,0,0,1,1,Bachelor's,0.0,1.35,1.0,2,2,1,0.28,0
332,64,Master's,3.2,1,1,0,0,1,0,0,2,4,1,AI Engineer,3,1,0,1,0,0,1,0,Bachelor's,33.33,1.0666666666666667,1.0,3,2,1,0.86,1
52,55,Master's,1.9,1,0,1,1,1,1,0,5,5,1,Machine Learning,2,0,0,0,0,1,1,1,Bachelor's,66.67,0.95,0.95,3,2,1,1.0,1
396,90,Master's,4.4,1,1,1,0,0,1,0,3,0,0,Data Science,0,1,1,0,1,0,1,1,Bachelor's,60.0,1.0,1.0,3,2,1,0.0,1
318,18,Bachelor's,3.3,1,0,0,1,0,0,0,3,3,0,Data Analyst,0,1,1,0,0,1,0,0,Diploma,33.33,1.0,1.0,2,1,1,0.42,1
675,16,Bachelor's,3.9,0,1,0,1,0,1,0,2,5,0,AI Engineer,2,1,1,0,1,1,1,0,Master's,60.0,1.95,1.0,2,3,0,0.7,1
702,87,Diploma,1.4,0,1,0,0,1,0,1,2,3,0,AI Engineer,1,1,0,0,0,0,0,0,Bachelor's,0.0,1.4,1.0,1,2,0,0.42,0
277,46,Master's,0.7,0,1,0,0,0,1,0,1,1,1,Data Analyst,1,1,1,1,0,0,1,0,Bachelor's,50.0,0.7,0.7,3,2,1,0.44,0
597,36,Bachelor's,0.8,1,0,1,0,0,1,0,2,3,0,Business Intelligence,0,0,1,1,0,1,1,0,Master's,50.0,1.0,1.0,2,3,0,0.42,0
194,90,Bachelor's,2.4,0,0,1,1,1,1,0,2,4,0,Data Science,0,1,1,0,1,0,1,1,Bachelor's,40.0,1.0,1.0,2,2,1,0.56,1
693,66,Bachelor's,1.3,1,1,0,0,0,1,0,3,4,0,Business Intelligence,1,0,1,1,1,0,1,0,Bachelor's,50.0,1.3,1.0,2,2,1,0.56,1
21,44,Bachelor's,3.0,0,0,0,0,0,1,0,4,5,0,Business Intelligence,1,1,1,0,0,1,0,0,Bachelor's,0.0,3.0,1.0,2,2,1,0.7,0
399,5,Master's,2.4,0,0,0,0,0,0,1,1,5,0,Business Intelligence,4,0,1,0,0,0,1,0,Bachelor's,0.0,0.6,0.6,3,2,1,0.7,0
202,4,Diploma,0.1,1,1,0,1,0,1,0,5,1,0,Data Analyst,2,0,1,0,0,0,1,1,Bachelor's,66.67,0.05,0.05,1,2,0,0.14,0
466,99,Bachelor's,0.1,1,1,0,0,0,1,0,2,4,1,AI Engineer,2,1,1,0,1,0,0,0,Diploma,66.67,0.05,0.05,2,1,1,0.86,1
151,86,Master's,3.1,1,1,0,0,0,0,0,2,2,0,Data Science,3,0,0,1,1,0,1,0,Bachelor's,0.0,1.0333333333333334,1.0,3,2,1,0.28,0
896,49,Bachelor's,3.3,0,1,0,0,1,0,0,0,0,0,Data Science,4,1,1,0,0,0,0,0,Diploma,50.0,0.825,0.82,2,1,1,0.0,1
159,72,Bachelor's,5.1,1,1,1,0,0,1,0,1,2,0,Data Science,5,1,0,0,0,0,0,1,Master's,50.0,1.02,1.0,2,3,0,0.28,1
310,85,Bachelor's,4.2,1,0,1,1,1,1,0,0,4,1,Data Science,1,1,0,0,0,0,0,0,Master's,100.0,4.2,1.0,2,3,0,0.86,1
951,8,Bachelor's,0.2,0,0,0,0,1,0,0,1,3,1,AI Engineer,2,1,0,0,0,0,1,0,Master's,0.0,0.1,0.1,2,3,0,0.72,0
504,52,Master's,1.0,0,0,0,0,0,1,1,5,1,0,Business Intelligence,1,1,0,1,0,0,0,0,Bachelor's,0.0,1.0,1.0,3,2,1,0.14,0
26,69,Master's,1.6,1,0,1,0,0,1,0,0,5,0,Data Science,5,1,0,1,0,0,1,0,Bachelor's,100.0,0.32,0.32,3,2,1,0.7,1
821,21,Master's,0.6,0,0,0,1,0,1,0,3,4,1,Data Science,1,1,1,0,0,0,1,1,Bachelor's,25.0,0.6,0.6,3,2,1,0.86,0
66,27,Bachelor's,3.3,0,0,0,0,1,0,0,6,4,1,Data Science,3,0,1,0,0,1,0,0,Master's,50.0,1.0999999999999999,1.0,2,3,0,0.86,1
935,38,Bachelor's,2.8,0,0,0,0,1,1,0,3,0,0,AI Engineer,2,1,1,1,0,0,0,1,Bachelor's,0.0,1.4,1.0,2,2,1,0.0,0
263,5,Bachelor's,0.9,0,0,0,0,0,0,0,0,6,0,Business Intelligence,4,0,1,0,0,0,1,0,Bachelor's,0.0,0.225,0.22,2,2,1,0.7,0
472,85,Master's,3.4,0,1,1,0,1,1,0,4,2,1,Data Science,1,1,0,0,0,0,0,0,Master's,0.0,3.4,1.0,3,3,1,0.58,0
167,61,Bachelor's,4.5,0,1,0,0,0,0,0,3,6,0,Business Intelligence,2,0,0,1,0,0,1,0,Bachelor's,0.0,2.25,1.0,2,2,1,0.7,1
800,8,Master's,0.0,1,1,0,0,0,1,0,1,2,1,AI Engineer,2,1,0,0,0,0,1,0,Master's,100.0,0.0,0.0,3,3,1,0.58,1
154,86,Bachelor's,2.8,0,0,0,1,0,0,1,0,4,1,Data Science,3,0,0,1,1,0,1,0,Bachelor's,33.33,0.9333333333333332,0.93,2,2,1,0.86,1
343,18,Bachelor's,5.1,1,1,1,0,0,0,0,1,7,1,Data Analyst,0,1,1,0,0,1,0,0,Diploma,66.67,1.0,1.0,2,1,1,1.0,1
718,4,Master's,3.0,0,0,1,0,0,0,0,5,2,1,Data Analyst,2,0,1,0,0,0,1,1,Bachelor's,0.0,1.5,1.0,3,2,1,0.58,1
413,4,Master's,0.8,1,0,1,0,1,1,0,1,4,0,Data Analyst,2,0,1,0,0,0,1,1,Bachelor's,33.33,0.4,0.4,3,2,1,0.56,1
665,37,Bachelor's,12.0,0,1,1,0,1,1,0,1,2,1,Data Analyst,0,1,0,0,0,0,0,0,Bachelor's,0.0,1.0,1.0,2,2,1,0.58,0
184,15,Master's,6.7,1,0,0,1,1,0,1,0,1,1,AI Engineer,0,1,1,1,0,0,1,1,Master's,40.0,1.0,1.0,3,3,1,0.44,1
671,38,Bachelor's,1.2,0,0,0,1,0,0,1,0,5,1,AI Engineer,2,1,1,1,0,0,0,1,Bachelor's,25.0,0.6,0.6,2,2,1,1.0,1
194,27,Bachelor's,2.4,0,0,1,1,1,1,0,2,4,0,Data Science,3,0,1,0,0,1,0,0,Master's,50.0,0.7999999999999999,0.8,2,3,0,0.56,0
2,85,Master's,2.0,1,1,1,0,0,1,0,1,5,0,Data Science,1,1,0,0,0,0,0,0,Master's,100.0,2.0,1.0,3,3,1,0.7,1
215,48,Master's,3.0,0,0,0,0,1,1,0,1,5,1,AI Engineer,1,1,1,1,0,1,0,0,Bachelor's,25.0,3.0,1.0,3,2,1,1.0,0
687,46,Bachelor's,6.4,1,1,0,0,0,0,0,4,2,1,Data Analyst,1,1,1,1,0,0,1,0,Bachelor's,50.0,6.4,1.0,2,2,1,0.58,1
587,46,Diploma,3.0,1,0,0,0,0,1,1,1,1,1,Data Analyst,1,1,1,1,0,0,1,0,Bachelor's,50.0,3.0,1.0,1,2,0,0.44,1
797,48,Master's,3.1,1,1,0,0,1,0,0,2,3,0,AI Engineer,1,1,1,1,0,1,0,0,Bachelor's,75.0,3.1,1.0,3,2,1,0.42,1
639,59,Bachelor's,12.0,0,0,1,0,0,1,0,1,2,1,Data Science,2,0,1,0,0,0,0,0,Master's,0.0,6.0,1.0,2,3,0,0.58,0
483,4,Bachelor's,2.0,0,0,0,0,0,1,1,2,4,0,Data Analyst,2,0,1,0,0,0,1,1,Bachelor's,66.67,1.0,1.0,2,2,1,0.56,1
561,75,Master's,1.1,0,0,1,0,0,0,0,1,5,0,AI Engineer,2,0,1,1,0,1,1,0,Master's,25.0,0.55,0.55,3,3,1,0.7,1
969,19,Bachelor's,1.0,0,1,1,1,0,1,0,1,4,1,Business Intelligence,5,1,0,0,0,0,0,1,Bachelor's,0.0,0.2,0.2,2,2,1,0.86,0
32,57,Bachelor's,2.3,0,0,0,0,0,1,0,2,1,1,Business Intelligence,3,0,1,0,1,0,0,0,Bachelor's,0.0,0.7666666666666666,0.77,2,2,1,0.44,0
670,19,Bachelor's,4.3,1,0,1,0,0,1,1,0,3,0,Business Intelligence,5,1,0,0,0,0,0,1,Bachelor's,100.0,0.86,0.86,2,2,1,0.42,1
15,91,Bachelor's,3.1,1,1,0,0,0,1,0,2,2,1,AI Engineer,5,0,1,0,1,1,1,1,Diploma,40.0,0.62,0.62,2,1,1,0.58,1
318,42,Bachelor's,3.3,1,0,0,1,0,0,0,3,3,0,Business Intelligence,3,0,1,0,0,0,0,0,Diploma,0.0,1.0999999999999999,1.0,2,1,1,0.42,0
846,92,Bachelor's,0.7,1,1,0,0,0,0,0,2,0,0,Machine Learning,3,0,1,0,0,0,1,0,Bachelor's,50.0,0.2333333333333333,0.23,2,2,1,0.0,0
243,5,Master's,3.7,0,1,1,0,0,1,0,1,1,1,Business Intelligence,4,0,1,0,0,0,1,0,Bachelor's,100.0,0.925,0.92,3,2,1,0.44,1
17,48,Bachelor's,0.5,1,1,1,0,0,1,0,2,4,0,AI Engineer,1,1,1,1,0,1,0,0,Bachelor's,75.0,0.5,0.5,2,2,1,0.56,1
534,25,Bachelor's,0.8,1,0,0,1,0,1,0,2,1,0,Data Science,3,1,1,0,0,0,1,0,Bachelor's,66.67,0.26666666666666666,0.27,2,2,1,0.14,1
756,67,Master's,4.0,1,0,1,0,0,0,1,2,6,0,Data Science,0,1,1,1,0,1,1,0,Bachelor's,40.0,1.0,1.0,3,2,1,0.7,1
926,26,Diploma,0.2,0,0,0,0,0,1,0,2,3,0,Machine Learning,2,1,0,0,0,1,1,1,Bachelor's,25.0,0.1,0.1,1,2,0,0.42,0
81,74,Master's,3.9,1,1,1,0,0,1,0,2,2,0,Data Science,1,1,1,1,0,0,1,0,Bachelor's,100.0,3.9,1.0,3,2,1,0.28,1
656,88,Bachelor's,6.9,1,0,0,0,0,0,0,2,4,1,Data Analyst,0,1,1,1,0,0,1,1,Diploma,20.0,1.0,1.0,2,1,1,0.86,1
436,62,Master's,0.1,1,0,0,0,0,0,0,1,2,1,Machine Learning,1,1,1,1,0,0,0,1,Diploma,25.0,0.1,0.1,3,1,1,0.58,1
8,93,Master's,4.7,0,0,0,1,0,1,0,1,6,1,Data Science,1,0,1,1,0,1,1,0,Bachelor's,25.0,4.7,1.0,3,2,1,1.0,1
960,7,Master's,3.9,0,0,1,1,1,1,1,5,8,0,AI Engineer,2,1,0,0,0,1,0,0,Bachelor's,50.0,1.95,1.0,3,2,1,0.7,1
679,44,Master's,0.5,1,1,1,0,0,1,0,2,4,1,Business Intelligence,1,1,1,0,0,1,0,0,Bachelor's,66.67,0.5,0.5,3,2,1,0.86,1
287,87,Bachelor's,0.2,0,0,1,1,1,1,0,2,1,0,AI Engineer,1,1,0,0,0,0,0,0,Bachelor's,0.0,0.2,0.2,2,2,1,0.14,0
780,27,Bachelor's,4.6,1,1,0,0,0,1,0,4,4,1,Data Science,3,0,1,0,0,1,0,0,Master's,50.0,1.5333333333333332,1.0,2,3,0,0.86,1
801,42,Master's,7.8,0,0,0,0,0,1,0,4,4,1,Business Intelligence,3,0,1,0,0,0,0,0,Diploma,0.0,2.6,1.0,3,1,1,0.86,1
186,73,Bachelor's,6.9,0,1,0,1,1,0,0,1,2,0,AI Engineer,1,0,0,0,0,0,1,0,Master's,0.0,6.9,1.0,2,3,0,0.28,0
524,56,Master's,0.3,1,0,0,0,0,0,0,3,7,0,Machine Learning,2,0,1,1,1,1,1,1,Diploma,0.0,0.15,0.15,3,1,1,0.7,0
793,3,Bachelor's,1.8,0,1,0,1,0,1,0,1,3,0,AI Engineer,3,0,1,1,0,0,0,0,Diploma,50.0,0.6,0.6,2,1,1,0.42,0
422,13,Master's,1.8,1,1,1,0,0,0,0,2,5,1,Data Analyst,3,0,1,1,1,0,1,1,Bachelor's,40.0,0.6,0.6,3,2,1,1.0,0
816,70,Bachelor's,8.6,0,1,1,0,0,1,0,1,3,1,AI Engineer,1,1,0,1,0,0,1,0,Bachelor's,66.67,8.6,1.0,2,2,1,0.72,1
466,59,Bachelor's,0.1,1,1,0,0,0,1,0,2,4,1,Data Science,2,0,1,0,0,0,0,0,Master's,100.0,0.05,0.05,2,3,0,0.86,1
83,38,Bachelor's,1.4,1,0,0,1,0,1,0,0,3,1,AI Engineer,2,1,1,1,0,0,0,1,Bachelor's,25.0,0.7,0.7,2,2,1,0.72,0
567,85,Bachelor's,2.8,1,1,0,0,0,0,1,1,3,1,Data Science,1,1,0,0,0,0,0,0,Master's,100.0,2.8,1.0,2,3,0,0.72,1
643,83,Bachelor's,1.8,0,0,1,0,0,1,0,4,2,0,Business Intelligence,2,0,1,0,0,0,0,0,Bachelor's,0.0,0.9,0.9,2,2,1,0.28,0
637,89,Bachelor's,1.3,0,1,0,0,1,1,1,0,3,0,Machine Learning,2,0,0,0,0,1,1,0,Bachelor's,100.0,0.65,0.65,2,2,1,0.42,1
483,68,Bachelor's,2.0,0,0,0,0,0,1,1,2,4,0,Data Science,4,1,0,0,0,0,1,0,Bachelor's,50.0,0.5,0.5,2,2,1,0.56,1
325,86,Master's,9.3,0,1,1,0,0,1,0,1,4,0,Data Science,3,0,0,1,1,0,1,0,Bachelor's,66.67,3.1,1.0,3,2,1,0.56,1
419,69,Bachelor's,1.5,1,0,0,0,1,1,0,3,5,0,Data Science,5,1,0,1,0,0,1,0,Bachelor's,66.67,0.3,0.3,2,2,1,0.7,1
51,1,Master's,5.2,1,0,1,0,0,0,0,0,4,0,Data Science,4,1,0,0,1,0,1,0,Bachelor's,33.33,1.3,1.0,3,2,1,0.56,1
27,50,Bachelor's,5.0,0,1,0,0,1,1,1,4,1,1,AI Engineer,1,1,0,0,0,1,1,0,Master's,66.67,5.0,1.0,2,3,0,0.44,0
677,81,Bachelor's,0.2,1,0,0,0,0,0,0,0,1,1,Data Science,2,1,1,0,0,0,0,1,Bachelor's,33.33,0.1,0.1,2,2,1,0.44,1
981,73,Bachelor's,0.5,1,1,1,0,0,1,0,2,2,0,AI Engineer,1,0,0,0,0,0,1,0,Master's,100.0,0.5,0.5,2,3,0,0.28,1
912,9,Bachelor's,5.2,1,0,0,1,1,1,0,2,2,0,Data Analyst,0,1,1,0,0,0,0,0,Master's,50.0,1.0,1.0,2,3,0,0.28,0
988,53,Bachelor's,1.7,1,0,0,1,0,1,1,2,1,1,Data Science,4,1,0,0,1,0,0,0,Bachelor's,100.0,0.425,0.42,2,2,1,0.44,1
793,88,Bachelor's,1.8,0,1,0,1,0,1,0,1,3,0,Data Analyst,0,1,1,1,0,0,1,1,Diploma,40.0,1.0,1.0,2,1,1,0.42,1
545,10,Bachelor's,8.2,1,1,0,0,0,1,0,2,1,0,AI Engineer,5,0,1,0,1,1,0,0,Master's,33.33,1.64,1.0,2,3,0,0.14,0
62,84,Bachelor's,10.4,1,0,0,1,0,1,0,3,4,0,AI Engineer,1,1,0,1,1,1,0,0,Bachelor's,50.0,10.4,1.0,2,2,1,0.56,1
657,81,Bachelor's,2.0,0,0,1,0,0,0,0,2,4,1,Data Science,2,1,1,0,0,0,0,1,Bachelor's,0.0,1.0,1.0,2,2,1,0.86,0
171,77,Bachelor's,2.4,0,1,0,0,0,1,1,2,1,0,Data Analyst,0,0,1,0,0,0,0,1,Bachelor's,100.0,1.0,1.0,2,2,1,0.14,1
286,29,Diploma,1.8,1,0,0,0,0,1,1,1,2,0,AI Engineer,0,1,1,1,1,0,1,0,Bachelor's,40.0,1.0,1.0,1,2,0,0.28,0
809,36,Bachelor's,0.5,1,0,0,0,0,1,0,1,2,0,Business Intelligence,0,0,1,1,0,1,1,0,Master's,25.0,1.0,1.0,2,3,0,0.28,0
117,87,Master's,0.2,1,1,1,0,0,0,0,2,1,0,AI Engineer,1,1,0,0,0,0,0,0,Bachelor's,100.0,0.2,0.2,3,2,1,0.14,0
4,27,Bachelor's,3.3,1,1,0,0,0,0,1,1,3,1,Data Science,3,0,1,0,0,1,0,0,Master's,50.0,1.0999999999999999,1.0,2,3,0,0.72,1
66,18,Bachelor's,3.3,0,0,0,0,1,0,0,6,4,1,Data Analyst,0,1,1,0,0,1,0,0,Diploma,33.33,1.0,1.0,2,1,1,0.86,1
60,18,Bachelor's,2.5,1,1,1,0,1,0,0,2,2,1,Data Analyst,0,1,1,0,0,1,0,0,Diploma,100.0,1.0,1.0,2,1,1,0.58,1
905,9,Bachelor's,3.4,1,1,1,0,0,1,0,0,5,1,Data Analyst,0,1,1,0,0,0,0,0,Master's,100.0,1.0,1.0,2,3,0,1.0,1
502,67,Bachelor's,1.6,0,1,0,0,0,0,0,2,8,0,Data Science,0,1,1,1,0,1,1,0,Bachelor's,20.0,1.0,1.0,2,2,1,0.7,0
799,7,Bachelor's,0.2,0,0,0,1,0,1,0,1,2,1,AI Engineer,2,1,0,0,0,1,0,0,Bachelor's,0.0,0.1,0.1,2,2,1,0.58,1
857,58,Diploma,3.5,1,0,0,0,0,1,0,1,5,1,Data Analyst,4,1,1,1,1,0,0,0,Bachelor's,25.0,0.875,0.88,1,2,0,1.0,1
229,79,Master's,10.3,1,0,0,0,1,0,0,4,2,1,Data Science,3,1,1,0,0,0,1,0,Bachelor's,33.33,3.4333333333333336,1.0,3,2,1,0.58,1
100,30,Bachelor's,1.1,1,0,0,0,1,0,0,1,2,1,Data Analyst,1,1,1,0,1,1,0,0,Bachelor's,50.0,1.1,1.0,2,2,1,0.58,1
119,73,Master's,0.8,1,0,0,1,0,0,0,2,4,0,AI Engineer,1,0,0,0,0,0,1,0,Master's,0.0,0.8,0.8,3,3,1,0.56,0
69,61,Diploma,1.1,1,0,1,1,0,1,0,0,4,0,Business Intelligence,2,0,0,1,0,0,1,0,Bachelor's,100.0,0.55,0.55,1,2,0,0.56,0
664,91,Bachelor's,1.7,0,0,1,0,1,1,0,1,5,1,AI Engineer,5,0,1,0,1,1,1,1,Diploma,40.0,0.33999999999999997,0.34,2,1,1,1.0,0
792,100,Bachelor's,3.3,0,0,1,0,0,1,0,0,0,0,Data Science,5,0,0,0,0,1,0,0,Bachelor's,0.0,0.6599999999999999,0.66,2,2,1,0.0,0
221,82,Bachelor's,7.5,0,1,0,0,1,0,1,2,2,1,Data Analyst,3,1,1,1,0,0,0,1,Bachelor's,50.0,2.5,1.0,2,2,1,0.58,1
941,95,Bachelor's,0.2,1,1,0,0,1,1,0,4,1,1,AI Engineer,3,1,1,1,0,1,1,0,Bachelor's,80.0,0.06666666666666667,0.07,2,2,1,0.44,1
223,17,Diploma,1.4,1,0,1,0,0,1,0,1,4,0,AI Engineer,4,1,0,1,0,1,0,0,Bachelor's,66.67,0.35,0.35,1,2,0,0.56,1
677,53,Bachelor's,0.2,1,0,0,0,0,0,0,0,1,1,Data Science,4,1,0,0,1,0,0,0,Bachelor's,50.0,0.05,0.05,2,2,1,0.44,1
954,6,Master's,3.3,1,0,1,0,0,1,0,3,6,0,Data Science,2,0,0,0,0,1,0,0,Diploma,0.0,1.65,1.0,3,1,1,0.7,1
504,39,Master's,1.0,0,0,0,0,0,1,1,5,1,0,Data Science,0,1,0,0,1,0,1,1,Master's,50.0,1.0,1.0,3,3,1,0.14,0
211,25,Bachelor's,1.4,0,0,0,1,0,1,0,2,4,1,Data Science,3,1,1,0,0,0,1,0,Bachelor's,33.33,0.4666666666666666,0.47,2,2,1,0.86,1
791,42,Bachelor's,0.4,0,0,0,0,1,1,1,2,2,0,Business Intelligence,3,0,1,0,0,0,0,0,Diploma,0.0,0.13333333333333333,0.13,2,1,1,0.28,0
931,42,Bachelor's,2.2,0,1,0,0,0,0,0,3,5,1,Business Intelligence,3,0,1,0,0,0,0,0,Diploma,100.0,0.7333333333333334,0.73,2,1,1,1.0,1
575,59,Master's,0.6,1,1,1,0,0,1,1,2,3,1,Data Science,2,0,1,0,0,0,0,0,Master's,100.0,0.3,0.3,3,3,1,0.72,1
886,38,Bachelor's,1.5,0,1,1,0,1,0,0,3,3,1,AI Engineer,2,1,1,1,0,0,0,1,Bachelor's,50.0,0.75,0.75,2,2,1,0.72,1
882,31,Bachelor's,5.2,0,1,0,0,0,1,0,2,3,1,AI Engineer,1,1,0,1,1,0,0,0,Master's,0.0,5.2,1.0,2,3,0,0.72,0
262,29,Master's,4.0,0,1,1,1,1,1,0,1,4,0,AI Engineer,0,1,1,1,1,0,1,0,Bachelor's,80.0,1.0,1.0,3,2,1,0.56,1
518,9,Master's,5.7,1,0,1,1,1,1,1,5,2,0,Data Analyst,0,1,1,0,0,0,0,0,Master's,50.0,1.0,1.0,3,3,1,0.28,1
248,1,Master's,0.1,0,0,0,1,1,0,0,3,2,1,Data Science,4,1,0,0,1,0,1,0,Bachelor's,33.33,0.025,0.02,3,2,1,0.58,1
741,80,Bachelor's,4.4,1,1,1,1,0,0,0,1,4,1,Business Intelligence,2,1,1,0,0,1,1,0,Master's,50.0,2.2,1.0,2,3,0,0.86,1
798,87,Bachelor's,0.2,0,0,1,1,0,1,0,2,3,1,AI Engineer,1,1,0,0,0,0,0,0,Bachelor's,0.0,0.2,0.2,2,2,1,0.72,0
257,72,Master's,0.6,1,1,1,0,0,1,0,1,0,0,Data Science,5,1,0,0,0,0,0,1,Master's,50.0,0.12,0.12,3,3,1,0.0,0
63,47,Master's,3.7,0,1,1,0,0,0,1,3,3,1,Data Analyst,0,1,0,0,0,0,0,1,Master's,50.0,1.0,1.0,3,3,1,0.72,1
540,10,Bachelor's,1.9,0,0,0,0,0,1,1,8,1,1,AI Engineer,5,0,1,0,1,1,0,0,Master's,0.0,0.38,0.38,2,3,0,0.44,0
857,16,Diploma,3.5,1,0,0,0,0,1,0,1,5,1,AI Engineer,2,1,1,0,1,1,1,0,Master's,40.0,1.75,1.0,1,3,0,1.0,0
417,47,Bachelor's,0.1,1,0,0,0,0,1,0,2,1,0,Data Analyst,0,1,0,0,0,0,0,1,Master's,50.0,1.0,1.0,2,3,0,0.14,0
53,43,Master's,7.0,1,0,1,0,0,0,1,5,2,0,AI Engineer,3,1,0,0,0,0,0,0,Bachelor's,100.0,2.3333333333333335,1.0,3,2,1,0.28,1
764,24,Master's,1.7,1,0,0,0,0,0,1,0,1,0,Machine Learning,2,1,1,0,1,0,1,0,Master's,25.0,0.85,0.85,3,3,1,0.14,0
38,8,Diploma,3.2,1,1,1,1,1,1,1,2,2,1,AI Engineer,2,1,0,0,0,0,1,0,Master's,100.0,1.6,1.0,1,3,0,0.58,1
308,75,Bachelor's,4.0,0,0,0,0,0,1,0,1,6,1,AI Engineer,2,0,1,1,0,1,1,0,Master's,25.0,2.0,1.0,2,3,0,1.0,1
846,26,Bachelor's,0.7,1,1,0,0,0,0,0,2,0,0,Machine Learning,2,1,0,0,0,1,1,1,Bachelor's,25.0,0.35,0.35,2,2,1,0.0,0
651,7,Diploma,0.1,1,1,0,0,0,1,0,1,2,1,AI Engineer,2,1,0,0,0,1,0,0,Bachelor's,50.0,0.05,0.05,1,2,0,0.58,0
898,79,Master's,0.5,1,1,0,0,0,1,0,2,1,1,Data Science,3,1,1,0,0,0,1,0,Bachelor's,100.0,0.16666666666666666,0.17,3,2,1,0.44,1
53,15,Master's,7.0,1,0,1,0,0,0,1,5,2,0,AI Engineer,0,1,1,1,0,0,1,1,Master's,60.0,1.0,1.0,3,3,1,0.28,1
606,48,Bachelor's,1.8,1,0,1,0,0,0,0,2,2,0,AI Engineer,1,1,1,1,0,1,0,0,Bachelor's,50.0,1.8,1.0,2,2,1,0.28,1
606,3,Bachelor's,1.8,1,0,1,0,0,0,0,2,2,0,AI Engineer,3,0,1,1,0,0,0,0,Diploma,50.0,0.6,0.6,2,1,1,0.28,0
452,16,Bachelor's,2.4,0,1,0,0,1,1,0,2,2,0,AI Engineer,2,1,1,0,1,1,1,0,Master's,60.0,1.2,1.0,2,3,0,0.28,1
461,79,Bachelor's,1.3,0,0,0,1,0,1,1,0,2,1,Data Science,3,1,1,0,0,0,1,0,Bachelor's,33.33,0.43333333333333335,0.43,2,2,1,0.58,0
775,89,Master's,3.9,1,1,0,0,0,1,1,0,3,1,Machine Learning,2,0,0,0,0,1,1,0,Bachelor's,50.0,1.95,1.0,3,2,1,0.72,1
486,97,Master's,1.1,0,1,1,1,0,0,0,0,1,0,Data Analyst,4,0,0,1,0,1,1,0,Bachelor's,33.33,0.275,0.28,3,2,1,0.14,1
835,14,Bachelor's,4.2,1,0,0,1,1,1,1,1,3,0,Data Science,3,1,1,0,0,1,1,0,Bachelor's,75.0,1.4000000000000001,1.0,2,2,1,0.42,1
137,88,Bachelor's,4.8,1,1,1,0,0,0,0,2,4,1,Data Analyst,0,1,1,1,0,0,1,1,Diploma,60.0,1.0,1.0,2,1,1,0.86,1
974,75,Bachelor's,1.8,0,1,1,1,0,0,0,4,3,1,AI Engineer,2,0,1,1,0,1,1,0,Master's,50.0,0.9,0.9,2,3,0,0.72,1
372,3,Diploma,0.5,0,1,0,0,0,0,0,1,4,0,AI Engineer,3,0,1,1,0,0,0,0,Diploma,50.0,0.16666666666666666,0.17,1,1,1,0.56,0
959,73,Bachelor's,2.5,1,0,0,1,1,1,0,0,3,0,AI Engineer,1,0,0,0,0,0,1,0,Master's,100.0,2.5,1.0,2,3,0,0.42,1
256,70,Bachelor's,1.4,0,0,1,0,0,1,1,3,1,0,AI Engineer,1,1,0,1,0,0,1,0,Bachelor's,66.67,1.4,1.0,2,2,1,0.14,1
37,80,Bachelor's,1.0,1,0,1,0,1,1,0,1,3,1,Business Intelligence,2,1,1,0,0,1,1,0,Master's,75.0,0.5,0.5,2,3,0,0.72,0
654,75,Master's,1.1,1,0,1,0,0,0,0,5,5,0,AI Engineer,2,0,1,1,0,1,1,0,Master's,25.0,0.55,0.55,3,3,1,0.7,1
147,17,Bachelor's,4.0,1,1,0,0,0,0,0,2,5,0,AI Engineer,4,1,0,1,0,1,0,0,Bachelor's,33.33,1.0,1.0,2,2,1,0.7,1
8,49,Master's,4.7,0,0,0,1,0,1,0,1,6,1,Data Science,4,1,1,0,0,0,0,0,Diploma,0.0,1.175,1.0,3,1,1,1.0,1
251,3,Bachelor's,4.0,1,1,0,0,0,0,1,2,9,0,AI Engineer,3,0,1,1,0,0,0,0,Diploma,50.0,1.3333333333333333,1.0,2,1,1,0.7,1
647,83,Bachelor's,0.3,0,0,1,0,1,1,0,1,5,1,Business Intelligence,2,0,1,0,0,0,0,0,Bachelor's,0.0,0.15,0.15,2,2,1,1.0,0
571,88,Bachelor's,2.2,1,0,0,1,0,1,0,4,6,0,Data Analyst,0,1,1,1,0,0,1,1,Diploma,40.0,1.0,1.0,2,1,1,0.7,1
635,55,Bachelor's,6.5,0,0,0,0,0,0,0,2,3,0,Machine Learning,2,0,0,0,0,1,1,1,Bachelor's,0.0,3.25,1.0,2,2,1,0.42,1
447,72,Master's,2.9,1,1,0,0,1,1,0,1,2,1,Data Science,5,1,0,0,0,0,0,1,Master's,50.0,0.58,0.58,3,3,1,0.58,1
263,100,Bachelor's,0.9,0,0,0,0,0,0,0,0,6,0,Data Science,5,0,0,0,0,1,0,0,Bachelor's,0.0,0.18,0.18,2,2,1,0.7,0
632,40,Master's,1.1,0,0,0,0,0,0,0,2,7,1,Data Analyst,2,1,0,0,0,1,0,1,Bachelor's,0.0,0.55,0.55,3,2,1,1.0,0
439,66,Master's,0.6,1,1,1,0,0,1,0,2,2,0,Business Intelligence,1,0,1,1,1,0,1,0,Bachelor's,75.0,0.6,0.6,3,2,1,0.28,1
259,87,Bachelor's,0.2,1,0,0,0,1,0,0,3,5,1,AI Engineer,1,1,0,0,0,0,0,0,Bachelor's,100.0,0.2,0.2,2,2,1,1.0,1
323,40,Bachelor's,5.1,0,1,1,0,0,1,0,4,4,0,Data Analyst,2,1,0,0,0,1,0,1,Bachelor's,0.0,2.55,1.0,2,2,1,0.56,0
530,30,Master's,1.9,0,0,0,0,1,1,0,2,4,0,Data Analyst,1,1,1,0,1,1,0,0,Bachelor's,25.0,1.9,1.0,3,2,1,0.56,1
301,25,Diploma,0.1,0,0,0,1,1,1,0,2,3,0,Data Science,3,1,1,0,0,0,1,0,Bachelor's,33.33,0.03333333333333333,0.03,1,2,0,0.42,0
865,7,Bachelor's,10.4,1,0,0,0,0,1,0,0,4,1,AI Engineer,2,1,0,0,0,1,0,0,Bachelor's,50.0,5.2,1.0,2,2,1,0.86,1
485,92,Bachelor's,1.0,1,1,0,0,0,1,0,2,2,1,Machine Learning,3,0,1,0,0,0,1,0,Bachelor's,100.0,0.3333333333333333,0.33,2,2,1,0.58,1
92,50,Master's,2.6,0,1,0,0,1,0,0,3,3,0,AI Engineer,1,1,0,0,0,1,1,0,Master's,33.33,2.6,1.0,3,3,1,0.42,1
164,81,Bachelor's,3.4,0,1,0,0,0,0,0,2,4,0,Data Science,2,1,1,0,0,0,0,1,Bachelor's,33.33,1.7,1.0,2,2,1,0.56,1
656,96,Bachelor's,6.9,1,0,0,0,0,0,0,2,4,1,Business Intelligence,2,1,1,0,1,0,0,0,Master's,33.33,3.45,1.0,2,3,0,0.86,1
335,1,Diploma,9.2,1,1,0,1,0,1,0,0,4,1,Data Science,4,1,0,0,1,0,1,0,Bachelor's,100.0,2.3,1.0,1,2,0,0.86,1
925,91,Bachelor's,4.0,1,1,0,0,0,0,0,1,2,0,AI Engineer,5,0,1,0,1,1,1,1,Diploma,20.0,0.8,0.8,2,1,1,0.28,0
315,44,Master's,1.5,0,0,1,0,0,1,0,1,2,1,Business Intelligence,1,1,1,0,0,1,0,0,Bachelor's,0.0,1.5,1.0,3,2,1,0.58,1
914,100,Bachelor's,1.1,0,1,0,0,0,1,0,0,1,0,Data Science,5,0,0,0,0,1,0,0,Bachelor's,0.0,0.22000000000000003,0.22,2,2,1,0.14,0
945,49,Bachelor's,3.9,0,0,1,1,0,1,0,3,3,0,Data Science,4,1,1,0,0,0,0,0,Diploma,0.0,0.975,0.98,2,1,1,0.42,0
238,7,Diploma,1.6,1,1,1,0,0,0,0,1,2,1,AI Engineer,2,1,0,0,0,1,0,0,Bachelor's,50.0,0.8,0.8,1,2,0,0.58,0
686,3,Bachelor's,5.0,1,1,0,1,0,0,0,2,3,0,AI Engineer,3,0,1,1,0,0,0,0,Diploma,50.0,1.6666666666666667,1.0,2,1,1,0.42,1
83,94,Bachelor's,1.4,1,0,0,1,0,1,0,0,3,1,Business Intelligence,1,0,1,0,1,0,0,1,Diploma,33.33,1.4,1.0,2,1,1,0.72,1
669,1,Bachelor's,0.3,0,0,1,0,0,0,0,2,0,0,Data Science,4,1,0,0,1,0,1,0,Bachelor's,0.0,0.075,0.08,2,2,1,0.0,0
966,51,Bachelor's,2.2,0,1,0,1,0,1,0,0,1,0,Machine Learning,5,0,1,1,0,1,0,0,Master's,33.33,0.44000000000000006,0.44,2,3,0,0.14,0
109,98,Bachelor's,3.0,1,1,1,1,0,0,0,3,4,0,Machine Learning,2,1,1,0,1,0,0,0,Bachelor's,100.0,1.5,1.0,2,2,1,0.56,1
178,38,Bachelor's,0.3,0,1,1,0,0,0,0,2,2,1,AI Engineer,2,1,1,1,0,0,0,1,Bachelor's,50.0,0.15,0.15,2,2,1,0.58,1
250,43,Master's,2.4,1,1,1,0,0,0,0,2,3,1,AI Engineer,3,1,0,0,0,0,0,0,Bachelor's,100.0,0.7999999999999999,0.8,3,2,1,0.72,1
765,55,Diploma,0.4,1,0,0,1,1,0,0,1,1,1,Machine Learning,2,0,0,0,0,1,1,1,Bachelor's,33.33,0.2,0.2,1,2,0,0.44,0
567,57,Bachelor's,2.8,1,1,0,0,0,0,1,1,3,1,Business Intelligence,3,0,1,0,1,0,0,0,Bachelor's,50.0,0.9333333333333332,0.93,2,2,1,0.72,1
667,53,Bachelor's,0.6,1,1,0,0,0,0,0,6,2,1,Data Science,4,1,0,0,1,0,0,0,Bachelor's,50.0,0.15,0.15,2,2,1,0.58,0
903,100,Bachelor's,3.6,1,1,0,0,0,1,0,2,6,0,Data Science,5,0,0,0,0,1,0,0,Bachelor's,0.0,0.72,0.72,2,2,1,0.7,0
91,33,Bachelor's,7.2,0,0,1,0,0,1,1,0,4,1,AI Engineer,3,0,1,0,0,0,0,0,Bachelor's,0.0,2.4,1.0,2,2,1,0.86,1
339,80,Bachelor's,0.2,1,1,0,1,0,0,0,1,4,1,Business Intelligence,2,1,1,0,0,1,1,0,Master's,50.0,0.1,0.1,2,3,0,0.86,0
638,62,Bachelor's,0.4,0,0,1,1,0,0,0,2,3,1,Machine Learning,1,1,1,1,0,0,0,1,Diploma,25.0,0.4,0.4,2,1,1,0.72,0
849,11,Bachelor's,5.4,0,1,1,0,0,1,0,4,5,0,Data Analyst,3,1,1,0,0,1,0,1,Master's,25.0,1.8,1.0,2,3,0,0.7,1
169,72,Diploma,0.0,0,1,0,0,0,1,0,0,4,0,Data Science,5,1,0,0,0,0,0,1,Master's,0.0,0.0,0.0,1,3,0,0.56,0
139,52,Bachelor's,1.6,1,1,1,0,0,0,0,2,0,1,Business Intelligence,1,1,0,1,0,0,0,0,Bachelor's,100.0,1.6,1.0,2,2,1,0.3,1
517,1,Bachelor's,2.6,1,0,0,1,1,1,1,1,5,1,Data Science,4,1,0,0,1,0,1,0,Bachelor's,100.0,0.65,0.65,2,2,1,1.0,1
578,14,Master's,2.6,0,0,0,1,0,0,0,3,1,1,Data Science,3,1,1,0,0,1,1,0,Bachelor's,0.0,0.8666666666666667,0.87,3,2,1,0.44,0
623,94,Bachelor's,2.1,1,0,0,1,0,1,0,2,1,0,Business Intelligence,1,0,1,0,1,0,0,1,Diploma,33.33,2.1,1.0,2,1,1,0.14,1
184,85,Master's,6.7,1,0,0,1,1,0,1,0,1,1,Data Science,1,1,0,0,0,0,0,0,Master's,100.0,6.7,1.0,3,3,1,0.44,1
780,21,Bachelor's,4.6,1,1,0,0,0,1,0,4,4,1,Data Science,1,1,1,0,0,0,1,1,Bachelor's,75.0,4.6,1.0,2,2,1,0.86,1
170,34,Bachelor's,0.8,1,0,0,1,0,1,0,2,4,0,Machine Learning,2,1,1,0,0,1,0,0,Bachelor's,33.33,0.4,0.4,2,2,1,0.56,0
362,90,Bachelor's,0.6,1,0,0,0,0,1,0,3,1,1,Data Science,0,1,1,0,1,0,1,1,Bachelor's,40.0,1.0,1.0,2,2,1,0.44,1
244,14,Bachelor's,4.7,0,1,0,1,1,1,0,4,2,0,Data Science,3,1,1,0,0,1,1,0,Bachelor's,75.0,1.5666666666666667,1.0,2,2,1,0.28,1
843,40,Bachelor's,1.4,0,0,0,0,0,1,0,3,2,1,Data Analyst,2,1,0,0,0,1,0,1,Bachelor's,0.0,0.7,0.7,2,2,1,0.58,0
138,35,Master's,1.7,0,1,0,0,1,0,1,2,2,0,Data Science,0,0,0,0,0,0,1,0,Master's,0.0,1.0,1.0,3,3,1,0.28,0
519,82,Master's,0.7,0,0,0,0,1,0,0,2,4,0,Data Analyst,3,1,1,1,0,0,0,1,Bachelor's,0.0,0.2333333333333333,0.23,3,2,1,0.56,0
398,20,Bachelor's,0.7,1,1,0,0,0,0,0,1,2,1,Data Analyst,2,1,1,0,0,1,0,0,Bachelor's,66.67,0.35,0.35,2,2,1,0.58,1
333,60,Diploma,0.6,0,0,0,0,0,0,1,6,3,1,Data Analyst,0,0,1,0,0,0,0,0,Bachelor's,0.0,1.0,1.0,1,2,0,0.72,0
965,9,Bachelor's,2.1,0,0,0,0,0,1,0,3,0,1,Data Analyst,0,1,1,0,0,0,0,0,Master's,0.0,1.0,1.0,2,3,0,0.3,0
317,33,Bachelor's,1.9,1,0,1,0,1,1,1,3,4,0,AI Engineer,3,0,1,0,0,0,0,0,Bachelor's,0.0,0.6333333333333333,0.63,2,2,1,0.56,0
563,49,Bachelor's,3.8,1,0,1,0,0,1,0,2,3,0,Data Science,4,1,1,0,0,0,0,0,Diploma,50.0,0.95,0.95,2,1,1,0.42,1
426,68,Bachelor's,8.4,0,1,0,0,0,1,0,2,3,0,Data Science,4,1,0,0,0,0,1,0,Bachelor's,50.0,2.1,1.0,2,2,1,0.42,1
136,4,Bachelor's,0.2,0,1,0,0,0,0,0,4,4,0,Data Analyst,2,0,1,0,0,0,1,1,Bachelor's,33.33,0.1,0.1,2,2,1,0.56,0
690,48,Bachelor's,3.6,1,0,1,0,0,0,0,2,2,0,AI Engineer,1,1,1,1,0,1,0,0,Bachelor's,50.0,3.6,1.0,2,2,1,0.28,1
641,16,Diploma,1.9,1,0,1,0,1,1,1,3,3,0,AI Engineer,2,1,1,0,1,1,1,0,Master's,60.0,0.95,0.95,1,3,0,0.42,0
709,47,Bachelor's,2.4,1,0,1,0,0,1,0,6,2,1,Data Analyst,0,1,0,0,0,0,0,1,Master's,50.0,1.0,1.0,2,3,0,0.58,1
267,26,Bachelor's,1.2,0,0,0,0,1,1,0,5,4,1,Machine Learning,2,1,0,0,0,1,1,1,Bachelor's,50.0,0.6,0.6,2,2,1,0.86,1
107,70,Bachelor's,1.3,0,1,1,0,0,1,0,1,2,0,AI Engineer,1,1,0,1,0,0,1,0,Bachelor's,66.67,1.3,1.0,2,2,1,0.28,1
560,37,Bachelor's,5.8,1,0,1,0,1,0,1,1,6,0,Data Analyst,0,1,0,0,0,0,0,0,Bachelor's,100.0,1.0,1.0,2,2,1,0.7,1
138,22,Master's,1.7,0,1,0,0,1,0,1,2,2,0,Data Analyst,2,1,1,0,0,0,1,0,Master's,33.33,0.85,0.85,3,3,1,0.28,1
911,7,Bachelor's,0.9,1,0,1,0,0,0,0,2,4,0,AI Engineer,2,1,0,0,0,1,0,0,Bachelor's,50.0,0.45,0.45,2,2,1,0.56,0
615,42,Master's,1.0,1,0,0,0,0,1,0,2,2,0,Business Intelligence,3,0,1,0,0,0,0,0,Diploma,0.0,0.3333333333333333,0.33,3,1,1,0.28,0
47,30,Bachelor's,0.7,1,0,0,0,0,0,0,2,2,0,Data Analyst,1,1,1,0,1,1,0,0,Bachelor's,25.0,0.7,0.7,2,2,1,0.28,0
989,74,Bachelor's,1.4,0,0,1,0,0,0,1,0,2,0,Data Science,1,1,1,1,0,0,1,0,Bachelor's,25.0,1.4,1.0,2,2,1,0.28,1
665,79,Bachelor's,12.0,0,1,1,0,1,1,0,1,2,1,Data Science,3,1,1,0,0,0,1,0,Bachelor's,66.67,4.0,1.0,2,2,1,0.58,1
368,6,Master's,6.0,0,0,0,0,0,1,0,1,0,1,Data Science,2,0,0,0,0,1,0,0,Diploma,0.0,3.0,1.0,3,1,1,0.3,1
6,24,Bachelor's,2.7,0,1,0,0,1,1,0,1,6,0,Machine Learning,2,1,1,0,1,0,1,0,Master's,50.0,1.35,1.0,2,3,0,0.7,1
523,66,Master's,1.1,1,0,1,0,1,1,0,2,6,1,Business Intelligence,1,0,1,1,1,0,1,0,Bachelor's,50.0,1.1,1.0,3,2,1,1.0,1
529,40,Diploma,4.1,1,1,0,0,0,0,0,6,1,1,Data Analyst,2,1,0,0,0,1,0,1,Bachelor's,33.33,2.05,1.0,1,2,0,0.44,0
655,15,Bachelor's,0.2,0,0,0,0,0,0,0,4,7,0,AI Engineer,0,1,1,1,0,0,1,1,Master's,0.0,1.0,1.0,2,3,0,0.7,0
272,53,Master's,4.9,1,0,1,0,1,0,0,2,5,1,Data Science,4,1,0,0,1,0,0,0,Bachelor's,50.0,1.225,1.0,3,2,1,1.0,1
824,85,Bachelor's,3.7,1,0,0,0,1,0,0,1,4,0,Data Science,1,1,0,0,0,0,0,0,Master's,100.0,3.7,1.0,2,3,0,0.56,0
66,82,Bachelor's,3.3,0,0,0,0,1,0,0,6,4,1,Data Analyst,3,1,1,1,0,0,0,1,Bachelor's,0.0,1.0999999999999999,1.0,2,2,1,0.86,1
420,5,Master's,6.8,1,0,0,0,0,0,0,5,0,1,Business Intelligence,4,0,1,0,0,0,1,0,Bachelor's,0.0,1.7,1.0,3,2,1,0.3,0
339,89,Bachelor's,0.2,1,1,0,1,0,0,0,1,4,1,Machine Learning,2,0,0,0,0,1,1,0,Bachelor's,0.0,0.1,0.1,2,2,1,0.86,1
934,36,Bachelor's,2.3,1,0,0,1,0,1,0,4,1,1,Business Intelligence,0,0,1,1,0,1,1,0,Master's,25.0,1.0,1.0,2,3,0,0.44,1
498,74,Diploma,1.6,0,1,0,1,0,0,0,0,1,0,Data Science,1,1,1,1,0,0,1,0,Bachelor's,25.0,1.6,1.0,1,2,0,0.14,0
469,46,Bachelor's,5.1,1,1,1,1,1,0,0,3,2,0,Data Analyst,1,1,1,1,0,0,1,0,Bachelor's,75.0,5.1,1.0,2,2,1,0.28,1
331,23,Bachelor's,2.0,1,1,0,0,0,1,0,1,3,1,AI Engineer,4,1,0,0,0,1,1,0,Bachelor's,66.67,0.5,0.5,2,2,1,0.72,1
768,88,Master's,1.6,1,0,0,0,0,1,0,2,2,1,Data Analyst,0,1,1,1,0,0,1,1,Diploma,40.0,1.0,1.0,3,1,1,0.58,1
639,45,Bachelor's,12.0,0,0,1,0,0,1,0,1,2,1,Business Intelligence,1,0,0,0,0,0,1,0,Bachelor's,100.0,12.0,1.0,2,2,1,0.58,1
131,10,Bachelor's,3.2,1,1,0,0,0,1,0,1,1,1,AI Engineer,5,0,1,0,1,1,0,0,Master's,33.33,0.64,0.64,2,3,0,0.44,0
994,54,Bachelor's,0.4,1,0,0,0,0,1,0,2,4,1,Data Analyst,3,1,0,0,0,1,1,0,Bachelor's,66.67,0.13333333333333333,0.13,2,2,1,0.86,1
530,70,Master's,1.9,0,0,0,0,1,1,0,2,4,0,AI Engineer,1,1,0,1,0,0,1,0,Bachelor's,33.33,1.9,1.0,3,2,1,0.56,1
719,77,Bachelor's,10.3,0,0,0,0,0,1,1,1,3,1,Data Analyst,0,0,1,0,0,0,0,1,Bachelor's,50.0,1.0,1.0,2,2,1,0.72,1
601,85,Bachelor's,0.5,0,0,0,0,0,0,0,5,2,0,Data Science,1,1,0,0,0,0,0,0,Master's,0.0,0.5,0.5,2,3,0,0.28,0
438,32,Master's,3.0,1,1,1,1,0,1,0,1,4,1,AI Engineer,1,0,0,0,0,1,1,0,Diploma,50.0,3.0,1.0,3,1,1,0.86,1
243,43,Master's,3.7,0,1,1,0,0,1,0,1,1,1,AI Engineer,3,1,0,0,0,0,0,0,Bachelor's,0.0,1.2333333333333334,1.0,3,2,1,0.44,0
463,15,Master's,0.3,0,1,1,0,1,0,0,1,3,0,AI Engineer,0,1,1,1,0,0,1,1,Master's,40.0,1.0,1.0,3,3,1,0.42,1
350,66,Bachelor's,0.1,1,0,0,0,1,0,0,2,0,0,Business Intelligence,1,0,1,1,1,0,1,0,Bachelor's,0.0,0.1,0.1,2,2,1,0.0,0
17,15,Bachelor's,0.5,1,1,1,0,0,1,0,2,4,0,AI Engineer,0,1,1,1,0,0,1,1,Master's,80.0,1.0,1.0,2,3,0,0.56,0
466,81,Bachelor's,0.1,1,1,0,0,0,1,0,2,4,1,Data Science,2,1,1,0,0,0,0,1,Bachelor's,66.67,0.05,0.05,2,2,1,0.86,1
735,20,Bachelor's,0.4,0,0,0,0,0,1,0,1,2,1,Data Analyst,2,1,1,0,0,1,0,0,Bachelor's,0.0,0.2,0.2,2,2,1,0.58,0
882,50,Bachelor's,5.2,0,1,0,0,0,1,0,2,3,1,AI Engineer,1,1,0,0,0,1,1,0,Master's,33.33,5.2,1.0,2,3,0,0.72,0
363,6,Bachelor's,2.4,1,1,1,0,0,1,0,2,2,0,Data Science,2,0,0,0,0,1,0,0,Diploma,0.0,1.2,1.0,2,1,1,0.28,0
210,79,Bachelor's,12.0,0,1,0,0,0,0,0,1,3,1,Data Science,3,1,1,0,0,0,1,0,Bachelor's,33.33,4.0,1.0,2,2,1,0.72,1
611,17,Diploma,5.3,0,1,0,0,1,1,0,3,3,0,AI Engineer,4,1,0,1,0,1,0,0,Bachelor's,33.33,1.325,1.0,1,2,0,0.42,0
525,26,Master's,1.7,0,0,1,0,0,1,0,4,3,1,Machine Learning,2,1,0,0,0,1,1,1,Bachelor's,25.0,0.85,0.85,3,2,1,0.72,0
831,22,Bachelor's,9.8,1,0,1,1,1,1,0,3,4,0,Data Analyst,2,1,1,0,0,0,1,0,Master's,66.67,4.9,1.0,2,3,0,0.56,0
782,73,Bachelor's,5.8,0,0,0,0,0,1,1,1,3,1,AI Engineer,1,0,0,0,0,0,1,0,Master's,100.0,5.8,1.0,2,3,0,0.72,1
699,64,Bachelor's,8.2,0,1,0,1,1,1,0,1,5,0,AI Engineer,3,1,0,1,0,0,1,0,Bachelor's,33.33,2.733333333333333,1.0,2,2,1,0.7,1
420,76,Master's,6.8,1,0,0,0,0,0,0,5,0,1,Data Science,0,1,0,0,0,0,1,0,Master's,50.0,1.0,1.0,3,3,1,0.3,1
133,58,Bachelor's,0.2,0,1,1,0,0,0,1,1,5,0,Data Analyst,4,1,1,1,1,0,0,0,Bachelor's,50.0,0.05,0.05,2,2,1,0.7,0
14,87,Bachelor's,0.1,1,0,0,0,0,1,0,0,4,0,AI Engineer,1,1,0,0,0,0,0,0,Bachelor's,100.0,0.1,0.1,2,2,1,0.56,0
793,37,Bachelor's,1.8,0,1,0,1,0,1,0,1,3,0,Data Analyst,0,1,0,0,0,0,0,0,Bachelor's,0.0,1.0,1.0,2,2,1,0.42,0
44,78,Master's,2.5,1,0,0,0,0,1,0,3,2,0,Business Intelligence,5,1,0,0,0,1,1,0,Master's,66.67,0.5,0.5,3,3,1,0.28,1
377,88,Master's,1.5,1,1,0,0,1,1,0,0,3,1,Data Analyst,0,1,1,1,0,0,1,1,Diploma,60.0,1.0,1.0,3,1,1,0.72,1
295,72,Bachelor's,4.0,1,1,0,1,1,1,0,3,1,0,Data Science,5,1,0,0,0,0,0,1,Master's,50.0,0.8,0.8,2,3,0,0.14,0
104,96,Bachelor's,6.6,0,0,0,0,1,0,0,3,0,0,Business Intelligence,2,1,1,0,1,0,0,0,Master's,0.0,3.3,1.0,2,3,0,0.0,0
445,28,Master's,5.1,1,1,0,0,0,1,0,2,10,0,Data Science,1,0,1,0,1,1,0,0,Bachelor's,33.33,5.1,1.0,3,2,1,0.7,1
62,96,Bachelor's,10.4,1,0,0,1,0,1,0,3,4,0,Business Intelligence,2,1,1,0,1,0,0,0,Master's,66.67,5.2,1.0,2,3,0,0.56,0
565,86,Bachelor's,4.3,1,0,0,1,0,1,0,2,1,1,Data Science,3,0,0,1,1,0,1,0,Bachelor's,66.67,1.4333333333333333,1.0,2,2,1,0.44,0
821,49,Master's,0.6,0,0,0,1,0,1,0,3,4,1,Data Science,4,1,1,0,0,0,0,0,Diploma,0.0,0.15,0.15,3,1,1,0.86,0
412,73,Master's,0.3,1,0,0,0,0,1,1,2,4,1,AI Engineer,1,0,0,0,0,0,1,0,Master's,100.0,0.3,0.3,3,3,1,0.86,1
931,67,Bachelor's,2.2,0,1,0,0,0,0,0,3,5,1,Data Science,0,1,1,1,0,1,1,0,Bachelor's,20.0,1.0,1.0,2,2,1,1.0,1
630,89,Bachelor's,1.5,1,1,0,0,0,0,0,2,3,1,Machine Learning,2,0,0,0,0,1,1,0,Bachelor's,0.0,0.75,0.75,2,2,1,0.72,0
321,76,Bachelor's,0.7,0,1,0,0,0,1,0,2,2,1,Data Science,0,1,0,0,0,0,1,0,Master's,50.0,1.0,1.0,2,3,0,0.58,1
131,93,Bachelor's,3.2,1,1,0,0,0,1,0,1,1,1,Data Science,1,0,1,1,0,1,1,0,Bachelor's,50.0,3.2,1.0,2,2,1,0.44,1
811,67,Master's,2.7,1,1,0,0,1,1,0,3,1,0,Data Science,0,1,1,1,0,1,1,0,Bachelor's,80.0,1.0,1.0,3,2,1,0.14,1
818,41,Bachelor's,3.7,1,1,1,0,1,0,0,2,4,1,Business Intelligence,2,1,0,0,0,0,1,1,Bachelor's,33.33,1.85,1.0,2,2,1,0.86,1
199,46,Master's,3.5,1,0,0,0,0,0,0,4,3,1,Data Analyst,1,1,1,1,0,0,1,0,Bachelor's,25.0,3.5,1.0,3,2,1,0.72,1
905,87,Bachelor's,3.4,1,1,1,0,0,1,0,0,5,1,AI Engineer,1,1,0,0,0,0,0,0,Bachelor's,100.0,3.4,1.0,2,2,1,1.0,1
36,87,Master's,3.0,1,0,1,0,0,0,0,1,1,0,AI Engineer,1,1,0,0,0,0,0,0,Bachelor's,100.0,3.0,1.0,3,2,1,0.14,1
791,55,Bachelor's,0.4,0,0,0,0,1,1,1,2,2,0,Machine Learning,2,0,0,0,0,1,1,1,Bachelor's,100.0,0.2,0.2,2,2,1,0.28,1
216,82,Bachelor's,0.6,1,0,1,0,1,0,0,1,4,0,Data Analyst,3,1,1,1,0,0,0,1,Bachelor's,50.0,0.19999999999999998,0.2,2,2,1,0.56,1
586,11,Bachelor's,0.4,0,0,1,0,0,0,0,1,1,1,Data Analyst,3,1,1,0,0,1,0,1,Master's,0.0,0.13333333333333333,0.13,2,3,0,0.44,0
306,100,Master's,5.1,1,0,0,0,0,0,0,5,1,0,Data Science,5,0,0,0,0,1,0,0,Bachelor's,0.0,1.02,1.0,3,2,1,0.14,1
567,26,Bachelor's,2.8,1,1,0,0,0,0,1,1,3,1,Machine Learning,2,1,0,0,0,1,1,1,Bachelor's,50.0,1.4,1.0,2,2,1,0.72,1
893,72,Master's,4.0,0,1,0,0,1,0,1,2,5,1,Data Science,5,1,0,0,0,0,0,1,Master's,50.0,0.8,0.8,3,3,1,1.0,1
12,92,Master's,11.0,1,0,0,0,1,0,0,3,3,0,Machine Learning,3,0,1,0,0,0,1,0,Bachelor's,0.0,3.6666666666666665,1.0,3,2,1,0.42,0
83,82,Bachelor's,1.4,1,0,0,1,0,1,0,0,3,1,Data Analyst,3,1,1,1,0,0,0,1,Bachelor's,25.0,0.4666666666666666,0.47,2,2,1,0.72,0
32,13,Bachelor's,2.3,0,0,0,0,0,1,0,2,1,1,Data Analyst,3,0,1,1,1,0,1,1,Bachelor's,20.0,0.7666666666666666,0.77,2,2,1,0.44,1
408,36,Diploma,4.1,1,1,0,0,0,0,0,3,0,1,Business Intelligence,0,0,1,1,0,1,1,0,Master's,25.0,1.0,1.0,1,3,0,0.3,0
86,64,Bachelor's,1.6,1,1,0,0,0,1,0,1,2,0,AI Engineer,3,1,0,1,0,0,1,0,Bachelor's,66.67,0.5333333333333333,0.53,2,2,1,0.28,0
963,51,Bachelor's,4.6,1,0,0,0,1,1,0,7,3,1,Machine Learning,5,0,1,1,0,1,0,0,Master's,33.33,0.9199999999999999,0.92,2,3,0,0.72,0
744,76,Bachelor's,0.0,1,0,1,1,1,1,0,1,4,1,Data Science,0,1,0,0,0,0,1,0,Master's,100.0,1.0,1.0,2,3,0,0.86,1
411,22,Bachelor's,0.6,0,0,0,0,0,1,0,3,3,1,Data Analyst,2,1,1,0,0,0,1,0,Master's,33.33,0.3,0.3,2,3,0,0.72,0
957,60,Bachelor's,2.6,0,1,0,0,0,0,0,0,2,1,Data Analyst,0,0,1,0,0,0,0,0,Bachelor's,100.0,1.0,1.0,2,2,1,0.58,1
787,2,Bachelor's,2.5,0,1,1,0,1,1,0,2,8,1,Machine Learning,4,1,1,1,0,0,1,0,Diploma,75.0,0.625,0.62,2,1,1,1.0,1
713,56,Bachelor's,3.8,1,1,0,0,1,1,0,1,2,0,Machine Learning,2,0,1,1,1,1,1,1,Diploma,50.0,1.9,1.0,2,1,1,0.28,1
832,28,Bachelor's,2.3,0,1,1,0,0,1,0,1,2,0,Data Science,1,0,1,0,1,1,0,0,Bachelor's,33.33,2.3,1.0,2,2,1,0.28,1
241,97,Master's,5.1,0,0,1,1,1,0,0,2,1,0,Data Analyst,4,0,0,1,0,1,1,0,Bachelor's,66.67,1.275,1.0,3,2,1,0.14,1
717,3,Master's,0.1,0,0,0,0,0,1,0,2,4,1,AI Engineer,3,0,1,1,0,0,0,0,Diploma,0.0,0.03333333333333333,0.03,3,1,1,0.86,0
898,63,Master's,0.5,1,1,0,0,0,1,0,2,1,1,Business Intelligence,5,1,1,0,0,0,0,0,Diploma,100.0,0.1,0.1,3,1,1,0.44,1
932,98,Master's,2.1,0,0,0,0,0,0,0,1,3,0,Machine Learning,2,1,1,0,1,0,0,0,Bachelor's,0.0,1.05,1.0,3,2,1,0.42,1
989,23,Bachelor's,1.4,0,0,1,0,0,0,1,0,2,0,AI Engineer,4,1,0,0,0,1,1,0,Bachelor's,0.0,0.35,0.35,2,2,1,0.28,0
896,55,Bachelor's,3.3,0,1,0,0,1,0,0,0,0,0,Machine Learning,2,0,0,0,0,1,1,1,Bachelor's,33.33,1.65,1.0,2,2,1,0.0,1
907,32,Master's,7.9,0,1,1,0,0,1,0,1,4,0,AI Engineer,1,0,0,0,0,1,1,0,Diploma,50.0,7.9,1.0,3,1,1,0.56,1
994,84,Bachelor's,0.4,1,0,0,0,0,1,0,2,4,1,AI Engineer,1,1,0,1,1,1,0,0,Bachelor's,25.0,0.4,0.4,2,2,1,0.86,0
708,28,Master's,0.6,1,0,0,0,0,0,0,0,4,0,Data Science,1,0,1,0,1,1,0,0,Bachelor's,0.0,0.6,0.6,3,2,1,0.56,0
452,8,Bachelor's,2.4,0,1,0,0,1,1,0,2,2,0,AI Engineer,2,1,0,0,0,0,1,0,Master's,50.0,1.2,1.0,2,3,0,0.28,0
756,3,Master's,4.0,1,0,1,0,0,0,1,2,6,0,AI Engineer,3,0,1,1,0,0,0,0,Diploma,50.0,1.3333333333333333,1.0,3,1,1,0.7,1
832,94,Bachelor's,2.3,0,1,1,0,0,1,0,1,2,0,Business Intelligence,1,0,1,0,1,0,0,1,Diploma,33.33,2.3,1.0,2,1,1,0.28,0
1,89,Bachelor's,0.5,1,1,0,0,0,1,0,4,4,1,Machine Learning,2,0,0,0,0,1,1,0,Bachelor's,50.0,0.25,0.25,2,2,1,0.86,0
601,53,Bachelor's,0.5,0,0,0,0,0,0,0,5,2,0,Data Science,4,1,0,0,1,0,0,0,Bachelor's,0.0,0.125,0.12,2,2,1,0.28,0
282,94,Bachelor's,3.0,1,0,1,0,0,1,1,4,1,1,Business Intelligence,1,0,1,0,1,0,0,1,Diploma,33.33,3.0,1.0,2,1,1,0.44,0
651,29,Diploma,0.1,1,1,0,0,0,1,0,1,2,1,AI Engineer,0,1,1,1,1,0,1,0,Bachelor's,60.0,1.0,1.0,1,2,0,0.58,0
599,94,Bachelor's,0.2,1,0,0,0,1,0,0,0,5,0,Business Intelligence,1,0,1,0,1,0,0,1,Diploma,0.0,0.2,0.2,2,1,1,0.7,0
514,98,Master's,0.0,1,1,0,0,1,1,0,3,2,0,Machine Learning,2,1,1,0,1,0,0,0,Bachelor's,66.67,0.0,0.0,3,2,1,0.28,0
979,89,Bachelor's,5.2,0,0,0,0,1,0,0,1,2,1,Machine Learning,2,0,0,0,0,1,1,0,Bachelor's,50.0,2.6,1.0,2,2,1,0.58,1
861,81,Master's,3.7,0,1,0,0,0,1,0,1,3,1,Data Science,2,1,1,0,0,0,0,1,Bachelor's,33.33,1.85,1.0,3,2,1,0.72,1
119,24,Master's,0.8,1,0,0,1,0,0,0,2,4,0,Machine Learning,2,1,1,0,1,0,1,0,Master's,50.0,0.4,0.4,3,3,1,0.56,1
900,38,Diploma,3.8,1,1,1,0,0,0,1,2,4,0,AI Engineer,2,1,1,1,0,0,0,1,Bachelor's,100.0,1.9,1.0,1,2,0,0.56,1
505,28,Bachelor's,1.2,1,1,0,0,0,1,0,3,3,0,Data Science,1,0,1,0,1,1,0,0,Bachelor's,33.33,1.2,1.0,2,2,1,0.42,0
80,97,Bachelor's,7.5,0,1,0,0,0,0,0,2,3,0,Data Analyst,4,0,0,1,0,1,1,0,Bachelor's,0.0,1.875,1.0,2,2,1,0.42,1
623,62,Bachelor's,2.1,1,0,0,1,0,1,0,2,1,0,Machine Learning,1,1,1,1,0,0,0,1,Diploma,25.0,2.1,1.0,2,1,1,0.14,0
677,100,Bachelor's,0.2,1,0,0,0,0,0,0,0,1,1,Data Science,5,0,0,0,0,1,0,0,Bachelor's,0.0,0.04,0.04,2,2,1,0.44,0
894,51,Bachelor's,0.6,0,0,0,0,0,1,0,1,2,1,Machine Learning,5,0,1,1,0,1,0,0,Master's,0.0,0.12,0.12,2,3,0,0.58,0
957,7,Bachelor's,2.6,0,1,0,0,0,0,0,0,2,1,AI Engineer,2,1,0,0,0,1,0,0,Bachelor's,0.0,1.3,1.0,2,2,1,0.58,0
219,23,Bachelor's,2.7,0,1,1,0,0,0,0,1,2,1,AI Engineer,4,1,0,0,0,1,1,0,Bachelor's,0.0,0.675,0.68,2,2,1,0.58,0
517,46,Bachelor's,2.6,1,0,0,1,1,1,1,1,5,1,Data Analyst,1,1,1,1,0,0,1,0,Bachelor's,50.0,2.6,1.0,2,2,1,1.0,1
911,90,Bachelor's,0.9,1,0,1,0,0,0,0,2,4,0,Data Science,0,1,1,0,1,0,1,1,Bachelor's,20.0,1.0,1.0,2,2,1,0.56,1
727,78,Bachelor's,1.8,1,0,1,0,0,1,0,3,1,0,Business Intelligence,5,1,0,0,0,1,1,0,Master's,66.67,0.36,0.36,2,3,0,0.14,0
707,28,Bachelor's,2.6,1,1,1,1,1,1,0,1,5,1,Data Science,1,0,1,0,1,1,0,0,Bachelor's,100.0,2.6,1.0,2,2,1,1.0,1
466,24,Bachelor's,0.1,1,1,0,0,0,1,0,2,4,1,Machine Learning,2,1,1,0,1,0,1,0,Master's,75.0,0.05,0.05,2,3,0,0.86,0
794,7,Bachelor's,2.9,1,1,0,1,0,0,0,0,2,0,AI Engineer,2,1,0,0,0,1,0,0,Bachelor's,50.0,1.45,1.0,2,2,1,0.28,1
518,100,Master's,5.7,1,0,1,1,1,1,1,5,2,0,Data Science,5,0,0,0,0,1,0,0,Bachelor's,100.0,1.1400000000000001,1.0,3,2,1,0.28,1
891,79,Master's,0.3,1,1,0,0,0,1,0,4,4,0,Data Science,3,1,1,0,0,0,1,0,Bachelor's,100.0,0.09999999999999999,0.1,3,2,1,0.56,1
812,49,Master's,3.6,0,0,1,1,0,1,0,0,3,1,Data Science,4,1,1,0,0,0,0,0,Diploma,0.0,0.9,0.9,3,1,1,0.72,1
502,3,Bachelor's,1.6,0,1,0,0,0,0,0,2,8,0,AI Engineer,3,0,1,1,0,0,0,0,Diploma,50.0,0.5333333333333333,0.53,2,1,1,0.7,0
58,2,Bachelor's,1.3,1,0,0,0,0,1,0,2,6,0,Machine Learning,4,1,1,1,0,0,1,0,Diploma,50.0,0.325,0.32,2,1,1,0.7,1
337,7,Master's,0.6,1,1,0,0,0,1,1,1,4,0,AI Engineer,2,1,0,0,0,1,0,0,Bachelor's,50.0,0.3,0.3,3,2,1,0.56,1
614,9,Diploma,1.0,0,1,0,0,0,1,0,1,6,1,Data Analyst,0,1,1,0,0,0,0,0,Master's,50.0,1.0,1.0,1,3,0,1.0,0
426,12,Bachelor's,8.4,0,1,0,0,0,1,0,2,3,0,Machine Learning,3,1,1,0,0,1,1,0,Bachelor's,50.0,2.8000000000000003,1.0,2,2,1,0.42,1
560,93,Bachelor's,5.8,1,0,1,0,1,0,1,1,6,0,Data Science,1,0,1,1,0,1,1,0,Bachelor's,50.0,5.8,1.0,2,2,1,0.7,1
370,24,Diploma,0.7,0,1,0,0,1,0,0,1,2,1,Machine Learning,2,1,1,0,1,0,1,0,Master's,25.0,0.35,0.35,1,3,0,0.58,0
411,33,Bachelor's,0.6,0,0,0,0,0,1,0,3,3,1,AI Engineer,3,0,1,0,0,0,0,0,Bachelor's,0.0,0.19999999999999998,0.2,2,2,1,0.72,0
788,78,Bachelor's,2.4,1,0,1,1,1,0,0,3,5,1,Business Intelligence,5,1,0,0,0,1,1,0,Master's,66.67,0.48,0.48,2,3,0,1.0,1
966,43,Bachelor's,2.2,0,1,0,1,0,1,0,0,1,0,AI Engineer,3,1,0,0,0,0,0,0,Bachelor's,0.0,0.7333333333333334,0.73,2,2,1,0.14,0
883,82,Diploma,2.5,1,1,1,0,0,1,0,1,5,0,Data Analyst,3,1,1,1,0,0,0,1,Bachelor's,75.0,0.8333333333333334,0.83,1,2,0,0.7,0
675,5,Bachelor's,3.9,0,1,0,1,0,1,0,2,5,0,Business Intelligence,4,0,1,0,0,0,1,0,Bachelor's,100.0,0.975,0.98,2,2,1,0.7,1
844,79,Master's,2.4,0,0,0,0,0,1,1,0,2,1,Data Science,3,1,1,0,0,0,1,0,Bachelor's,33.33,0.7999999999999999,0.8,3,2,1,0.58,0
432,71,Master's,1.8,0,1,0,0,1,1,0,3,3,0,Data Analyst,2,1,1,0,0,0,0,1,Diploma,33.33,0.9,0.9,3,1,1,0.42,0
963,89,Bachelor's,4.6,1,0,0,0,1,1,0,7,3,1,Machine Learning,2,0,0,0,0,1,1,0,Bachelor's,100.0,2.3,1.0,2,2,1,0.72,1
196,14,Bachelor's,5.1,1,1,0,1,0,1,0,0,4,1,Data Science,3,1,1,0,0,1,1,0,Bachelor's,75.0,1.7,1.0,2,2,1,0.86,1
377,36,Master's,1.5,1,1,0,0,1,1,0,0,3,1,Business Intelligence,0,0,1,1,0,1,1,0,Master's,75.0,1.0,1.0,3,3,1,0.72,1
948,35,Master's,0.4,1,1,1,0,0,0,1,4,2,0,Data Science,0,0,0,0,0,0,1,0,Master's,0.0,1.0,1.0,3,3,1,0.28,1
365,50,Master's,3.3,0,1,0,0,0,1,0,3,4,0,AI Engineer,1,1,0,0,0,1,1,0,Master's,33.33,3.3,1.0,3,3,1,0.56,1
836,88,Bachelor's,2.7,0,0,0,0,0,1,0,4,4,0,Data Analyst,0,1,1,1,0,0,1,1,Diploma,20.0,1.0,1.0,2,1,1,0.56,1
644,79,Bachelor's,2.4,0,0,0,0,1,1,0,3,1,0,Data Science,3,1,1,0,0,0,1,0,Bachelor's,33.33,0.7999999999999999,0.8,2,2,1,0.14,0
935,11,Bachelor's,2.8,0,0,0,0,1,1,0,3,0,0,Data Analyst,3,1,1,0,0,1,0,1,Master's,25.0,0.9333333333333332,0.93,2,3,0,0.0,0
405,24,Bachelor's,2.7,0,1,1,0,0,1,0,1,1,0,Machine Learning,2,1,1,0,1,0,1,0,Master's,50.0,1.35,1.0,2,3,0,0.14,0
492,75,Bachelor's,1.2,1,1,1,1,0,1,0,0,5,1,AI Engineer,2,0,1,1,0,1,1,0,Master's,75.0,0.6,0.6,2,3,0,1.0,1
66,44,Bachelor's,3.3,0,0,0,0,1,0,0,6,4,1,Business Intelligence,1,1,1,0,0,1,0,0,Bachelor's,33.33,3.3,1.0,2,2,1,0.86,1
912,51,Bachelor's,5.2,1,0,0,1,1,1,0,2,2,0,Machine Learning,5,0,1,1,0,1,0,0,Master's,33.33,1.04,1.0,2,3,0,0.28,0
391,17,Master's,0.7,1,0,0,0,0,0,0,4,2,0,AI Engineer,4,1,0,1,0,1,0,0,Bachelor's,33.33,0.175,0.18,3,2,1,0.28,0
83,70,Bachelor's,1.4,1,0,0,1,0,1,0,0,3,1,AI Engineer,1,1,0,1,0,0,1,0,Bachelor's,66.67,1.4,1.0,2,2,1,0.72,1
481,85,Bachelor's,4.3,1,0,0,1,0,1,0,4,2,0,Data Science,1,1,0,0,0,0,0,0,Master's,100.0,4.3,1.0,2,3,0,0.28,0
777,8,Bachelor's,2.9,1,1,0,0,1,1,1,4,4,0,AI Engineer,2,1,0,0,0,0,1,0,Master's,100.0,1.45,1.0,2,3,0,0.56,1
785,96,Bachelor's,2.7,0,1,0,0,1,0,0,3,2,0,Business Intelligence,2,1,1,0,1,0,0,0,Master's,33.33,1.35,1.0,2,3,0,0.28,0
731,74,Bachelor's,0.9,0,0,0,1,0,1,0,2,2,0,Data Science,1,1,1,1,0,0,1,0,Bachelor's,25.0,0.9,0.9,2,2,1,0.28,0
225,28,Bachelor's,1.4,1,0,0,0,0,0,0,2,4,0,Data Science,1,0,1,0,1,1,0,0,Bachelor's,0.0,1.4,1.0,2,2,1,0.56,0
113,79,Master's,0.6,1,1,0,0,1,1,1,2,2,0,Data Science,3,1,1,0,0,0,1,0,Bachelor's,100.0,0.19999999999999998,0.2,3,2,1,0.28,1
652,12,Bachelor's,0.9,1,0,1,0,1,1,0,0,9,0,Machine Learning,3,1,1,0,0,1,1,0,Bachelor's,75.0,0.3,0.3,2,2,1,0.7,1
185,43,Bachelor's,0.3,0,1,0,1,0,1,0,0,4,1,AI Engineer,3,1,0,0,0,0,0,0,Bachelor's,0.0,0.09999999999999999,0.1,2,2,1,0.86,0
512,82,Bachelor's,3.2,0,0,0,1,1,0,0,3,2,1,Data Analyst,3,1,1,1,0,0,0,1,Bachelor's,0.0,1.0666666666666667,1.0,2,2,1,0.58,0
173,37,Bachelor's,2.5,1,0,0,0,0,1,0,3,1,1,Data Analyst,0,1,0,0,0,0,0,0,Bachelor's,100.0,1.0,1.0,2,2,1,0.44,1
888,88,Bachelor's,0.7,1,1,1,1,0,1,0,0,8,0,Data Analyst,0,1,1,1,0,0,1,1,Diploma,80.0,1.0,1.0,2,1,1,0.7,1
523,63,Master's,1.1,1,0,1,0,1,1,0,2,6,1,Business Intelligence,5,1,1,0,0,0,0,0,Diploma,50.0,0.22000000000000003,0.22,3,1,1,1.0,1
909,93,Bachelor's,1.0,1,1,1,0,1,1,0,4,1,1,Data Science,1,0,1,1,0,1,1,0,Bachelor's,100.0,1.0,1.0,2,2,1,0.44,1
671,63,Bachelor's,1.2,0,0,0,1,0,0,1,0,5,1,Business Intelligence,5,1,1,0,0,0,0,0,Diploma,0.0,0.24,0.24,2,1,1,1.0,0
205,10,Bachelor's,1.7,0,1,0,1,0,0,0,3,4,1,AI Engineer,5,0,1,0,1,1,0,0,Master's,66.67,0.33999999999999997,0.34,2,3,0,0.86,0
742,78,Bachelor's,3.3,1,1,0,0,0,1,0,1,0,0,Business Intelligence,5,1,0,0,0,1,1,0,Master's,66.67,0.6599999999999999,0.66,2,3,0,0.0,0
538,80,Bachelor's,2.9,1,0,0,1,1,1,1,4,5,1,Business Intelligence,2,1,1,0,0,1,1,0,Master's,75.0,1.45,1.0,2,3,0,1.0,0
159,11,Bachelor's,5.1,1,1,1,0,0,1,0,1,2,0,Data Analyst,3,1,1,0,0,1,0,1,Master's,50.0,1.7,1.0,2,3,0,0.28,1
278,90,Bachelor's,10.8,1,0,0,0,0,1,0,0,3,1,Data Science,0,1,1,0,1,0,1,1,Bachelor's,40.0,1.0,1.0,2,2,1,0.72,1
902,19,Diploma,0.0,0,0,0,0,0,1,1,2,4,0,Business Intelligence,5,1,0,0,0,0,0,1,Bachelor's,50.0,0.0,0.0,1,2,0,0.56,0
148,52,Bachelor's,2.7,1,1,0,1,0,1,1,3,3,1,Business Intelligence,1,1,0,1,0,0,0,0,Bachelor's,50.0,2.7,1.0,2,2,1,0.72,1
981,18,Bachelor's,0.5,1,1,1,0,0,1,0,2,2,0,Data Analyst,0,1,1,0,0,1,0,0,Diploma,66.67,1.0,1.0,2,1,1,0.28,1
778,94,Master's,1.4,1,1,0,0,0,0,0,2,2,0,Business Intelligence,1,0,1,0,1,0,0,1,Diploma,33.33,1.4,1.0,3,1,1,0.28,1
83,32,Bachelor's,1.4,1,0,0,1,0,1,0,0,3,1,AI Engineer,1,0,0,0,0,1,1,0,Diploma,50.0,1.4,1.0,2,1,1,0.72,1
419,23,Bachelor's,1.5,1,0,0,0,1,1,0,3,5,0,AI Engineer,4,1,0,0,0,1,1,0,Bachelor's,100.0,0.375,0.38,2,2,1,0.7,1
538,12,Bachelor's,2.9,1,0,0,1,1,1,1,4,5,1,Machine Learning,3,1,1,0,0,1,1,0,Bachelor's,75.0,0.9666666666666667,0.97,2,2,1,1.0,1
583,58,Bachelor's,2.3,1,0,1,1,1,1,1,5,0,1,Data Analyst,4,1,1,1,1,0,0,0,Bachelor's,75.0,0.575,0.57,2,2,1,0.3,1
549,77,Bachelor's,0.1,1,0,1,0,0,0,0,2,2,1,Data Analyst,0,0,1,0,0,0,0,1,Bachelor's,0.0,1.0,1.0,2,2,1,0.58,1
392,21,Bachelor's,0.2,1,1,0,0,0,1,0,2,3,1,Data Science,1,1,1,0,0,0,1,1,Bachelor's,75.0,0.2,0.2,2,2,1,0.72,0
133,21,Bachelor's,0.2,0,1,1,0,0,0,1,1,5,0,Data Science,1,1,1,0,0,0,1,1,Bachelor's,50.0,0.2,0.2,2,2,1,0.7,0
940,93,Bachelor's,0.2,1,0,1,0,0,1,0,4,1,1,Data Science,1,0,1,1,0,1,1,0,Bachelor's,50.0,0.2,0.2,2,2,1,0.44,0
996,93,Diploma,2.7,0,0,1,0,0,1,0,3,3,0,Data Science,1,0,1,1,0,1,1,0,Bachelor's,50.0,2.7,1.0,1,2,0,0.42,1
638,91,Bachelor's,0.4,0,0,1,1,0,0,0,2,3,1,AI Engineer,5,0,1,0,1,1,1,1,Diploma,20.0,0.08,0.08,2,1,1,0.72,0
627,29,Bachelor's,0.6,1,0,0,0,1,0,0,1,4,0,AI Engineer,0,1,1,1,1,0,1,0,Bachelor's,20.0,1.0,1.0,2,2,1,0.56,1
604,79,Diploma,1.1,1,0,0,0,1,0,0,4,0,0,Data Science,3,1,1,0,0,0,1,0,Bachelor's,33.33,0.3666666666666667,0.37,1,2,0,0.0,0
242,47,Master's,3.7,1,0,0,0,0,0,0,0,4,0,Data Analyst,0,1,0,0,0,0,0,1,Master's,50.0,1.0,1.0,3,3,1,0.56,0
451,12,Master's,1.7,1,0,0,0,1,1,0,2,2,0,Machine Learning,3,1,1,0,0,1,1,0,Bachelor's,75.0,0.5666666666666667,0.57,3,2,1,0.28,1
999,58,Master's,0.1,1,1,1,0,0,0,0,4,5,1,Data Analyst,4,1,1,1,1,0,0,0,Bachelor's,75.0,0.025,0.02,3,2,1,1.0,1
200,41,Master's,0.3,1,0,0,0,0,0,0,2,2,1,Business Intelligence,2,1,0,0,0,0,1,1,Bachelor's,33.33,0.15,0.15,3,2,1,0.58,1
719,19,Bachelor's,10.3,0,0,0,0,0,1,1,1,3,1,Business Intelligence,5,1,0,0,0,0,0,1,Bachelor's,50.0,2.06,1.0,2,2,1,0.72,1
117,12,Master's,0.2,1,1,1,0,0,0,0,2,1,0,Machine Learning,3,1,1,0,0,1,1,0,Bachelor's,50.0,0.06666666666666667,0.07,3,2,1,0.14,0
305,5,Master's,3.1,0,0,1,0,0,1,0,4,2,0,Business Intelligence,4,0,1,0,0,0,1,0,Bachelor's,50.0,0.775,0.78,3,2,1,0.28,1
243,26,Master's,3.7,0,1,1,0,0,1,0,1,1,1,Machine Learning,2,1,0,0,0,1,1,1,Bachelor's,25.0,1.85,1.0,3,2,1,0.44,1
292,63,Diploma,0.4,1,1,0,0,0,1,0,3,3,1,Business Intelligence,5,1,1,0,0,0,0,0,Diploma,100.0,0.08,0.08,1,1,1,0.72,1
976,52,Bachelor's,7.1,1,1,0,1,0,1,0,1,4,1,Business Intelligence,1,1,0,1,0,0,0,0,Bachelor's,50.0,7.1,1.0,2,2,1,0.86,1
794,10,Bachelor's,2.9,1,1,0,1,0,0,0,0,2,0,AI Engineer,5,0,1,0,1,1,0,0,Master's,66.67,0.58,0.58,2,3,0,0.28,1
301,86,Diploma,0.1,0,0,0,1,1,1,0,2,3,0,Data Science,3,0,0,1,1,0,1,0,Bachelor's,66.67,0.03333333333333333,0.03,1,2,0,0.42,0
829,39,Master's,4.0,1,1,0,0,0,1,0,4,2,0,Data Science,0,1,0,0,1,0,1,1,Master's,50.0,1.0,1.0,3,3,1,0.28,1
388,11,Bachelor's,0.4,0,1,0,1,1,0,0,2,2,0,Data Analyst,3,1,1,0,0,1,0,1,Master's,50.0,0.13333333333333333,0.13,2,3,0,0.28,0
588,92,Bachelor's,1.3,0,1,0,0,0,0,0,2,5,1,Machine Learning,3,0,1,0,0,0,1,0,Bachelor's,50.0,0.43333333333333335,0.43,2,2,1,1.0,1
209,95,Diploma,0.8,1,0,0,1,0,1,0,1,2,1,AI Engineer,3,1,1,1,0,1,1,0,Bachelor's,40.0,0.26666666666666666,0.27,1,2,0,0.58,0
314,72,Master's,4.2,0,0,1,1,0,1,0,2,0,0,Data Science,5,1,0,0,0,0,0,1,Master's,0.0,0.8400000000000001,0.84,3,3,1,0.0,0
617,48,Diploma,12.0,1,1,1,1,0,1,1,1,5,1,AI Engineer,1,1,1,1,0,1,0,0,Bachelor's,75.0,12.0,1.0,1,2,0,1.0,1
26,92,Master's,1.6,1,0,1,0,0,1,0,0,5,0,Machine Learning,3,0,1,0,0,0,1,0,Bachelor's,50.0,0.5333333333333333,0.53,3,2,1,0.7,0
863,16,Bachelor's,0.5,0,0,0,0,1,1,1,0,3,1,AI Engineer,2,1,1,0,1,1,1,0,Master's,40.0,0.25,0.25,2,3,0,0.72,0
79,46,Bachelor's,0.6,0,0,1,0,0,1,0,1,3,0,Data Analyst,1,1,1,1,0,0,1,0,Bachelor's,50.0,0.6,0.6,2,2,1,0.42,1
994,47,Bachelor's,0.4,1,0,0,0,0,1,0,2,4,1,Data Analyst,0,1,0,0,0,0,0,1,Master's,50.0,1.0,1.0,2,3,0,0.86,1
413,48,Master's,0.8,1,0,1,0,1,1,0,1,4,0,AI Engineer,1,1,1,1,0,1,0,0,Bachelor's,75.0,0.8,0.8,3,2,1,0.56,1
137,80,Bachelor's,4.8,1,1,1,0,0,0,0,2,4,1,Business Intelligence,2,1,1,0,0,1,1,0,Master's,50.0,2.4,1.0,2,3,0,0.86,1
334,69,Bachelor's,12.0,0,0,0,0,0,1,0,1,1,1,Data Science,5,1,0,1,0,0,1,0,Bachelor's,33.33,2.4,1.0,2,2,1,0.44,1
548,99,Bachelor's,2.0,1,0,0,0,0,1,0,3,1,0,AI Engineer,2,1,1,0,1,0,0,0,Diploma,33.33,1.0,1.0,2,1,1,0.14,1
388,25,Bachelor's,0.4,0,1,0,1,1,0,0,2,2,0,Data Science,3,1,1,0,0,0,1,0,Bachelor's,33.33,0.13333333333333333,0.13,2,2,1,0.28,0
571,77,Bachelor's,2.2,1,0,0,1,0,1,0,4,6,0,Data Analyst,0,0,1,0,0,0,0,1,Bachelor's,0.0,1.0,1.0,2,2,1,0.7,0
230,93,Bachelor's,1.3,1,0,0,0,0,1,0,3,3,1,Data Science,1,0,1,1,0,1,1,0,Bachelor's,25.0,1.3,1.0,2,2,1,0.72,1
421,91,Master's,1.0,1,1,0,0,1,1,0,2,1,0,AI Engineer,5,0,1,0,1,1,1,1,Diploma,60.0,0.2,0.2,3,1,1,0.14,0
124,81,Bachelor's,4.1,1,0,1,0,1,0,0,2,3,1,Data Science,2,1,1,0,0,0,0,1,Bachelor's,33.33,2.05,1.0,2,2,1,0.72,1
88,37,Bachelor's,0.5,0,0,0,0,0,0,0,2,5,0,Data Analyst,0,1,0,0,0,0,0,0,Bachelor's,0.0,1.0,1.0,2,2,1,0.7,1
849,63,Bachelor's,5.4,0,1,1,0,0,1,0,4,5,0,Business Intelligence,5,1,1,0,0,0,0,0,Diploma,50.0,1.08,1.0,2,1,1,0.7,1
141,29,Master's,4.4,0,0,0,0,0,0,0,1,5,1,AI Engineer,0,1,1,1,1,0,1,0,Bachelor's,0.0,1.0,1.0,3,2,1,1.0,1
916,58,Bachelor's,3.2,0,0,1,0,0,1,0,0,4,1,Data Analyst,4,1,1,1,1,0,0,0,Bachelor's,25.0,0.8,0.8,2,2,1,0.86,1
785,98,Bachelor's,2.7,0,1,0,0,1,0,0,3,2,0,Machine Learning,2,1,1,0,1,0,0,0,Bachelor's,33.33,1.35,1.0,2,2,1,0.28,1
51,94,Master's,5.2,1,0,1,0,0,0,0,0,4,0,Business Intelligence,1,0,1,0,1,0,0,1,Diploma,0.0,5.2,1.0,3,1,1,0.56,1
987,31,Bachelor's,3.3,1,0,1,0,0,0,0,2,2,0,AI Engineer,1,1,0,1,1,0,0,0,Master's,66.67,3.3,1.0,2,3,0,0.28,1
567,86,Bachelor's,2.8,1,1,0,0,0,0,1,1,3,1,Data Science,3,0,0,1,1,0,1,0,Bachelor's,0.0,0.9333333333333332,0.93,2,2,1,0.72,0
929,89,Bachelor's,2.6,0,1,1,0,0,0,0,0,3,1,Machine Learning,2,0,0,0,0,1,1,0,Bachelor's,0.0,1.3,1.0,2,2,1,0.72,1
405,68,Bachelor's,2.7,0,1,1,0,0,1,0,1,1,0,Data Science,4,1,0,0,0,0,1,0,Bachelor's,50.0,0.675,0.68,2,2,1,0.14,1
337,99,Master's,0.6,1,1,0,0,0,1,1,1,4,0,AI Engineer,2,1,1,0,1,0,0,0,Diploma,66.67,0.3,0.3,3,1,1,0.56,0
662,41,Master's,1.8,0,1,0,0,0,0,0,3,3,0,Business Intelligence,2,1,0,0,0,0,1,1,Bachelor's,0.0,0.9,0.9,3,2,1,0.42,0
665,50,Bachelor's,12.0,0,1,1,0,1,1,0,1,2,1,AI Engineer,1,1,0,0,0,1,1,0,Master's,66.67,12.0,1.0,2,3,0,0.58,0
963,44,Bachelor's,4.6,1,0,0,0,1,1,0,7,3,1,Business Intelligence,1,1,1,0,0,1,0,0,Bachelor's,66.67,4.6,1.0,2,2,1,0.72,1
731,9,Bachelor's,0.9,0,0,0,1,0,1,0,2,2,0,Data Analyst,0,1,1,0,0,0,0,0,Master's,0.0,1.0,1.0,2,3,0,0.28,0
731,59,Bachelor's,0.9,0,0,0,1,0,1,0,2,2,0,Data Science,2,0,1,0,0,0,0,0,Master's,0.0,0.45,0.45,2,3,0,0.28,0
366,90,Bachelor's,0.4,1,1,1,1,0,1,0,1,2,1,Data Science,0,1,1,0,1,0,1,1,Bachelor's,80.0,1.0,1.0,2,2,1,0.58,1
908,91,Bachelor's,1.1,1,0,0,1,1,0,0,3,4,0,AI Engineer,5,0,1,0,1,1,1,1,Diploma,40.0,0.22000000000000003,0.22,2,1,1,0.56,0
911,27,Bachelor's,0.9,1,0,1,0,0,0,0,2,4,0,Data Science,3,0,1,0,0,1,0,0,Master's,0.0,0.3,0.3,2,3,0,0.56,0
998,82,Bachelor's,0.2,1,0,0,1,1,1,1,2,6,0,Data Analyst,3,1,1,1,0,0,0,1,Bachelor's,50.0,0.06666666666666667,0.07,2,2,1,0.7,1
980,94,Bachelor's,4.6,0,0,0,0,0,0,0,3,1,0,Business Intelligence,1,0,1,0,1,0,0,1,Diploma,0.0,4.6,1.0,2,1,1,0.14,0
854,59,Master's,4.7,0,1,0,1,1,1,0,0,3,1,Data Science,2,0,1,0,0,0,0,0,Master's,100.0,2.35,1.0,3,3,1,0.72,1
258,95,Bachelor's,1.7,1,0,0,0,0,1,1,3,5,1,AI Engineer,3,1,1,1,0,1,1,0,Bachelor's,40.0,0.5666666666666667,0.57,2,2,1,1.0,0
388,3,Bachelor's,0.4,0,1,0,1,1,0,0,2,2,0,AI Engineer,3,0,1,1,0,0,0,0,Diploma,50.0,0.13333333333333333,0.13,2,1,1,0.28,0
45,93,Bachelor's,5.4,0,1,0,0,1,0,0,2,3,1,Data Science,1,0,1,1,0,1,1,0,Bachelor's,50.0,5.4,1.0,2,2,1,0.72,1
269,7,Bachelor's,2.3,1,1,1,1,0,1,0,6,3,0,AI Engineer,2,1,0,0,0,1,0,0,Bachelor's,50.0,1.15,1.0,2,2,1,0.42,1
311,82,Bachelor's,0.2,1,1,0,0,0,0,0,2,4,0,Data Analyst,3,1,1,1,0,0,0,1,Bachelor's,50.0,0.06666666666666667,0.07,2,2,1,0.56,1
672,16,Master's,5.3,1,0,1,0,1,1,0,4,3,0,AI Engineer,2,1,1,0,1,1,1,0,Master's,60.0,2.65,1.0,3,3,1,0.42,1
278,49,Bachelor's,10.8,1,0,0,0,0,1,0,0,3,1,Data Science,4,1,1,0,0,0,0,0,Diploma,50.0,2.7,1.0,2,1,1,0.72,1
857,32,Diploma,3.5,1,0,0,0,0,1,0,1,5,1,AI Engineer,1,0,0,0,0,1,1,0,Diploma,50.0,3.5,1.0,1,1,1,1.0,1
475,89,Bachelor's,1.0,1,1,1,0,1,1,1,3,2,0,Machine Learning,2,0,0,0,0,1,1,0,Bachelor's,100.0,0.5,0.5,2,2,1,0.28,1
567,44,Bachelor's,2.8,1,1,0,0,0,0,1,1,3,1,Business Intelligence,1,1,1,0,0,1,0,0,Bachelor's,66.67,2.8,1.0,2,2,1,0.72,1
145,96,Bachelor's,0.8,1,0,1,0,1,0,1,3,4,0,Business Intelligence,2,1,1,0,1,0,0,0,Master's,33.33,0.4,0.4,2,3,0,0.56,0
966,19,Bachelor's,2.2,0,1,0,1,0,1,0,0,1,0,Business Intelligence,5,1,0,0,0,0,0,1,Bachelor's,0.0,0.44000000000000006,0.44,2,2,1,0.14,0
235,3,Bachelor's,2.6,0,0,0,0,0,1,0,2,2,0,AI Engineer,3,0,1,1,0,0,0,0,Diploma,0.0,0.8666666666666667,0.87,2,1,1,0.28,1
691,60,Bachelor's,0.5,1,1,0,0,1,1,0,0,5,1,Data Analyst,0,0,1,0,0,0,0,0,Bachelor's,100.0,1.0,1.0,2,2,1,1.0,1
720,35,Master's,0.7,1,0,1,0,0,0,0,1,3,0,Data Science,0,0,0,0,0,0,1,0,Master's,0.0,1.0,1.0,3,3,1,0.42,1
136,29,Bachelor's,0.2,0,1,0,0,0,0,0,4,4,0,AI Engineer,0,1,1,1,1,0,1,0,Bachelor's,20.0,1.0,1.0,2,2,1,0.56,0
445,75,Master's,5.1,1,1,0,0,0,1,0,2,10,0,AI Engineer,2,0,1,1,0,1,1,0,Master's,50.0,2.55,1.0,3,3,1,0.7,1
353,70,Bachelor's,1.4,0,1,0,0,0,1,1,1,2,1,AI Engineer,1,1,0,1,0,0,1,0,Bachelor's,33.33,1.4,1.0,2,2,1,0.58,1
394,83,Master's,1.8,1,0,0,0,0,1,0,1,3,0,Business Intelligence,2,0,1,0,0,0,0,0,Bachelor's,0.0,0.9,0.9,3,2,1,0.42,0
994,45,Bachelor's,0.4,1,0,0,0,0,1,0,2,4,1,Business Intelligence,1,0,0,0,0,0,1,0,Bachelor's,100.0,0.4,0.4,2,2,1,0.86,1
275,27,Bachelor's,1.6,0,1,0,0,0,1,0,4,4,0,Data Science,3,0,1,0,0,1,0,0,Master's,50.0,0.5333333333333333,0.53,2,3,0,0.56,1
384,69,Master's,0.7,1,0,0,0,0,1,1,3,5,0,Data Science,5,1,0,1,0,0,1,0,Bachelor's,66.67,0.13999999999999999,0.14,3,2,1,0.7,1
910,90,Bachelor's,0.4,1,0,0,0,0,1,1,2,2,1,Data Science,0,1,1,0,1,0,1,1,Bachelor's,60.0,1.0,1.0,2,2,1,0.58,1
323,35,Bachelor's,5.1,0,1,1,0,0,1,0,4,4,0,Data Science,0,0,0,0,0,0,1,0,Master's,100.0,1.0,1.0,2,3,0,0.56,1
183,19,Master's,2.5,1,0,1,0,0,0,0,0,1,1,Business Intelligence,5,1,0,0,0,0,0,1,Bachelor's,50.0,0.5,0.5,3,2,1,0.44,1
573,17,Bachelor's,3.3,1,1,0,1,0,1,0,3,1,1,AI Engineer,4,1,0,1,0,1,0,0,Bachelor's,33.33,0.825,0.82,2,2,1,0.44,1
440,35,Diploma,2.8,1,1,0,1,0,1,0,0,2,1,Data Science,0,0,0,0,0,0,1,0,Master's,100.0,1.0,1.0,1,3,0,0.58,1
63,77,Master's,3.7,0,1,1,0,0,0,1,3,3,1,Data Analyst,0,0,1,0,0,0,0,1,Bachelor's,100.0,1.0,1.0,3,2,1,0.72,1
873,78,Bachelor's,1.8,0,0,0,0,0,0,0,2,4,0,Business Intelligence,5,1,0,0,0,1,1,0,Master's,0.0,0.36,0.36,2,3,0,0.56,0
727,30,Bachelor's,1.8,1,0,1,0,0,1,0,3,1,0,Data Analyst,1,1,1,0,1,1,0,0,Bachelor's,25.0,1.8,1.0,2,2,1,0.14,1
872,48,Bachelor's,0.6,0,0,0,0,0,1,0,3,3,0,AI Engineer,1,1,1,1,0,1,0,0,Bachelor's,0.0,0.6,0.6,2,2,1,0.42,0
651,57,Diploma,0.1,1,1,0,0,0,1,0,1,2,1,Business Intelligence,3,0,1,0,1,0,0,0,Bachelor's,50.0,0.03333333333333333,0.03,1,2,0,0.58,0
943,17,Bachelor's,3.8,1,0,1,0,0,0,1,3,1,0,AI Engineer,4,1,0,1,0,1,0,0,Bachelor's,66.67,0.95,0.95,2,2,1,0.14,1
646,15,Master's,3.5,1,0,1,0,0,0,0,1,5,0,AI Engineer,0,1,1,1,0,0,1,1,Master's,40.0,1.0,1.0,3,3,1,0.7,1
34,82,Master's,0.3,0,0,1,0,0,1,0,0,2,0,Data Analyst,3,1,1,1,0,0,0,1,Bachelor's,25.0,0.09999999999999999,0.1,3,2,1,0.28,0
705,14,Diploma,1.4,0,1,0,1,0,1,0,3,2,1,Data Science,3,1,1,0,0,1,1,0,Bachelor's,50.0,0.4666666666666666,0.47,1,2,0,0.58,0
867,14,Bachelor's,0.1,1,0,0,0,0,1,0,5,2,1,Data Science,3,1,1,0,0,1,1,0,Bachelor's,50.0,0.03333333333333333,0.03,2,2,1,0.58,0
985,45,Master's,0.4,1,1,0,0,1,1,0,1,3,0,Business Intelligence,1,0,0,0,0,0,1,0,Bachelor's,100.0,0.4,0.4,3,2,1,0.42,1
832,97,Bachelor's,2.3,0,1,1,0,0,1,0,1,2,0,Data Analyst,4,0,0,1,0,1,1,0,Bachelor's,66.67,0.575,0.57,2,2,1,0.28,1
477,38,Diploma,4.1,1,1,0,0,0,0,0,5,3,0,AI Engineer,2,1,1,1,0,0,0,1,Bachelor's,50.0,2.05,1.0,1,2,0,0.42,1
87,63,Master's,2.4,1,0,0,1,1,0,1,1,2,0,Business Intelligence,5,1,1,0,0,0,0,0,Diploma,50.0,0.48,0.48,3,1,1,0.28,0
210,75,Bachelor's,12.0,0,1,0,0,0,0,0,1,3,1,AI Engineer,2,0,1,1,0,1,1,0,Master's,25.0,6.0,1.0,2,3,0,0.72,0
462,11,Bachelor's,2.6,0,0,0,0,0,1,1,3,2,0,Data Analyst,3,1,1,0,0,1,0,1,Master's,25.0,0.8666666666666667,0.87,2,3,0,0.28,0
81,48,Master's,3.9,1,1,1,0,0,1,0,2,2,0,AI Engineer,1,1,1,1,0,1,0,0,Bachelor's,75.0,3.9,1.0,3,2,1,0.28,1
322,26,Master's,0.4,0,0,1,0,0,1,0,1,2,1,Machine Learning,2,1,0,0,0,1,1,1,Bachelor's,25.0,0.2,0.2,3,2,1,0.58,0
415,67,Bachelor's,1.9,1,1,0,0,0,1,0,2,3,1,Data Science,0,1,1,1,0,1,1,0,Bachelor's,60.0,1.0,1.0,2,2,1,0.72,1
851,25,Diploma,0.8,0,0,1,0,0,1,1,2,3,1,Data Science,3,1,1,0,0,0,1,0,Bachelor's,33.33,0.26666666666666666,0.27,1,2,0,0.72,0
992,81,Bachelor's,0.4,0,0,0,0,0,1,0,3,4,0,Data Science,2,1,1,0,0,0,0,1,Bachelor's,0.0,0.2,0.2,2,2,1,0.56,0
190,61,Bachelor's,3.1,0,1,1,0,0,0,0,0,5,0,Business Intelligence,2,0,0,1,0,0,1,0,Bachelor's,50.0,1.55,1.0,2,2,1,0.7,1
950,86,Bachelor's,1.4,0,0,1,1,0,1,0,2,2,0,Data Science,3,0,0,1,1,0,1,0,Bachelor's,100.0,0.4666666666666666,0.47,2,2,1,0.28,1
860,93,Diploma,3.3,1,1,1,0,0,1,0,2,3,0,Data Science,1,0,1,1,0,1,1,0,Bachelor's,75.0,3.3,1.0,1,2,0,0.42,1
233,26,Bachelor's,0.6,0,0,0,0,0,1,0,0,5,0,Machine Learning,2,1,0,0,0,1,1,1,Bachelor's,25.0,0.3,0.3,2,2,1,0.7,0
392,34,Bachelor's,0.2,1,1,0,0,0,1,0,2,3,1,Machine Learning,2,1,1,0,0,1,0,0,Bachelor's,66.67,0.1,0.1,2,2,1,0.72,1
938,90,Master's,4.4,0,0,0,0,1,1,1,2,0,0,Data Science,0,1,1,0,1,0,1,1,Bachelor's,40.0,1.0,1.0,3,2,1,0.0,1
169,9,Diploma,0.0,0,1,0,0,0,1,0,0,4,0,Data Analyst,0,1,1,0,0,0,0,0,Master's,50.0,1.0,1.0,1,3,0,0.56,1
443,40,Bachelor's,2.8,0,0,0,0,1,1,0,4,3,1,Data Analyst,2,1,0,0,0,1,0,1,Bachelor's,33.33,1.4,1.0,2,2,1,0.72,0
763,75,Bachelor's,0.3,0,1,1,1,0,1,0,2,1,0,AI Engineer,2,0,1,1,0,1,1,0,Master's,75.0,0.15,0.15,2,3,0,0.14,0
168,7,Bachelor's,1.8,1,0,0,0,1,1,0,3,3,0,AI Engineer,2,1,0,0,0,1,0,0,Bachelor's,100.0,0.9,0.9,2,2,1,0.42,1
231,30,Master's,5.6,0,1,1,0,0,1,0,4,2,1,Data Analyst,1,1,1,0,1,1,0,0,Bachelor's,25.0,5.6,1.0,3,2,1,0.58,1
150,66,Bachelor's,5.0,0,0,1,0,1,0,0,6,5,0,Business Intelligence,1,0,1,1,1,0,1,0,Bachelor's,25.0,5.0,1.0,2,2,1,0.7,1
664,30,Bachelor's,1.7,0,0,1,0,1,1,0,1,5,1,Data Analyst,1,1,1,0,1,1,0,0,Bachelor's,25.0,1.7,1.0,2,2,1,1.0,1
550,68,Master's,2.5,1,1,1,0,0,0,0,2,3,1,Data Science,4,1,0,0,0,0,1,0,Bachelor's,50.0,0.625,0.62,3,2,1,0.72,1
386,58,Master's,1.0,0,1,0,0,0,1,0,1,2,0,Data Analyst,4,1,1,1,1,0,0,0,Bachelor's,25.0,0.25,0.25,3,2,1,0.28,0
381,55,Bachelor's,0.4,0,0,0,0,0,1,0,2,6,1,Machine Learning,2,0,0,0,0,1,1,1,Bachelor's,33.33,0.2,0.2,2,2,1,1.0,0
809,14,Bachelor's,0.5,1,0,0,0,0,1,0,1,2,0,Data Science,3,1,1,0,0,1,1,0,Bachelor's,50.0,0.16666666666666666,0.17,2,2,1,0.28,0
275,77,Bachelor's,1.6,0,1,0,0,0,1,0,4,4,0,Data Analyst,0,0,1,0,0,0,0,1,Bachelor's,50.0,1.0,1.0,2,2,1,0.56,1
617,89,Diploma,12.0,1,1,1,1,0,1,1,1,5,1,Machine Learning,2,0,0,0,0,1,1,0,Bachelor's,50.0,6.0,1.0,1,2,0,1.0,0
898,77,Master's,0.5,1,1,0,0,0,1,0,2,1,1,Data Analyst,0,0,1,0,0,0,0,1,Bachelor's,50.0,1.0,1.0,3,2,1,0.44,1
860,77,Diploma,3.3,1,1,1,0,0,1,0,2,3,0,Data Analyst,0,0,1,0,0,0,0,1,Bachelor's,50.0,1.0,1.0,1,2,0,0.42,1
864,37,Bachelor's,2.0,0,0,0,0,0,0,0,0,1,1,Data Analyst,0,1,0,0,0,0,0,0,Bachelor's,0.0,1.0,1.0,2,2,1,0.44,0
62,44,Bachelor's,10.4,1,0,0,1,0,1,0,3,4,0,Business Intelligence,1,1,1,0,0,1,0,0,Bachelor's,33.33,10.4,1.0,2,2,1,0.56,1
467,6,Bachelor's,9.4,1,0,0,1,0,0,0,1,5,1,Data Science,2,0,0,0,0,1,0,0,Diploma,0.0,4.7,1.0,2,1,1,1.0,1
528,26,Bachelor's,0.9,0,1,1,0,1,1,0,1,2,1,Machine Learning,2,1,0,0,0,1,1,1,Bachelor's,50.0,0.45,0.45,2,2,1,0.58,0
862,14,Bachelor's,2.7,1,1,1,0,1,1,1,2,3,0,Data Science,3,1,1,0,0,1,1,0,Bachelor's,100.0,0.9,0.9,2,2,1,0.42,1
150,8,Bachelor's,5.0,0,0,1,0,1,0,0,6,5,0,AI Engineer,2,1,0,0,0,0,1,0,Master's,0.0,2.5,1.0,2,3,0,0.7,0
142,24,Bachelor's,1.1,1,1,0,0,0,1,0,0,6,1,Machine Learning,2,1,1,0,1,0,1,0,Master's,75.0,0.55,0.55,2,3,0,1.0,0
116,86,Master's,2.2,1,1,0,0,1,0,0,4,3,0,Data Science,3,0,0,1,1,0,1,0,Bachelor's,0.0,0.7333333333333334,0.73,3,2,1,0.42,0
824,39,Bachelor's,3.7,1,0,0,0,1,0,0,1,4,0,Data Science,0,1,0,0,1,0,1,1,Master's,25.0,1.0,1.0,2,3,0,0.56,0
65,49,Bachelor's,1.4,1,1,1,0,0,1,1,3,1,1,Data Science,4,1,1,0,0,0,0,0,Diploma,100.0,0.35,0.35,2,1,1,0.44,1
429,85,Bachelor's,2.5,1,1,0,0,0,0,0,1,2,1,Data Science,1,1,0,0,0,0,0,0,Master's,100.0,2.5,1.0,2,3,0,0.58,1
310,63,Bachelor's,4.2,1,0,1,1,1,1,0,0,4,1,Business Intelligence,5,1,1,0,0,0,0,0,Diploma,50.0,0.8400000000000001,0.84,2,1,1,0.86,1
706,26,Master's,0.3,0,1,0,0,1,1,0,1,2,1,Machine Learning,2,1,0,0,0,1,1,1,Bachelor's,50.0,0.15,0.15,3,2,1,0.58,1
854,10,Master's,4.7,0,1,0,1,1,1,0,0,3,1,AI Engineer,5,0,1,0,1,1,0,0,Master's,100.0,0.9400000000000001,0.94,3,3,1,0.72,1
430,77,Bachelor's,5.1,0,1,1,0,0,0,0,1,1,0,Data Analyst,0,0,1,0,0,0,0,1,Bachelor's,50.0,1.0,1.0,2,2,1,0.14,0
161,58,Bachelor's,4.4,0,0,0,0,0,0,1,2,5,1,Data Analyst,4,1,1,1,1,0,0,0,Bachelor's,0.0,1.1,1.0,2,2,1,1.0,0
975,14,Diploma,0.9,1,0,0,0,0,1,0,2,2,1,Data Science,3,1,1,0,0,1,1,0,Bachelor's,50.0,0.3,0.3,1,2,0,0.58,0
306,73,Master's,5.1,1,0,0,0,0,0,0,5,1,0,AI Engineer,1,0,0,0,0,0,1,0,Master's,0.0,5.1,1.0,3,3,1,0.14,1
361,71,Bachelor's,6.1,1,1,0,0,0,0,1,1,4,0,Data Analyst,2,1,1,0,0,0,0,1,Diploma,100.0,3.05,1.0,2,1,1,0.56,1
278,39,Bachelor's,10.8,1,0,0,0,0,1,0,0,3,1,Data Science,0,1,0,0,1,0,1,1,Master's,50.0,1.0,1.0,2,3,0,0.72,0
296,31,Bachelor's,0.6,1,0,0,0,1,0,1,3,7,1,AI Engineer,1,1,0,1,1,0,0,0,Master's,33.33,0.6,0.6,2,3,0,1.0,0
551,50,Bachelor's,7.6,1,1,1,0,0,0,1,2,8,0,AI Engineer,1,1,0,0,0,1,1,0,Master's,33.33,7.6,1.0,2,3,0,0.7,0
873,16,Bachelor's,1.8,0,0,0,0,0,0,0,2,4,0,AI Engineer,2,1,1,0,1,1,1,0,Master's,0.0,0.9,0.9,2,3,0,0.56,0
459,51,Diploma,0.6,1,1,0,1,0,1,1,3,2,1,Machine Learning,5,0,1,1,0,1,0,0,Master's,33.33,0.12,0.12,1,3,0,0.58,0
7,89,Diploma,2.9,1,1,0,1,0,1,0,0,4,1,Machine Learning,2,0,0,0,0,1,1,0,Bachelor's,50.0,1.45,1.0,1,2,0,0.86,1
597,38,Bachelor's,0.8,1,0,1,0,0,1,0,2,3,0,AI Engineer,2,1,1,1,0,0,0,1,Bachelor's,50.0,0.4,0.4,2,2,1,0.42,0
711,79,Master's,0.4,0,0,0,0,0,1,1,6,6,1,Data Science,3,1,1,0,0,0,1,0,Bachelor's,33.33,0.13333333333333333,0.13,3,2,1,1.0,1
132,89,Bachelor's,1.7,1,1,0,0,1,1,0,2,3,1,Machine Learning,2,0,0,0,0,1,1,0,Bachelor's,100.0,0.85,0.85,2,2,1,0.72,1
588,71,Bachelor's,1.3,0,1,0,0,0,0,0,2,5,1,Data Analyst,2,1,1,0,0,0,0,1,Diploma,33.33,0.65,0.65,2,1,1,1.0,1
762,90,Bachelor's,4.7,1,1,1,1,0,1,0,0,3,1,Data Science,0,1,1,0,1,0,1,1,Bachelor's,80.0,1.0,1.0,2,2,1,0.72,1
347,72,Bachelor's,1.1,0,0,1,0,0,1,1,0,3,0,Data Science,5,1,0,0,0,0,0,1,Master's,50.0,0.22000000000000003,0.22,2,3,0,0.42,0
955,82,Bachelor's,12.0,0,0,0,0,1,0,0,0,1,0,Data Analyst,3,1,1,1,0,0,0,1,Bachelor's,0.0,4.0,1.0,2,2,1,0.14,0
721,21,Master's,0.4,0,0,0,0,1,1,0,2,4,1,Data Science,1,1,1,0,0,0,1,1,Bachelor's,25.0,0.4,0.4,3,2,1,0.86,1
596,16,Bachelor's,2.2,0,1,0,0,0,0,0,1,10,1,AI Engineer,2,1,1,0,1,1,1,0,Master's,20.0,1.1,1.0,2,3,0,1.0,0
735,67,Bachelor's,0.4,0,0,0,0,0,1,0,1,2,1,Data Science,0,1,1,1,0,1,1,0,Bachelor's,20.0,1.0,1.0,2,2,1,0.58,0
253,65,Master's,0.3,0,1,0,0,0,1,0,2,0,0,Machine Learning,0,1,1,1,0,0,1,0,Master's,50.0,1.0,1.0,3,3,1,0.0,1
410,13,Diploma,5.1,1,0,0,0,1,1,0,2,2,1,Data Analyst,3,0,1,1,1,0,1,1,Bachelor's,20.0,1.7,1.0,1,2,0,0.58,1
543,64,Bachelor's,2.1,0,0,0,1,1,1,1,3,2,0,AI Engineer,3,1,0,1,0,0,1,0,Bachelor's,33.33,0.7000000000000001,0.7,2,2,1,0.28,1
355,61,Diploma,1.7,0,0,0,0,1,1,0,2,3,0,Business Intelligence,2,0,0,1,0,0,1,0,Bachelor's,50.0,0.85,0.85,1,2,0,0.42,1
713,32,Bachelor's,3.8,1,1,0,0,1,1,0,1,2,0,AI Engineer,1,0,0,0,0,1,1,0,Diploma,100.0,3.8,1.0,2,1,1,0.28,1
965,12,Bachelor's,2.1,0,0,0,0,0,1,0,3,0,1,Machine Learning,3,1,1,0,0,1,1,0,Bachelor's,25.0,0.7000000000000001,0.7,2,2,1,0.3,1
564,95,Diploma,0.8,1,0,0,0,0,0,1,3,7,1,AI Engineer,3,1,1,1,0,1,1,0,Bachelor's,20.0,0.26666666666666666,0.27,1,2,0,1.0,0
368,41,Master's,6.0,0,0,0,0,0,1,0,1,0,1,Business Intelligence,2,1,0,0,0,0,1,1,Bachelor's,33.33,3.0,1.0,3,2,1,0.3,0
584,66,Bachelor's,1.7,1,1,1,0,0,1,0,1,5,1,Business Intelligence,1,0,1,1,1,0,1,0,Bachelor's,75.0,1.7,1.0,2,2,1,1.0,1
511,8,Bachelor's,4.2,1,0,0,0,0,0,0,4,1,0,AI Engineer,2,1,0,0,0,0,1,0,Master's,50.0,2.1,1.0,2,3,0,0.14,0
533,59,Master's,3.1,1,0,0,0,1,1,0,4,4,1,Data Science,2,0,1,0,0,0,0,0,Master's,0.0,1.55,1.0,3,3,1,0.86,0
528,25,Bachelor's,0.9,0,1,1,0,1,1,0,1,2,1,Data Science,3,1,1,0,0,0,1,0,Bachelor's,66.67,0.3,0.3,2,2,1,0.58,1
947,5,Bachelor's,1.5,1,1,0,0,0,0,0,0,4,0,Business Intelligence,4,0,1,0,0,0,1,0,Bachelor's,50.0,0.375,0.38,2,2,1,0.56,1
528,45,Bachelor's,0.9,0,1,1,0,1,1,0,1,2,1,Business Intelligence,1,0,0,0,0,0,1,0,Bachelor's,100.0,0.9,0.9,2,2,1,0.58,1
402,2,Master's,0.5,1,0,0,1,1,0,1,0,2,0,Machine Learning,4,1,1,1,0,0,1,0,Diploma,25.0,0.125,0.12,3,1,1,0.28,0
175,42,Bachelor's,2.5,1,0,1,0,0,1,0,1,1,0,Business Intelligence,3,0,1,0,0,0,0,0,Diploma,0.0,0.8333333333333334,0.83,2,1,1,0.14,0
824,38,Bachelor's,3.7,1,0,0,0,1,0,0,1,4,0,AI Engineer,2,1,1,1,0,0,0,1,Bachelor's,25.0,1.85,1.0,2,2,1,0.56,0
924,3,Master's,1.1,1,0,1,0,0,1,1,0,0,0,AI Engineer,3,0,1,1,0,0,0,0,Diploma,50.0,0.3666666666666667,0.37,3,1,1,0.0,0
850,46,Bachelor's,2.6,1,0,0,0,0,1,0,3,4,1,Data Analyst,1,1,1,1,0,0,1,0,Bachelor's,50.0,2.6,1.0,2,2,1,0.86,1
78,22,Diploma,2.8,1,0,0,0,0,0,0,1,3,0,Data Analyst,2,1,1,0,0,0,1,0,Master's,33.33,1.4,1.0,1,3,0,0.42,0
440,33,Diploma,2.8,1,1,0,1,0,1,0,0,2,1,AI Engineer,3,0,1,0,0,0,0,0,Bachelor's,100.0,0.9333333333333332,0.93,1,2,0,0.58,1
752,32,Master's,0.6,0,1,0,1,0,0,0,1,6,1,AI Engineer,1,0,0,0,0,1,1,0,Diploma,0.0,0.6,0.6,3,1,1,1.0,0
549,17,Bachelor's,0.1,1,0,1,0,0,0,0,2,2,1,AI Engineer,4,1,0,1,0,1,0,0,Bachelor's,66.67,0.025,0.02,2,2,1,0.58,0
232,82,Bachelor's,0.7,1,1,0,0,1,1,0,3,4,0,Data Analyst,3,1,1,1,0,0,0,1,Bachelor's,50.0,0.2333333333333333,0.23,2,2,1,0.56,0
400,56,Master's,3.1,0,1,0,1,1,1,1,1,1,0,Machine Learning,2,0,1,1,1,1,1,1,Diploma,83.33,1.55,1.0,3,1,1,0.14,1
213,3,Bachelor's,0.4,1,0,0,0,0,1,0,3,3,0,AI Engineer,3,0,1,1,0,0,0,0,Diploma,0.0,0.13333333333333333,0.13,2,1,1,0.42,0
193,70,Master's,1.1,0,1,0,1,1,1,0,2,5,0,AI Engineer,1,1,0,1,0,0,1,0,Bachelor's,33.33,1.1,1.0,3,2,1,0.7,1
572,49,Master's,0.5,0,1,1,0,0,1,0,0,4,1,Data Science,4,1,1,0,0,0,0,0,Diploma,50.0,0.125,0.12,3,1,1,0.86,1
701,55,Bachelor's,8.4,1,1,0,0,0,0,1,2,4,1,Machine Learning,2,0,0,0,0,1,1,1,Bachelor's,33.33,4.2,1.0,2,2,1,0.86,0
267,77,Bachelor's,1.2,0,0,0,0,1,1,0,5,4,1,Data Analyst,0,0,1,0,0,0,0,1,Bachelor's,0.0,1.0,1.0,2,2,1,0.86,1
126,31,Bachelor's,2.0,0,1,1,0,1,1,0,2,0,1,AI Engineer,1,1,0,1,1,0,0,0,Master's,33.33,2.0,1.0,2,3,0,0.3,0
715,81,Bachelor's,0.1,1,1,0,0,1,1,1,0,2,1,Data Science,2,1,1,0,0,0,0,1,Bachelor's,100.0,0.05,0.05,2,2,1,0.58,1
834,21,Bachelor's,3.4,1,0,0,0,1,0,0,4,2,0,Data Science,1,1,1,0,0,0,1,1,Bachelor's,25.0,3.4,1.0,2,2,1,0.28,1
382,16,Bachelor's,1.2,0,0,0,0,0,1,0,0,3,1,AI Engineer,2,1,1,0,1,1,1,0,Master's,20.0,0.6,0.6,2,3,0,0.72,0
544,17,Bachelor's,0.7,0,0,0,1,0,0,0,0,6,0,AI Engineer,4,1,0,1,0,1,0,0,Bachelor's,0.0,0.175,0.18,2,2,1,0.7,0
502,96,Bachelor's,1.6,0,1,0,0,0,0,0,2,8,0,Business Intelligence,2,1,1,0,1,0,0,0,Master's,33.33,0.8,0.8,2,3,0,0.7,0
824,72,Bachelor's,3.7,1,0,0,0,1,0,0,1,4,0,Data Science,5,1,0,0,0,0,0,1,Master's,50.0,0.74,0.74,2,3,0,0.56,0
261,65,Bachelor's,0.8,0,0,0,0,0,1,0,0,2,0,Machine Learning,0,1,1,1,0,0,1,0,Master's,25.0,1.0,1.0,2,3,0,0.28,0
387,66,Bachelor's,3.7,1,0,1,0,0,1,1,2,4,0,Business Intelligence,1,0,1,1,1,0,1,0,Bachelor's,50.0,3.7,1.0,2,2,1,0.56,1
412,37,Master's,0.3,1,0,0,0,0,1,1,2,4,1,Data Analyst,0,1,0,0,0,0,0,0,Bachelor's,100.0,1.0,1.0,3,2,1,0.86,1
346,24,Bachelor's,1.4,0,1,0,0,0,1,0,2,2,1,Machine Learning,2,1,1,0,1,0,1,0,Master's,50.0,0.7,0.7,2,3,0,0.58,0
983,91,Bachelor's,1.5,0,0,1,1,1,0,0,1,4,1,AI Engineer,5,0,1,0,1,1,1,1,Diploma,40.0,0.3,0.3,2,1,1,0.86,0
328,62,Bachelor's,3.9,1,1,1,0,0,0,1,2,3,1,Machine Learning,1,1,1,1,0,0,0,1,Diploma,100.0,3.9,1.0,2,1,1,0.72,1
100,21,Bachelor's,1.1,1,0,0,0,1,0,0,1,2,1,Data Science,1,1,1,0,0,0,1,1,Bachelor's,25.0,1.1,1.0,2,2,1,0.58,0
797,37,Master's,3.1,1,1,0,0,1,0,0,2,3,0,Data Analyst,0,1,0,0,0,0,0,0,Bachelor's,100.0,1.0,1.0,3,2,1,0.42,1
461,35,Bachelor's,1.3,0,0,0,1,0,1,1,0,2,1,Data Science,0,0,0,0,0,0,1,0,Master's,100.0,1.0,1.0,2,3,0,0.58,1
315,38,Master's,1.5,0,0,1,0,0,1,0,1,2,1,AI Engineer,2,1,1,1,0,0,0,1,Bachelor's,25.0,0.75,0.75,3,2,1,0.58,1
25,53,Bachelor's,7.2,1,0,1,1,0,0,0,1,3,0,Data Science,4,1,0,0,1,0,0,0,Bachelor's,100.0,1.8,1.0,2,2,1,0.42,1
918,15,Master's,2.2,0,0,0,0,1,1,1,2,5,0,AI Engineer,0,1,1,1,0,0,1,1,Master's,40.0,1.0,1.0,3,3,1,0.7,1
494,42,Bachelor's,0.2,1,1,1,0,0,1,1,1,1,0,Business Intelligence,3,0,1,0,0,0,0,0,Diploma,100.0,0.06666666666666667,0.07,2,1,1,0.14,1
353,94,Bachelor's,1.4,0,1,0,0,0,1,1,1,2,1,Business Intelligence,1,0,1,0,1,0,0,1,Diploma,66.67,1.4,1.0,2,1,1,0.58,1
869,4,Master's,0.4,1,1,0,1,0,1,0,4,4,1,Data Analyst,2,0,1,0,0,0,1,1,Bachelor's,66.67,0.2,0.2,3,2,1,0.86,1
117,39,Master's,0.2,1,1,1,0,0,0,0,2,1,0,Data Science,0,1,0,0,1,0,1,1,Master's,25.0,1.0,1.0,3,3,1,0.14,1
199,79,Master's,3.5,1,0,0,0,0,0,0,4,3,1,Data Science,3,1,1,0,0,0,1,0,Bachelor's,33.33,1.1666666666666667,1.0,3,2,1,0.72,1
279,23,Master's,0.4,0,0,0,1,1,0,0,3,3,1,AI Engineer,4,1,0,0,0,1,1,0,Bachelor's,33.33,0.1,0.1,3,2,1,0.72,0
582,15,Master's,1.2,0,1,0,0,1,1,0,3,2,0,AI Engineer,0,1,1,1,0,0,1,1,Master's,40.0,1.0,1.0,3,3,1,0.28,1
847,90,Diploma,0.3,0,1,1,0,0,0,1,0,4,1,Data Science,0,1,1,0,1,0,1,1,Bachelor's,40.0,1.0,1.0,1,2,0,0.86,0
79,12,Bachelor's,0.6,0,0,1,0,0,1,0,1,3,0,Machine Learning,3,1,1,0,0,1,1,0,Bachelor's,25.0,0.19999999999999998,0.2,2,2,1,0.42,1
424,82,Bachelor's,0.4,1,0,1,0,0,1,0,4,5,1,Data Analyst,3,1,1,1,0,0,0,1,Bachelor's,50.0,0.13333333333333333,0.13,2,2,1,1.0,0
354,70,Bachelor's,3.2,0,1,1,0,0,1,0,6,0,1,AI Engineer,1,1,0,1,0,0,1,0,Bachelor's,66.67,3.2,1.0,2,2,1,0.3,1
526,82,Bachelor's,0.7,1,0,0,0,1,0,0,1,3,0,Data Analyst,3,1,1,1,0,0,0,1,Bachelor's,25.0,0.2333333333333333,0.23,2,2,1,0.42,0
541,54,Master's,3.1,0,0,0,0,0,1,0,3,1,1,Data Analyst,3,1,0,0,0,1,1,0,Bachelor's,33.33,1.0333333333333334,1.0,3,2,1,0.44,1
656,88,Bachelor's,6.9,1,0,0,0,0,0,0,2,4,1,Data Analyst,0,1,1,1,0,0,1,1,Diploma,20.0,1.0,1.0,2,1,1,0.86,0
477,38,Diploma,4.1,1,1,0,0,0,0,0,5,3,0,AI Engineer,2,1,1,1,0,0,0,1,Bachelor's,50.0,2.05,1.0,1,2,0,0.42,0
855,28,Bachelor's,6.3,1,1,0,0,0,1,0,2,5,1,Data Science,1,0,1,0,1,1,0,0,Bachelor's,33.33,6.3,1.0,2,2,1,1.0,1
10,79,Master's,1.7,1,0,0,0,0,1,0,2,4,1,Data Science,3,1,1,0,0,0,1,0,Bachelor's,66.67,0.5666666666666667,0.57,3,2,1,0.86,1
559,19,Master's,4.6,1,0,1,0,1,1,0,3,1,0,Business Intelligence,5,1,0,0,0,0,0,1,Bachelor's,50.0,0.9199999999999999,0.92,3,2,1,0.14,1
503,69,Bachelor's,0.1,0,1,0,0,0,1,0,3,2,0,Data Science,5,1,0,1,0,0,1,0,Bachelor's,33.33,0.02,0.02,2,2,1,0.28,0
260,64,Diploma,2.2,1,1,0,1,0,1,0,4,7,0,AI Engineer,3,1,0,1,0,0,1,0,Bachelor's,66.67,0.7333333333333334,0.73,1,2,0,0.7,0
524,4,Master's,0.3,1,0,0,0,0,0,0,3,7,0,Data Analyst,2,0,1,0,0,0,1,1,Bachelor's,0.0,0.15,0.15,3,2,1,0.7,0
810,81,Bachelor's,0.3,0,0,1,0,0,1,0,3,4,1,Data Science,2,1,1,0,0,0,0,1,Bachelor's,0.0,0.15,0.15,2,2,1,0.86,1
738,10,Master's,0.5,1,1,0,0,0,1,0,4,6,0,AI Engineer,5,0,1,0,1,1,0,0,Master's,33.33,0.1,0.1,3,3,1,0.7,0
772,12,Master's,3.8,1,1,0,0,1,0,0,2,2,1,Machine Learning,3,1,1,0,0,1,1,0,Bachelor's,75.0,1.2666666666666666,1.0,3,2,1,0.58,1
596,69,Bachelor's,2.2,0,1,0,0,0,0,0,1,10,1,Data Science,5,1,0,1,0,0,1,0,Bachelor's,0.0,0.44000000000000006,0.44,2,2,1,1.0,0
860,7,Diploma,3.3,1,1,1,0,0,1,0,2,3,0,AI Engineer,2,1,0,0,0,1,0,0,Bachelor's,50.0,1.65,1.0,1,2,0,0.42,0
860,44,Diploma,3.3,1,1,1,0,0,1,0,2,3,0,Business Intelligence,1,1,1,0,0,1,0,0,Bachelor's,66.67,3.3,1.0,1,2,0,0.42,1
6,23,Bachelor's,2.7,0,1,0,0,1,1,0,1,6,0,AI Engineer,4,1,0,0,0,1,1,0,Bachelor's,66.67,0.675,0.68,2,2,1,0.7,1
910,2,Bachelor's,0.4,1,0,0,0,0,1,1,2,2,1,Machine Learning,4,1,1,1,0,0,1,0,Diploma,50.0,0.1,0.1,2,1,1,0.58,0
759,94,Master's,0.3,0,0,0,0,1,0,0,5,2,1,Business Intelligence,1,0,1,0,1,0,0,1,Diploma,0.0,0.3,0.3,3,1,1,0.58,0
35,37,Master's,0.2,0,0,0,0,0,1,0,4,5,1,Data Analyst,0,1,0,0,0,0,0,0,Bachelor's,0.0,1.0,1.0,3,2,1,1.0,1
175,69,Bachelor's,2.5,1,0,1,0,0,1,0,1,1,0,Data Science,5,1,0,1,0,0,1,0,Bachelor's,100.0,0.5,0.5,2,2,1,0.14,1
442,20,Master's,0.2,1,1,1,0,0,1,0,1,1,1,Data Analyst,2,1,1,0,0,1,0,0,Bachelor's,66.67,0.1,0.1,3,2,1,0.44,1
577,90,Bachelor's,0.1,0,0,0,0,1,1,0,2,2,0,Data Science,0,1,1,0,1,0,1,1,Bachelor's,20.0,1.0,1.0,2,2,1,0.28,1
147,44,Bachelor's,4.0,1,1,0,0,0,0,0,2,5,0,Business Intelligence,1,1,1,0,0,1,0,0,Bachelor's,66.67,4.0,1.0,2,2,1,0.7,1
569,70,Master's,2.4,0,1,0,1,0,0,0,1,2,1,AI Engineer,1,1,0,1,0,0,1,0,Bachelor's,0.0,2.4,1.0,3,2,1,0.58,1
193,93,Master's,1.1,0,1,0,1,1,1,0,2,5,0,Data Science,1,0,1,1,0,1,1,0,Bachelor's,75.0,1.1,1.0,3,2,1,0.7,1
904,51,Bachelor's,0.1,1,0,0,0,0,0,0,2,4,1,Machine Learning,5,0,1,1,0,1,0,0,Master's,0.0,0.02,0.02,2,3,0,0.86,0
530,80,Master's,1.9,0,0,0,0,1,1,0,2,4,0,Business Intelligence,2,1,1,0,0,1,1,0,Master's,50.0,0.95,0.95,3,3,1,0.56,0
246,98,Master's,2.5,1,0,1,0,0,1,0,2,4,1,Machine Learning,2,1,1,0,1,0,0,0,Bachelor's,33.33,1.25,1.0,3,2,1,0.86,1
675,31,Bachelor's,3.9,0,1,0,1,0,1,0,2,5,0,AI Engineer,1,1,0,1,1,0,0,0,Master's,33.33,3.9,1.0,2,3,0,0.7,0
855,100,Bachelor's,6.3,1,1,0,0,0,1,0,2,5,1,Data Science,5,0,0,0,0,1,0,0,Bachelor's,0.0,1.26,1.0,2,2,1,1.0,0
114,41,Master's,1.9,0,0,0,0,0,1,0,4,3,0,Business Intelligence,2,1,0,0,0,0,1,1,Bachelor's,33.33,0.95,0.95,3,2,1,0.42,1
794,58,Bachelor's,2.9,1,1,0,1,0,0,0,0,2,0,Data Analyst,4,1,1,1,1,0,0,0,Bachelor's,75.0,0.725,0.72,2,2,1,0.28,1
233,5,Bachelor's,0.6,0,0,0,0,0,1,0,0,5,0,Business Intelligence,4,0,1,0,0,0,1,0,Bachelor's,50.0,0.15,0.15,2,2,1,0.7,1
678,33,Bachelor's,1.3,1,0,1,0,0,0,0,2,3,1,AI Engineer,3,0,1,0,0,0,0,0,Bachelor's,0.0,0.43333333333333335,0.43,2,2,1,0.72,0
980,43,Bachelor's,4.6,0,0,0,0,0,0,0,3,1,0,AI Engineer,3,1,0,0,0,0,0,0,Bachelor's,0.0,1.5333333333333332,1.0,2,2,1,0.14,0
322,19,Master's,0.4,0,0,1,0,0,1,0,1,2,1,Business Intelligence,5,1,0,0,0,0,0,1,Bachelor's,0.0,0.08,0.08,3,2,1,0.58,0
538,32,Bachelor's,2.9,1,0,0,1,1,1,1,4,5,1,AI Engineer,1,0,0,0,0,1,1,0,Diploma,100.0,2.9,1.0,2,1,1,1.0,1
126,87,Bachelor's,2.0,0,1,1,0,1,1,0,2,0,1,AI Engineer,1,1,0,0,0,0,0,0,Bachelor's,0.0,2.0,1.0,2,2,1,0.3,1
313,3,Diploma,2.0,1,1,0,1,0,1,0,2,1,0,AI Engineer,3,0,1,1,0,0,0,0,Diploma,50.0,0.6666666666666666,0.67,1,1,1,0.14,0
511,1,Bachelor's,4.2,1,0,0,0,0,0,0,4,1,0,Data Science,4,1,0,0,1,0,1,0,Bachelor's,33.33,1.05,1.0,2,2,1,0.14,0
484,100,Bachelor's,0.0,1,1,0,0,0,1,1,4,5,0,Data Science,5,0,0,0,0,1,0,0,Bachelor's,0.0,0.0,0.0,2,2,1,0.7,0
281,41,Master's,2.4,1,0,0,1,1,1,0,2,3,0,Business Intelligence,2,1,0,0,0,0,1,1,Bachelor's,66.67,1.2,1.0,3,2,1,0.42,1
798,92,Bachelor's,0.2,0,0,1,1,0,1,0,2,3,1,Machine Learning,3,0,1,0,0,0,1,0,Bachelor's,50.0,0.06666666666666667,0.07,2,2,1,0.72,1
978,48,Diploma,1.4,1,1,0,0,1,0,0,8,1,0,AI Engineer,1,1,1,1,0,1,0,0,Bachelor's,75.0,1.4,1.0,1,2,0,0.14,0
903,39,Bachelor's,3.6,1,1,0,0,0,1,0,2,6,0,Data Science,0,1,0,0,1,0,1,1,Master's,50.0,1.0,1.0,2,3,0,0.7,0
283,5,Bachelor's,2.1,1,1,0,0,1,1,1,3,3,1,Business Intelligence,4,0,1,0,0,0,1,0,Bachelor's,100.0,0.525,0.52,2,2,1,0.72,1
651,77,Diploma,0.1,1,1,0,0,0,1,0,1,2,1,Data Analyst,0,0,1,0,0,0,0,1,Bachelor's,50.0,1.0,1.0,1,2,0,0.58,1
613,11,Bachelor's,1.9,1,0,0,1,0,0,1,2,2,1,Data Analyst,3,1,1,0,0,1,0,1,Master's,50.0,0.6333333333333333,0.63,2,3,0,0.58,0
392,22,Bachelor's,0.2,1,1,0,0,0,1,0,2,3,1,Data Analyst,2,1,1,0,0,0,1,0,Master's,100.0,0.1,0.1,2,3,0,0.72,0
523,87,Master's,1.1,1,0,1,0,1,1,0,2,6,1,AI Engineer,1,1,0,0,0,0,0,0,Bachelor's,100.0,1.1,1.0,3,2,1,1.0,1
382,64,Bachelor's,1.2,0,0,0,0,0,1,0,0,3,1,AI Engineer,3,1,0,1,0,0,1,0,Bachelor's,33.33,0.39999999999999997,0.4,2,2,1,0.72,0
216,12,Bachelor's,0.6,1,0,1,0,1,0,0,1,4,0,Machine Learning,3,1,1,0,0,1,1,0,Bachelor's,50.0,0.19999999999999998,0.2,2,2,1,0.56,0
542,53,Bachelor's,0.3,0,1,0,0,1,1,0,2,4,1,Data Science,4,1,0,0,1,0,0,0,Bachelor's,0.0,0.075,0.08,2,2,1,0.86,0
606,55,Bachelor's,1.8,1,0,1,0,0,0,0,2,2,0,Machine Learning,2,0,0,0,0,1,1,1,Bachelor's,0.0,0.9,0.9,2,2,1,0.28,0
116,53,Master's,2.2,1,1,0,0,1,0,0,4,3,0,Data Science,4,1,0,0,1,0,0,0,Bachelor's,50.0,0.55,0.55,3,2,1,0.42,0
509,21,Master's,2.3,0,1,0,0,1,0,1,0,4,0,Data Science,1,1,1,0,0,0,1,1,Bachelor's,50.0,2.3,1.0,3,2,1,0.56,1
500,19,Master's,5.0,1,1,0,0,1,0,0,3,6,0,Business Intelligence,5,1,0,0,0,0,0,1,Bachelor's,50.0,1.0,1.0,3,2,1,0.7,1
271,69,Master's,3.0,1,0,0,0,0,1,0,4,2,0,Data Science,5,1,0,1,0,0,1,0,Bachelor's,66.67,0.6,0.6,3,2,1,0.28,1
440,88,Diploma,2.8,1,1,0,1,0,1,0,0,2,1,Data Analyst,0,1,1,1,0,0,1,1,Diploma,60.0,1.0,1.0,1,1,1,0.58,1
291,94,Diploma,1.3,0,0,0,0,0,0,1,3,3,0,Business Intelligence,1,0,1,0,1,0,0,1,Diploma,33.33,1.3,1.0,1,1,1,0.42,1
39,72,Bachelor's,0.2,1,0,1,0,0,1,0,3,4,0,Data Science,5,1,0,0,0,0,0,1,Master's,50.0,0.04,0.04,2,3,0,0.56,0
24,66,Bachelor's,8.9,1,0,1,0,0,0,0,1,1,1,Business Intelligence,1,0,1,1,1,0,1,0,Bachelor's,25.0,8.9,1.0,2,2,1,0.44,1
776,59,Bachelor's,0.9,1,1,1,0,0,1,0,0,1,0,Data Science,2,0,1,0,0,0,0,0,Master's,100.0,0.45,0.45,2,3,0,0.14,0
43,49,Diploma,1.0,1,0,0,0,0,0,0,2,3,1,Data Science,4,1,1,0,0,0,0,0,Diploma,50.0,0.25,0.25,1,1,1,0.72,0
170,98,Bachelor's,0.8,1,0,0,1,0,1,0,2,4,0,Machine Learning,2,1,1,0,1,0,0,0,Bachelor's,66.67,0.4,0.4,2,2,1,0.56,1
340,59,Diploma,0.1,1,1,0,0,0,1,0,1,2,1,Data Science,2,0,1,0,0,0,0,0,Master's,100.0,0.05,0.05,1,3,0,0.58,0
169,23,Diploma,0.0,0,1,0,0,0,1,0,0,4,0,AI Engineer,4,1,0,0,0,1,1,0,Bachelor's,33.33,0.0,0.0,1,2,0,0.56,0
815,3,Master's,0.2,0,0,1,0,0,1,0,2,2,1,AI Engineer,3,0,1,1,0,0,0,0,Diploma,50.0,0.06666666666666667,0.07,3,1,1,0.58,1
538,56,Bachelor's,2.9,1,0,0,1,1,1,1,4,5,1,Machine Learning,2,0,1,1,1,1,1,1,Diploma,66.67,1.45,1.0,2,1,1,1.0,1
692,58,Bachelor's,1.7,0,1,0,0,0,0,0,4,2,1,Data Analyst,4,1,1,1,1,0,0,0,Bachelor's,25.0,0.425,0.42,2,2,1,0.58,0
472,88,Master's,3.4,0,1,1,0,1,1,0,4,2,1,Data Analyst,0,1,1,1,0,0,1,1,Diploma,60.0,1.0,1.0,3,1,1,0.58,1
662,62,Master's,1.8,0,1,0,0,0,0,0,3,3,0,Machine Learning,1,1,1,1,0,0,0,1,Diploma,25.0,1.8,1.0,3,1,1,0.42,1
645,18,Bachelor's,0.2,1,1,1,0,0,1,0,2,3,0,Data Analyst,0,1,1,0,0,1,0,0,Diploma,66.67,1.0,1.0,2,1,1,0.42,1
143,61,Bachelor's,2.8,0,1,0,0,0,0,0,1,1,1,Business Intelligence,2,0,0,1,0,0,1,0,Bachelor's,0.0,1.4,1.0,2,2,1,0.44,1
676,37,Master's,0.9,1,0,1,0,1,1,0,0,1,0,Data Analyst,0,1,0,0,0,0,0,0,Bachelor's,100.0,1.0,1.0,3,2,1,0.14,1
101,54,Diploma,0.1,0,0,0,0,0,1,1,2,5,0,Data Analyst,3,1,0,0,0,1,1,0,Bachelor's,33.33,0.03333333333333333,0.03,1,2,0,0.7,0
575,95,Master's,0.6,1,1,1,0,0,1,1,2,3,1,AI Engineer,3,1,1,1,0,1,1,0,Bachelor's,80.0,0.19999999999999998,0.2,3,2,1,0.72,1
605,78,Bachelor's,0.2,1,0,1,0,0,1,0,2,1,1,Business Intelligence,5,1,0,0,0,1,1,0,Master's,66.67,0.04,0.04,2,3,0,0.44,0
719,65,Bachelor's,10.3,0,0,0,0,0,1,1,1,3,1,Machine Learning,0,1,1,1,0,0,1,0,Master's,25.0,1.0,1.0,2,3,0,0.72,0
475,14,Bachelor's,1.0,1,1,1,0,1,1,1,3,2,0,Data Science,3,1,1,0,0,1,1,0,Bachelor's,100.0,0.3333333333333333,0.33,2,2,1,0.28,0
945,5,Bachelor's,3.9,0,0,1,1,0,1,0,3,3,0,Business Intelligence,4,0,1,0,0,0,1,0,Bachelor's,50.0,0.975,0.98,2,2,1,0.42,1
311,95,Bachelor's,0.2,1,1,0,0,0,0,0,2,4,0,AI Engineer,3,1,1,1,0,1,1,0,Bachelor's,40.0,0.06666666666666667,0.07,2,2,1,0.56,0
584,95,Bachelor's,1.7,1,1,1,0,0,1,0,1,5,1,AI Engineer,3,1,1,1,0,1,1,0,Bachelor's,80.0,0.5666666666666667,0.57,2,2,1,1.0,1
60,94,Bachelor's,2.5,1,1,1,0,1,0,0,2,2,1,Business Intelligence,1,0,1,0,1,0,0,1,Diploma,33.33,2.5,1.0,2,1,1,0.58,1
953,100,Bachelor's,2.3,0,1,0,1,0,0,0,1,1,0,Data Science,5,0,0,0,0,1,0,0,Bachelor's,0.0,0.45999999999999996,0.46,2,2,1,0.14,0
29,62,Bachelor's,1.0,1,1,1,0,1,1,0,2,1,1,Machine Learning,1,1,1,1,0,0,0,1,Diploma,75.0,1.0,1.0,2,1,1,0.44,1
531,1,Master's,0.9,0,0,0,0,0,1,1,2,3,0,Data Science,4,1,0,0,1,0,1,0,Bachelor's,33.33,0.225,0.22,3,2,1,0.42,0
991,63,Master's,3.6,1,0,1,0,1,0,0,1,2,1,Business Intelligence,5,1,1,0,0,0,0,0,Diploma,50.0,0.72,0.72,3,1,1,0.58,1
73,67,Diploma,0.1,1,0,0,0,0,0,0,3,4,0,Data Science,0,1,1,1,0,1,1,0,Bachelor's,20.0,1.0,1.0,1,2,0,0.56,0
394,20,Master's,1.8,1,0,0,0,0,1,0,1,3,0,Data Analyst,2,1,1,0,0,1,0,0,Bachelor's,33.33,0.9,0.9,3,2,1,0.42,0
869,43,Master's,0.4,1,1,0,1,0,1,0,4,4,1,AI Engineer,3,1,0,0,0,0,0,0,Bachelor's,100.0,0.13333333333333333,0.13,3,2,1,0.86,1
394,85,Master's,1.8,1,0,0,0,0,1,0,1,3,0,Data Science,1,1,0,0,0,0,0,0,Master's,100.0,1.8,1.0,3,3,1,0.42,1
758,94,Bachelor's,1.7,0,0,1,0,0,0,0,0,3,0,Business Intelligence,1,0,1,0,1,0,0,1,Diploma,0.0,1.7,1.0,2,1,1,0.42,0
481,42,Bachelor's,4.3,1,0,0,1,0,1,0,4,2,0,Business Intelligence,3,0,1,0,0,0,0,0,Diploma,0.0,1.4333333333333333,1.0,2,1,1,0.28,1
313,69,Diploma,2.0,1,1,0,1,0,1,0,2,1,0,Data Science,5,1,0,1,0,0,1,0,Bachelor's,66.67,0.4,0.4,1,2,0,0.14,0
438,74,Master's,3.0,1,1,1,1,0,1,0,1,4,1,Data Science,1,1,1,1,0,0,1,0,Bachelor's,100.0,3.0,1.0,3,2,1,0.86,1
952,88,Bachelor's,0.6,0,1,0,0,0,1,1,1,3,0,Data Analyst,0,1,1,1,0,0,1,1,Diploma,60.0,1.0,1.0,2,1,1,0.42,1
324,39,Bachelor's,0.6,1,1,0,1,0,0,0,4,1,0,Data Science,0,1,0,0,1,0,1,1,Master's,50.0,1.0,1.0,2,3,0,0.14,0
965,62,Bachelor's,2.1,0,0,0,0,0,1,0,3,0,1,Machine Learning,1,1,1,1,0,0,0,1,Diploma,0.0,2.1,1.0,2,1,1,0.3,0
87,48,Master's,2.4,1,0,0,1,1,0,1,1,2,0,AI Engineer,1,1,1,1,0,1,0,0,Bachelor's,50.0,2.4,1.0,3,2,1,0.28,0
359,6,Master's,0.8,1,1,0,1,1,1,0,0,7,1,Data Science,2,0,0,0,0,1,0,0,Diploma,100.0,0.4,0.4,3,1,1,1.0,1
695,74,Bachelor's,1.1,0,0,0,1,0,0,0,3,8,0,Data Science,1,1,1,1,0,0,1,0,Bachelor's,0.0,1.1,1.0,2,2,1,0.7,1
197,42,Master's,9.1,1,1,0,0,0,1,0,1,3,0,Business Intelligence,3,0,1,0,0,0,0,0,Diploma,100.0,3.033333333333333,1.0,3,1,1,0.42,1
756,58,Master's,4.0,1,0,1,0,0,0,1,2,6,0,Data Analyst,4,1,1,1,1,0,0,0,Bachelor's,50.0,1.0,1.0,3,2,1,0.7,1
840,43,Bachelor's,0.6,1,1,0,0,1,0,0,5,1,0,AI Engineer,3,1,0,0,0,0,0,0,Bachelor's,100.0,0.19999999999999998,0.2,2,2,1,0.14,0
977,10,Bachelor's,0.8,0,0,0,0,1,0,0,0,2,0,AI Engineer,5,0,1,0,1,1,0,0,Master's,33.33,0.16,0.16,2,3,0,0.28,0
385,89,Master's,2.7,1,0,1,0,0,0,0,2,4,0,Machine Learning,2,0,0,0,0,1,1,0,Bachelor's,0.0,1.35,1.0,3,2,1,0.56,1
118,78,Bachelor's,5.2,0,0,0,0,1,1,0,1,2,1,Business Intelligence,5,1,0,0,0,1,1,0,Master's,66.67,1.04,1.0,2,3,0,0.58,1
498,39,Diploma,1.6,0,1,0,1,0,0,0,0,1,0,Data Science,0,1,0,0,1,0,1,1,Master's,25.0,1.0,1.0,1,3,0,0.14,0
908,13,Bachelor's,1.1,1,0,0,1,1,0,0,3,4,0,Data Analyst,3,0,1,1,1,0,1,1,Bachelor's,20.0,0.3666666666666667,0.37,2,2,1,0.56,0
931,75,Bachelor's,2.2,0,1,0,0,0,0,0,3,5,1,AI Engineer,2,0,1,1,0,1,1,0,Master's,25.0,1.1,1.0,2,3,0,1.0,0
884,39,Bachelor's,3.6,1,0,0,1,0,0,0,3,1,1,Data Science,0,1,0,0,1,0,1,1,Master's,50.0,1.0,1.0,2,3,0,0.44,1
496,16,Bachelor's,2.8,1,0,0,0,0,1,1,0,0,1,AI Engineer,2,1,1,0,1,1,1,0,Master's,40.0,1.4,1.0,2,3,0,0.3,0
594,33,Bachelor's,0.3,1,1,0,1,1,0,1,5,1,1,AI Engineer,3,0,1,0,0,0,0,0,Bachelor's,100.0,0.09999999999999999,0.1,2,2,1,0.44,0
970,60,Bachelor's,0.1,1,0,0,1,0,0,0,2,0,1,Data Analyst,0,0,1,0,0,0,0,0,Bachelor's,0.0,1.0,1.0,2,2,1,0.3,0
247,96,Bachelor's,0.4,1,1,0,1,0,0,0,0,1,0,Business Intelligence,2,1,1,0,1,0,0,0,Master's,100.0,0.2,0.2,2,3,0,0.14,1
975,59,Diploma,0.9,1,0,0,0,0,1,0,2,2,1,Data Science,2,0,1,0,0,0,0,0,Master's,0.0,0.45,0.45,1,3,0,0.58,0
234,74,Bachelor's,0.1,0,0,1,0,0,1,0,2,0,0,Data Science,1,1,1,1,0,0,1,0,Bachelor's,50.0,0.1,0.1,2,2,1,0.0,1
467,15,Bachelor's,9.4,1,0,0,1,0,0,0,1,5,1,AI Engineer,0,1,1,1,0,0,1,1,Master's,20.0,1.0,1.0,2,3,0,1.0,0
482,80,Bachelor's,0.3,0,1,0,0,0,1,0,1,0,1,Business Intelligence,2,1,1,0,0,1,1,0,Master's,50.0,0.15,0.15,2,3,0,0.3,0
365,43,Master's,3.3,0,1,0,0,0,1,0,3,4,0,AI Engineer,3,1,0,0,0,0,0,0,Bachelor's,0.0,1.0999999999999999,1.0,3,2,1,0.56,0
153,27,Bachelor's,3.0,0,1,1,1,0,0,0,2,1,1,Data Science,3,0,1,0,0,1,0,0,Master's,50.0,1.0,1.0,2,3,0,0.44,1
272,56,Master's,4.9,1,0,1,0,1,0,0,2,5,1,Machine Learning,2,0,1,1,1,1,1,1,Diploma,33.33,2.45,1.0,3,1,1,1.0,1
392,60,Bachelor's,0.2,1,1,0,0,0,1,0,2,3,1,Data Analyst,0,0,1,0,0,0,0,0,Bachelor's,100.0,1.0,1.0,2,2,1,0.72,1
547,96,Bachelor's,4.1,1,0,0,0,0,0,1,1,4,1,Business Intelligence,2,1,1,0,1,0,0,0,Master's,33.33,2.05,1.0,2,3,0,0.86,0
725,70,Bachelor's,2.9,1,0,0,0,0,0,1,3,1,1,AI Engineer,1,1,0,1,0,0,1,0,Bachelor's,33.33,2.9,1.0,2,2,1,0.44,1
723,47,Diploma,0.9,0,1,0,1,1,1,0,2,2,0,Data Analyst,0,1,0,0,0,0,0,1,Master's,0.0,1.0,1.0,1,3,0,0.28,0
430,100,Bachelor's,5.1,0,1,1,0,0,0,0,1,1,0,Data Science,5,0,0,0,0,1,0,0,Bachelor's,0.0,1.02,1.0,2,2,1,0.14,0
651,8,Diploma,0.1,1,1,0,0,0,1,0,1,2,1,AI Engineer,2,1,0,0,0,0,1,0,Master's,100.0,0.05,0.05,1,3,0,0.58,1
189,63,Bachelor's,0.9,0,1,1,1,0,1,0,1,3,1,Business Intelligence,5,1,1,0,0,0,0,0,Diploma,50.0,0.18,0.18,2,1,1,0.72,1
812,89,Master's,3.6,0,0,1,1,0,1,0,0,3,1,Machine Learning,2,0,0,0,0,1,1,0,Bachelor's,50.0,1.8,1.0,3,2,1,0.72,1
252,81,Bachelor's,1.6,0,0,0,1,0,0,1,1,1,1,Data Science,2,1,1,0,0,0,0,1,Bachelor's,33.33,0.8,0.8,2,2,1,0.44,1
395,94,Bachelor's,1.0,0,1,1,0,1,1,0,1,2,1,Business Intelligence,1,0,1,0,1,0,0,1,Diploma,33.33,1.0,1.0,2,1,1,0.58,1
662,2,Master's,1.8,0,1,0,0,0,0,0,3,3,0,Machine Learning,4,1,1,1,0,0,1,0,Diploma,25.0,0.45,0.45,3,1,1,0.42,0
853,17,Bachelor's,4.9,1,1,1,1,1,0,0,3,4,1,AI Engineer,4,1,0,1,0,1,0,0,Bachelor's,100.0,1.225,1.0,2,2,1,0.86,1
219,4,Bachelor's,2.7,0,1,1,0,0,0,0,1,2,1,Data Analyst,2,0,1,0,0,0,1,1,Bachelor's,33.33,1.35,1.0,2,2,1,0.58,1
594,26,Bachelor's,0.3,1,1,0,1,1,0,1,5,1,1,Machine Learning,2,1,0,0,0,1,1,1,Bachelor's,75.0,0.15,0.15,2,2,1,0.44,0
190,78,Bachelor's,3.1,0,1,1,0,0,0,0,0,5,0,Business Intelligence,5,1,0,0,0,1,1,0,Master's,0.0,0.62,0.62,2,3,0,0.7,0
234,72,Bachelor's,0.1,0,0,1,0,0,1,0,2,0,0,Data Science,5,1,0,0,0,0,0,1,Master's,0.0,0.02,0.02,2,3,0,0.0,0
688,69,Bachelor's,1.7,1,0,0,1,0,1,0,4,4,0,Data Science,5,1,0,1,0,0,1,0,Bachelor's,66.67,0.33999999999999997,0.34,2,2,1,0.56,1
232,5,Bachelor's,0.7,1,1,0,0,1,1,0,3,4,0,Business Intelligence,4,0,1,0,0,0,1,0,Bachelor's,100.0,0.175,0.18,2,2,1,0.56,1
358,5,Bachelor's,1.4,1,0,0,1,0,0,0,4,5,0,Business Intelligence,4,0,1,0,0,0,1,0,Bachelor's,0.0,0.35,0.35,2,2,1,0.7,0
478,91,Bachelor's,3.6,0,1,0,0,0,1,0,3,7,0,AI Engineer,5,0,1,0,1,1,1,1,Diploma,40.0,0.72,0.72,2,1,1,0.7,1
575,69,Master's,0.6,1,1,1,0,0,1,1,2,3,1,Data Science,5,1,0,1,0,0,1,0,Bachelor's,100.0,0.12,0.12,3,2,1,0.72,1
947,3,Bachelor's,1.5,1,1,0,0,0,0,0,0,4,0,AI Engineer,3,0,1,1,0,0,0,0,Diploma,50.0,0.5,0.5,2,1,1,0.56,0
429,38,Bachelor's,2.5,1,1,0,0,0,0,0,1,2,1,AI Engineer,2,1,1,1,0,0,0,1,Bachelor's,50.0,1.25,1.0,2,2,1,0.58,1
237,94,Bachelor's,5.0,0,0,0,0,0,0,0,1,4,0,Business Intelligence,1,0,1,0,1,0,0,1,Diploma,0.0,5.0,1.0,2,1,1,0.56,1
33,1,Diploma,0.7,1,1,0,0,1,1,0,4,2,0,Data Science,4,1,0,0,1,0,1,0,Bachelor's,66.67,0.175,0.18,1,2,0,0.28,0
213,8,Bachelor's,0.4,1,0,0,0,0,1,0,3,3,0,AI Engineer,2,1,0,0,0,0,1,0,Master's,100.0,0.2,0.2,2,3,0,0.42,0
572,13,Master's,0.5,0,1,1,0,0,1,0,0,4,1,Data Analyst,3,0,1,1,1,0,1,1,Bachelor's,60.0,0.16666666666666666,0.17,3,2,1,0.86,0
379,84,Master's,1.1,1,0,0,1,1,1,0,3,4,0,AI Engineer,1,1,0,1,1,1,0,0,Bachelor's,75.0,1.1,1.0,3,2,1,0.56,1
2,70,Master's,2.0,1,1,1,0,0,1,0,1,5,0,AI Engineer,1,1,0,1,0,0,1,0,Bachelor's,100.0,2.0,1.0,3,2,1,0.7,1
909,50,Bachelor's,1.0,1,1,1,0,1,1,0,4,1,1,AI Engineer,1,1,0,0,0,1,1,0,Master's,100.0,1.0,1.0,2,3,0,0.44,1
450,8,Diploma,2.9,1,0,1,0,0,1,0,0,3,0,AI Engineer,2,1,0,0,0,0,1,0,Master's,100.0,1.45,1.0,1,3,0,0.42,1
569,30,Master's,2.4,0,1,0,1,0,0,0,1,2,1,Data Analyst,1,1,1,0,1,1,0,0,Bachelor's,50.0,2.4,1.0,3,2,1,0.58,1
427,40,Bachelor's,0.0,1,1,0,1,1,1,0,0,5,1,Data Analyst,2,1,0,0,0,1,0,1,Bachelor's,66.67,0.0,0.0,2,2,1,1.0,1
813,79,Bachelor's,0.8,0,0,0,1,0,1,1,2,4,1,Data Science,3,1,1,0,0,0,1,0,Bachelor's,33.33,0.26666666666666666,0.27,2,2,1,0.86,1
799,74,Bachelor's,0.2,0,0,0,1,0,1,0,1,2,1,Data Science,1,1,1,1,0,0,1,0,Bachelor's,25.0,0.2,0.2,2,2,1,0.58,1
650,33,Bachelor's,3.1,1,1,0,0,1,1,0,4,5,1,AI Engineer,3,0,1,0,0,0,0,0,Bachelor's,100.0,1.0333333333333334,1.0,2,2,1,1.0,1
279,73,Master's,0.4,0,0,0,1,1,0,0,3,3,1,AI Engineer,1,0,0,0,0,0,1,0,Master's,0.0,0.4,0.4,3,3,1,0.72,0
214,52,Bachelor's,4.0,0,1,0,1,0,1,0,1,2,1,Business Intelligence,1,1,0,1,0,0,0,0,Bachelor's,0.0,4.0,1.0,2,2,1,0.58,1
751,33,Bachelor's,1.9,1,1,0,0,0,1,0,2,1,0,AI Engineer,3,0,1,0,0,0,0,0,Bachelor's,100.0,0.6333333333333333,0.63,2,2,1,0.14,1
285,73,Bachelor's,1.0,1,0,0,0,0,1,0,5,0,1,AI Engineer,1,0,0,0,0,0,1,0,Master's,100.0,1.0,1.0,2,3,0,0.3,1
993,78,Bachelor's,2.4,0,1,0,0,0,1,0,1,2,1,Business Intelligence,5,1,0,0,0,1,1,0,Master's,33.33,0.48,0.48,2,3,0,0.58,0
543,96,Bachelor's,2.1,0,0,0,1,1,1,1,3,2,0,Business Intelligence,2,1,1,0,1,0,0,0,Master's,33.33,1.05,1.0,2,3,0,0.28,0
718,37,Master's,3.0,0,0,1,0,0,0,0,5,2,1,Data Analyst,0,1,0,0,0,0,0,0,Bachelor's,0.0,1.0,1.0,3,2,1,0.58,1
970,70,Bachelor's,0.1,1,0,0,1,0,0,0,2,0,1,AI Engineer,1,1,0,1,0,0,1,0,Bachelor's,33.33,0.1,0.1,2,2,1,0.3,0
274,69,Master's,0.1,0,1,0,1,0,1,0,1,3,1,Data Science,5,1,0,1,0,0,1,0,Bachelor's,33.33,0.02,0.02,3,2,1,0.72,0
11,4,Diploma,0.6,1,1,0,0,1,1,1,1,0,0,Data Analyst,2,0,1,0,0,0,1,1,Bachelor's,100.0,0.3,0.3,1,2,0,0.0,0
871,60,Bachelor's,4.3,0,0,0,0,0,0,1,2,1,0,Data Analyst,0,0,1,0,0,0,0,0,Bachelor's,0.0,1.0,1.0,2,2,1,0.14,0
47,80,Bachelor's,0.7,1,0,0,0,0,0,0,2,2,0,Business Intelligence,2,1,1,0,0,1,1,0,Master's,25.0,0.35,0.35,2,3,0,0.28,0
515,74,Diploma,0.5,0,1,0,0,0,0,0,3,4,0,Data Science,1,1,1,1,0,0,1,0,Bachelor's,25.0,0.5,0.5,1,2,0,0.56,0
642,31,Bachelor's,4.6,1,1,0,1,1,1,0,2,4,1,AI Engineer,1,1,0,1,1,0,0,0,Master's,66.67,4.6,1.0,2,3,0,0.86,0
438,95,Master's,3.0,1,1,1,1,0,1,0,1,4,1,AI Engineer,3,1,1,1,0,1,1,0,Bachelor's,80.0,1.0,1.0,3,2,1,0.86,1
584,14,Bachelor's,1.7,1,1,1,0,0,1,0,1,5,1,Data Science,3,1,1,0,0,1,1,0,Bachelor's,75.0,0.5666666666666667,0.57,2,2,1,1.0,1
671,77,Bachelor's,1.2,0,0,0,1,0,0,1,0,5,1,Data Analyst,0,0,1,0,0,0,0,1,Bachelor's,50.0,1.0,1.0,2,2,1,1.0,1
904,60,Bachelor's,0.1,1,0,0,0,0,0,0,2,4,1,Data Analyst,0,0,1,0,0,0,0,0,Bachelor's,0.0,1.0,1.0,2,2,1,0.86,0
427,68,Bachelor's,0.0,1,1,0,1,1,1,0,0,5,1,Data Science,4,1,0,0,0,0,1,0,Bachelor's,100.0,0.0,0.0,2,2,1,1.0,1
432,26,Master's,1.8,0,1,0,0,1,1,0,3,3,0,Machine Learning,2,1,0,0,0,1,1,1,Bachelor's,50.0,0.9,0.9,3,2,1,0.42,0
130,24,Bachelor's,0.8,1,1,0,1,0,0,0,1,4,0,Machine Learning,2,1,1,0,1,0,1,0,Master's,75.0,0.4,0.4,2,3,0,0.56,0
22,56,Bachelor's,0.9,0,0,0,0,1,0,1,1,4,0,Machine Learning,2,0,1,1,1,1,1,1,Diploma,33.33,0.45,0.45,2,1,1,0.56,1
892,9,Master's,1.3,0,1,0,0,1,1,1,1,2,1,Data Analyst,0,1,1,0,0,0,0,0,Master's,50.0,1.0,1.0,3,3,1,0.58,1
389,35,Master's,8.8,0,0,0,0,0,1,0,1,1,0,Data Science,0,0,0,0,0,0,1,0,Master's,100.0,1.0,1.0,3,3,1,0.14,1
135,79,Master's,2.9,0,0,0,1,0,1,0,4,5,0,Data Science,3,1,1,0,0,0,1,0,Bachelor's,33.33,0.9666666666666667,0.97,3,2,1,0.7,1
532,24,Master's,2.4,0,1,0,0,1,1,0,1,1,1,Machine Learning,2,1,1,0,1,0,1,0,Master's,50.0,1.2,1.0,3,3,1,0.44,1
220,31,Master's,0.8,1,1,0,0,0,0,0,2,3,0,AI Engineer,1,1,0,1,1,0,0,0,Master's,33.33,0.8,0.8,3,3,1,0.42,1
333,83,Diploma,0.6,0,0,0,0,0,0,1,6,3,1,Business Intelligence,2,0,1,0,0,0,0,0,Bachelor's,0.0,0.3,0.3,1,2,0,0.72,0
130,66,Bachelor's,0.8,1,1,0,1,0,0,0,1,4,0,Business Intelligence,1,0,1,1,1,0,1,0,Bachelor's,50.0,0.8,0.8,2,2,1,0.56,1
32,66,Bachelor's,2.3,0,0,0,0,0,1,0,2,1,1,Business Intelligence,1,0,1,1,1,0,1,0,Bachelor's,25.0,2.3,1.0,2,2,1,0.44,0
602,41,Bachelor's,1.0,1,1,1,0,0,1,0,3,3,1,Business Intelligence,2,1,0,0,0,0,1,1,Bachelor's,66.67,0.5,0.5,2,2,1,0.72,1
771,36,Bachelor's,1.5,1,1,0,0,0,1,0,2,1,0,Business Intelligence,0,0,1,1,0,1,1,0,Master's,50.0,1.0,1.0,2,3,0,0.14,0
425,34,Diploma,10.8,1,1,0,0,0,1,0,2,3,1,Machine Learning,2,1,1,0,0,1,0,0,Bachelor's,66.67,5.4,1.0,1,2,0,0.72,1
298,39,Bachelor's,0.3,1,0,0,0,0,1,0,1,5,1,Data Science,0,1,0,0,1,0,1,1,Master's,50.0,1.0,1.0,2,3,0,1.0,1
504,83,Master's,1.0,0,0,0,0,0,1,1,5,1,0,Business Intelligence,2,0,1,0,0,0,0,0,Bachelor's,0.0,0.5,0.5,3,2,1,0.14,0
845,23,Bachelor's,7.2,0,0,0,1,1,0,0,1,6,1,AI Engineer,4,1,0,0,0,1,1,0,Bachelor's,33.33,1.8,1.0,2,2,1,1.0,1
761,80,Bachelor's,1.5,1,0,0,1,0,0,0,1,3,1,Business Intelligence,2,1,1,0,0,1,1,0,Master's,25.0,0.75,0.75,2,3,0,0.72,0
685,70,Master's,0.4,1,1,1,0,0,1,0,4,5,1,AI Engineer,1,1,0,1,0,0,1,0,Bachelor's,100.0,0.4,0.4,3,2,1,1.0,1
357,58,Diploma,5.8,0,1,0,0,0,0,0,0,3,0,Data Analyst,4,1,1,1,1,0,0,0,Bachelor's,25.0,1.45,1.0,1,2,0,0.42,0
983,59,Bachelor's,1.5,0,0,1,1,1,0,0,1,4,1,Data Science,2,0,1,0,0,0,0,0,Master's,0.0,0.75,0.75,2,3,0,0.86,0
455,26,Bachelor's,0.1,0,1,1,0,1,0,1,2,2,0,Machine Learning,2,1,0,0,0,1,1,1,Bachelor's,50.0,0.05,0.05,2,2,1,0.28,0
401,22,Bachelor's,0.5,1,0,0,0,0,1,0,1,1,0,Data Analyst,2,1,1,0,0,0,1,0,Master's,66.67,0.25,0.25,2,3,0,0.14,0
988,88,Bachelor's,1.7,1,0,0,1,0,1,1,2,1,1,Data Analyst,0,1,1,1,0,0,1,1,Diploma,60.0,1.0,1.0,2,1,1,0.44,1
896,40,Bachelor's,3.3,0,1,0,0,1,0,0,0,0,0,Data Analyst,2,1,0,0,0,1,0,1,Bachelor's,33.33,1.65,1.0,2,2,1,0.0,0
559,85,Master's,4.6,1,0,1,0,1,1,0,3,1,0,Data Science,1,1,0,0,0,0,0,0,Master's,100.0,4.6,1.0,3,3,1,0.14,1
990,94,Master's,3.3,0,1,1,1,0,0,0,2,4,1,Business Intelligence,1,0,1,0,1,0,0,1,Diploma,66.67,3.3,1.0,3,1,1,0.86,1
709,11,Bachelor's,2.4,1,0,1,0,0,1,0,6,2,1,Data Analyst,3,1,1,0,0,1,0,1,Master's,25.0,0.7999999999999999,0.8,2,3,0,0.58,0
920,9,Bachelor's,1.3,1,1,0,0,0,1,0,6,5,0,Data Analyst,0,1,1,0,0,0,0,0,Master's,100.0,1.0,1.0,2,3,0,0.7,1
891,26,Master's,0.3,1,1,0,0,0,1,0,4,4,0,Machine Learning,2,1,0,0,0,1,1,1,Bachelor's,50.0,0.15,0.15,3,2,1,0.56,1
34,38,Master's,0.3,0,0,1,0,0,1,0,0,2,0,AI Engineer,2,1,1,1,0,0,0,1,Bachelor's,25.0,0.15,0.15,3,2,1,0.28,0
766,3,Bachelor's,1.0,0,0,1,0,1,0,1,1,4,1,AI Engineer,3,0,1,1,0,0,0,0,Diploma,50.0,0.3333333333333333,0.33,2,1,1,0.86,1
248,97,Master's,0.1,0,0,0,1,1,0,0,3,2,1,Data Analyst,4,0,0,1,0,1,1,0,Bachelor's,33.33,0.025,0.02,3,2,1,0.58,0
946,15,Diploma,1.8,1,0,1,0,1,1,1,0,3,0,AI Engineer,0,1,1,1,0,0,1,1,Master's,80.0,1.0,1.0,1,3,0,0.42,0
42,47,Bachelor's,3.9,0,1,0,0,0,1,0,5,3,0,Data Analyst,0,1,0,0,0,0,0,1,Master's,0.0,1.0,1.0,2,3,0,0.42,0
801,5,Master's,7.8,0,0,0,0,0,1,0,4,4,1,Business Intelligence,4,0,1,0,0,0,1,0,Bachelor's,50.0,1.95,1.0,3,2,1,0.86,0
123,54,Bachelor's,5.0,0,0,1,0,0,1,0,4,4,0,Data Analyst,3,1,0,0,0,1,1,0,Bachelor's,33.33,1.6666666666666667,1.0,2,2,1,0.56,1
27,24,Bachelor's,5.0,0,1,0,0,1,1,1,4,1,1,Machine Learning,2,1,1,0,1,0,1,0,Master's,50.0,2.5,1.0,2,3,0,0.44,1
571,33,Bachelor's,2.2,1,0,0,1,0,1,0,4,6,0,AI Engineer,3,0,1,0,0,0,0,0,Bachelor's,0.0,0.7333333333333334,0.73,2,2,1,0.7,1
147,87,Bachelor's,4.0,1,1,0,0,0,0,0,2,5,0,AI Engineer,1,1,0,0,0,0,0,0,Bachelor's,100.0,4.0,1.0,2,2,1,0.7,1
496,74,Bachelor's,2.8,1,0,0,0,0,1,1,0,0,1,Data Science,1,1,1,1,0,0,1,0,Bachelor's,50.0,2.8,1.0,2,2,1,0.3,1
627,57,Bachelor's,0.6,1,0,0,0,1,0,0,1,4,0,Business Intelligence,3,0,1,0,1,0,0,0,Bachelor's,0.0,0.19999999999999998,0.2,2,2,1,0.56,0
486,52,Master's,1.1,0,1,1,1,0,0,0,0,1,0,Business Intelligence,1,1,0,1,0,0,0,0,Bachelor's,50.0,1.1,1.0,3,2,1,0.14,1
460,64,Bachelor's,2.7,1,1,0,1,0,1,0,6,7,0,AI Engineer,3,1,0,1,0,0,1,0,Bachelor's,66.67,0.9,0.9,2,2,1,0.7,1
899,43,Diploma,1.1,1,1,0,1,0,1,0,0,3,0,AI Engineer,3,1,0,0,0,0,0,0,Bachelor's,100.0,0.3666666666666667,0.37,1,2,0,0.42,0
711,92,Master's,0.4,0,0,0,0,0,1,1,6,6,1,Machine Learning,3,0,1,0,0,0,1,0,Bachelor's,50.0,0.13333333333333333,0.13,3,2,1,1.0,0
128,81,Master's,1.3,1,0,1,0,0,1,1,1,1,0,Data Science,2,1,1,0,0,0,0,1,Bachelor's,66.67,0.65,0.65,3,2,1,0.14,0
376,44,Bachelor's,5.1,1,1,0,1,0,1,0,0,1,0,Business Intelligence,1,1,1,0,0,1,0,0,Bachelor's,66.67,5.1,1.0,2,2,1,0.14,1
995,90,Bachelor's,3.5,1,0,0,0,1,1,0,6,4,0,Data Science,0,1,1,0,1,0,1,1,Bachelor's,40.0,1.0,1.0,2,2,1,0.56,1
665,89,Bachelor's,12.0,0,1,1,0,1,1,0,1,2,1,Machine Learning,2,0,0,0,0,1,1,0,Bachelor's,100.0,6.0,1.0,2,2,1,0.58,1
881,36,Bachelor's,2.9,1,1,0,0,1,1,0,1,4,1,Business Intelligence,0,0,1,1,0,1,1,0,Master's,75.0,1.0,1.0,2,3,0,0.86,1
783,12,Bachelor's,1.5,0,0,0,0,0,0,0,3,4,1,Machine Learning,3,1,1,0,0,1,1,0,Bachelor's,0.0,0.5,0.5,2,2,1,0.86,0
851,56,Diploma,0.8,0,0,1,0,0,1,1,2,3,1,Machine Learning,2,0,1,1,1,1,1,1,Diploma,50.0,0.4,0.4,1,1,1,0.72,1
956,3,Bachelor's,6.8,0,1,1,0,0,1,0,2,3,0,AI Engineer,3,0,1,1,0,0,0,0,Diploma,100.0,2.2666666666666666,1.0,2,1,1,0.42,1
83,50,Bachelor's,1.4,1,0,0,1,0,1,0,0,3,1,AI Engineer,1,1,0,0,0,1,1,0,Master's,66.67,1.4,1.0,2,3,0,0.72,1
535,29,Master's,1.3,0,0,0,0,0,0,0,3,5,1,AI Engineer,0,1,1,1,1,0,1,0,Bachelor's,0.0,1.0,1.0,3,2,1,1.0,1
523,88,Master's,1.1,1,0,1,0,1,1,0,2,6,1,Data Analyst,0,1,1,1,0,0,1,1,Diploma,60.0,1.0,1.0,3,1,1,1.0,1
699,83,Bachelor's,8.2,0,1,0,1,1,1,0,1,5,0,Business Intelligence,2,0,1,0,0,0,0,0,Bachelor's,100.0,4.1,1.0,2,2,1,0.7,1
981,77,Bachelor's,0.5,1,1,1,0,0,1,0,2,2,0,Data Analyst,0,0,1,0,0,0,0,1,Bachelor's,50.0,1.0,1.0,2,2,1,0.28,1
628,16,Master's,1.9,0,1,0,0,0,1,1,2,1,0,AI Engineer,2,1,1,0,1,1,1,0,Master's,40.0,0.95,0.95,3,3,1,0.14,1
103,27,Bachelor's,5.4,1,1,0,0,0,0,0,4,4,1,Data Science,3,0,1,0,0,1,0,0,Master's,50.0,1.8,1.0,2,3,0,0.86,1
755,70,Bachelor's,9.3,0,0,1,1,0,1,1,0,5,0,AI Engineer,1,1,0,1,0,0,1,0,Bachelor's,66.67,9.3,1.0,2,2,1,0.7,1
519,42,Master's,0.7,0,0,0,0,1,0,0,2,4,0,Business Intelligence,3,0,1,0,0,0,0,0,Diploma,0.0,0.2333333333333333,0.23,3,1,1,0.56,0
362,57,Bachelor's,0.6,1,0,0,0,0,1,0,3,1,1,Business Intelligence,3,0,1,0,1,0,0,0,Bachelor's,0.0,0.19999999999999998,0.2,2,2,1,0.44,0
684,10,Bachelor's,4.3,1,0,0,0,0,1,0,4,2,1,AI Engineer,5,0,1,0,1,1,0,0,Master's,0.0,0.86,0.86,2,3,0,0.58,0
256,38,Bachelor's,1.4,0,0,1,0,0,1,1,3,1,0,AI Engineer,2,1,1,1,0,0,0,1,Bachelor's,50.0,0.7,0.7,2,2,1,0.14,0
987,18,Bachelor's,3.3,1,0,1,0,0,0,0,2,2,0,Data Analyst,0,1,1,0,0,1,0,0,Diploma,33.33,1.0,1.0,2,1,1,0.28,0
192,96,Master's,2.2,0,1,1,0,0,1,0,3,3,1,Business Intelligence,2,1,1,0,1,0,0,0,Master's,33.33,1.1,1.0,3,3,1,0.72,1
626,17,Bachelor's,2.9,0,0,1,1,0,0,0,0,1,0,AI Engineer,4,1,0,1,0,1,0,0,Bachelor's,33.33,0.725,0.72,2,2,1,0.14,1
535,58,Master's,1.3,0,0,0,0,0,0,0,3,5,1,Data Analyst,4,1,1,1,1,0,0,0,Bachelor's,0.0,0.325,0.32,3,2,1,1.0,0
870,66,Master's,3.2,1,0,1,0,1,1,0,1,5,0,Business Intelligence,1,0,1,1,1,0,1,0,Bachelor's,50.0,3.2,1.0,3,2,1,0.7,0
314,44,Master's,4.2,0,0,1,1,0,1,0,2,0,0,Business Intelligence,1,1,1,0,0,1,0,0,Bachelor's,0.0,4.2,1.0,3,2,1,0.0,1
276,84,Bachelor's,0.3,0,1,0,0,0,0,0,2,1,1,AI Engineer,1,1,0,1,1,1,0,0,Bachelor's,0.0,0.3,0.3,2,2,1,0.44,0
923,74,Master's,2.4,0,1,0,0,0,1,0,2,2,1,Data Science,1,1,1,1,0,0,1,0,Bachelor's,50.0,2.4,1.0,3,2,1,0.58,1
373,9,Diploma,4.8,0,0,0,0,1,1,0,3,2,1,Data Analyst,0,1,1,0,0,0,0,0,Master's,0.0,1.0,1.0,1,3,0,0.58,0
444,48,Bachelor's,1.5,0,1,0,1,0,0,0,1,3,0,AI Engineer,1,1,1,1,0,1,0,0,Bachelor's,25.0,1.5,1.0,2,2,1,0.42,1
648,39,Bachelor's,4.4,1,0,0,0,1,1,0,2,1,0,Data Science,0,1,0,0,1,0,1,1,Master's,50.0,1.0,1.0,2,3,0,0.14,0
869,89,Master's,0.4,1,1,0,1,0,1,0,4,4,1,Machine Learning,2,0,0,0,0,1,1,0,Bachelor's,50.0,0.2,0.2,3,2,1,0.86,1
195,89,Bachelor's,0.1,1,0,0,0,0,0,0,1,1,0,Machine Learning,2,0,0,0,0,1,1,0,Bachelor's,0.0,0.05,0.05,2,2,1,0.14,0
258,88,Bachelor's,1.7,1,0,0,0,0,1,1,3,5,1,Data Analyst,0,1,1,1,0,0,1,1,Diploma,60.0,1.0,1.0,2,1,1,1.0,1
790,6,Master's,1.8,0,1,0,0,0,1,0,4,3,0,Data Science,2,0,0,0,0,1,0,0,Diploma,0.0,0.9,0.9,3,1,1,0.42,0
582,30,Master's,1.2,0,1,0,0,1,1,0,3,2,0,Data Analyst,1,1,1,0,1,1,0,0,Bachelor's,50.0,1.2,1.0,3,2,1,0.28,0
871,74,Bachelor's,4.3,0,0,0,0,0,0,1,2,1,0,Data Science,1,1,1,1,0,0,1,0,Bachelor's,0.0,4.3,1.0,2,2,1,0.14,0
360,95,Bachelor's,2.2,1,1,0,0,0,0,0,4,4,0,AI Engineer,3,1,1,1,0,1,1,0,Bachelor's,40.0,0.7333333333333334,0.73,2,2,1,0.56,1
548,18,Bachelor's,2.0,1,0,0,0,0,1,0,3,1,0,Data Analyst,0,1,1,0,0,1,0,0,Diploma,33.33,1.0,1.0,2,1,1,0.14,1
108,43,Master's,3.5,0,0,0,0,0,1,0,3,1,0,AI Engineer,3,1,0,0,0,0,0,0,Bachelor's,0.0,1.1666666666666667,1.0,3,2,1,0.14,1
24,33,Bachelor's,8.9,1,0,1,0,0,0,0,1,1,1,AI Engineer,3,0,1,0,0,0,0,0,Bachelor's,0.0,2.966666666666667,1.0,2,2,1,0.44,1
652,53,Bachelor's,0.9,1,0,1,0,1,1,0,0,9,0,Data Science,4,1,0,0,1,0,0,0,Bachelor's,50.0,0.225,0.22,2,2,1,0.7,0
465,56,Master's,12.0,0,0,1,0,1,1,1,2,2,0,Machine Learning,2,0,1,1,1,1,1,1,Diploma,66.67,6.0,1.0,3,1,1,0.28,1
22,19,Bachelor's,0.9,0,0,0,0,1,0,1,1,4,0,Business Intelligence,5,1,0,0,0,0,0,1,Bachelor's,50.0,0.18,0.18,2,2,1,0.56,0
502,87,Bachelor's,1.6,0,1,0,0,0,0,0,2,8,0,AI Engineer,1,1,0,0,0,0,0,0,Bachelor's,0.0,1.6,1.0,2,2,1,0.7,0
851,69,Diploma,0.8,0,0,1,0,0,1,1,2,3,1,Data Science,5,1,0,1,0,0,1,0,Bachelor's,66.67,0.16,0.16,1,2,0,0.72,0
841,26,Diploma,1.2,1,1,1,0,1,1,0,1,1,1,Machine Learning,2,1,0,0,0,1,1,1,Bachelor's,75.0,0.6,0.6,1,2,0,0.44,1
716,29,Master's,12.0,1,0,0,0,0,0,1,2,2,0,AI Engineer,0,1,1,1,1,0,1,0,Bachelor's,20.0,1.0,1.0,3,2,1,0.28,1
892,24,Master's,1.3,0,1,0,0,1,1,1,1,2,1,Machine Learning,2,1,1,0,1,0,1,0,Master's,50.0,0.65,0.65,3,3,1,0.58,1
736,6,Master's,5.4,0,0,0,0,0,0,1,2,3,1,Data Science,2,0,0,0,0,1,0,0,Diploma,0.0,2.7,1.0,3,1,1,0.72,1
501,54,Bachelor's,1.8,0,0,0,0,0,1,0,0,2,0,Data Analyst,3,1,0,0,0,1,1,0,Bachelor's,33.33,0.6,0.6,2,2,1,0.28,0
735,39,Bachelor's,0.4,0,0,0,0,0,1,0,1,2,1,Data Science,0,1,0,0,1,0,1,1,Master's,25.0,1.0,1.0,2,3,0,0.58,0
593,4,Bachelor's,0.3,0,1,0,0,0,0,0,4,2,1,Data Analyst,2,0,1,0,0,0,1,1,Bachelor's,33.33,0.15,0.15,2,2,1,0.58,0
407,58,Bachelor's,4.6,1,1,1,1,0,0,0,0,1,0,Data Analyst,4,1,1,1,1,0,0,0,Bachelor's,100.0,1.15,1.0,2,2,1,0.14,1
330,48,Bachelor's,1.7,1,1,1,0,0,1,0,1,1,1,AI Engineer,1,1,1,1,0,1,0,0,Bachelor's,75.0,1.7,1.0,2,2,1,0.44,1
703,60,Bachelor's,0.9,1,0,1,0,0,0,0,3,3,1,Data Analyst,0,0,1,0,0,0,0,0,Bachelor's,0.0,1.0,1.0,2,2,1,0.72,0
286,26,Diploma,1.8,1,0,0,0,0,1,1,1,2,0,Machine Learning,2,1,0,0,0,1,1,1,Bachelor's,75.0,0.9,0.9,1,2,0,0.28,1
147,79,Bachelor's,4.0,1,1,0,0,0,0,0,2,5,0,Data Science,3,1,1,0,0,0,1,0,Bachelor's,66.67,1.3333333333333333,1.0,2,2,1,0.7,1
794,77,Bachelor's,2.9,1,1,0,1,0,0,0,0,2,0,Data Analyst,0,0,1,0,0,0,0,1,Bachelor's,50.0,1.0,1.0,2,2,1,0.28,1
986,40,Bachelor's,0.2,0,1,0,0,0,0,0,1,1,1,Data Analyst,2,1,0,0,0,1,0,1,Bachelor's,0.0,0.1,0.1,2,2,1,0.44,0
384,86,Master's,0.7,1,0,0,0,0,1,1,3,5,0,Data Science,3,0,0,1,1,0,1,0,Bachelor's,33.33,0.2333333333333333,0.23,3,2,1,0.7,0
11,77,Diploma,0.6,1,1,0,0,1,1,1,1,0,0,Data Analyst,0,0,1,0,0,0,0,1,Bachelor's,100.0,1.0,1.0,1,2,0,0.0,0
276,56,Bachelor's,0.3,0,1,0,0,0,0,0,2,1,1,Machine Learning,2,0,1,1,1,1,1,1,Diploma,16.67,0.15,0.15,2,1,1,0.44,0
886,39,Bachelor's,1.5,0,1,1,0,1,0,0,3,3,1,Data Science,0,1,0,0,1,0,1,1,Master's,0.0,1.0,1.0,2,3,0,0.72,0
568,81,Bachelor's,0.3,1,1,0,0,0,1,1,2,2,0,Data Science,2,1,1,0,0,0,0,1,Bachelor's,100.0,0.15,0.15,2,2,1,0.28,1
685,100,Master's,0.4,1,1,1,0,0,1,0,4,5,1,Data Science,5,0,0,0,0,1,0,0,Bachelor's,0.0,0.08,0.08,3,2,1,1.0,0
964,39,Bachelor's,1.2,0,1,1,1,0,1,0,1,4,1,Data Science,0,1,0,0,1,0,1,1,Master's,50.0,1.0,1.0,2,3,0,0.86,0
303,48,Bachelor's,0.1,1,1,1,1,0,1,0,1,4,1,AI Engineer,1,1,1,1,0,1,0,0,Bachelor's,75.0,0.1,0.1,2,2,1,0.86,0
204,25,Master's,1.0,1,1,1,0,0,1,0,2,2,1,Data Science,3,1,1,0,0,0,1,0,Bachelor's,100.0,0.3333333333333333,0.33,3,2,1,0.58,1
345,34,Bachelor's,3.4,0,0,0,1,0,1,1,1,2,1,Machine Learning,2,1,1,0,0,1,0,0,Bachelor's,0.0,1.7,1.0,2,2,1,0.58,0
760,21,Master's,2.0,1,1,1,0,0,1,0,3,3,0,Data Science,1,1,1,0,0,0,1,1,Bachelor's,75.0,2.0,1.0,3,2,1,0.42,1
826,25,Master's,1.9,0,0,0,0,1,0,0,3,2,0,Data Science,3,1,1,0,0,0,1,0,Bachelor's,0.0,0.6333333333333333,0.63,3,2,1,0.28,0
266,89,Master's,0.2,0,0,0,0,0,1,0,2,3,1,Machine Learning,2,0,0,0,0,1,1,0,Bachelor's,50.0,0.1,0.1,3,2,1,0.72,0
22,22,Bachelor's,0.9,0,0,0,0,1,0,1,1,4,0,Data Analyst,2,1,1,0,0,0,1,0,Master's,0.0,0.45,0.45,2,3,0,0.56,0
839,23,Bachelor's,6.6,0,1,0,0,0,1,1,4,3,0,AI Engineer,4,1,0,0,0,1,1,0,Bachelor's,33.33,1.65,1.0,2,2,1,0.42,1
536,25,Master's,0.3,0,0,0,0,0,0,0,1,4,1,Data Science,3,1,1,0,0,0,1,0,Bachelor's,0.0,0.09999999999999999,0.1,3,2,1,0.86,0
706,78,Master's,0.3,0,1,0,0,1,1,0,1,2,1,Business Intelligence,5,1,0,0,0,1,1,0,Master's,66.67,0.06,0.06,3,3,1,0.58,1
96,78,Bachelor's,0.5,0,1,0,0,1,1,1,2,2,1,Business Intelligence,5,1,0,0,0,1,1,0,Master's,66.67,0.1,0.1,2,3,0,0.58,0
981,26,Bachelor's,0.5,1,1,1,0,0,1,0,2,2,0,Machine Learning,2,1,0,0,0,1,1,1,Bachelor's,50.0,0.25,0.25,2,2,1,0.28,0
445,30,Master's,5.1,1,1,0,0,0,1,0,2,10,0,Data Analyst,1,1,1,0,1,1,0,0,Bachelor's,50.0,5.1,1.0,3,2,1,0.7,0
263,90,Bachelor's,0.9,0,0,0,0,0,0,0,0,6,0,Data Science,0,1,1,0,1,0,1,1,Bachelor's,0.0,1.0,1.0,2,2,1,0.7,1
584,38,Bachelor's,1.7,1,1,1,0,0,1,0,1,5,1,AI Engineer,2,1,1,1,0,0,0,1,Bachelor's,75.0,0.85,0.85,2,2,1,1.0,1
755,86,Bachelor's,9.3,0,0,1,1,0,1,1,0,5,0,Data Science,3,0,0,1,1,0,1,0,Bachelor's,100.0,3.1,1.0,2,2,1,0.7,1
383,34,Bachelor's,8.7,0,0,0,0,0,0,0,2,2,0,Machine Learning,2,1,1,0,0,1,0,0,Bachelor's,0.0,4.35,1.0,2,2,1,0.28,1
550,89,Master's,2.5,1,1,1,0,0,0,0,2,3,1,Machine Learning,2,0,0,0,0,1,1,0,Bachelor's,0.0,1.25,1.0,3,2,1,0.72,1
917,100,Bachelor's,5.4,0,1,0,1,0,0,0,1,0,0,Data Science,5,0,0,0,0,1,0,0,Bachelor's,0.0,1.08,1.0,2,2,1,0.0,0
392,77,Bachelor's,0.2,1,1,0,0,0,1,0,2,3,1,Data Analyst,0,0,1,0,0,0,0,1,Bachelor's,50.0,1.0,1.0,2,2,1,0.72,1
889,93,Diploma,3.2,0,1,0,1,0,1,0,1,2,0,Data Science,1,0,1,1,0,1,1,0,Bachelor's,50.0,3.2,1.0,1,2,0,0.28,1
601,73,Bachelor's,0.5,0,0,0,0,0,0,0,5,2,0,AI Engineer,1,0,0,0,0,0,1,0,Master's,0.0,0.5,0.5,2,3,0,0.28,0
540,15,Bachelor's,1.9,0,0,0,0,0,1,1,8,1,1,AI Engineer,0,1,1,1,0,0,1,1,Master's,40.0,1.0,1.0,2,3,0,0.44,0
92,95,Master's,2.6,0,1,0,0,1,0,0,3,3,0,AI Engineer,3,1,1,1,0,1,1,0,Bachelor's,40.0,0.8666666666666667,0.87,3,2,1,0.42,1
566,44,Bachelor's,1.4,1,1,1,0,0,0,0,4,4,0,Business Intelligence,1,1,1,0,0,1,0,0,Bachelor's,66.67,1.4,1.0,2,2,1,0.56,1
159,91,Bachelor's,5.1,1,1,1,0,0,1,0,1,2,0,AI Engineer,5,0,1,0,1,1,1,1,Diploma,40.0,1.02,1.0,2,1,1,0.28,0
884,95,Bachelor's,3.6,1,0,0,1,0,0,0,3,1,1,AI Engineer,3,1,1,1,0,1,1,0,Bachelor's,20.0,1.2,1.0,2,2,1,0.44,0
228,10,Bachelor's,0.8,0,0,0,1,1,1,0,1,1,1,AI Engineer,5,0,1,0,1,1,0,0,Master's,66.67,0.16,0.16,2,3,0,0.44,0
473,37,Diploma,5.3,0,1,0,0,0,0,0,1,4,0,Data Analyst,0,1,0,0,0,0,0,0,Bachelor's,0.0,1.0,1.0,1,2,0,0.56,0
372,7,Diploma,0.5,0,1,0,0,0,0,0,1,4,0,AI Engineer,2,1,0,0,0,1,0,0,Bachelor's,0.0,0.25,0.25,1,2,0,0.56,0
376,32,Bachelor's,5.1,1,1,0,1,0,1,0,0,1,0,AI Engineer,1,0,0,0,0,1,1,0,Diploma,50.0,5.1,1.0,2,1,1,0.14,1
553,11,Bachelor's,4.3,0,1,0,1,0,0,0,3,1,1,Data Analyst,3,1,1,0,0,1,0,1,Master's,25.0,1.4333333333333333,1.0,2,3,0,0.44,0
37,48,Bachelor's,1.0,1,0,1,0,1,1,0,1,3,1,AI Engineer,1,1,1,1,0,1,0,0,Bachelor's,75.0,1.0,1.0,2,2,1,0.72,1
637,92,Bachelor's,1.3,0,1,0,0,1,1,1,0,3,0,Machine Learning,3,0,1,0,0,0,1,0,Bachelor's,100.0,0.43333333333333335,0.43,2,2,1,0.42,1
934,68,Bachelor's,2.3,1,0,0,1,0,1,0,4,1,1,Data Science,4,1,0,0,0,0,1,0,Bachelor's,100.0,0.575,0.57,2,2,1,0.44,1
691,48,Bachelor's,0.5,1,1,0,0,1,1,0,0,5,1,AI Engineer,1,1,1,1,0,1,0,0,Bachelor's,75.0,0.5,0.5,2,2,1,1.0,1
844,45,Master's,2.4,0,0,0,0,0,1,1,0,2,1,Business Intelligence,1,0,0,0,0,0,1,0,Bachelor's,100.0,2.4,1.0,3,2,1,0.58,1
37,95,Bachelor's,1.0,1,0,1,0,1,1,0,1,3,1,AI Engineer,3,1,1,1,0,1,1,0,Bachelor's,80.0,0.3333333333333333,0.33,2,2,1,0.72,1
101,93,Diploma,0.1,0,0,0,0,0,1,1,2,5,0,Data Science,1,0,1,1,0,1,1,0,Bachelor's,25.0,0.1,0.1,1,2,0,0.7,0
543,33,Bachelor's,2.1,0,0,0,1,1,1,1,3,2,0,AI Engineer,3,0,1,0,0,0,0,0,Bachelor's,0.0,0.7000000000000001,0.7,2,2,1,0.28,0
190,4,Bachelor's,3.1,0,1,1,0,0,0,0,0,5,0,Data Analyst,2,0,1,0,0,0,1,1,Bachelor's,33.33,1.55,1.0,2,2,1,0.7,1
512,47,Bachelor's,3.2,0,0,0,1,1,0,0,3,2,1,Data Analyst,0,1,0,0,0,0,0,1,Master's,0.0,1.0,1.0,2,3,0,0.58,0
658,90,Bachelor's,0.9,0,1,0,1,0,0,0,4,2,0,Data Science,0,1,1,0,1,0,1,1,Bachelor's,40.0,1.0,1.0,2,2,1,0.28,1
90,53,Bachelor's,0.7,1,0,0,0,0,1,1,2,6,0,Data Science,4,1,0,0,1,0,0,0,Bachelor's,50.0,0.175,0.18,2,2,1,0.7,1
905,31,Bachelor's,3.4,1,1,1,0,0,1,0,0,5,1,AI Engineer,1,1,0,1,1,0,0,0,Master's,66.67,3.4,1.0,2,3,0,1.0,1
139,27,Bachelor's,1.6,1,1,1,0,0,0,0,2,0,1,Data Science,3,0,1,0,0,1,0,0,Master's,50.0,0.5333333333333333,0.53,2,3,0,0.3,0
95,89,Master's,0.7,1,0,0,0,0,1,0,5,5,1,Machine Learning,2,0,0,0,0,1,1,0,Bachelor's,50.0,0.35,0.35,3,2,1,1.0,1
631,48,Master's,3.5,0,1,0,1,0,1,0,3,1,1,AI Engineer,1,1,1,1,0,1,0,0,Bachelor's,25.0,3.5,1.0,3,2,1,0.44,1
878,36,Bachelor's,1.8,1,1,1,0,0,1,0,2,1,0,Business Intelligence,0,0,1,1,0,1,1,0,Master's,75.0,1.0,1.0,2,3,0,0.14,1
632,49,Master's,1.1,0,0,0,0,0,0,0,2,7,1,Data Science,4,1,1,0,0,0,0,0,Diploma,0.0,0.275,0.28,3,1,1,1.0,0
386,31,Master's,1.0,0,1,0,0,0,1,0,1,2,0,AI Engineer,1,1,0,1,1,0,0,0,Master's,0.0,1.0,1.0,3,3,1,0.28,0
123,44,Bachelor's,5.0,0,0,1,0,0,1,0,4,4,0,Business Intelligence,1,1,1,0,0,1,0,0,Bachelor's,0.0,5.0,1.0,2,2,1,0.56,1
889,99,Diploma,3.2,0,1,0,1,0,1,0,1,2,0,AI Engineer,2,1,1,0,1,0,0,0,Diploma,66.67,1.6,1.0,1,1,1,0.28,1
691,68,Bachelor's,0.5,1,1,0,0,1,1,0,0,5,1,Data Science,4,1,0,0,0,0,1,0,Bachelor's,100.0,0.125,0.12,2,2,1,1.0,1
490,92,Master's,1.5,1,0,0,1,1,0,0,1,2,0,Machine Learning,3,0,1,0,0,0,1,0,Bachelor's,0.0,0.5,0.5,3,2,1,0.28,0
325,42,Master's,9.3,0,1,1,0,0,1,0,1,4,0,Business Intelligence,3,0,1,0,0,0,0,0,Diploma,100.0,3.1,1.0,3,1,1,0.56,1
407,42,Bachelor's,4.6,1,1,1,1,0,0,0,0,1,0,Business Intelligence,3,0,1,0,0,0,0,0,Diploma,100.0,1.5333333333333332,1.0,2,1,1,0.14,1
996,13,Diploma,2.7,0,0,1,0,0,1,0,3,3,0,Data Analyst,3,0,1,1,1,0,1,1,Bachelor's,40.0,0.9,0.9,1,2,0,0.42,1
519,1,Master's,0.7,0,0,0,0,1,0,0,2,4,0,Data Science,4,1,0,0,1,0,1,0,Bachelor's,0.0,0.175,0.18,3,2,1,0.56,0
896,76,Bachelor's,3.3,0,1,0,0,1,0,0,0,0,0,Data Science,0,1,0,0,0,0,1,0,Master's,0.0,1.0,1.0,2,3,0,0.0,0
824,53,Bachelor's,3.7,1,0,0,0,1,0,0,1,4,0,Data Science,4,1,0,0,1,0,0,0,Bachelor's,50.0,0.925,0.92,2,2,1,0.56,1
639,40,Bachelor's,12.0,0,0,1,0,0,1,0,1,2,1,Data Analyst,2,1,0,0,0,1,0,1,Bachelor's,0.0,6.0,1.0,2,2,1,0.58,1
77,90,Master's,1.2,1,1,0,0,0,1,0,5,3,0,Data Science,0,1,1,0,1,0,1,1,Bachelor's,60.0,1.0,1.0,3,2,1,0.42,1
234,46,Bachelor's,0.1,0,0,1,0,0,1,0,2,0,0,Data Analyst,1,1,1,1,0,0,1,0,Bachelor's,50.0,0.1,0.1,2,2,1,0.0,0
830,87,Bachelor's,0.9,1,0,0,0,0,1,0,1,5,1,AI Engineer,1,1,0,0,0,0,0,0,Bachelor's,100.0,0.9,0.9,2,2,1,1.0,1
586,22,Bachelor's,0.4,0,0,1,0,0,0,0,1,1,1,Data Analyst,2,1,1,0,0,0,1,0,Master's,0.0,0.2,0.2,2,3,0,0.44,0
484,52,Bachelor's,0.0,1,1,0,0,0,1,1,4,5,0,Business Intelligence,1,1,0,1,0,0,0,0,Bachelor's,50.0,0.0,0.0,2,2,1,0.7,1
464,28,Bachelor's,2.7,0,1,0,0,0,1,1,1,3,1,Data Science,1,0,1,0,1,1,0,0,Bachelor's,33.33,2.7,1.0,2,2,1,0.72,1
271,53,Master's,3.0,1,0,0,0,0,1,0,4,2,0,Data Science,4,1,0,0,1,0,0,0,Bachelor's,50.0,0.75,0.75,3,2,1,0.28,1
821,63,Master's,0.6,0,0,0,1,0,1,0,3,4,1,Business Intelligence,5,1,1,0,0,0,0,0,Diploma,0.0,0.12,0.12,3,1,1,0.86,0
939,17,Bachelor's,1.7,0,0,1,0,0,1,0,1,1,0,AI Engineer,4,1,0,1,0,1,0,0,Bachelor's,33.33,0.425,0.42,2,2,1,0.14,0
467,64,Bachelor's,9.4,1,0,0,1,0,0,0,1,5,1,AI Engineer,3,1,0,1,0,0,1,0,Bachelor's,33.33,3.1333333333333333,1.0,2,2,1,1.0,1
469,6,Bachelor's,5.1,1,1,1,1,1,0,0,3,2,0,Data Science,2,0,0,0,0,1,0,0,Diploma,100.0,2.55,1.0,2,1,1,0.28,1
632,14,Master's,1.1,0,0,0,0,0,0,0,2,7,1,Data Science,3,1,1,0,0,1,1,0,Bachelor's,0.0,0.3666666666666667,0.37,3,2,1,1.0,1
547,17,Bachelor's,4.1,1,0,0,0,0,0,1,1,4,1,AI Engineer,4,1,0,1,0,1,0,0,Bachelor's,33.33,1.025,1.0,2,2,1,0.86,1
719,38,Bachelor's,10.3,0,0,0,0,0,1,1,1,3,1,AI Engineer,2,1,1,1,0,0,0,1,Bachelor's,25.0,5.15,1.0,2,2,1,0.72,1
270,69,Bachelor's,0.9,1,1,1,0,0,1,0,0,2,1,Data Science,5,1,0,1,0,0,1,0,Bachelor's,100.0,0.18,0.18,2,2,1,0.58,0
605,13,Bachelor's,0.2,1,0,1,0,0,1,0,2,1,1,Data Analyst,3,0,1,1,1,0,1,1,Bachelor's,40.0,0.06666666666666667,0.07,2,2,1,0.44,0
965,53,Bachelor's,2.1,0,0,0,0,0,1,0,3,0,1,Data Science,4,1,0,0,1,0,0,0,Bachelor's,0.0,0.525,0.52,2,2,1,0.3,0
378,9,Diploma,1.8,0,0,1,0,1,1,0,3,6,0,Data Analyst,0,1,1,0,0,0,0,0,Master's,0.0,1.0,1.0,1,3,0,0.7,0
177,44,Bachelor's,3.8,1,1,0,1,0,0,0,1,2,0,Business Intelligence,1,1,1,0,0,1,0,0,Bachelor's,66.67,3.8,1.0,2,2,1,0.28,1
274,26,Master's,0.1,0,1,0,1,0,1,0,1,3,1,Machine Learning,2,1,0,0,0,1,1,1,Bachelor's,25.0,0.05,0.05,3,2,1,0.72,0
691,77,Bachelor's,0.5,1,1,0,0,1,1,0,0,5,1,Data Analyst,0,0,1,0,0,0,0,1,Bachelor's,50.0,1.0,1.0,2,2,1,1.0,1
641,19,Diploma,1.9,1,0,1,0,1,1,1,3,3,0,Business Intelligence,5,1,0,0,0,0,0,1,Bachelor's,100.0,0.38,0.38,1,2,0,0.42,1
637,48,Bachelor's,1.3,0,1,0,0,1,1,1,0,3,0,AI Engineer,1,1,1,1,0,1,0,0,Bachelor's,50.0,1.3,1.0,2,2,1,0.42,1
27,81,Bachelor's,5.0,0,1,0,0,1,1,1,4,1,1,Data Science,2,1,1,0,0,0,0,1,Bachelor's,66.67,2.5,1.0,2,2,1,0.44,1
576,80,Master's,0.3,0,0,0,0,1,1,0,1,1,1,Business Intelligence,2,1,1,0,0,1,1,0,Master's,50.0,0.15,0.15,3,3,1,0.44,1
60,30,Bachelor's,2.5,1,1,1,0,1,0,0,2,2,1,Data Analyst,1,1,1,0,1,1,0,0,Bachelor's,75.0,2.5,1.0,2,2,1,0.58,1
731,32,Bachelor's,0.9,0,0,0,1,0,1,0,2,2,0,AI Engineer,1,0,0,0,0,1,1,0,Diploma,50.0,0.9,0.9,2,1,1,0.28,0
217,78,Bachelor's,0.2,0,0,0,0,0,1,0,3,1,1,Business Intelligence,5,1,0,0,0,1,1,0,Master's,33.33,0.04,0.04,2,3,0,0.44,0
681,79,Master's,1.1,1,1,0,0,0,0,0,2,7,1,Data Science,3,1,1,0,0,0,1,0,Bachelor's,66.67,0.3666666666666667,0.37,3,2,1,1.0,1
661,76,Bachelor's,2.3,1,1,0,0,0,1,0,0,7,0,Data Science,0,1,0,0,0,0,1,0,Master's,100.0,1.0,1.0,2,3,0,0.7,1
270,75,Bachelor's,0.9,1,1,1,0,0,1,0,0,2,1,AI Engineer,2,0,1,1,0,1,1,0,Master's,75.0,0.45,0.45,2,3,0,0.58,0
116,69,Master's,2.2,1,1,0,0,1,0,0,4,3,0,Data Science,5,1,0,1,0,0,1,0,Bachelor's,33.33,0.44000000000000006,0.44,3,2,1,0.42,0
245,11,Diploma,3.6,0,1,0,0,1,1,0,0,1,1,Data Analyst,3,1,1,0,0,1,0,1,Master's,50.0,1.2,1.0,1,3,0,0.44,0
660,98,Bachelor's,1.5,0,1,1,0,0,0,1,6,4,0,Machine Learning,2,1,1,0,1,0,0,0,Bachelor's,33.33,0.75,0.75,2,2,1,0.56,1
604,83,Diploma,1.1,1,0,0,0,1,0,0,4,0,0,Business Intelligence,2,0,1,0,0,0,0,0,Bachelor's,0.0,0.55,0.55,1,2,0,0.0,0
85,26,Bachelor's,7.2,1,1,0,0,0,0,0,1,2,1,Machine Learning,2,1,0,0,0,1,1,1,Bachelor's,25.0,3.6,1.0,2,2,1,0.58,0
599,26,Bachelor's,0.2,1,0,0,0,1,0,0,0,5,0,Machine Learning,2,1,0,0,0,1,1,1,Bachelor's,50.0,0.1,0.1,2,2,1,0.7,0
907,17,Master's,7.9,0,1,1,0,0,1,0,1,4,0,AI Engineer,4,1,0,1,0,1,0,0,Bachelor's,33.33,1.975,1.0,3,2,1,0.56,1
632,95,Master's,1.1,0,0,0,0,0,0,0,2,7,1,AI Engineer,3,1,1,1,0,1,1,0,Bachelor's,0.0,0.3666666666666667,0.37,3,2,1,1.0,0
450,83,Diploma,2.9,1,0,1,0,0,1,0,0,3,0,Business Intelligence,2,0,1,0,0,0,0,0,Bachelor's,0.0,1.45,1.0,1,2,0,0.42,1
852,44,Master's,4.2,1,0,0,1,1,0,0,4,3,1,Business Intelligence,1,1,1,0,0,1,0,0,Bachelor's,66.67,4.2,1.0,3,2,1,0.72,1
536,84,Master's,0.3,0,0,0,0,0,0,0,1,4,1,AI Engineer,1,1,0,1,1,1,0,0,Bachelor's,0.0,0.3,0.3,3,2,1,0.86,0
887,23,Bachelor's,0.0,1,1,0,0,0,1,0,0,1,0,AI Engineer,4,1,0,0,0,1,1,0,Bachelor's,66.67,0.0,0.0,2,2,1,0.14,0
89,25,Master's,11.8,0,1,1,0,1,1,0,2,2,1,Data Science,3,1,1,0,0,0,1,0,Bachelor's,66.67,3.9333333333333336,1.0,3,2,1,0.58,1
549,92,Bachelor's,0.1,1,0,1,0,0,0,0,2,2,1,Machine Learning,3,0,1,0,0,0,1,0,Bachelor's,0.0,0.03333333333333333,0.03,2,2,1,0.58,0
854,37,Master's,4.7,0,1,0,1,1,1,0,0,3,1,Data Analyst,0,1,0,0,0,0,0,0,Bachelor's,0.0,1.0,1.0,3,2,1,0.72,0
895,76,Bachelor's,2.0,1,1,0,0,0,1,0,2,2,0,Data Science,0,1,0,0,0,0,1,0,Master's,100.0,1.0,1.0,2,3,0,0.28,1
507,65,Master's,2.2,0,1,1,0,1,1,0,3,2,0,Machine Learning,0,1,1,1,0,0,1,0,Master's,75.0,1.0,1.0,3,3,1,0.28,1
408,2,Diploma,4.1,1,1,0,0,0,0,0,3,0,1,Machine Learning,4,1,1,1,0,0,1,0,Diploma,50.0,1.025,1.0,1,1,1,0.3,1
271,74,Master's,3.0,1,0,0,0,0,1,0,4,2,0,Data Science,1,1,1,1,0,0,1,0,Bachelor's,50.0,3.0,1.0,3,2,1,0.28,1
524,98,Master's,0.3,1,0,0,0,0,0,0,3,7,0,Machine Learning,2,1,1,0,1,0,0,0,Bachelor's,33.33,0.15,0.15,3,2,1,0.7,1
494,32,Bachelor's,0.2,1,1,1,0,0,1,1,1,1,0,AI Engineer,1,0,0,0,0,1,1,0,Diploma,50.0,0.2,0.2,2,1,1,0.14,0
607,89,Bachelor's,0.2,1,1,1,1,0,1,0,1,0,0,Machine Learning,2,0,0,0,0,1,1,0,Bachelor's,50.0,0.1,0.1,2,2,1,0.0,0
448,74,Master's,4.6,1,1,1,0,0,1,1,3,3,1,Data Science,1,1,1,1,0,0,1,0,Bachelor's,100.0,4.6,1.0,3,2,1,0.72,1
543,55,Bachelor's,2.1,0,0,0,1,1,1,1,3,2,0,Machine Learning,2,0,0,0,0,1,1,1,Bachelor's,100.0,1.05,1.0,2,2,1,0.28,1
949,50,Master's,1.0,1,0,1,0,1,0,0,5,3,1,AI Engineer,1,1,0,0,0,1,1,0,Master's,66.67,1.0,1.0,3,3,1,0.72,1
350,65,Bachelor's,0.1,1,0,0,0,1,0,0,2,0,0,Machine Learning,0,1,1,1,0,0,1,0,Master's,25.0,1.0,1.0,2,3,0,0.0,0
745,32,Bachelor's,1.3,0,0,0,0,0,1,0,1,8,1,AI Engineer,1,0,0,0,0,1,1,0,Diploma,50.0,1.3,1.0,2,1,1,1.0,1
852,37,Master's,4.2,1,0,0,1,1,0,0,4,3,1,Data Analyst,0,1,0,0,0,0,0,0,Bachelor's,100.0,1.0,1.0,3,2,1,0.72,1
328,76,Bachelor's,3.9,1,1,1,0,0,0,1,2,3,1,Data Science,0,1,0,0,0,0,1,0,Master's,50.0,1.0,1.0,2,3,0,0.72,0
812,82,Master's,3.6,0,0,1,1,0,1,0,0,3,1,Data Analyst,3,1,1,1,0,0,0,1,Bachelor's,25.0,1.2,1.0,3,2,1,0.72,1
35,13,Master's,0.2,0,0,0,0,0,1,0,4,5,1,Data Analyst,3,0,1,1,1,0,1,1,Bachelor's,20.0,0.06666666666666667,0.07,3,2,1,1.0,0
533,54,Master's,3.1,1,0,0,0,1,1,0,4,4,1,Data Analyst,3,1,0,0,0,1,1,0,Bachelor's,100.0,1.0333333333333334,1.0,3,2,1,0.86,1
623,3,Bachelor's,2.1,1,0,0,1,0,1,0,2,1,0,AI Engineer,3,0,1,1,0,0,0,0,Diploma,0.0,0.7000000000000001,0.7,2,1,1,0.14,0
488,85,Bachelor's,3.0,0,0,0,0,0,0,0,2,9,0,Data Science,1,1,0,0,0,0,0,0,Master's,0.0,3.0,1.0,2,3,0,0.7,0
831,42,Bachelor's,9.8,1,0,1,1,1,1,0,3,4,0,Business Intelligence,3,0,1,0,0,0,0,0,Diploma,0.0,3.266666666666667,1.0,2,1,1,0.56,1
487,40,Diploma,1.3,1,0,0,0,1,1,0,2,2,0,Data Analyst,2,1,0,0,0,1,0,1,Bachelor's,66.67,0.65,0.65,1,2,0,0.28,1
145,74,Bachelor's,0.8,1,0,1,0,1,0,1,3,4,0,Data Science,1,1,1,1,0,0,1,0,Bachelor's,50.0,0.8,0.8,2,2,1,0.56,1
524,66,Master's,0.3,1,0,0,0,0,0,0,3,7,0,Business Intelligence,1,0,1,1,1,0,1,0,Bachelor's,0.0,0.3,0.3,3,2,1,0.7,0
756,60,Master's,4.0,1,0,1,0,0,0,1,2,6,0,Data Analyst,0,0,1,0,0,0,0,0,Bachelor's,0.0,1.0,1.0,3,2,1,0.7,0
146,11,Diploma,5.3,0,0,0,1,0,0,0,2,4,0,Data Analyst,3,1,1,0,0,1,0,1,Master's,0.0,1.7666666666666666,1.0,1,3,0,0.56,0
751,1,Bachelor's,1.9,1,1,0,0,0,1,0,2,1,0,Data Science,4,1,0,0,1,0,1,0,Bachelor's,66.67,0.475,0.48,2,2,1,0.14,1
503,26,Bachelor's,0.1,0,1,0,0,0,1,0,3,2,0,Machine Learning,2,1,0,0,0,1,1,1,Bachelor's,25.0,0.05,0.05,2,2,1,0.28,0
604,42,Diploma,1.1,1,0,0,0,1,0,0,4,0,0,Business Intelligence,3,0,1,0,0,0,0,0,Diploma,0.0,0.3666666666666667,0.37,1,1,1,0.0,0
828,62,Bachelor's,8.6,1,0,0,0,0,1,0,0,3,0,Machine Learning,1,1,1,1,0,0,0,1,Diploma,25.0,8.6,1.0,2,1,1,0.42,0
835,61,Bachelor's,4.2,1,0,0,1,1,1,1,1,3,0,Business Intelligence,2,0,0,1,0,0,1,0,Bachelor's,50.0,2.1,1.0,2,2,1,0.42,1
627,77,Bachelor's,0.6,1,0,0,0,1,0,0,1,4,0,Data Analyst,0,0,1,0,0,0,0,1,Bachelor's,0.0,1.0,1.0,2,2,1,0.56,0
527,92,Bachelor's,0.8,1,1,1,0,0,1,0,2,2,0,Machine Learning,3,0,1,0,0,0,1,0,Bachelor's,100.0,0.26666666666666666,0.27,2,2,1,0.28,1
272,100,Master's,4.9,1,0,1,0,1,0,0,2,5,1,Data Science,5,0,0,0,0,1,0,0,Bachelor's,100.0,0.9800000000000001,0.98,3,2,1,1.0,1
534,85,Bachelor's,0.8,1,0,0,1,0,1,0,2,1,0,Data Science,1,1,0,0,0,0,0,0,Master's,100.0,0.8,0.8,2,3,0,0.14,1
630,62,Bachelor's,1.5,1,1,0,0,0,0,0,2,3,1,Machine Learning,1,1,1,1,0,0,0,1,Diploma,50.0,1.5,1.0,2,1,1,0.72,1
881,74,Bachelor's,2.9,1,1,0,0,1,1,0,1,4,1,Data Science,1,1,1,1,0,0,1,0,Bachelor's,75.0,2.9,1.0,2,2,1,0.86,1
95,12,Master's,0.7,1,0,0,0,0,1,0,5,5,1,Machine Learning,3,1,1,0,0,1,1,0,Bachelor's,50.0,0.2333333333333333,0.23,3,2,1,1.0,1
447,27,Master's,2.9,1,1,0,0,1,1,0,1,2,1,Data Science,3,0,1,0,0,1,0,0,Master's,100.0,0.9666666666666667,0.97,3,3,1,0.58,1
257,28,Master's,0.6,1,1,1,0,0,1,0,1,0,0,Data Science,1,0,1,0,1,1,0,0,Bachelor's,33.33,0.6,0.6,3,2,1,0.0,0
843,66,Bachelor's,1.4,0,0,0,0,0,1,0,3,2,1,Business Intelligence,1,0,1,1,1,0,1,0,Bachelor's,25.0,1.4,1.0,2,2,1,0.58,1
262,28,Master's,4.0,0,1,1,1,1,1,0,1,4,0,Data Science,1,0,1,0,1,1,0,0,Bachelor's,100.0,4.0,1.0,3,2,1,0.56,1
87,95,Master's,2.4,1,0,0,1,1,0,1,1,2,0,AI Engineer,3,1,1,1,0,1,1,0,Bachelor's,40.0,0.7999999999999999,0.8,3,2,1,0.28,0
905,21,Bachelor's,3.4,1,1,1,0,0,1,0,0,5,1,Data Science,1,1,1,0,0,0,1,1,Bachelor's,75.0,3.4,1.0,2,2,1,1.0,1
436,7,Master's,0.1,1,0,0,0,0,0,0,1,2,1,AI Engineer,2,1,0,0,0,1,0,0,Bachelor's,50.0,0.05,0.05,3,2,1,0.58,0
976,95,Bachelor's,7.1,1,1,0,1,0,1,0,1,4,1,AI Engineer,3,1,1,1,0,1,1,0,Bachelor's,60.0,2.3666666666666667,1.0,2,2,1,0.86,1
830,14,Bachelor's,0.9,1,0,0,0,0,1,0,1,5,1,Data Science,3,1,1,0,0,1,1,0,Bachelor's,50.0,0.3,0.3,2,2,1,1.0,1
570,39,Bachelor's,1.5,0,1,1,1,0,1,0,2,3,1,Data Science,0,1,0,0,1,0,1,1,Master's,50.0,1.0,1.0,2,3,0,0.72,1
742,73,Bachelor's,3.3,1,1,0,0,0,1,0,1,0,0,AI Engineer,1,0,0,0,0,0,1,0,Master's,100.0,3.3,1.0,2,3,0,0.0,1
108,87,Master's,3.5,0,0,0,0,0,1,0,3,1,0,AI Engineer,1,1,0,0,0,0,0,0,Bachelor's,0.0,3.5,1.0,3,2,1,0.14,0
19,62,Bachelor's,6.2,1,0,0,0,0,1,0,3,2,0,Machine Learning,1,1,1,1,0,0,0,1,Diploma,25.0,6.2,1.0,2,1,1,0.28,1
365,12,Master's,3.3,0,1,0,0,0,1,0,3,4,0,Machine Learning,3,1,1,0,0,1,1,0,Bachelor's,50.0,1.0999999999999999,1.0,3,2,1,0.56,1
653,93,Bachelor's,0.8,1,1,0,0,0,1,0,0,1,1,Data Science,1,0,1,1,0,1,1,0,Bachelor's,50.0,0.8,0.8,2,2,1,0.44,1
379,38,Master's,1.1,1,0,0,1,1,1,0,3,4,0,AI Engineer,2,1,1,1,0,0,0,1,Bachelor's,25.0,0.55,0.55,3,2,1,0.56,1
160,58,Master's,0.1,0,0,0,0,1,1,0,3,4,1,Data Analyst,4,1,1,1,1,0,0,0,Bachelor's,0.0,0.025,0.02,3,2,1,0.86,0
100,56,Bachelor's,1.1,1,0,0,0,1,0,0,1,2,1,Machine Learning,2,0,1,1,1,1,1,1,Diploma,16.67,0.55,0.55,2,1,1,0.58,1
265,39,Master's,0.0,0,1,1,1,1,0,1,0,7,0,Data Science,0,1,0,0,1,0,1,1,Master's,50.0,1.0,1.0,3,3,1,0.7,1
750,86,Bachelor's,0.4,0,1,1,0,0,0,0,1,3,0,Data Science,3,0,0,1,1,0,1,0,Bachelor's,33.33,0.13333333333333333,0.13,2,2,1,0.42,0
750,4,Bachelor's,0.4,0,1,1,0,0,0,0,1,3,0,Data Analyst,2,0,1,0,0,0,1,1,Bachelor's,33.33,0.2,0.2,2,2,1,0.42,0
49,48,Bachelor's,5.1,1,0,1,0,1,1,1,2,3,1,AI Engineer,1,1,1,1,0,1,0,0,Bachelor's,75.0,5.1,1.0,2,2,1,0.72,1
677,7,Bachelor's,0.2,1,0,0,0,0,0,0,0,1,1,AI Engineer,2,1,0,0,0,1,0,0,Bachelor's,50.0,0.1,0.1,2,2,1,0.44,1
799,60,Bachelor's,0.2,0,0,0,1,0,1,0,1,2,1,Data Analyst,0,0,1,0,0,0,0,0,Bachelor's,0.0,1.0,1.0,2,2,1,0.58,0
415,40,Bachelor's,1.9,1,1,0,0,0,1,0,2,3,1,Data Analyst,2,1,0,0,0,1,0,1,Bachelor's,33.33,0.95,0.95,2,2,1,0.72,1
59,8,Diploma,1.6,0,0,1,0,1,0,0,0,2,1,AI Engineer,2,1,0,0,0,0,1,0,Master's,0.0,0.8,0.8,1,3,0,0.58,0
183,58,Master's,2.5,1,0,1,0,0,0,0,0,1,1,Data Analyst,4,1,1,1,1,0,0,0,Bachelor's,50.0,0.625,0.62,3,2,1,0.44,1
659,57,Bachelor's,1.3,1,1,0,1,0,1,0,3,5,0,Business Intelligence,3,0,1,0,1,0,0,0,Bachelor's,100.0,0.43333333333333335,0.43,2,2,1,0.7,1
447,35,Master's,2.9,1,1,0,0,1,1,0,1,2,1,Data Science,0,0,0,0,0,0,1,0,Master's,100.0,1.0,1.0,3,3,1,0.58,1
898,73,Master's,0.5,1,1,0,0,0,1,0,2,1,1,AI Engineer,1,0,0,0,0,0,1,0,Master's,100.0,0.5,0.5,3,3,1,0.44,1
301,13,Diploma,0.1,0,0,0,1,1,1,0,2,3,0,Data Analyst,3,0,1,1,1,0,1,1,Bachelor's,40.0,0.03333333333333333,0.03,1,2,0,0.42,0
608,39,Bachelor's,4.0,1,0,0,1,0,0,0,4,6,1,Data Science,0,1,0,0,1,0,1,1,Master's,50.0,1.0,1.0,2,3,0,1.0,1
555,84,Master's,0.6,1,0,0,1,1,0,0,1,1,1,AI Engineer,1,1,0,1,1,1,0,0,Bachelor's,75.0,0.6,0.6,3,2,1,0.44,1
354,21,Bachelor's,3.2,0,1,1,0,0,1,0,6,0,1,Data Science,1,1,1,0,0,0,1,1,Bachelor's,50.0,3.2,1.0,2,2,1,0.3,1
769,47,Bachelor's,1.2,1,0,1,0,1,1,0,3,1,0,Data Analyst,0,1,0,0,0,0,0,1,Master's,50.0,1.0,1.0,2,3,0,0.14,0
213,83,Bachelor's,0.4,1,0,0,0,0,1,0,3,3,0,Business Intelligence,2,0,1,0,0,0,0,0,Bachelor's,0.0,0.2,0.2,2,2,1,0.42,0
189,2,Bachelor's,0.9,0,1,1,1,0,1,0,1,3,1,Machine Learning,4,1,1,1,0,0,1,0,Diploma,75.0,0.225,0.22,2,1,1,0.72,1
643,44,Bachelor's,1.8,0,0,1,0,0,1,0,4,2,0,Business Intelligence,1,1,1,0,0,1,0,0,Bachelor's,0.0,1.8,1.0,2,2,1,0.28,1
812,87,Master's,3.6,0,0,1,1,0,1,0,0,3,1,AI Engineer,1,1,0,0,0,0,0,0,Bachelor's,0.0,3.6,1.0,3,2,1,0.72,0
903,55,Bachelor's,3.6,1,1,0,0,0,1,0,2,6,0,Machine Learning,2,0,0,0,0,1,1,1,Bachelor's,33.33,1.8,1.0,2,2,1,0.7,1
801,40,Master's,7.8,0,0,0,0,0,1,0,4,4,1,Data Analyst,2,1,0,0,0,1,0,1,Bachelor's,0.0,3.9,1.0,3,2,1,0.86,0
137,77,Bachelor's,4.8,1,1,1,0,0,0,0,2,4,1,Data Analyst,0,0,1,0,0,0,0,1,Bachelor's,50.0,1.0,1.0,2,2,1,0.86,1
30,97,Diploma,4.4,0,1,0,0,0,1,1,2,2,1,Data Analyst,4,0,0,1,0,1,1,0,Bachelor's,33.33,1.1,1.0,1,2,0,0.58,0
146,96,Diploma,5.3,0,0,0,1,0,0,0,2,4,0,Business Intelligence,2,1,1,0,1,0,0,0,Master's,33.33,2.65,1.0,1,3,0,0.56,0
824,92,Bachelor's,3.7,1,0,0,0,1,0,0,1,4,0,Machine Learning,3,0,1,0,0,0,1,0,Bachelor's,0.0,1.2333333333333334,1.0,2,2,1,0.56,0
986,24,Bachelor's,0.2,0,1,0,0,0,0,0,1,1,1,Machine Learning,2,1,1,0,1,0,1,0,Master's,25.0,0.1,0.1,2,3,0,0.44,0
468,42,Master's,1.3,1,1,0,1,0,0,0,2,4,1,Business Intelligence,3,0,1,0,0,0,0,0,Diploma,100.0,0.43333333333333335,0.43,3,1,1,0.86,0
998,28,Bachelor's,0.2,1,0,0,1,1,1,1,2,6,0,Data Science,1,0,1,0,1,1,0,0,Bachelor's,66.67,0.2,0.2,2,2,1,0.7,1
617,94,Diploma,12.0,1,1,1,1,0,1,1,1,5,1,Business Intelligence,1,0,1,0,1,0,0,1,Diploma,100.0,12.0,1.0,1,1,1,1.0,1
503,93,Bachelor's,0.1,0,1,0,0,0,1,0,3,2,0,Data Science,1,0,1,1,0,1,1,0,Bachelor's,50.0,0.1,0.1,2,2,1,0.28,0
799,98,Bachelor's,0.2,0,0,0,1,0,1,0,1,2,1,Machine Learning,2,1,1,0,1,0,0,0,Bachelor's,33.33,0.1,0.1,2,2,1,0.58,1
968,51,Bachelor's,1.1,0,0,1,0,0,1,0,2,5,0,Machine Learning,5,0,1,1,0,1,0,0,Master's,33.33,0.22000000000000003,0.22,2,3,0,0.7,0
191,22,Diploma,0.2,1,0,1,0,0,1,1,3,3,1,Data Analyst,2,1,1,0,0,0,1,0,Master's,66.67,0.1,0.1,1,3,0,0.72,0
471,89,Diploma,2.1,1,0,1,0,0,0,0,2,2,0,Machine Learning,2,0,0,0,0,1,1,0,Bachelor's,0.0,1.05,1.0,1,2,0,0.28,0
690,78,Bachelor's,3.6,1,0,1,0,0,0,0,2,2,0,Business Intelligence,5,1,0,0,0,1,1,0,Master's,33.33,0.72,0.72,2,3,0,0.28,0
345,74,Bachelor's,3.4,0,0,0,1,0,1,1,1,2,1,Data Science,1,1,1,1,0,0,1,0,Bachelor's,25.0,3.4,1.0,2,2,1,0.58,1
751,74,Bachelor's,1.9,1,1,0,0,0,1,0,2,1,0,Data Science,1,1,1,1,0,0,1,0,Bachelor's,75.0,1.9,1.0,2,2,1,0.14,1
1,8,Bachelor's,0.5,1,1,0,0,0,1,0,4,4,1,AI Engineer,2,1,0,0,0,0,1,0,Master's,100.0,0.25,0.25,2,3,0,0.86,1
110,14,Diploma,0.4,0,1,0,1,1,1,0,5,1,1,Data Science,3,1,1,0,0,1,1,0,Bachelor's,75.0,0.13333333333333333,0.13,1,2,0,0.44,0
850,45,Bachelor's,2.6,1,0,0,0,0,1,0,3,4,1,Business Intelligence,1,0,0,0,0,0,1,0,Bachelor's,100.0,2.6,1.0,2,2,1,0.86,1
787,38,Bachelor's,2.5,0,1,1,0,1,1,0,2,8,1,AI Engineer,2,1,1,1,0,0,0,1,Bachelor's,50.0,1.25,1.0,2,2,1,1.0,1
883,32,Diploma,2.5,1,1,1,0,0,1,0,1,5,0,AI Engineer,1,0,0,0,0,1,1,0,Diploma,50.0,2.5,1.0,1,1,1,0.7,1
894,62,Bachelor's,0.6,0,0,0,0,0,1,0,1,2,1,Machine Learning,1,1,1,1,0,0,0,1,Diploma,0.0,0.6,0.6,2,1,1,0.58,0
746,96,Master's,1.6,0,0,0,0,1,1,0,3,3,1,Business Intelligence,2,1,1,0,1,0,0,0,Master's,0.0,0.8,0.8,3,3,1,0.72,0
64,67,Bachelor's,1.4,1,1,0,0,0,0,0,5,4,1,Data Science,0,1,1,1,0,1,1,0,Bachelor's,40.0,1.0,1.0,2,2,1,0.86,0
756,84,Master's,4.0,1,0,1,0,0,0,1,2,6,0,AI Engineer,1,1,0,1,1,1,0,0,Bachelor's,50.0,4.0,1.0,3,2,1,0.7,1
53,61,Master's,7.0,1,0,1,0,0,0,1,5,2,0,Business Intelligence,2,0,0,1,0,0,1,0,Bachelor's,50.0,3.5,1.0,3,2,1,0.28,0
262,13,Master's,4.0,0,1,1,1,1,1,0,1,4,0,Data Analyst,3,0,1,1,1,0,1,1,Bachelor's,80.0,1.3333333333333333,1.0,3,2,1,0.56,1
302,83,Bachelor's,6.9,0,1,1,0,0,1,0,3,1,0,Business Intelligence,2,0,1,0,0,0,0,0,Bachelor's,100.0,3.45,1.0,2,2,1,0.14,1
968,80,Bachelor's,1.1,0,0,1,0,0,1,0,2,5,0,Business Intelligence,2,1,1,0,0,1,1,0,Master's,25.0,0.55,0.55,2,3,0,0.7,0
234,99,Bachelor's,0.1,0,0,1,0,0,1,0,2,0,0,AI Engineer,2,1,1,0,1,0,0,0,Diploma,0.0,0.05,0.05,2,1,1,0.0,0
73,47,Diploma,0.1,1,0,0,0,0,0,0,3,4,0,Data Analyst,0,1,0,0,0,0,0,1,Master's,50.0,1.0,1.0,1,3,0,0.56,1
357,54,Diploma,5.8,0,1,0,0,0,0,0,0,3,0,Data Analyst,3,1,0,0,0,1,1,0,Bachelor's,0.0,1.9333333333333333,1.0,1,2,0,0.42,0
951,71,Bachelor's,0.2,0,0,0,0,1,0,0,1,3,1,Data Analyst,2,1,1,0,0,0,0,1,Diploma,0.0,0.1,0.1,2,1,1,0.72,0
603,52,Bachelor's,0.6,0,0,1,0,0,1,1,0,1,1,Business Intelligence,1,1,0,1,0,0,0,0,Bachelor's,50.0,0.6,0.6,2,2,1,0.44,1
484,72,Bachelor's,0.0,1,1,0,0,0,1,1,4,5,0,Data Science,5,1,0,0,0,0,0,1,Master's,100.0,0.0,0.0,2,3,0,0.7,0
6,25,Bachelor's,2.7,0,1,0,0,1,1,0,1,6,0,Data Science,3,1,1,0,0,0,1,0,Bachelor's,66.67,0.9,0.9,2,2,1,0.7,1
710,23,Bachelor's,2.6,1,1,0,1,1,0,0,2,4,0,AI Engineer,4,1,0,0,0,1,1,0,Bachelor's,66.67,0.65,0.65,2,2,1,0.56,1
877,74,Master's,2.2,1,0,0,1,0,0,0,1,4,1,Data Science,1,1,1,1,0,0,1,0,Bachelor's,25.0,2.2,1.0,3,2,1,0.86,1
708,30,Master's,0.6,1,0,0,0,0,0,0,0,4,0,Data Analyst,1,1,1,0,1,1,0,0,Bachelor's,25.0,0.6,0.6,3,2,1,0.56,0
982,97,Master's,4.1,1,1,0,0,0,1,0,1,4,1,Data Analyst,4,0,0,1,0,1,1,0,Bachelor's,33.33,1.025,1.0,3,2,1,0.86,1
808,11,Master's,0.5,1,0,1,1,0,0,0,2,0,0,Data Analyst,3,1,1,0,0,1,0,1,Master's,25.0,0.16666666666666666,0.17,3,3,1,0.0,0
859,35,Bachelor's,4.6,1,0,1,0,1,1,0,2,1,0,Data Science,0,0,0,0,0,0,1,0,Master's,100.0,1.0,1.0,2,3,0,0.14,1
997,27,Master's,7.8,1,0,0,0,0,1,0,0,2,0,Data Science,3,0,1,0,0,1,0,0,Master's,0.0,2.6,1.0,3,3,1,0.28,0
834,67,Bachelor's,3.4,1,0,0,0,1,0,0,4,2,0,Data Science,0,1,1,1,0,1,1,0,Bachelor's,40.0,1.0,1.0,2,2,1,0.28,0
137,47,Bachelor's,4.8,1,1,1,0,0,0,0,2,4,1,Data Analyst,0,1,0,0,0,0,0,1,Master's,50.0,1.0,1.0,2,3,0,0.86,1
779,50,Master's,0.7,1,1,0,1,1,0,0,3,3,1,AI Engineer,1,1,0,0,0,1,1,0,Master's,66.67,0.7,0.7,3,3,1,0.72,1
404,8,Master's,3.3,1,0,0,0,1,1,0,4,3,0,AI Engineer,2,1,0,0,0,0,1,0,Master's,100.0,1.65,1.0,3,3,1,0.42,1
628,55,Master's,1.9,0,1,0,0,0,1,1,2,1,0,Machine Learning,2,0,0,0,0,1,1,1,Bachelor's,66.67,0.95,0.95,3,2,1,0.14,1
555,77,Master's,0.6,1,0,0,1,1,0,0,1,1,1,Data Analyst,0,0,1,0,0,0,0,1,Bachelor's,0.0,1.0,1.0,3,2,1,0.44,0
743,42,Master's,3.7,1,1,0,1,0,0,0,3,3,0,Business Intelligence,3,0,1,0,0,0,0,0,Diploma,100.0,1.2333333333333334,1.0,3,1,1,0.42,1
570,67,Bachelor's,1.5,0,1,1,1,0,1,0,2,3,1,Data Science,0,1,1,1,0,1,1,0,Bachelor's,60.0,1.0,1.0,2,2,1,0.72,1
206,20,Diploma,3.7,0,1,0,0,1,1,0,1,2,0,Data Analyst,2,1,1,0,0,1,0,0,Bachelor's,66.67,1.85,1.0,1,2,0,0.28,0
410,45,Diploma,5.1,1,0,0,0,1,1,0,2,2,1,Business Intelligence,1,0,0,0,0,0,1,0,Bachelor's,100.0,5.1,1.0,1,2,0,0.58,1
806,35,Master's,3.7,0,1,0,0,1,1,1,2,2,0,Data Science,0,0,0,0,0,0,1,0,Master's,100.0,1.0,1.0,3,3,1,0.28,1
606,77,Bachelor's,1.8,1,0,1,0,0,0,0,2,2,0,Data Analyst,0,0,1,0,0,0,0,1,Bachelor's,0.0,1.0,1.0,2,2,1,0.28,0
36,20,Master's,3.0,1,0,1,0,0,0,0,1,1,0,Data Analyst,2,1,1,0,0,1,0,0,Bachelor's,33.33,1.5,1.0,3,2,1,0.14,1
230,24,Bachelor's,1.3,1,0,0,0,0,1,0,3,3,1,Machine Learning,2,1,1,0,1,0,1,0,Master's,50.0,0.65,0.65,2,3,0,0.72,0
227,57,Master's,1.3,1,0,0,0,0,0,0,3,3,0,Business Intelligence,3,0,1,0,1,0,0,0,Bachelor's,0.0,0.43333333333333335,0.43,3,2,1,0.42,0
695,55,Bachelor's,1.1,0,0,0,1,0,0,0,3,8,0,Machine Learning,2,0,0,0,0,1,1,1,Bachelor's,0.0,0.55,0.55,2,2,1,0.7,0
262,9,Master's,4.0,0,1,1,1,1,1,0,1,4,0,Data Analyst,0,1,1,0,0,0,0,0,Master's,50.0,1.0,1.0,3,3,1,0.56,1
131,94,Bachelor's,3.2,1,1,0,0,0,1,0,1,1,1,Business Intelligence,1,0,1,0,1,0,0,1,Diploma,33.33,3.2,1.0,2,1,1,0.44,1
577,89,Bachelor's,0.1,0,0,0,0,1,1,0,2,2,0,Machine Learning,2,0,0,0,0,1,1,0,Bachelor's,100.0,0.05,0.05,2,2,1,0.28,0
892,16,Master's,1.3,0,1,0,0,1,1,1,1,2,1,AI Engineer,2,1,1,0,1,1,1,0,Master's,60.0,0.65,0.65,3,3,1,0.58,1
448,55,Master's,4.6,1,1,1,0,0,1,1,3,3,1,Machine Learning,2,0,0,0,0,1,1,1,Bachelor's,66.67,2.3,1.0,3,2,1,0.72,1
186,72,Bachelor's,6.9,0,1,0,1,1,0,0,1,2,0,Data Science,5,1,0,0,0,0,0,1,Master's,0.0,1.3800000000000001,1.0,2,3,0,0.28,0
629,58,Diploma,0.3,1,1,0,0,0,0,0,0,4,0,Data Analyst,4,1,1,1,1,0,0,0,Bachelor's,50.0,0.075,0.08,1,2,0,0.56,0
186,64,Bachelor's,6.9,0,1,0,1,1,0,0,1,2,0,AI Engineer,3,1,0,1,0,0,1,0,Bachelor's,0.0,2.3000000000000003,1.0,2,2,1,0.28,0
274,92,Master's,0.1,0,1,0,1,0,1,0,1,3,1,Machine Learning,3,0,1,0,0,0,1,0,Bachelor's,100.0,0.03333333333333333,0.03,3,2,1,0.72,1
663,76,Bachelor's,6.3,1,0,0,1,0,0,0,1,5,0,Data Science,0,1,0,0,0,0,1,0,Master's,50.0,1.0,1.0,2,3,0,0.7,1
352,88,Master's,2.2,0,0,0,1,0,1,0,1,3,1,Data Analyst,0,1,1,1,0,0,1,1,Diploma,20.0,1.0,1.0,3,1,1,0.72,1
413,49,Master's,0.8,1,0,1,0,1,1,0,1,4,0,Data Science,4,1,1,0,0,0,0,0,Diploma,50.0,0.2,0.2,3,1,1,0.56,0
151,29,Master's,3.1,1,1,0,0,0,0,0,2,2,0,AI Engineer,0,1,1,1,1,0,1,0,Bachelor's,40.0,1.0,1.0,3,2,1,0.28,1
384,79,Master's,0.7,1,0,0,0,0,1,1,3,5,0,Data Science,3,1,1,0,0,0,1,0,Bachelor's,66.67,0.2333333333333333,0.23,3,2,1,0.7,0
36,82,Master's,3.0,1,0,1,0,0,0,0,1,1,0,Data Analyst,3,1,1,1,0,0,0,1,Bachelor's,50.0,1.0,1.0,3,2,1,0.14,1
326,7,Master's,1.0,0,1,1,0,0,1,1,0,5,0,AI Engineer,2,1,0,0,0,1,0,0,Bachelor's,0.0,0.5,0.5,3,2,1,0.7,0
465,77,Master's,12.0,0,0,1,0,1,1,1,2,2,0,Data Analyst,0,0,1,0,0,0,0,1,Bachelor's,50.0,1.0,1.0,3,2,1,0.28,1
466,83,Bachelor's,0.1,1,1,0,0,0,1,0,2,4,1,Business Intelligence,2,0,1,0,0,0,0,0,Bachelor's,100.0,0.05,0.05,2,2,1,0.86,1
95,69,Master's,0.7,1,0,0,0,0,1,0,5,5,1,Data Science,5,1,0,1,0,0,1,0,Bachelor's,66.67,0.13999999999999999,0.14,3,2,1,1.0,1
134,90,Bachelor's,0.6,1,1,0,0,0,1,0,2,4,0,Data Science,0,1,1,0,1,0,1,1,Bachelor's,60.0,1.0,1.0,2,2,1,0.56,1
162,2,Bachelor's,0.3,0,0,0,0,0,1,0,4,1,1,Machine Learning,4,1,1,1,0,0,1,0,Diploma,25.0,0.075,0.08,2,1,1,0.44,0
556,33,Bachelor's,0.6,0,1,0,0,1,1,0,2,4,0,AI Engineer,3,0,1,0,0,0,0,0,Bachelor's,100.0,0.19999999999999998,0.2,2,2,1,0.56,1
300,48,Diploma,3.1,1,1,0,0,0,0,1,1,7,0,AI Engineer,1,1,1,1,0,1,0,0,Bachelor's,50.0,3.1,1.0,1,2,0,0.7,0
795,37,Diploma,0.1,1,0,0,0,0,0,0,1,4,0,Data Analyst,0,1,0,0,0,0,0,0,Bachelor's,100.0,1.0,1.0,1,2,0,0.56,1
356,89,Bachelor's,5.2,1,0,0,0,1,0,0,1,9,0,Machine Learning,2,0,0,0,0,1,1,0,Bachelor's,50.0,2.6,1.0,2,2,1,0.7,1
240,89,Bachelor's,0.5,1,1,0,0,1,1,0,1,2,1,Machine Learning,2,0,0,0,0,1,1,0,Bachelor's,100.0,0.25,0.25,2,2,1,0.58,1
564,30,Diploma,0.8,1,0,0,0,0,0,1,3,7,1,Data Analyst,1,1,1,0,1,1,0,0,Bachelor's,25.0,0.8,0.8,1,2,0,1.0,0
938,41,Master's,4.4,0,0,0,0,1,1,1,2,0,0,Business Intelligence,2,1,0,0,0,0,1,1,Bachelor's,66.67,2.2,1.0,3,2,1,0.0,1
793,4,Bachelor's,1.8,0,1,0,1,0,1,0,1,3,0,Data Analyst,2,0,1,0,0,0,1,1,Bachelor's,66.67,0.9,0.9,2,2,1,0.42,1
586,83,Bachelor's,0.4,0,0,1,0,0,0,0,1,1,1,Business Intelligence,2,0,1,0,0,0,0,0,Bachelor's,0.0,0.2,0.2,2,2,1,0.44,0
807,91,Master's,2.7,0,0,0,0,1,0,0,0,6,0,AI Engineer,5,0,1,0,1,1,1,1,Diploma,20.0,0.54,0.54,3,1,1,0.7,1
750,39,Bachelor's,0.4,0,1,1,0,0,0,0,1,3,0,Data Science,0,1,0,0,1,0,1,1,Master's,0.0,1.0,1.0,2,3,0,0.42,0
167,24,Bachelor's,4.5,0,1,0,0,0,0,0,3,6,0,Machine Learning,2,1,1,0,1,0,1,0,Master's,25.0,2.25,1.0,2,3,0,0.7,0
140,50,Master's,2.2,0,0,0,1,1,1,0,0,2,0,AI Engineer,1,1,0,0,0,1,1,0,Master's,66.67,2.2,1.0,3,3,1,0.28,1
139,37,Bachelor's,1.6,1,1,1,0,0,0,0,2,0,1,Data Analyst,0,1,0,0,0,0,0,0,Bachelor's,100.0,1.0,1.0,2,2,1,0.3,1
881,53,Bachelor's,2.9,1,1,0,0,1,1,0,1,4,1,Data Science,4,1,0,0,1,0,0,0,Bachelor's,50.0,0.725,0.72,2,2,1,0.86,1
235,25,Bachelor's,2.6,0,0,0,0,0,1,0,2,2,0,Data Science,3,1,1,0,0,0,1,0,Bachelor's,33.33,0.8666666666666667,0.87,2,2,1,0.28,1
3,93,Master's,5.2,0,0,1,1,1,0,0,3,4,1,Data Science,1,0,1,1,0,1,1,0,Bachelor's,50.0,5.2,1.0,3,2,1,0.86,1
256,31,Bachelor's,1.4,0,0,1,0,0,1,1,3,1,0,AI Engineer,1,1,0,1,1,0,0,0,Master's,33.33,1.4,1.0,2,3,0,0.14,0
371,99,Bachelor's,8.9,0,0,0,0,0,0,0,1,2,0,AI Engineer,2,1,1,0,1,0,0,0,Diploma,0.0,4.45,1.0,2,1,1,0.28,0
278,92,Bachelor's,10.8,1,0,0,0,0,1,0,0,3,1,Machine Learning,3,0,1,0,0,0,1,0,Bachelor's,50.0,3.6,1.0,2,2,1,0.72,1
516,38,Diploma,0.0,0,1,0,1,0,0,0,1,8,0,AI Engineer,2,1,1,1,0,0,0,1,Bachelor's,25.0,0.0,0.0,1,2,0,0.7,0
904,58,Bachelor's,0.1,1,0,0,0,0,0,0,2,4,1,Data Analyst,4,1,1,1,1,0,0,0,Bachelor's,25.0,0.025,0.02,2,2,1,0.86,0
782,53,Bachelor's,5.8,0,0,0,0,0,1,1,1,3,1,Data Science,4,1,0,0,1,0,0,0,Bachelor's,0.0,1.45,1.0,2,2,1,0.72,1
212,50,Bachelor's,1.5,0,1,0,0,0,1,0,0,5,1,AI Engineer,1,1,0,0,0,1,1,0,Master's,33.33,1.5,1.0,2,3,0,1.0,1
216,4,Bachelor's,0.6,1,0,1,0,1,0,0,1,4,0,Data Analyst,2,0,1,0,0,0,1,1,Bachelor's,0.0,0.3,0.3,2,2,1,0.56,0
270,92,Bachelor's,0.9,1,1,1,0,0,1,0,0,2,1,Machine Learning,3,0,1,0,0,0,1,0,Bachelor's,100.0,0.3,0.3,2,2,1,0.58,1
476,52,Master's,2.8,0,1,0,0,1,1,0,2,6,0,Business Intelligence,1,1,0,1,0,0,0,0,Bachelor's,0.0,2.8,1.0,3,2,1,0.7,1
528,31,Bachelor's,0.9,0,1,1,0,1,1,0,1,2,1,AI Engineer,1,1,0,1,1,0,0,0,Master's,33.33,0.9,0.9,2,3,0,0.58,0
928,87,Bachelor's,1.6,0,1,0,0,0,0,0,1,4,0,AI Engineer,1,1,0,0,0,0,0,0,Bachelor's,0.0,1.6,1.0,2,2,1,0.56,0
64,78,Bachelor's,1.4,1,1,0,0,0,0,0,5,4,1,Business Intelligence,5,1,0,0,0,1,1,0,Master's,33.33,0.27999999999999997,0.28,2,3,0,0.86,0
751,92,Bachelor's,1.9,1,1,0,0,0,1,0,2,1,0,Machine Learning,3,0,1,0,0,0,1,0,Bachelor's,100.0,0.6333333333333333,0.63,2,2,1,0.14,1
460,14,Bachelor's,2.7,1,1,0,1,0,1,0,6,7,0,Data Science,3,1,1,0,0,1,1,0,Bachelor's,75.0,0.9,0.9,2,2,1,0.7,0
16,1,Bachelor's,6.5,1,0,0,0,1,0,0,1,3,0,Data Science,4,1,0,0,1,0,1,0,Bachelor's,33.33,1.625,1.0,2,2,1,0.42,1
564,43,Diploma,0.8,1,0,0,0,0,0,1,3,7,1,AI Engineer,3,1,0,0,0,0,0,0,Bachelor's,100.0,0.26666666666666666,0.27,1,2,0,1.0,1
19,96,Bachelor's,6.2,1,0,0,0,0,1,0,3,2,0,Business Intelligence,2,1,1,0,1,0,0,0,Master's,33.33,3.1,1.0,2,3,0,0.28,1
325,59,Master's,9.3,0,1,1,0,0,1,0,1,4,0,Data Science,2,0,1,0,0,0,0,0,Master's,100.0,4.65,1.0,3,3,1,0.56,1
908,61,Bachelor's,1.1,1,0,0,1,1,0,0,3,4,0,Business Intelligence,2,0,0,1,0,0,1,0,Bachelor's,0.0,0.55,0.55,2,2,1,0.56,0
93,41,Master's,2.3,1,0,0,1,0,0,0,4,3,0,Business Intelligence,2,1,0,0,0,0,1,1,Bachelor's,33.33,1.15,1.0,3,2,1,0.42,1
773,18,Bachelor's,5.6,0,0,0,0,0,1,0,0,2,0,Data Analyst,0,1,1,0,0,1,0,0,Diploma,0.0,1.0,1.0,2,1,1,0.28,0
810,60,Bachelor's,0.3,0,0,1,0,0,1,0,3,4,1,Data Analyst,0,0,1,0,0,0,0,0,Bachelor's,0.0,1.0,1.0,2,2,1,0.86,1
17,69,Bachelor's,0.5,1,1,1,0,0,1,0,2,4,0,Data Science,5,1,0,1,0,0,1,0,Bachelor's,100.0,0.1,0.1,2,2,1,0.56,1
623,79,Bachelor's,2.1,1,0,0,1,0,1,0,2,1,0,Data Science,3,1,1,0,0,0,1,0,Bachelor's,66.67,0.7000000000000001,0.7,2,2,1,0.14,1
840,59,Bachelor's,0.6,1,1,0,0,1,0,0,5,1,0,Data Science,2,0,1,0,0,0,0,0,Master's,100.0,0.3,0.3,2,3,0,0.14,0
872,42,Bachelor's,0.6,0,0,0,0,0,1,0,3,3,0,Business Intelligence,3,0,1,0,0,0,0,0,Diploma,0.0,0.19999999999999998,0.2,2,1,1,0.42,0
488,80,Bachelor's,3.0,0,0,0,0,0,0,0,2,9,0,Business Intelligence,2,1,1,0,0,1,1,0,Master's,0.0,1.5,1.0,2,3,0,0.7,0
94,100,Bachelor's,1.8,1,1,1,0,0,1,1,1,0,1,Data Science,5,0,0,0,0,1,0,0,Bachelor's,0.0,0.36,0.36,2,2,1,0.3,0
10,36,Master's,1.7,1,0,0,0,0,1,0,2,4,1,Business Intelligence,0,0,1,1,0,1,1,0,Master's,25.0,1.0,1.0,3,3,1,0.86,1
724,40,Master's,0.3,1,0,0,0,0,0,0,0,2,1,Data Analyst,2,1,0,0,0,1,0,1,Bachelor's,33.33,0.15,0.15,3,2,1,0.58,0
749,30,Master's,3.6,0,0,0,1,1,1,0,0,1,1,Data Analyst,1,1,1,0,1,1,0,0,Bachelor's,50.0,3.6,1.0,3,2,1,0.44,1
766,87,Bachelor's,1.0,0,0,1,0,1,0,1,1,4,1,AI Engineer,1,1,0,0,0,0,0,0,Bachelor's,0.0,1.0,1.0,2,2,1,0.86,1
528,11,Bachelor's,0.9,0,1,1,0,1,1,0,1,2,1,Data Analyst,3,1,1,0,0,1,0,1,Master's,50.0,0.3,0.3,2,3,0,0.58,1
489,25,Master's,1.2,0,0,1,0,0,1,0,0,3,0,Data Science,3,1,1,0,0,0,1,0,Bachelor's,33.33,0.39999999999999997,0.4,3,2,1,0.42,0
144,45,Bachelor's,2.1,1,1,1,1,1,1,0,1,0,0,Business Intelligence,1,0,0,0,0,0,1,0,Bachelor's,100.0,2.1,1.0,2,2,1,0.0,1
554,51,Bachelor's,5.4,0,1,1,0,0,1,0,3,3,0,Machine Learning,5,0,1,1,0,1,0,0,Master's,66.67,1.08,1.0,2,3,0,0.42,0
515,43,Diploma,0.5,0,1,0,0,0,0,0,3,4,0,AI Engineer,3,1,0,0,0,0,0,0,Bachelor's,0.0,0.16666666666666666,0.17,1,2,0,0.56,0
919,66,Master's,1.2,1,1,1,0,0,1,0,3,4,1,Business Intelligence,1,0,1,1,1,0,1,0,Bachelor's,75.0,1.2,1.0,3,2,1,0.86,1
377,47,Master's,1.5,1,1,0,0,1,1,0,0,3,1,Data Analyst,0,1,0,0,0,0,0,1,Master's,50.0,1.0,1.0,3,3,1,0.72,1
668,24,Bachelor's,6.7,0,0,1,1,1,0,0,1,4,0,Machine Learning,2,1,1,0,1,0,1,0,Master's,25.0,3.35,1.0,2,3,0,0.56,0
494,77,Bachelor's,0.2,1,1,1,0,0,1,1,1,1,0,Data Analyst,0,0,1,0,0,0,0,1,Bachelor's,100.0,1.0,1.0,2,2,1,0.14,1
685,37,Master's,0.4,1,1,1,0,0,1,0,4,5,1,Data Analyst,0,1,0,0,0,0,0,0,Bachelor's,100.0,1.0,1.0,3,2,1,1.0,1
484,56,Bachelor's,0.0,1,1,0,0,0,1,1,4,5,0,Machine Learning,2,0,1,1,1,1,1,1,Diploma,50.0,0.0,0.0,2,1,1,0.7,0
452,94,Bachelor's,2.4,0,1,0,0,1,1,0,2,2,0,Business Intelligence,1,0,1,0,1,0,0,1,Diploma,33.33,2.4,1.0,2,1,1,0.28,0
998,75,Bachelor's,0.2,1,0,0,1,1,1,1,2,6,0,AI Engineer,2,0,1,1,0,1,1,0,Master's,50.0,0.1,0.1,2,3,0,0.7,0
536,87,Master's,0.3,0,0,0,0,0,0,0,1,4,1,AI Engineer,1,1,0,0,0,0,0,0,Bachelor's,0.0,0.3,0.3,3,2,1,0.86,0
787,46,Bachelor's,2.5,0,1,1,0,1,1,0,2,8,1,Data Analyst,1,1,1,1,0,0,1,0,Bachelor's,75.0,2.5,1.0,2,2,1,1.0,1
75,28,Master's,11.0,0,1,1,1,0,1,1,0,6,0,Data Science,1,0,1,0,1,1,0,0,Bachelor's,66.67,11.0,1.0,3,2,1,0.7,1
40,93,Bachelor's,0.9,1,1,0,1,1,0,1,2,5,1,Data Science,1,0,1,1,0,1,1,0,Bachelor's,50.0,0.9,0.9,2,2,1,1.0,1
302,52,Bachelor's,6.9,0,1,1,0,0,1,0,3,1,0,Business Intelligence,1,1,0,1,0,0,0,0,Bachelor's,50.0,6.9,1.0,2,2,1,0.14,1
552,15,Master's,2.3,1,0,0,0,0,1,0,3,0,0,AI Engineer,0,1,1,1,0,0,1,1,Master's,40.0,1.0,1.0,3,3,1,0.0,1
62,45,Bachelor's,10.4,1,0,0,1,0,1,0,3,4,0,Business Intelligence,1,0,0,0,0,0,1,0,Bachelor's,100.0,10.4,1.0,2,2,1,0.56,1
750,58,Bachelor's,0.4,0,1,1,0,0,0,0,1,3,0,Data Analyst,4,1,1,1,1,0,0,0,Bachelor's,50.0,0.1,0.1,2,2,1,0.42,0
503,67,Bachelor's,0.1,0,1,0,0,0,1,0,3,2,0,Data Science,0,1,1,1,0,1,1,0,Bachelor's,40.0,1.0,1.0,2,2,1,0.28,0
999,73,Master's,0.1,1,1,1,0,0,0,0,4,5,1,AI Engineer,1,0,0,0,0,0,1,0,Master's,0.0,0.1,0.1,3,3,1,1.0,0
245,72,Diploma,3.6,0,1,0,0,1,1,0,0,1,1,Data Science,5,1,0,0,0,0,0,1,Master's,0.0,0.72,0.72,1,3,0,0.44,0
18,97,Bachelor's,2.1,0,0,1,0,0,1,0,0,5,0,Data Analyst,4,0,0,1,0,1,1,0,Bachelor's,66.67,0.525,0.52,2,2,1,0.7,1
652,98,Bachelor's,0.9,1,0,1,0,1,1,0,0,9,0,Machine Learning,2,1,1,0,1,0,0,0,Bachelor's,33.33,0.45,0.45,2,2,1,0.7,1
398,73,Bachelor's,0.7,1,1,0,0,0,0,0,1,2,1,AI Engineer,1,0,0,0,0,0,1,0,Master's,0.0,0.7,0.7,2,3,0,0.58,0
594,81,Bachelor's,0.3,1,1,0,1,1,0,1,5,1,1,Data Science,2,1,1,0,0,0,0,1,Bachelor's,100.0,0.15,0.15,2,2,1,0.44,1
189,41,Bachelor's,0.9,0,1,1,1,0,1,0,1,3,1,Business Intelligence,2,1,0,0,0,0,1,1,Bachelor's,33.33,0.45,0.45,2,2,1,0.72,1
620,65,Master's,3.3,1,0,1,0,1,1,0,3,5,0,Machine Learning,0,1,1,1,0,0,1,0,Master's,75.0,1.0,1.0,3,3,1,0.7,1
746,40,Master's,1.6,0,0,0,0,1,1,0,3,3,1,Data Analyst,2,1,0,0,0,1,0,1,Bachelor's,33.33,0.8,0.8,3,2,1,0.72,1
780,5,Bachelor's,4.6,1,1,0,0,0,1,0,4,4,1,Business Intelligence,4,0,1,0,0,0,1,0,Bachelor's,100.0,1.15,1.0,2,2,1,0.86,1
104,94,Bachelor's,6.6,0,0,0,0,1,0,0,3,0,0,Business Intelligence,1,0,1,0,1,0,0,1,Diploma,0.0,6.6,1.0,2,1,1,0.0,1
923,75,Master's,2.4,0,1,0,0,0,1,0,2,2,1,AI Engineer,2,0,1,1,0,1,1,0,Master's,50.0,1.2,1.0,3,3,1,0.58,1
646,28,Master's,3.5,1,0,1,0,0,0,0,1,5,0,Data Science,1,0,1,0,1,1,0,0,Bachelor's,0.0,3.5,1.0,3,2,1,0.7,0
344,38,Bachelor's,3.2,1,0,1,0,1,1,0,1,3,1,AI Engineer,2,1,1,1,0,0,0,1,Bachelor's,50.0,1.6,1.0,2,2,1,0.72,1
371,81,Bachelor's,8.9,0,0,0,0,0,0,0,1,2,0,Data Science,2,1,1,0,0,0,0,1,Bachelor's,0.0,4.45,1.0,2,2,1,0.28,0
33,87,Diploma,0.7,1,1,0,0,1,1,0,4,2,0,AI Engineer,1,1,0,0,0,0,0,0,Bachelor's,100.0,0.7,0.7,1,2,0,0.28,0
749,18,Master's,3.6,0,0,0,1,1,1,0,0,1,1,Data Analyst,0,1,1,0,0,1,0,0,Diploma,33.33,1.0,1.0,3,1,1,0.44,0
374,37,Bachelor's,1.7,1,1,0,1,1,0,0,6,4,0,Data Analyst,0,1,0,0,0,0,0,0,Bachelor's,100.0,1.0,1.0,2,2,1,0.56,1
848,27,Master's,0.5,1,1,0,0,0,1,0,2,4,1,Data Science,3,0,1,0,0,1,0,0,Master's,50.0,0.16666666666666666,0.17,3,3,1,0.86,0
178,25,Bachelor's,0.3,0,1,1,0,0,0,0,2,2,1,Data Science,3,1,1,0,0,0,1,0,Bachelor's,33.33,0.09999999999999999,0.1,2,2,1,0.58,0
12,69,Master's,11.0,1,0,0,0,1,0,0,3,3,0,Data Science,5,1,0,1,0,0,1,0,Bachelor's,33.33,2.2,1.0,3,2,1,0.42,1
863,83,Bachelor's,0.5,0,0,0,0,1,1,1,0,3,1,Business Intelligence,2,0,1,0,0,0,0,0,Bachelor's,0.0,0.25,0.25,2,2,1,0.72,0
953,27,Bachelor's,2.3,0,1,0,1,0,0,0,1,1,0,Data Science,3,0,1,0,0,1,0,0,Master's,50.0,0.7666666666666666,0.77,2,3,0,0.14,0
821,54,Master's,0.6,0,0,0,1,0,1,0,3,4,1,Data Analyst,3,1,0,0,0,1,1,0,Bachelor's,33.33,0.19999999999999998,0.2,3,2,1,0.86,0
781,7,Bachelor's,0.1,1,0,0,0,0,1,0,4,2,1,AI Engineer,2,1,0,0,0,1,0,0,Bachelor's,50.0,0.05,0.05,2,2,1,0.58,0
890,90,Bachelor's,12.0,0,0,1,0,0,1,0,1,1,0,Data Science,0,1,1,0,1,0,1,1,Bachelor's,20.0,1.0,1.0,2,2,1,0.14,1
456,78,Bachelor's,6.7,1,0,0,0,0,0,0,4,4,1,Business Intelligence,5,1,0,0,0,1,1,0,Master's,33.33,1.34,1.0,2,3,0,0.86,0
870,27,Master's,3.2,1,0,1,0,1,1,0,1,5,0,Data Science,3,0,1,0,0,1,0,0,Master's,50.0,1.0666666666666667,1.0,3,3,1,0.7,1
643,59,Bachelor's,1.8,0,0,1,0,0,1,0,4,2,0,Data Science,2,0,1,0,0,0,0,0,Master's,0.0,0.9,0.9,2,3,0,0.28,0
249,72,Master's,6.3,0,1,0,0,1,1,1,2,4,0,Data Science,5,1,0,0,0,0,0,1,Master's,50.0,1.26,1.0,3,3,1,0.56,0
448,31,Master's,4.6,1,1,1,0,0,1,1,3,3,1,AI Engineer,1,1,0,1,1,0,0,0,Master's,66.67,4.6,1.0,3,3,1,0.72,1
980,99,Bachelor's,4.6,0,0,0,0,0,0,0,3,1,0,AI Engineer,2,1,1,0,1,0,0,0,Diploma,0.0,2.3,1.0,2,1,1,0.14,1
570,91,Bachelor's,1.5,0,1,1,1,0,1,0,2,3,1,AI Engineer,5,0,1,0,1,1,1,1,Diploma,60.0,0.3,0.3,2,1,1,0.72,1
4,68,Bachelor's,3.3,1,1,0,0,0,0,1,1,3,1,Data Science,4,1,0,0,0,0,1,0,Bachelor's,50.0,0.825,0.82,2,2,1,0.72,1
236,4,Master's,1.1,0,0,0,0,1,1,0,1,3,1,Data Analyst,2,0,1,0,0,0,1,1,Bachelor's,33.33,0.55,0.55,3,2,1,0.72,0
173,18,Bachelor's,2.5,1,0,0,0,0,1,0,3,1,1,Data Analyst,0,1,1,0,0,1,0,0,Diploma,33.33,1.0,1.0,2,1,1,0.44,1
322,63,Master's,0.4,0,0,1,0,0,1,0,1,2,1,Business Intelligence,5,1,1,0,0,0,0,0,Diploma,0.0,0.08,0.08,3,1,1,0.58,0
371,87,Bachelor's,8.9,0,0,0,0,0,0,0,1,2,0,AI Engineer,1,1,0,0,0,0,0,0,Bachelor's,0.0,8.9,1.0,2,2,1,0.28,0
548,96,Bachelor's,2.0,1,0,0,0,0,1,0,3,1,0,Business Intelligence,2,1,1,0,1,0,0,0,Master's,33.33,1.0,1.0,2,3,0,0.14,0
791,76,Bachelor's,0.4,0,0,0,0,1,1,1,2,2,0,Data Science,0,1,0,0,0,0,1,0,Master's,50.0,1.0,1.0,2,3,0,0.28,1
749,52,Master's,3.6,0,0,0,1,1,1,0,0,1,1,Business Intelligence,1,1,0,1,0,0,0,0,Bachelor's,0.0,3.6,1.0,3,2,1,0.44,1
787,84,Bachelor's,2.5,0,1,1,0,1,1,0,2,8,1,AI Engineer,1,1,0,1,1,1,0,0,Bachelor's,50.0,2.5,1.0,2,2,1,1.0,1
296,63,Bachelor's,0.6,1,0,0,0,1,0,1,3,7,1,Business Intelligence,5,1,1,0,0,0,0,0,Diploma,50.0,0.12,0.12,2,1,1,1.0,1
840,45,Bachelor's,0.6,1,1,0,0,1,0,0,5,1,0,Business Intelligence,1,0,0,0,0,0,1,0,Bachelor's,0.0,0.6,0.6,2,2,1,0.14,0
400,12,Master's,3.1,0,1,0,1,1,1,1,1,1,0,Machine Learning,3,1,1,0,0,1,1,0,Bachelor's,75.0,1.0333333333333334,1.0,3,2,1,0.14,1
58,8,Bachelor's,1.3,1,0,0,0,0,1,0,2,6,0,AI Engineer,2,1,0,0,0,0,1,0,Master's,100.0,0.65,0.65,2,3,0,0.7,1
875,22,Diploma,3.3,0,0,0,0,1,1,1,5,7,0,Data Analyst,2,1,1,0,0,0,1,0,Master's,33.33,1.65,1.0,1,3,0,0.7,0
530,91,Master's,1.9,0,0,0,0,1,1,0,2,4,0,AI Engineer,5,0,1,0,1,1,1,1,Diploma,40.0,0.38,0.38,3,1,1,0.56,0
548,41,Bachelor's,2.0,1,0,0,0,0,1,0,3,1,0,Business Intelligence,2,1,0,0,0,0,1,1,Bachelor's,66.67,1.0,1.0,2,2,1,0.14,1
408,41,Diploma,4.1,1,1,0,0,0,0,0,3,0,1,Business Intelligence,2,1,0,0,0,0,1,1,Bachelor's,33.33,2.05,1.0,1,2,0,0.3,0
641,81,Diploma,1.9,1,0,1,0,1,1,1,3,3,0,Data Science,2,1,1,0,0,0,0,1,Bachelor's,66.67,0.95,0.95,1,2,0,0.42,1
513,57,Master's,7.8,1,1,0,1,1,1,0,2,2,1,Business Intelligence,3,0,1,0,1,0,0,0,Bachelor's,100.0,2.6,1.0,3,2,1,0.58,1
64,32,Bachelor's,1.4,1,1,0,0,0,0,0,5,4,1,AI Engineer,1,0,0,0,0,1,1,0,Diploma,0.0,1.4,1.0,2,1,1,0.86,1
574,97,Bachelor's,5.0,1,1,1,0,1,0,0,1,3,0,Data Analyst,4,0,0,1,0,1,1,0,Bachelor's,66.67,1.25,1.0,2,2,1,0.42,1
878,95,Bachelor's,1.8,1,1,1,0,0,1,0,2,1,0,AI Engineer,3,1,1,1,0,1,1,0,Bachelor's,80.0,0.6,0.6,2,2,1,0.14,1
420,55,Master's,6.8,1,0,0,0,0,0,0,5,0,1,Machine Learning,2,0,0,0,0,1,1,1,Bachelor's,0.0,3.4,1.0,3,2,1,0.3,0
843,6,Bachelor's,1.4,0,0,0,0,0,1,0,3,2,1,Data Science,2,0,0,0,0,1,0,0,Diploma,0.0,0.7,0.7,2,1,1,0.58,0
146,39,Diploma,5.3,0,0,0,1,0,0,0,2,4,0,Data Science,0,1,0,0,1,0,1,1,Master's,25.0,1.0,1.0,1,3,0,0.56,0
272,9,Master's,4.9,1,0,1,0,1,0,0,2,5,1,Data Analyst,0,1,1,0,0,0,0,0,Master's,50.0,1.0,1.0,3,3,1,1.0,1
17,32,Bachelor's,0.5,1,1,1,0,0,1,0,2,4,0,AI Engineer,1,0,0,0,0,1,1,0,Diploma,50.0,0.5,0.5,2,1,1,0.56,1
792,36,Bachelor's,3.3,0,0,1,0,0,1,0,0,0,0,Business Intelligence,0,0,1,1,0,1,1,0,Master's,50.0,1.0,1.0,2,3,0,0.0,1
98,16,Bachelor's,0.5,0,0,0,0,1,1,0,3,3,1,AI Engineer,2,1,1,0,1,1,1,0,Master's,40.0,0.25,0.25,2,3,0,0.72,0
452,12,Bachelor's,2.4,0,1,0,0,1,1,0,2,2,0,Machine Learning,3,1,1,0,0,1,1,0,Bachelor's,75.0,0.7999999999999999,0.8,2,2,1,0.28,1
739,41,Bachelor's,1.1,0,1,0,0,0,0,0,2,3,1,Business Intelligence,2,1,0,0,0,0,1,1,Bachelor's,0.0,0.55,0.55,2,2,1,0.72,0
975,67,Diploma,0.9,1,0,0,0,0,1,0,2,2,1,Data Science,0,1,1,1,0,1,1,0,Bachelor's,40.0,1.0,1.0,1,2,0,0.58,1
898,58,Master's,0.5,1,1,0,0,0,1,0,2,1,1,Data Analyst,4,1,1,1,1,0,0,0,Bachelor's,50.0,0.125,0.12,3,2,1,0.44,1
243,91,Master's,3.7,0,1,1,0,0,1,0,1,1,1,AI Engineer,5,0,1,0,1,1,1,1,Diploma,40.0,0.74,0.74,3,1,1,0.44,0
479,91,Master's,4.0,1,0,0,1,0,0,0,7,1,1,AI Engineer,5,0,1,0,1,1,1,1,Diploma,20.0,0.8,0.8,3,1,1,0.44,1
201,9,Bachelor's,3.5,0,1,1,0,1,1,0,1,3,1,Data Analyst,0,1,1,0,0,0,0,0,Master's,50.0,1.0,1.0,2,3,0,0.72,0
906,17,Master's,0.6,1,0,0,0,0,0,0,0,2,1,AI Engineer,4,1,0,1,0,1,0,0,Bachelor's,33.33,0.15,0.15,3,2,1,0.58,0
949,5,Master's,1.0,1,0,1,0,1,0,0,5,3,1,Business Intelligence,4,0,1,0,0,0,1,0,Bachelor's,0.0,0.25,0.25,3,2,1,0.72,0
473,26,Diploma,5.3,0,1,0,0,0,0,0,1,4,0,Machine Learning,2,1,0,0,0,1,1,1,Bachelor's,0.0,2.65,1.0,1,2,0,0.56,0
179,85,Master's,3.6,0,1,0,0,0,1,0,5,6,0,Data Science,1,1,0,0,0,0,0,0,Master's,0.0,3.6,1.0,3,3,1,0.7,0
508,1,Master's,1.9,1,0,0,0,1,1,0,2,1,0,Data Science,4,1,0,0,1,0,1,0,Bachelor's,66.67,0.475,0.48,3,2,1,0.14,1
453,1,Bachelor's,5.1,0,1,1,0,0,1,0,5,2,0,Data Science,4,1,0,0,1,0,1,0,Bachelor's,33.33,1.275,1.0,2,2,1,0.28,1
270,35,Bachelor's,0.9,1,1,1,0,0,1,0,0,2,1,Data Science,0,0,0,0,0,0,1,0,Master's,100.0,1.0,1.0,2,3,0,0.58,1
234,9,Bachelor's,0.1,0,0,1,0,0,1,0,2,0,0,Data Analyst,0,1,1,0,0,0,0,0,Master's,0.0,1.0,1.0,2,3,0,0.0,0
624,87,Bachelor's,7.9,0,1,1,1,0,0,1,3,0,0,AI Engineer,1,1,0,0,0,0,0,0,Bachelor's,0.0,7.9,1.0,2,2,1,0.0,0
486,38,Master's,1.1,0,1,1,1,0,0,0,0,1,0,AI Engineer,2,1,1,1,0,0,0,1,Bachelor's,50.0,0.55,0.55,3,2,1,0.14,0
1000,4,Bachelor's,0.8,0,0,0,0,0,1,1,0,4,1,Data Analyst,2,0,1,0,0,0,1,1,Bachelor's,66.67,0.4,0.4,2,2,1,0.86,1
578,52,Master's,2.6,0,0,0,1,0,0,0,3,1,1,Business Intelligence,1,1,0,1,0,0,0,0,Bachelor's,0.0,2.6,1.0,3,2,1,0.44,0
338,19,Master's,2.9,1,1,1,0,0,1,0,0,1,0,Business Intelligence,5,1,0,0,0,0,0,1,Bachelor's,50.0,0.58,0.58,3,2,1,0.14,1
861,5,Master's,3.7,0,1,0,0,0,1,0,1,3,1,Business Intelligence,4,0,1,0,0,0,1,0,Bachelor's,100.0,0.925,0.92,3,2,1,0.72,1
949,92,Master's,1.0,1,0,1,0,1,0,0,5,3,1,Machine Learning,3,0,1,0,0,0,1,0,Bachelor's,0.0,0.3333333333333333,0.33,3,2,1,0.72,1
757,48,Bachelor's,8.0,1,0,0,0,1,1,0,0,1,1,AI Engineer,1,1,1,1,0,1,0,0,Bachelor's,50.0,8.0,1.0,2,2,1,0.44,1
757,87,Bachelor's,8.0,1,0,0,0,1,1,0,0,1,1,AI Engineer,1,1,0,0,0,0,0,0,Bachelor's,100.0,8.0,1.0,2,2,1,0.44,1
980,63,Bachelor's,4.6,0,0,0,0,0,0,0,3,1,0,Business Intelligence,5,1,1,0,0,0,0,0,Diploma,0.0,0.9199999999999999,0.92,2,1,1,0.14,1
448,38,Master's,4.6,1,1,1,0,0,1,1,3,3,1,AI Engineer,2,1,1,1,0,0,0,1,Bachelor's,100.0,2.3,1.0,3,2,1,0.72,1
584,52,Bachelor's,1.7,1,1,1,0,0,1,0,1,5,1,Business Intelligence,1,1,0,1,0,0,0,0,Bachelor's,100.0,1.7,1.0,2,2,1,1.0,1
357,87,Diploma,5.8,0,1,0,0,0,0,0,0,3,0,AI Engineer,1,1,0,0,0,0,0,0,Bachelor's,0.0,5.8,1.0,1,2,0,0.42,0
49,46,Bachelor's,5.1,1,0,1,0,1,1,1,2,3,1,Data Analyst,1,1,1,1,0,0,1,0,Bachelor's,75.0,5.1,1.0,2,2,1,0.72,1
496,82,Bachelor's,2.8,1,0,0,0,0,1,1,0,0,1,Data Analyst,3,1,1,1,0,0,0,1,Bachelor's,50.0,0.9333333333333332,0.93,2,2,1,0.3,1
346,93,Bachelor's,1.4,0,1,0,0,0,1,0,2,2,1,Data Science,1,0,1,1,0,1,1,0,Bachelor's,50.0,1.4,1.0,2,2,1,0.58,1
702,92,Diploma,1.4,0,1,0,0,1,0,1,2,3,0,Machine Learning,3,0,1,0,0,0,1,0,Bachelor's,50.0,0.4666666666666666,0.47,1,2,0,0.42,0
293,9,Master's,2.1,1,0,0,0,1,1,0,3,4,1,Data Analyst,0,1,1,0,0,0,0,0,Master's,50.0,1.0,1.0,3,3,1,0.86,1
689,50,Master's,2.3,1,0,0,0,0,1,0,2,2,0,AI Engineer,1,1,0,0,0,1,1,0,Master's,66.67,2.3,1.0,3,3,1,0.28,1
964,74,Bachelor's,1.2,0,1,1,1,0,1,0,1,4,1,Data Science,1,1,1,1,0,0,1,0,Bachelor's,75.0,1.2,1.0,2,2,1,0.86,1
673,66,Diploma,5.1,0,1,1,0,0,0,0,2,2,1,Business Intelligence,1,0,1,1,1,0,1,0,Bachelor's,50.0,5.1,1.0,1,2,0,0.58,0
150,77,Bachelor's,5.0,0,0,1,0,1,0,0,6,5,0,Data Analyst,0,0,1,0,0,0,0,1,Bachelor's,0.0,1.0,1.0,2,2,1,0.7,1
582,38,Master's,1.2,0,1,0,0,1,1,0,3,2,0,AI Engineer,2,1,1,1,0,0,0,1,Bachelor's,25.0,0.6,0.6,3,2,1,0.28,0
545,27,Bachelor's,8.2,1,1,0,0,0,1,0,2,1,0,Data Science,3,0,1,0,0,1,0,0,Master's,50.0,2.733333333333333,1.0,2,3,0,0.14,0
796,20,Master's,0.2,0,1,0,1,0,1,0,4,1,1,Data Analyst,2,1,1,0,0,1,0,0,Bachelor's,33.33,0.1,0.1,3,2,1,0.44,0
856,62,Bachelor's,0.7,1,0,0,1,0,1,0,5,2,1,Machine Learning,1,1,1,1,0,0,0,1,Diploma,25.0,0.7,0.7,2,1,1,0.58,1
260,74,Diploma,2.2,1,1,0,1,0,1,0,4,7,0,Data Science,1,1,1,1,0,0,1,0,Bachelor's,75.0,2.2,1.0,1,2,0,0.7,1
322,16,Master's,0.4,0,0,1,0,0,1,0,1,2,1,AI Engineer,2,1,1,0,1,1,1,0,Master's,20.0,0.2,0.2,3,3,1,0.58,0
77,79,Master's,1.2,1,1,0,0,0,1,0,5,3,0,Data Science,3,1,1,0,0,0,1,0,Bachelor's,100.0,0.39999999999999997,0.4,3,2,1,0.42,1
817,20,Bachelor's,0.9,1,0,1,0,0,1,0,3,5,0,Data Analyst,2,1,1,0,0,1,0,0,Bachelor's,33.33,0.45,0.45,2,2,1,0.7,0
896,24,Bachelor's,3.3,0,1,0,0,1,0,0,0,0,0,Machine Learning,2,1,1,0,1,0,1,0,Master's,25.0,1.65,1.0,2,3,0,0.0,0
651,50,Diploma,0.1,1,1,0,0,0,1,0,1,2,1,AI Engineer,1,1,0,0,0,1,1,0,Master's,66.67,0.1,0.1,1,3,0,0.58,0
547,7,Bachelor's,4.1,1,0,0,0,0,0,1,1,4,1,AI Engineer,2,1,0,0,0,1,0,0,Bachelor's,50.0,2.05,1.0,2,2,1,0.86,1
423,87,Diploma,0.1,0,1,0,1,0,1,0,1,5,1,AI Engineer,1,1,0,0,0,0,0,0,Bachelor's,0.0,0.1,0.1,1,2,0,1.0,0
394,88,Master's,1.8,1,0,0,0,0,1,0,1,3,0,Data Analyst,0,1,1,1,0,0,1,1,Diploma,40.0,1.0,1.0,3,1,1,0.42,1
235,29,Bachelor's,2.6,0,0,0,0,0,1,0,2,2,0,AI Engineer,0,1,1,1,1,0,1,0,Bachelor's,20.0,1.0,1.0,2,2,1,0.28,1
330,5,Bachelor's,1.7,1,1,1,0,0,1,0,1,1,1,Business Intelligence,4,0,1,0,0,0,1,0,Bachelor's,100.0,0.425,0.42,2,2,1,0.44,1
712,35,Bachelor's,0.2,1,1,0,1,0,1,0,2,6,0,Data Science,0,0,0,0,0,0,1,0,Master's,100.0,1.0,1.0,2,3,0,0.7,1
325,65,Master's,9.3,0,1,1,0,0,1,0,1,4,0,Machine Learning,0,1,1,1,0,0,1,0,Master's,75.0,1.0,1.0,3,3,1,0.56,1
151,100,Master's,3.1,1,1,0,0,0,0,0,2,2,0,Data Science,5,0,0,0,0,1,0,0,Bachelor's,0.0,0.62,0.62,3,2,1,0.28,0
546,82,Bachelor's,1.7,1,0,1,0,0,1,0,2,4,1,Data Analyst,3,1,1,1,0,0,0,1,Bachelor's,50.0,0.5666666666666667,0.57,2,2,1,0.86,1
636,70,Bachelor's,0.7,0,0,1,0,0,1,1,0,4,1,AI Engineer,1,1,0,1,0,0,1,0,Bachelor's,66.67,0.7,0.7,2,2,1,0.86,1
879,87,Diploma,0.9,0,1,0,0,1,0,0,1,2,0,AI Engineer,1,1,0,0,0,0,0,0,Bachelor's,0.0,0.9,0.9,1,2,0,0.28,0
32,74,Bachelor's,2.3,0,0,0,0,0,1,0,2,1,1,Data Science,1,1,1,1,0,0,1,0,Bachelor's,25.0,2.3,1.0,2,2,1,0.44,1
272,7,Master's,4.9,1,0,1,0,1,0,0,2,5,1,AI Engineer,2,1,0,0,0,1,0,0,Bachelor's,100.0,2.45,1.0,3,2,1,1.0,1
836,44,Bachelor's,2.7,0,0,0,0,0,1,0,4,4,0,Business Intelligence,1,1,1,0,0,1,0,0,Bachelor's,0.0,2.7,1.0,2,2,1,0.56,0
822,72,Diploma,0.3,1,0,0,0,0,1,1,3,7,1,Data Science,5,1,0,0,0,0,0,1,Master's,100.0,0.06,0.06,1,3,0,1.0,0
636,13,Bachelor's,0.7,0,0,1,0,0,1,1,0,4,1,Data Analyst,3,0,1,1,1,0,1,1,Bachelor's,60.0,0.2333333333333333,0.23,2,2,1,0.86,1
924,94,Master's,1.1,1,0,1,0,0,1,1,0,0,0,Business Intelligence,1,0,1,0,1,0,0,1,Diploma,33.33,1.1,1.0,3,1,1,0.0,0
368,82,Master's,6.0,0,0,0,0,0,1,0,1,0,1,Data Analyst,3,1,1,1,0,0,0,1,Bachelor's,0.0,2.0,1.0,3,2,1,0.3,0
492,78,Bachelor's,1.2,1,1,1,1,0,1,0,0,5,1,Business Intelligence,5,1,0,0,0,1,1,0,Master's,66.67,0.24,0.24,2,3,0,1.0,0
316,75,Bachelor's,2.6,1,1,0,0,1,0,0,3,4,1,AI Engineer,2,0,1,1,0,1,1,0,Master's,50.0,1.3,1.0,2,3,0,0.86,0
590,38,Bachelor's,3.2,0,0,1,0,1,1,0,2,2,0,AI Engineer,2,1,1,1,0,0,0,1,Bachelor's,25.0,1.6,1.0,2,2,1,0.28,1
588,13,Bachelor's,1.3,0,1,0,0,0,0,0,2,5,1,Data Analyst,3,0,1,1,1,0,1,1,Bachelor's,20.0,0.43333333333333335,0.43,2,2,1,1.0,1
572,54,Master's,0.5,0,1,1,0,0,1,0,0,4,1,Data Analyst,3,1,0,0,0,1,1,0,Bachelor's,33.33,0.16666666666666666,0.17,3,2,1,0.86,0
597,44,Bachelor's,0.8,1,0,1,0,0,1,0,2,3,0,Business Intelligence,1,1,1,0,0,1,0,0,Bachelor's,33.33,0.8,0.8,2,2,1,0.42,0
368,97,Master's,6.0,0,0,0,0,0,1,0,1,0,1,Data Analyst,4,0,0,1,0,1,1,0,Bachelor's,33.33,1.5,1.0,3,2,1,0.3,0
80,13,Bachelor's,7.5,0,1,0,0,0,0,0,2,3,0,Data Analyst,3,0,1,1,1,0,1,1,Bachelor's,20.0,2.5,1.0,2,2,1,0.42,0
886,25,Bachelor's,1.5,0,1,1,0,1,0,0,3,3,1,Data Science,3,1,1,0,0,0,1,0,Bachelor's,33.33,0.5,0.5,2,2,1,0.72,1
172,24,Diploma,9.9,1,0,1,0,0,0,1,3,2,1,Machine Learning,2,1,1,0,1,0,1,0,Master's,25.0,4.95,1.0,1,3,0,0.58,0
258,29,Bachelor's,1.7,1,0,0,0,0,1,1,3,5,1,AI Engineer,0,1,1,1,1,0,1,0,Bachelor's,40.0,1.0,1.0,2,2,1,1.0,1
279,100,Master's,0.4,0,0,0,1,1,0,0,3,3,1,Data Science,5,0,0,0,0,1,0,0,Bachelor's,100.0,0.08,0.08,3,2,1,0.72,1
504,70,Master's,1.0,0,0,0,0,0,1,1,5,1,0,AI Engineer,1,1,0,1,0,0,1,0,Bachelor's,33.33,1.0,1.0,3,2,1,0.14,1
733,18,Bachelor's,1.9,1,0,1,0,1,1,0,1,6,1,Data Analyst,0,1,1,0,0,1,0,0,Diploma,66.67,1.0,1.0,2,1,1,1.0,1
558,92,Diploma,1.3,1,0,1,0,0,1,0,0,0,0,Machine Learning,3,0,1,0,0,0,1,0,Bachelor's,50.0,0.43333333333333335,0.43,1,2,0,0.0,0
491,5,Bachelor's,0.7,1,0,0,0,0,1,1,3,6,0,Business Intelligence,4,0,1,0,0,0,1,0,Bachelor's,50.0,0.175,0.18,2,2,1,0.7,1
585,18,Bachelor's,11.0,0,0,1,0,0,1,0,3,1,0,Data Analyst,0,1,1,0,0,1,0,0,Diploma,0.0,1.0,1.0,2,1,1,0.14,1
566,63,Bachelor's,1.4,1,1,1,0,0,0,0,4,4,0,Business Intelligence,5,1,1,0,0,0,0,0,Diploma,100.0,0.27999999999999997,0.28,2,1,1,0.56,1
839,37,Bachelor's,6.6,0,1,0,0,0,1,1,4,3,0,Data Analyst,0,1,0,0,0,0,0,0,Bachelor's,0.0,1.0,1.0,2,2,1,0.42,0
733,71,Bachelor's,1.9,1,0,1,0,1,1,0,1,6,1,Data Analyst,2,1,1,0,0,0,0,1,Diploma,33.33,0.95,0.95,2,1,1,1.0,1
893,55,Master's,4.0,0,1,0,0,1,0,1,2,5,1,Machine Learning,2,0,0,0,0,1,1,1,Bachelor's,66.67,2.0,1.0,3,2,1,1.0,1
337,73,Master's,0.6,1,1,0,0,0,1,1,1,4,0,AI Engineer,1,0,0,0,0,0,1,0,Master's,100.0,0.6,0.6,3,3,1,0.56,1
521,99,Bachelor's,0.2,0,0,1,1,0,1,0,4,3,1,AI Engineer,2,1,1,0,1,0,0,0,Diploma,33.33,0.1,0.1,2,1,1,0.72,1
326,12,Master's,1.0,0,1,1,0,0,1,1,0,5,0,Machine Learning,3,1,1,0,0,1,1,0,Bachelor's,50.0,0.3333333333333333,0.33,3,2,1,0.7,1
172,52,Diploma,9.9,1,0,1,0,0,0,1,3,2,1,Business Intelligence,1,1,0,1,0,0,0,0,Bachelor's,100.0,9.9,1.0,1,2,0,0.58,1
84,57,Diploma,5.3,0,1,1,0,0,1,0,3,3,1,Business Intelligence,3,0,1,0,1,0,0,0,Bachelor's,50.0,1.7666666666666666,1.0,1,2,0,0.72,1
842,46,Bachelor's,1.4,0,0,1,0,0,1,1,2,2,0,Data Analyst,1,1,1,1,0,0,1,0,Bachelor's,50.0,1.4,1.0,2,2,1,0.28,1
841,44,Diploma,1.2,1,1,1,0,1,1,0,1,1,1,Business Intelligence,1,1,1,0,0,1,0,0,Bachelor's,100.0,1.2,1.0,1,2,0,0.44,1
524,24,Master's,0.3,1,0,0,0,0,0,0,3,7,0,Machine Learning,2,1,1,0,1,0,1,0,Master's,25.0,0.15,0.15,3,3,1,0.7,0
481,9,Bachelor's,4.3,1,0,0,1,0,1,0,4,2,0,Data Analyst,0,1,1,0,0,0,0,0,Master's,50.0,1.0,1.0,2,3,0,0.28,0
544,12,Bachelor's,0.7,0,0,0,1,0,0,0,0,6,0,Machine Learning,3,1,1,0,0,1,1,0,Bachelor's,0.0,0.2333333333333333,0.23,2,2,1,0.7,0
418,100,Bachelor's,0.3,1,1,0,0,1,1,0,2,4,0,Data Science,5,0,0,0,0,1,0,0,Bachelor's,100.0,0.06,0.06,2,2,1,0.56,1
339,9,Bachelor's,0.2,1,1,0,1,0,0,0,1,4,1,Data Analyst,0,1,1,0,0,0,0,0,Master's,100.0,1.0,1.0,2,3,0,0.86,1
801,22,Master's,7.8,0,0,0,0,0,1,0,4,4,1,Data Analyst,2,1,1,0,0,0,1,0,Master's,33.33,3.9,1.0,3,3,1,0.86,1
320,17,Bachelor's,0.2,1,1,0,0,0,0,0,0,5,0,AI Engineer,4,1,0,1,0,1,0,0,Bachelor's,33.33,0.05,0.05,2,2,1,0.7,1
304,33,Bachelor's,1.9,1,0,0,1,1,0,0,1,5,1,AI Engineer,3,0,1,0,0,0,0,0,Bachelor's,0.0,0.6333333333333333,0.63,2,2,1,1.0,0
272,47,Master's,4.9,1,0,1,0,1,0,0,2,5,1,Data Analyst,0,1,0,0,0,0,0,1,Master's,50.0,1.0,1.0,3,3,1,1.0,1
690,88,Bachelor's,3.6,1,0,1,0,0,0,0,2,2,0,Data Analyst,0,1,1,1,0,0,1,1,Diploma,40.0,1.0,1.0,2,1,1,0.28,1
114,15,Master's,1.9,0,0,0,0,0,1,0,4,3,0,AI Engineer,0,1,1,1,0,0,1,1,Master's,20.0,1.0,1.0,3,3,1,0.42,0
407,93,Bachelor's,4.6,1,1,1,1,0,0,0,0,1,0,Data Science,1,0,1,1,0,1,1,0,Bachelor's,50.0,4.6,1.0,2,2,1,0.14,1
26,96,Master's,1.6,1,0,1,0,0,1,0,0,5,0,Business Intelligence,2,1,1,0,1,0,0,0,Master's,33.33,0.8,0.8,3,3,1,0.7,1
237,33,Bachelor's,5.0,0,0,0,0,0,0,0,1,4,0,AI Engineer,3,0,1,0,0,0,0,0,Bachelor's,0.0,1.6666666666666667,1.0,2,2,1,0.56,1
310,93,Bachelor's,4.2,1,0,1,1,1,1,0,0,4,1,Data Science,1,0,1,1,0,1,1,0,Bachelor's,75.0,4.2,1.0,2,2,1,0.86,1
684,15,Bachelor's,4.3,1,0,0,0,0,1,0,4,2,1,AI Engineer,0,1,1,1,0,0,1,1,Master's,40.0,1.0,1.0,2,3,0,0.58,0
233,27,Bachelor's,0.6,0,0,0,0,0,1,0,0,5,0,Data Science,3,0,1,0,0,1,0,0,Master's,0.0,0.19999999999999998,0.2,2,3,0,0.7,0
549,98,Bachelor's,0.1,1,0,1,0,0,0,0,2,2,1,Machine Learning,2,1,1,0,1,0,0,0,Bachelor's,33.33,0.05,0.05,2,2,1,0.58,0
265,61,Master's,0.0,0,1,1,1,1,0,1,0,7,0,Business Intelligence,2,0,0,1,0,0,1,0,Bachelor's,50.0,0.0,0.0,3,2,1,0.7,0
990,68,Master's,3.3,0,1,1,1,0,0,0,2,4,1,Data Science,4,1,0,0,0,0,1,0,Bachelor's,0.0,0.825,0.82,3,2,1,0.86,0
13,82,Master's,7.2,0,0,1,0,1,1,0,3,1,0,Data Analyst,3,1,1,1,0,0,0,1,Bachelor's,25.0,2.4,1.0,3,2,1,0.14,1
496,85,Bachelor's,2.8,1,0,0,0,0,1,1,0,0,1,Data Science,1,1,0,0,0,0,0,0,Master's,100.0,2.8,1.0,2,3,0,0.3,1
316,48,Bachelor's,2.6,1,1,0,0,1,0,0,3,4,1,AI Engineer,1,1,1,1,0,1,0,0,Bachelor's,75.0,2.6,1.0,2,2,1,0.86,1
618,8,Bachelor's,2.7,1,1,1,0,0,0,0,2,2,1,AI Engineer,2,1,0,0,0,0,1,0,Master's,50.0,1.35,1.0,2,3,0,0.58,0
638,6,Bachelor's,0.4,0,0,1,1,0,0,0,2,3,1,Data Science,2,0,0,0,0,1,0,0,Diploma,0.0,0.2,0.2,2,1,1,0.72,0
848,63,Master's,0.5,1,1,0,0,0,1,0,2,4,1,Business Intelligence,5,1,1,0,0,0,0,0,Diploma,100.0,0.1,0.1,3,1,1,0.86,1
384,84,Master's,0.7,1,0,0,0,0,1,1,3,5,0,AI Engineer,1,1,0,1,1,1,0,0,Bachelor's,25.0,0.7,0.7,3,2,1,0.7,1
642,2,Bachelor's,4.6,1,1,0,1,1,1,0,2,4,1,Machine Learning,4,1,1,1,0,0,1,0,Diploma,75.0,1.15,1.0,2,1,1,0.86,1
991,22,Master's,3.6,1,0,1,0,1,0,0,1,2,1,Data Analyst,2,1,1,0,0,0,1,0,Master's,33.33,1.8,1.0,3,3,1,0.58,1
316,21,Bachelor's,2.6,1,1,0,0,1,0,0,3,4,1,Data Science,1,1,1,0,0,0,1,1,Bachelor's,50.0,2.6,1.0,2,2,1,0.86,1
256,6,Bachelor's,1.4,0,0,1,0,0,1,1,3,1,0,Data Science,2,0,0,0,0,1,0,0,Diploma,0.0,0.7,0.7,2,1,1,0.14,0
441,96,Diploma,8.8,0,0,1,0,0,0,0,1,3,0,Business Intelligence,2,1,1,0,1,0,0,0,Master's,0.0,4.4,1.0,1,3,0,0.42,0
115,70,Bachelor's,2.2,0,0,0,0,0,1,0,1,3,1,AI Engineer,1,1,0,1,0,0,1,0,Bachelor's,33.33,2.2,1.0,2,2,1,0.72,1
299,13,Bachelor's,2.5,1,0,0,0,1,1,0,4,0,0,Data Analyst,3,0,1,1,1,0,1,1,Bachelor's,20.0,0.8333333333333334,0.83,2,2,1,0.0,1
915,1,Bachelor's,1.5,1,1,0,0,0,1,0,0,6,1,Data Science,4,1,0,0,1,0,1,0,Bachelor's,66.67,0.375,0.38,2,2,1,1.0,1
124,22,Bachelor's,4.1,1,0,1,0,1,0,0,2,3,1,Data Analyst,2,1,1,0,0,0,1,0,Master's,33.33,2.05,1.0,2,3,0,0.72,1
256,24,Bachelor's,1.4,0,0,1,0,0,1,1,3,1,0,Machine Learning,2,1,1,0,1,0,1,0,Master's,25.0,0.7,0.7,2,3,0,0.14,0
651,64,Diploma,0.1,1,1,0,0,0,1,0,1,2,1,AI Engineer,3,1,0,1,0,0,1,0,Bachelor's,66.67,0.03333333333333333,0.03,1,2,0,0.58,0
718,41,Master's,3.0,0,0,1,0,0,0,0,5,2,1,Business Intelligence,2,1,0,0,0,0,1,1,Bachelor's,0.0,1.5,1.0,3,2,1,0.58,0
47,94,Bachelor's,0.7,1,0,0,0,0,0,0,2,2,0,Business Intelligence,1,0,1,0,1,0,0,1,Diploma,0.0,0.7,0.7,2,1,1,0.28,0
729,22,Bachelor's,4.2,1,0,1,0,1,0,0,3,7,0,Data Analyst,2,1,1,0,0,0,1,0,Master's,33.33,2.1,1.0,2,3,0,0.7,0
831,61,Bachelor's,9.8,1,0,1,1,1,1,0,3,4,0,Business Intelligence,2,0,0,1,0,0,1,0,Bachelor's,100.0,4.9,1.0,2,2,1,0.56,1
903,12,Bachelor's,3.6,1,1,0,0,0,1,0,2,6,0,Machine Learning,3,1,1,0,0,1,1,0,Bachelor's,75.0,1.2,1.0,2,2,1,0.7,1
463,90,Master's,0.3,0,1,1,0,1,0,0,1,3,0,Data Science,0,1,1,0,1,0,1,1,Bachelor's,20.0,1.0,1.0,3,2,1,0.42,1
350,4,Bachelor's,0.1,1,0,0,0,1,0,0,2,0,0,Data Analyst,2,0,1,0,0,0,1,1,Bachelor's,0.0,0.05,0.05,2,2,1,0.0,0
123,83,Bachelor's,5.0,0,0,1,0,0,1,0,4,4,0,Business Intelligence,2,0,1,0,0,0,0,0,Bachelor's,0.0,2.5,1.0,2,2,1,0.56,1
31,80,Bachelor's,0.1,1,0,1,0,0,0,0,2,3,0,Business Intelligence,2,1,1,0,0,1,1,0,Master's,25.0,0.05,0.05,2,3,0,0.42,0
984,12,Diploma,1.6,0,0,1,0,1,1,0,4,5,1,Machine Learning,3,1,1,0,0,1,1,0,Bachelor's,50.0,0.5333333333333333,0.53,1,2,0,1.0,0
55,33,Bachelor's,12.0,0,1,1,0,1,1,1,2,0,0,AI Engineer,3,0,1,0,0,0,0,0,Bachelor's,100.0,4.0,1.0,2,2,1,0.0,1
153,21,Bachelor's,3.0,0,1,1,1,0,0,0,2,1,1,Data Science,1,1,1,0,0,0,1,1,Bachelor's,25.0,3.0,1.0,2,2,1,0.44,0
456,100,Bachelor's,6.7,1,0,0,0,0,0,0,4,4,1,Data Science,5,0,0,0,0,1,0,0,Bachelor's,0.0,1.34,1.0,2,2,1,0.86,0
286,73,Diploma,1.8,1,0,0,0,0,1,1,1,2,0,AI Engineer,1,0,0,0,0,0,1,0,Master's,100.0,1.8,1.0,1,3,0,0.28,0
36,72,Master's,3.0,1,0,1,0,0,0,0,1,1,0,Data Science,5,1,0,0,0,0,0,1,Master's,50.0,0.6,0.6,3,3,1,0.14,1
818,84,Bachelor's,3.7,1,1,1,0,1,0,0,2,4,1,AI Engineer,1,1,0,1,1,1,0,0,Bachelor's,75.0,3.7,1.0,2,2,1,0.86,1
910,74,Bachelor's,0.4,1,0,0,0,0,1,1,2,2,1,Data Science,1,1,1,1,0,0,1,0,Bachelor's,50.0,0.4,0.4,2,2,1,0.58,1
797,96,Master's,3.1,1,1,0,0,1,0,0,2,3,0,Business Intelligence,2,1,1,0,1,0,0,0,Master's,66.67,1.55,1.0,3,3,1,0.42,0
923,92,Master's,2.4,0,1,0,0,0,1,0,2,2,1,Machine Learning,3,0,1,0,0,0,1,0,Bachelor's,100.0,0.7999999999999999,0.8,3,2,1,0.58,1
885,74,Master's,0.4,1,1,0,0,1,1,1,3,5,0,Data Science,1,1,1,1,0,0,1,0,Bachelor's,75.0,0.4,0.4,3,2,1,0.7,1
256,72,Bachelor's,1.4,0,0,1,0,0,1,1,3,1,0,Data Science,5,1,0,0,0,0,0,1,Master's,50.0,0.27999999999999997,0.28,2,3,0,0.14,0
178,52,Bachelor's,0.3,0,1,1,0,0,0,0,2,2,1,Business Intelligence,1,1,0,1,0,0,0,0,Bachelor's,50.0,0.3,0.3,2,2,1,0.58,0
548,47,Bachelor's,2.0,1,0,0,0,0,1,0,3,1,0,Data Analyst,0,1,0,0,0,0,0,1,Master's,50.0,1.0,1.0,2,3,0,0.14,0
254,97,Bachelor's,0.3,0,0,0,0,0,0,0,2,1,0,Data Analyst,4,0,0,1,0,1,1,0,Bachelor's,0.0,0.075,0.08,2,2,1,0.14,0
508,59,Master's,1.9,1,0,0,0,1,1,0,2,1,0,Data Science,2,0,1,0,0,0,0,0,Master's,0.0,0.95,0.95,3,3,1,0.14,0
674,47,Bachelor's,4.1,1,0,0,0,0,1,0,1,2,1,Data Analyst,0,1,0,0,0,0,0,1,Master's,50.0,1.0,1.0,2,3,0,0.58,0
21,56,Bachelor's,3.0,0,0,0,0,0,1,0,4,5,0,Machine Learning,2,0,1,1,1,1,1,1,Diploma,16.67,1.5,1.0,2,1,1,0.7,1
806,13,Master's,3.7,0,1,0,0,1,1,1,2,2,0,Data Analyst,3,0,1,1,1,0,1,1,Bachelor's,60.0,1.2333333333333334,1.0,3,2,1,0.28,1
75,44,Master's,11.0,0,1,1,1,0,1,1,0,6,0,Business Intelligence,1,1,1,0,0,1,0,0,Bachelor's,33.33,11.0,1.0,3,2,1,0.7,0
993,35,Bachelor's,2.4,0,1,0,0,0,1,0,1,2,1,Data Science,0,0,0,0,0,0,1,0,Master's,100.0,1.0,1.0,2,3,0,0.58,1
719,29,Bachelor's,10.3,0,0,0,0,0,1,1,1,3,1,AI Engineer,0,1,1,1,1,0,1,0,Bachelor's,20.0,1.0,1.0,2,2,1,0.72,1
460,56,Bachelor's,2.7,1,1,0,1,0,1,0,6,7,0,Machine Learning,2,0,1,1,1,1,1,1,Diploma,50.0,1.35,1.0,2,1,1,0.7,1
984,5,Diploma,1.6,0,0,1,0,1,1,0,4,5,1,Business Intelligence,4,0,1,0,0,0,1,0,Bachelor's,50.0,0.4,0.4,1,2,0,1.0,0
178,67,Bachelor's,0.3,0,1,1,0,0,0,0,2,2,1,Data Science,0,1,1,1,0,1,1,0,Bachelor's,40.0,1.0,1.0,2,2,1,0.58,1
382,53,Bachelor's,1.2,0,0,0,0,0,1,0,0,3,1,Data Science,4,1,0,0,1,0,0,0,Bachelor's,0.0,0.3,0.3,2,2,1,0.72,0
37,60,Bachelor's,1.0,1,0,1,0,1,1,0,1,3,1,Data Analyst,0,0,1,0,0,0,0,0,Bachelor's,0.0,1.0,1.0,2,2,1,0.72,1
971,6,Bachelor's,0.1,1,1,0,1,0,0,0,0,1,1,Data Science,2,0,0,0,0,1,0,0,Diploma,0.0,0.05,0.05,2,1,1,0.44,0
120,48,Bachelor's,0.3,0,0,1,0,0,1,0,2,2,0,AI Engineer,1,1,1,1,0,1,0,0,Bachelor's,25.0,0.3,0.3,2,2,1,0.28,0
915,80,Bachelor's,1.5,1,1,0,0,0,1,0,0,6,1,Business Intelligence,2,1,1,0,0,1,1,0,Master's,75.0,0.75,0.75,2,3,0,1.0,1
630,35,Bachelor's,1.5,1,1,0,0,0,0,0,2,3,1,Data Science,0,0,0,0,0,0,1,0,Master's,0.0,1.0,1.0,2,3,0,0.72,0
1,18,Bachelor's,0.5,1,1,0,0,0,1,0,4,4,1,Data Analyst,0,1,1,0,0,1,0,0,Diploma,66.67,1.0,1.0,2,1,1,0.86,1
721,11,Master's,0.4,0,0,0,0,1,1,0,2,4,1,Data Analyst,3,1,1,0,0,1,0,1,Master's,25.0,0.13333333333333333,0.13,3,3,1,0.86,0
936,51,Bachelor's,4.1,1,1,0,0,0,1,0,2,3,1,Machine Learning,5,0,1,1,0,1,0,0,Master's,33.33,0.82,0.82,2,3,0,0.72,0
311,23,Bachelor's,0.2,1,1,0,0,0,0,0,2,4,0,AI Engineer,4,1,0,0,0,1,1,0,Bachelor's,33.33,0.05,0.05,2,2,1,0.56,0
208,47,Bachelor's,1.5,0,1,0,0,0,1,0,2,4,0,Data Analyst,0,1,0,0,0,0,0,1,Master's,0.0,1.0,1.0,2,3,0,0.56,0
154,75,Bachelor's,2.8,0,0,0,1,0,0,1,0,4,1,AI Engineer,2,0,1,1,0,1,1,0,Master's,0.0,1.4,1.0,2,3,0,0.86,0
762,59,Bachelor's,4.7,1,1,1,1,0,1,0,0,3,1,Data Science,2,0,1,0,0,0,0,0,Master's,100.0,2.35,1.0,2,3,0,0.72,1
683,57,Bachelor's,2.6,1,1,1,1,1,0,0,3,2,1,Business Intelligence,3,0,1,0,1,0,0,0,Bachelor's,100.0,0.8666666666666667,0.87,2,2,1,0.58,1
315,93,Master's,1.5,0,0,1,0,0,1,0,1,2,1,Data Science,1,0,1,1,0,1,1,0,Bachelor's,50.0,1.5,1.0,3,2,1,0.58,1
307,56,Bachelor's,3.1,1,0,0,0,0,0,0,1,2,0,Machine Learning,2,0,1,1,1,1,1,1,Diploma,0.0,1.55,1.0,2,1,1,0.28,1
504,27,Master's,1.0,0,0,0,0,0,1,1,5,1,0,Data Science,3,0,1,0,0,1,0,0,Master's,0.0,0.3333333333333333,0.33,3,3,1,0.14,0
619,73,Master's,2.0,0,1,0,0,0,0,0,1,5,0,AI Engineer,1,0,0,0,0,0,1,0,Master's,0.0,2.0,1.0,3,3,1,0.7,0
655,35,Bachelor's,0.2,0,0,0,0,0,0,0,4,7,0,Data Science,0,0,0,0,0,0,1,0,Master's,0.0,1.0,1.0,2,3,0,0.7,0
520,55,Bachelor's,6.5,0,0,0,0,0,1,1,4,2,0,Machine Learning,2,0,0,0,0,1,1,1,Bachelor's,66.67,3.25,1.0,2,2,1,0.28,1
606,9,Bachelor's,1.8,1,0,1,0,0,0,0,2,2,0,Data Analyst,0,1,1,0,0,0,0,0,Master's,50.0,1.0,1.0,2,3,0,0.28,0
910,18,Bachelor's,0.4,1,0,0,0,0,1,1,2,2,1,Data Analyst,0,1,1,0,0,1,0,0,Diploma,33.33,1.0,1.0,2,1,1,0.58,1
97,44,Bachelor's,0.6,0,1,0,1,0,0,0,1,3,1,Business Intelligence,1,1,1,0,0,1,0,0,Bachelor's,33.33,0.6,0.6,2,2,1,0.72,1
490,21,Master's,1.5,1,0,0,1,1,0,0,1,2,0,Data Science,1,1,1,0,0,0,1,1,Bachelor's,25.0,1.5,1.0,3,2,1,0.28,1
7,56,Diploma,2.9,1,1,0,1,0,1,0,0,4,1,Machine Learning,2,0,1,1,1,1,1,1,Diploma,50.0,1.45,1.0,1,1,1,0.86,1
786,48,Master's,5.6,1,0,0,1,1,1,0,1,3,0,AI Engineer,1,1,1,1,0,1,0,0,Bachelor's,50.0,5.6,1.0,3,2,1,0.42,1
12,100,Master's,11.0,1,0,0,0,1,0,0,3,3,0,Data Science,5,0,0,0,0,1,0,0,Bachelor's,100.0,2.2,1.0,3,2,1,0.42,1
514,1,Master's,0.0,1,1,0,0,1,1,0,3,2,0,Data Science,4,1,0,0,1,0,1,0,Bachelor's,66.67,0.0,0.0,3,2,1,0.28,0
946,27,Diploma,1.8,1,0,1,0,1,1,1,0,3,0,Data Science,3,0,1,0,0,1,0,0,Master's,50.0,0.6,0.6,1,3,0,0.42,1
349,45,Bachelor's,11.0,0,0,1,0,0,0,0,2,0,0,Business Intelligence,1,0,0,0,0,0,1,0,Bachelor's,0.0,11.0,1.0,2,2,1,0.0,0
917,63,Bachelor's,5.4,0,1,0,1,0,0,0,1,0,0,Business Intelligence,5,1,1,0,0,0,0,0,Diploma,50.0,1.08,1.0,2,1,1,0.0,0
7,58,Diploma,2.9,1,1,0,1,0,1,0,0,4,1,Data Analyst,4,1,1,1,1,0,0,0,Bachelor's,75.0,0.725,0.72,1,2,0,0.86,1
500,40,Master's,5.0,1,1,0,0,1,0,0,3,6,0,Data Analyst,2,1,0,0,0,1,0,1,Bachelor's,66.67,2.5,1.0,3,2,1,0.7,1
475,63,Bachelor's,1.0,1,1,1,0,1,1,1,3,2,0,Business Intelligence,5,1,1,0,0,0,0,0,Diploma,100.0,0.2,0.2,2,1,1,0.28,1
524,38,Master's,0.3,1,0,0,0,0,0,0,3,7,0,AI Engineer,2,1,1,1,0,0,0,1,Bachelor's,25.0,0.15,0.15,3,2,1,0.7,0
852,29,Master's,4.2,1,0,0,1,1,0,0,4,3,1,AI Engineer,0,1,1,1,1,0,1,0,Bachelor's,40.0,1.0,1.0,3,2,1,0.72,1
57,40,Diploma,3.6,1,1,1,0,0,0,0,1,7,1,Data Analyst,2,1,0,0,0,1,0,1,Bachelor's,33.33,1.8,1.0,1,2,0,1.0,1
590,19,Bachelor's,3.2,0,0,1,0,1,1,0,2,2,0,Business Intelligence,5,1,0,0,0,0,0,1,Bachelor's,0.0,0.64,0.64,2,2,1,0.28,0
586,88,Bachelor's,0.4,0,0,1,0,0,0,0,1,1,1,Data Analyst,0,1,1,1,0,0,1,1,Diploma,20.0,1.0,1.0,2,1,1,0.44,1
233,56,Bachelor's,0.6,0,0,0,0,0,1,0,0,5,0,Machine Learning,2,0,1,1,1,1,1,1,Diploma,16.67,0.3,0.3,2,1,1,0.7,1
791,44,Bachelor's,0.4,0,0,0,0,1,1,1,2,2,0,Business Intelligence,1,1,1,0,0,1,0,0,Bachelor's,33.33,0.4,0.4,2,2,1,0.28,1
30,65,Diploma,4.4,0,1,0,0,0,1,1,2,2,1,Machine Learning,0,1,1,1,0,0,1,0,Master's,50.0,1.0,1.0,1,3,0,0.58,0
367,100,Master's,3.1,1,0,0,0,0,1,0,1,2,0,Data Science,5,0,0,0,0,1,0,0,Bachelor's,0.0,0.62,0.62,3,2,1,0.28,1
826,87,Master's,1.9,0,0,0,0,1,0,0,3,2,0,AI Engineer,1,1,0,0,0,0,0,0,Bachelor's,0.0,1.9,1.0,3,2,1,0.28,0
607,13,Bachelor's,0.2,1,1,1,1,0,1,0,1,0,0,Data Analyst,3,0,1,1,1,0,1,1,Bachelor's,80.0,0.06666666666666667,0.07,2,2,1,0.0,1
820,30,Bachelor's,1.2,1,0,0,0,1,1,0,2,1,0,Data Analyst,1,1,1,0,1,1,0,0,Bachelor's,50.0,1.2,1.0,2,2,1,0.14,0
56,49,Master's,1.1,0,1,0,0,0,1,0,0,1,1,Data Science,4,1,1,0,0,0,0,0,Diploma,50.0,0.275,0.28,3,1,1,0.44,0
915,63,Bachelor's,1.5,1,1,0,0,0,1,0,0,6,1,Business Intelligence,5,1,1,0,0,0,0,0,Diploma,100.0,0.3,0.3,2,1,1,1.0,1
147,71,Bachelor's,4.0,1,1,0,0,0,0,0,2,5,0,Data Analyst,2,1,1,0,0,0,0,1,Diploma,66.67,2.0,1.0,2,1,1,0.7,1
364,35,Bachelor's,2.5,1,0,0,0,0,0,0,2,3,1,Data Science,0,0,0,0,0,0,1,0,Master's,0.0,1.0,1.0,2,3,0,0.72,0
253,49,Master's,0.3,0,1,0,0,0,1,0,2,0,0,Data Science,4,1,1,0,0,0,0,0,Diploma,50.0,0.075,0.08,3,1,1,0.0,1
699,40,Bachelor's,8.2,0,1,0,1,1,1,0,1,5,0,Data Analyst,2,1,0,0,0,1,0,1,Bachelor's,33.33,4.1,1.0,2,2,1,0.7,1
940,21,Bachelor's,0.2,1,0,1,0,0,1,0,4,1,1,Data Science,1,1,1,0,0,0,1,1,Bachelor's,50.0,0.2,0.2,2,2,1,0.44,1
745,47,Bachelor's,1.3,0,0,0,0,0,1,0,1,8,1,Data Analyst,0,1,0,0,0,0,0,1,Master's,0.0,1.0,1.0,2,3,0,1.0,0
253,3,Master's,0.3,0,1,0,0,0,1,0,2,0,0,AI Engineer,3,0,1,1,0,0,0,0,Diploma,50.0,0.09999999999999999,0.1,3,1,1,0.0,0
443,30,Bachelor's,2.8,0,0,0,0,1,1,0,4,3,1,Data Analyst,1,1,1,0,1,1,0,0,Bachelor's,25.0,2.8,1.0,2,2,1,0.72,1
736,88,Master's,5.4,0,0,0,0,0,0,1,2,3,1,Data Analyst,0,1,1,1,0,0,1,1,Diploma,20.0,1.0,1.0,3,1,1,0.72,0
516,62,Diploma,0.0,0,1,0,1,0,0,0,1,8,0,Machine Learning,1,1,1,1,0,0,0,1,Diploma,25.0,0.0,0.0,1,1,1,0.7,0
353,37,Bachelor's,1.4,0,1,0,0,0,1,1,1,2,1,Data Analyst,0,1,0,0,0,0,0,0,Bachelor's,0.0,1.0,1.0,2,2,1,0.58,0
624,97,Bachelor's,7.9,0,1,1,1,0,0,1,3,0,0,Data Analyst,4,0,0,1,0,1,1,0,Bachelor's,33.33,1.975,1.0,2,2,1,0.0,1
705,22,Diploma,1.4,0,1,0,1,0,1,0,3,2,1,Data Analyst,2,1,1,0,0,0,1,0,Master's,66.67,0.7,0.7,1,3,0,0.58,0
653,31,Bachelor's,0.8,1,1,0,0,0,1,0,0,1,1,AI Engineer,1,1,0,1,1,0,0,0,Master's,33.33,0.8,0.8,2,3,0,0.44,0
323,46,Bachelor's,5.1,0,1,1,0,0,1,0,4,4,0,Data Analyst,1,1,1,1,0,0,1,0,Bachelor's,75.0,5.1,1.0,2,2,1,0.56,1
140,76,Master's,2.2,0,0,0,1,1,1,0,0,2,0,Data Science,0,1,0,0,0,0,1,0,Master's,50.0,1.0,1.0,3,3,1,0.28,1
861,45,Master's,3.7,0,1,0,0,0,1,0,1,3,1,Business Intelligence,1,0,0,0,0,0,1,0,Bachelor's,100.0,3.7,1.0,3,2,1,0.72,1
951,14,Bachelor's,0.2,0,0,0,0,1,0,0,1,3,1,Data Science,3,1,1,0,0,1,1,0,Bachelor's,25.0,0.06666666666666667,0.07,2,2,1,0.72,0
445,12,Master's,5.1,1,1,0,0,0,1,0,2,10,0,Machine Learning,3,1,1,0,0,1,1,0,Bachelor's,75.0,1.7,1.0,3,2,1,0.7,1
95,63,Master's,0.7,1,0,0,0,0,1,0,5,5,1,Business Intelligence,5,1,1,0,0,0,0,0,Diploma,50.0,0.13999999999999999,0.14,3,1,1,1.0,1
553,91,Bachelor's,4.3,0,1,0,1,0,0,0,3,1,1,AI Engineer,5,0,1,0,1,1,1,1,Diploma,40.0,0.86,0.86,2,1,1,0.44,1
420,77,Master's,6.8,1,0,0,0,0,0,0,5,0,1,Data Analyst,0,0,1,0,0,0,0,1,Bachelor's,0.0,1.0,1.0,3,2,1,0.3,0
514,88,Master's,0.0,1,1,0,0,1,1,0,3,2,0,Data Analyst,0,1,1,1,0,0,1,1,Diploma,60.0,1.0,1.0,3,1,1,0.28,1
790,38,Master's,1.8,0,1,0,0,0,1,0,4,3,0,AI Engineer,2,1,1,1,0,0,0,1,Bachelor's,25.0,0.9,0.9,3,2,1,0.42,0
150,47,Bachelor's,5.0,0,0,1,0,1,0,0,6,5,0,Data Analyst,0,1,0,0,0,0,0,1,Master's,0.0,1.0,1.0,2,3,0,0.7,0
553,54,Bachelor's,4.3,0,1,0,1,0,0,0,3,1,1,Data Analyst,3,1,0,0,0,1,1,0,Bachelor's,0.0,1.4333333333333333,1.0,2,2,1,0.44,1
351,55,Bachelor's,5.0,0,0,1,0,0,1,1,1,4,0,Machine Learning,2,0,0,0,0,1,1,1,Bachelor's,66.67,2.5,1.0,2,2,1,0.56,1
116,48,Master's,2.2,1,1,0,0,1,0,0,4,3,0,AI Engineer,1,1,1,1,0,1,0,0,Bachelor's,75.0,2.2,1.0,3,2,1,0.42,1
632,73,Master's,1.1,0,0,0,0,0,0,0,2,7,1,AI Engineer,1,0,0,0,0,0,1,0,Master's,0.0,1.1,1.0,3,3,1,1.0,1
237,72,Bachelor's,5.0,0,0,0,0,0,0,0,1,4,0,Data Science,5,1,0,0,0,0,0,1,Master's,0.0,1.0,1.0,2,3,0,0.56,0
270,15,Bachelor's,0.9,1,1,1,0,0,1,0,0,2,1,AI Engineer,0,1,1,1,0,0,1,1,Master's,80.0,1.0,1.0,2,3,0,0.58,1
861,71,Master's,3.7,0,1,0,0,0,1,0,1,3,1,Data Analyst,2,1,1,0,0,0,0,1,Diploma,33.33,1.85,1.0,3,1,1,0.72,1
291,88,Diploma,1.3,0,0,0,0,0,0,1,3,3,0,Data Analyst,0,1,1,1,0,0,1,1,Diploma,20.0,1.0,1.0,1,1,1,0.42,1
434,16,Bachelor's,2.7,1,0,1,0,0,1,1,4,5,1,AI Engineer,2,1,1,0,1,1,1,0,Master's,40.0,1.35,1.0,2,3,0,1.0,0
9,88,Bachelor's,0.7,1,1,1,0,0,1,0,3,2,1,Data Analyst,0,1,1,1,0,0,1,1,Diploma,80.0,1.0,1.0,2,1,1,0.58,1
751,43,Bachelor's,1.9,1,1,0,0,0,1,0,2,1,0,AI Engineer,3,1,0,0,0,0,0,0,Bachelor's,100.0,0.6333333333333333,0.63,2,2,1,0.14,1
630,7,Bachelor's,1.5,1,1,0,0,0,0,0,2,3,1,AI Engineer,2,1,0,0,0,1,0,0,Bachelor's,50.0,0.75,0.75,2,2,1,0.72,1
827,28,Bachelor's,0.1,0,0,1,0,0,0,0,1,3,0,Data Science,1,0,1,0,1,1,0,0,Bachelor's,0.0,0.1,0.1,2,2,1,0.42,1
824,66,Bachelor's,3.7,1,0,0,0,1,0,0,1,4,0,Business Intelligence,1,0,1,1,1,0,1,0,Bachelor's,0.0,3.7,1.0,2,2,1,0.56,0
475,98,Bachelor's,1.0,1,1,1,0,1,1,1,3,2,0,Machine Learning,2,1,1,0,1,0,0,0,Bachelor's,66.67,0.5,0.5,2,2,1,0.28,1
522,60,Bachelor's,6.8,1,0,0,0,0,1,0,2,3,0,Data Analyst,0,0,1,0,0,0,0,0,Bachelor's,0.0,1.0,1.0,2,2,1,0.42,0
537,3,Master's,0.5,0,0,0,0,0,0,0,4,3,0,AI Engineer,3,0,1,1,0,0,0,0,Diploma,0.0,0.16666666666666666,0.17,3,1,1,0.42,0
685,1,Master's,0.4,1,1,1,0,0,1,0,4,5,1,Data Science,4,1,0,0,1,0,1,0,Bachelor's,66.67,0.1,0.1,3,2,1,1.0,0
737,31,Bachelor's,1.5,0,1,0,0,1,0,0,1,2,0,AI Engineer,1,1,0,1,1,0,0,0,Master's,0.0,1.5,1.0,2,3,0,0.28,0
11,56,Diploma,0.6,1,1,0,0,1,1,1,1,0,0,Machine Learning,2,0,1,1,1,1,1,1,Diploma,66.67,0.3,0.3,1,1,1,0.0,0
613,87,Bachelor's,1.9,1,0,0,1,0,0,1,2,2,1,AI Engineer,1,1,0,0,0,0,0,0,Bachelor's,100.0,1.9,1.0,2,2,1,0.58,1
777,84,Bachelor's,2.9,1,1,0,0,1,1,1,4,4,0,AI Engineer,1,1,0,1,1,1,0,0,Bachelor's,50.0,2.9,1.0,2,2,1,0.56,1
903,80,Bachelor's,3.6,1,1,0,0,0,1,0,2,6,0,Business Intelligence,2,1,1,0,0,1,1,0,Master's,75.0,1.8,1.0,2,3,0,0.7,1
327,46,Bachelor's,0.5,0,1,0,0,1,1,0,2,3,0,Data Analyst,1,1,1,1,0,0,1,0,Bachelor's,50.0,0.5,0.5,2,2,1,0.42,1
930,32,Bachelor's,0.2,1,0,1,1,0,1,1,0,3,1,AI Engineer,1,0,0,0,0,1,1,0,Diploma,50.0,0.2,0.2,2,1,1,0.72,0
595,81,Master's,3.2,1,0,0,0,1,1,0,2,8,0,Data Science,2,1,1,0,0,0,0,1,Bachelor's,33.33,1.6,1.0,3,2,1,0.7,1
276,18,Bachelor's,0.3,0,1,0,0,0,0,0,2,1,1,Data Analyst,0,1,1,0,0,1,0,0,Diploma,33.33,1.0,1.0,2,1,1,0.44,1
370,68,Diploma,0.7,0,1,0,0,1,0,0,1,2,1,Data Science,4,1,0,0,0,0,1,0,Bachelor's,0.0,0.175,0.18,1,2,0,0.58,0
490,35,Master's,1.5,1,0,0,1,1,0,0,1,2,0,Data Science,0,0,0,0,0,0,1,0,Master's,0.0,1.0,1.0,3,3,1,0.28,1
345,100,Bachelor's,3.4,0,0,0,1,0,1,1,1,2,1,Data Science,5,0,0,0,0,1,0,0,Bachelor's,0.0,0.6799999999999999,0.68,2,2,1,0.58,0
773,23,Bachelor's,5.6,0,0,0,0,0,1,0,0,2,0,AI Engineer,4,1,0,0,0,1,1,0,Bachelor's,33.33,1.4,1.0,2,2,1,0.28,1
368,79,Master's,6.0,0,0,0,0,0,1,0,1,0,1,Data Science,3,1,1,0,0,0,1,0,Bachelor's,33.33,2.0,1.0,3,2,1,0.3,1
733,13,Bachelor's,1.9,1,0,1,0,1,1,0,1,6,1,Data Analyst,3,0,1,1,1,0,1,1,Bachelor's,40.0,0.6333333333333333,0.63,2,2,1,1.0,1
311,78,Bachelor's,0.2,1,1,0,0,0,0,0,2,4,0,Business Intelligence,5,1,0,0,0,1,1,0,Master's,33.33,0.04,0.04,2,3,0,0.56,0
731,14,Bachelor's,0.9,0,0,0,1,0,1,0,2,2,0,Data Science,3,1,1,0,0,1,1,0,Bachelor's,25.0,0.3,0.3,2,2,1,0.28,0
601,37,Bachelor's,0.5,0,0,0,0,0,0,0,5,2,0,Data Analyst,0,1,0,0,0,0,0,0,Bachelor's,0.0,1.0,1.0,2,2,1,0.28,0
485,5,Bachelor's,1.0,1,1,0,0,0,1,0,2,2,1,Business Intelligence,4,0,1,0,0,0,1,0,Bachelor's,100.0,0.25,0.25,2,2,1,0.58,1
15,22,Bachelor's,3.1,1,1,0,0,0,1,0,2,2,1,Data Analyst,2,1,1,0,0,0,1,0,Master's,100.0,1.55,1.0,2,3,0,0.58,1
758,28,Bachelor's,1.7,0,0,1,0,0,0,0,0,3,0,Data Science,1,0,1,0,1,1,0,0,Bachelor's,0.0,1.7,1.0,2,2,1,0.42,1
688,4,Bachelor's,1.7,1,0,0,1,0,1,0,4,4,0,Data Analyst,2,0,1,0,0,0,1,1,Bachelor's,33.33,0.85,0.85,2,2,1,0.56,1
4,50,Bachelor's,3.3,1,1,0,0,0,0,1,1,3,1,AI Engineer,1,1,0,0,0,1,1,0,Master's,33.33,3.3,1.0,2,3,0,0.72,0
846,29,Bachelor's,0.7,1,1,0,0,0,0,0,2,0,0,AI Engineer,0,1,1,1,1,0,1,0,Bachelor's,40.0,1.0,1.0,2,2,1,0.0,1
376,37,Bachelor's,5.1,1,1,0,1,0,1,0,0,1,0,Data Analyst,0,1,0,0,0,0,0,0,Bachelor's,100.0,1.0,1.0,2,2,1,0.14,1
465,20,Master's,12.0,0,0,1,0,1,1,1,2,2,0,Data Analyst,2,1,1,0,0,1,0,0,Bachelor's,33.33,6.0,1.0,3,2,1,0.28,1
533,35,Master's,3.1,1,0,0,0,1,1,0,4,4,1,Data Science,0,0,0,0,0,0,1,0,Master's,100.0,1.0,1.0,3,3,1,0.86,1
720,99,Master's,0.7,1,0,1,0,0,0,0,1,3,0,AI Engineer,2,1,1,0,1,0,0,0,Diploma,33.33,0.35,0.35,3,1,1,0.42,1
986,84,Bachelor's,0.2,0,1,0,0,0,0,0,1,1,1,AI Engineer,1,1,0,1,1,1,0,0,Bachelor's,0.0,0.2,0.2,2,2,1,0.44,0
137,2,Bachelor's,4.8,1,1,1,0,0,0,0,2,4,1,Machine Learning,4,1,1,1,0,0,1,0,Diploma,75.0,1.2,1.0,2,1,1,0.86,1
834,58,Bachelor's,3.4,1,0,0,0,1,0,0,4,2,0,Data Analyst,4,1,1,1,1,0,0,0,Bachelor's,25.0,0.85,0.85,2,2,1,0.28,0
363,18,Bachelor's,2.4,1,1,1,0,0,1,0,2,2,0,Data Analyst,0,1,1,0,0,1,0,0,Diploma,66.67,1.0,1.0,2,1,1,0.28,1
975,94,Diploma,0.9,1,0,0,0,0,1,0,2,2,1,Business Intelligence,1,0,1,0,1,0,0,1,Diploma,0.0,0.9,0.9,1,1,1,0.58,1
931,56,Bachelor's,2.2,0,1,0,0,0,0,0,3,5,1,Machine Learning,2,0,1,1,1,1,1,1,Diploma,16.67,1.1,1.0,2,1,1,1.0,1
216,64,Bachelor's,0.6,1,0,1,0,1,0,0,1,4,0,AI Engineer,3,1,0,1,0,0,1,0,Bachelor's,66.67,0.19999999999999998,0.2,2,2,1,0.56,1
368,93,Master's,6.0,0,0,0,0,0,1,0,1,0,1,Data Science,1,0,1,1,0,1,1,0,Bachelor's,25.0,6.0,1.0,3,2,1,0.3,1
117,52,Master's,0.2,1,1,1,0,0,0,0,2,1,0,Business Intelligence,1,1,0,1,0,0,0,0,Bachelor's,100.0,0.2,0.2,3,2,1,0.14,1
179,22,Master's,3.6,0,1,0,0,0,1,0,5,6,0,Data Analyst,2,1,1,0,0,0,1,0,Master's,66.67,1.8,1.0,3,3,1,0.7,1
246,93,Master's,2.5,1,0,1,0,0,1,0,2,4,1,Data Science,1,0,1,1,0,1,1,0,Bachelor's,50.0,2.5,1.0,3,2,1,0.86,1
128,60,Master's,1.3,1,0,1,0,0,1,1,1,1,0,Data Analyst,0,0,1,0,0,0,0,0,Bachelor's,0.0,1.0,1.0,3,2,1,0.14,1
358,10,Bachelor's,1.4,1,0,0,1,0,0,0,4,5,0,AI Engineer,5,0,1,0,1,1,0,0,Master's,33.33,0.27999999999999997,0.28,2,3,0,0.7,0
78,84,Diploma,2.8,1,0,0,0,0,0,0,1,3,0,AI Engineer,1,1,0,1,1,1,0,0,Bachelor's,25.0,2.8,1.0,1,2,0,0.42,0
741,80,Bachelor's,4.4,1,1,1,1,0,0,0,1,4,1,Business Intelligence,2,1,1,0,0,1,1,0,Master's,50.0,2.2,1.0,2,3,0,0.86,0
293,6,Master's,2.1,1,0,0,0,1,1,0,3,4,1,Data Science,2,0,0,0,0,1,0,0,Diploma,100.0,1.05,1.0,3,1,1,0.86,1
774,81,Bachelor's,7.8,1,1,1,0,0,1,0,2,4,0,Data Science,2,1,1,0,0,0,0,1,Bachelor's,66.67,3.9,1.0,2,2,1,0.56,1
82,6,Bachelor's,0.2,1,1,0,0,1,0,0,1,3,1,Data Science,2,0,0,0,0,1,0,0,Diploma,100.0,0.1,0.1,2,1,1,0.72,1
342,86,Bachelor's,1.6,1,1,0,1,0,1,0,6,2,1,Data Science,3,0,0,1,1,0,1,0,Bachelor's,66.67,0.5333333333333333,0.53,2,2,1,0.58,1
338,82,Master's,2.9,1,1,1,0,0,1,0,0,1,0,Data Analyst,3,1,1,1,0,0,0,1,Bachelor's,75.0,0.9666666666666667,0.97,3,2,1,0.14,1
819,96,Diploma,2.4,1,1,1,1,1,0,0,1,2,1,Business Intelligence,2,1,1,0,1,0,0,0,Master's,100.0,1.2,1.0,1,3,0,0.58,1
578,28,Master's,2.6,0,0,0,1,0,0,0,3,1,1,Data Science,1,0,1,0,1,1,0,0,Bachelor's,33.33,2.6,1.0,3,2,1,0.44,1
96,42,Bachelor's,0.5,0,1,0,0,1,1,1,2,2,1,Business Intelligence,3,0,1,0,0,0,0,0,Diploma,100.0,0.16666666666666666,0.17,2,1,1,0.58,1
577,41,Bachelor's,0.1,0,0,0,0,1,1,0,2,2,0,Business Intelligence,2,1,0,0,0,0,1,1,Bachelor's,33.33,0.05,0.05,2,2,1,0.28,0
521,63,Bachelor's,0.2,0,0,1,1,0,1,0,4,3,1,Business Intelligence,5,1,1,0,0,0,0,0,Diploma,0.0,0.04,0.04,2,1,1,0.72,0
397,22,Master's,1.4,1,1,0,0,0,1,0,2,2,0,Data Analyst,2,1,1,0,0,0,1,0,Master's,100.0,0.7,0.7,3,3,1,0.28,1
996,92,Diploma,2.7,0,0,1,0,0,1,0,3,3,0,Machine Learning,3,0,1,0,0,0,1,0,Bachelor's,50.0,0.9,0.9,1,2,0,0.42,0
357,79,Diploma,5.8,0,1,0,0,0,0,0,0,3,0,Data Science,3,1,1,0,0,0,1,0,Bachelor's,33.33,1.9333333333333333,1.0,1,2,0,0.42,0
186,29,Bachelor's,6.9,0,1,0,1,1,0,0,1,2,0,AI Engineer,0,1,1,1,1,0,1,0,Bachelor's,40.0,1.0,1.0,2,2,1,0.28,1
670,71,Bachelor's,4.3,1,0,1,0,0,1,1,0,3,0,Data Analyst,2,1,1,0,0,0,0,1,Diploma,66.67,2.15,1.0,2,1,1,0.42,1
543,34,Bachelor's,2.1,0,0,0,1,1,1,1,3,2,0,Machine Learning,2,1,1,0,0,1,0,0,Bachelor's,33.33,1.05,1.0,2,2,1,0.28,0
151,96,Master's,3.1,1,1,0,0,0,0,0,2,2,0,Business Intelligence,2,1,1,0,1,0,0,0,Master's,66.67,1.55,1.0,3,3,1,0.28,1
319,2,Bachelor's,0.2,1,1,0,0,0,1,1,1,5,0,Machine Learning,4,1,1,1,0,0,1,0,Diploma,75.0,0.05,0.05,2,1,1,0.7,1
754,26,Bachelor's,0.7,1,1,0,1,0,1,0,0,3,1,Machine Learning,2,1,0,0,0,1,1,1,Bachelor's,50.0,0.35,0.35,2,2,1,0.72,0
668,75,Bachelor's,6.7,0,0,1,1,1,0,0,1,4,0,AI Engineer,2,0,1,1,0,1,1,0,Master's,50.0,3.35,1.0,2,3,0,0.56,0
59,89,Diploma,1.6,0,0,1,0,1,0,0,0,2,1,Machine Learning,2,0,0,0,0,1,1,0,Bachelor's,50.0,0.8,0.8,1,2,0,0.58,0
10,19,Master's,1.7,1,0,0,0,0,1,0,2,4,1,Business Intelligence,5,1,0,0,0,0,0,1,Bachelor's,50.0,0.33999999999999997,0.34,3,2,1,0.86,1
857,20,Diploma,3.5,1,0,0,0,0,1,0,1,5,1,Data Analyst,2,1,1,0,0,1,0,0,Bachelor's,33.33,1.75,1.0,1,2,0,1.0,0
124,33,Bachelor's,4.1,1,0,1,0,1,0,0,2,3,1,AI Engineer,3,0,1,0,0,0,0,0,Bachelor's,0.0,1.3666666666666665,1.0,2,2,1,0.72,0
356,81,Bachelor's,5.2,1,0,0,0,1,0,0,1,9,0,Data Science,2,1,1,0,0,0,0,1,Bachelor's,33.33,2.6,1.0,2,2,1,0.7,1
346,94,Bachelor's,1.4,0,1,0,0,0,1,0,2,2,1,Business Intelligence,1,0,1,0,1,0,0,1,Diploma,33.33,1.4,1.0,2,1,1,0.58,0
794,82,Bachelor's,2.9,1,1,0,1,0,0,0,0,2,0,Data Analyst,3,1,1,1,0,0,0,1,Bachelor's,50.0,0.9666666666666667,0.97,2,2,1,0.28,1
237,96,Bachelor's,5.0,0,0,0,0,0,0,0,1,4,0,Business Intelligence,2,1,1,0,1,0,0,0,Master's,0.0,2.5,1.0,2,3,0,0.56,0
333,4,Diploma,0.6,0,0,0,0,0,0,1,6,3,1,Data Analyst,2,0,1,0,0,0,1,1,Bachelor's,33.33,0.3,0.3,1,2,0,0.72,0
424,19,Bachelor's,0.4,1,0,1,0,0,1,0,4,5,1,Business Intelligence,5,1,0,0,0,0,0,1,Bachelor's,50.0,0.08,0.08,2,2,1,1.0,0
324,3,Bachelor's,0.6,1,1,0,1,0,0,0,4,1,0,AI Engineer,3,0,1,1,0,0,0,0,Diploma,50.0,0.19999999999999998,0.2,2,1,1,0.14,0
23,92,Bachelor's,6.5,0,1,1,1,1,0,1,4,5,0,Machine Learning,3,0,1,0,0,0,1,0,Bachelor's,50.0,2.1666666666666665,1.0,2,2,1,0.7,1
931,61,Bachelor's,2.2,0,1,0,0,0,0,0,3,5,1,Business Intelligence,2,0,0,1,0,0,1,0,Bachelor's,0.0,1.1,1.0,2,2,1,1.0,0
459,38,Diploma,0.6,1,1,0,1,0,1,1,3,2,1,AI Engineer,2,1,1,1,0,0,0,1,Bachelor's,75.0,0.3,0.3,1,2,0,0.58,0
460,6,Bachelor's,2.7,1,1,0,1,0,1,0,6,7,0,Data Science,2,0,0,0,0,1,0,0,Diploma,0.0,1.35,1.0,2,1,1,0.7,0
521,56,Bachelor's,0.2,0,0,1,1,0,1,0,4,3,1,Machine Learning,2,0,1,1,1,1,1,1,Diploma,50.0,0.1,0.1,2,1,1,0.72,0
719,40,Bachelor's,10.3,0,0,0,0,0,1,1,1,3,1,Data Analyst,2,1,0,0,0,1,0,1,Bachelor's,33.33,5.15,1.0,2,2,1,0.72,1
557,81,Bachelor's,2.4,1,0,1,0,0,1,0,3,4,1,Data Science,2,1,1,0,0,0,0,1,Bachelor's,33.33,1.2,1.0,2,2,1,0.86,1
421,69,Master's,1.0,1,1,0,0,1,1,0,2,1,0,Data Science,5,1,0,1,0,0,1,0,Bachelor's,66.67,0.2,0.2,3,2,1,0.14,1
965,83,Bachelor's,2.1,0,0,0,0,0,1,0,3,0,1,Business Intelligence,2,0,1,0,0,0,0,0,Bachelor's,0.0,1.05,1.0,2,2,1,0.3,0
403,42,Bachelor's,0.1,1,1,0,1,0,1,0,3,2,1,Business Intelligence,3,0,1,0,0,0,0,0,Diploma,100.0,0.03333333333333333,0.03,2,1,1,0.58,0
331,99,Bachelor's,2.0,1,1,0,0,0,1,0,1,3,1,AI Engineer,2,1,1,0,1,0,0,0,Diploma,66.67,1.0,1.0,2,1,1,0.72,1
457,86,Diploma,2.9,1,1,1,0,0,0,0,1,1,1,Data Science,3,0,0,1,1,0,1,0,Bachelor's,33.33,0.9666666666666667,0.97,1,2,0,0.44,0
483,88,Bachelor's,2.0,0,0,0,0,0,1,1,2,4,0,Data Analyst,0,1,1,1,0,0,1,1,Diploma,40.0,1.0,1.0,2,1,1,0.56,1
27,2,Bachelor's,5.0,0,1,0,0,1,1,1,4,1,1,Machine Learning,4,1,1,1,0,0,1,0,Diploma,50.0,1.25,1.0,2,1,1,0.44,1
397,28,Master's,1.4,1,1,0,0,0,1,0,2,2,0,Data Science,1,0,1,0,1,1,0,0,Bachelor's,33.33,1.4,1.0,3,2,1,0.28,1
953,17,Bachelor's,2.3,0,1,0,1,0,0,0,1,1,0,AI Engineer,4,1,0,1,0,1,0,0,Bachelor's,0.0,0.575,0.57,2,2,1,0.14,0
188,70,Bachelor's,0.2,0,0,0,0,0,1,1,1,3,0,AI Engineer,1,1,0,1,0,0,1,0,Bachelor's,33.33,0.2,0.2,2,2,1,0.42,0
140,69,Master's,2.2,0,0,0,1,1,1,0,0,2,0,Data Science,5,1,0,1,0,0,1,0,Bachelor's,33.33,0.44000000000000006,0.44,3,2,1,0.28,0
521,39,Bachelor's,0.2,0,0,1,1,0,1,0,4,3,1,Data Science,0,1,0,0,1,0,1,1,Master's,50.0,1.0,1.0,2,3,0,0.72,1
746,7,Master's,1.6,0,0,0,0,1,1,0,3,3,1,AI Engineer,2,1,0,0,0,1,0,0,Bachelor's,50.0,0.8,0.8,3,2,1,0.72,1
92,32,Master's,2.6,0,1,0,0,1,0,0,3,3,0,AI Engineer,1,0,0,0,0,1,1,0,Diploma,50.0,2.6,1.0,3,1,1,0.42,1
77,4,Master's,1.2,1,1,0,0,0,1,0,5,3,0,Data Analyst,2,0,1,0,0,0,1,1,Bachelor's,66.67,0.6,0.6,3,2,1,0.42,1
852,21,Master's,4.2,1,0,0,1,1,0,0,4,3,1,Data Science,1,1,1,0,0,0,1,1,Bachelor's,25.0,4.2,1.0,3,2,1,0.72,1
244,32,Bachelor's,4.7,0,1,0,1,1,1,0,4,2,0,AI Engineer,1,0,0,0,0,1,1,0,Diploma,100.0,4.7,1.0,2,1,1,0.28,1
845,82,Bachelor's,7.2,0,0,0,1,1,0,0,1,6,1,Data Analyst,3,1,1,1,0,0,0,1,Bachelor's,0.0,2.4,1.0,2,2,1,1.0,0
667,97,Bachelor's,0.6,1,1,0,0,0,0,0,6,2,1,Data Analyst,4,0,0,1,0,1,1,0,Bachelor's,0.0,0.15,0.15,2,2,1,0.58,0
730,14,Bachelor's,2.4,1,1,0,1,1,1,0,1,4,0,Data Science,3,1,1,0,0,1,1,0,Bachelor's,100.0,0.7999999999999999,0.8,2,2,1,0.56,1
959,70,Bachelor's,2.5,1,0,0,1,1,1,0,0,3,0,AI Engineer,1,1,0,1,0,0,1,0,Bachelor's,66.67,2.5,1.0,2,2,1,0.42,1
989,75,Bachelor's,1.4,0,0,1,0,0,0,1,0,2,0,AI Engineer,2,0,1,1,0,1,1,0,Master's,25.0,0.7,0.7,2,3,0,0.28,0
797,46,Master's,3.1,1,1,0,0,1,0,0,2,3,0,Data Analyst,1,1,1,1,0,0,1,0,Bachelor's,50.0,3.1,1.0,3,2,1,0.42,1
662,20,Master's,1.8,0,1,0,0,0,0,0,3,3,0,Data Analyst,2,1,1,0,0,1,0,0,Bachelor's,33.33,0.9,0.9,3,2,1,0.42,1
841,93,Diploma,1.2,1,1,1,0,1,1,0,1,1,1,Data Science,1,0,1,1,0,1,1,0,Bachelor's,100.0,1.2,1.0,1,2,0,0.44,1
88,58,Bachelor's,0.5,0,0,0,0,0,0,0,2,5,0,Data Analyst,4,1,1,1,1,0,0,0,Bachelor's,0.0,0.125,0.12,2,2,1,0.7,0
618,99,Bachelor's,2.7,1,1,1,0,0,0,0,2,2,1,AI Engineer,2,1,1,0,1,0,0,0,Diploma,66.67,1.35,1.0,2,1,1,0.58,1
95,7,Master's,0.7,1,0,0,0,0,1,0,5,5,1,AI Engineer,2,1,0,0,0,1,0,0,Bachelor's,50.0,0.35,0.35,3,2,1,1.0,1
253,40,Master's,0.3,0,1,0,0,0,1,0,2,0,0,Data Analyst,2,1,0,0,0,1,0,1,Bachelor's,0.0,0.15,0.15,3,2,1,0.0,0
551,59,Bachelor's,7.6,1,1,1,0,0,0,1,2,8,0,Data Science,2,0,1,0,0,0,0,0,Master's,100.0,3.8,1.0,2,3,0,0.7,1
399,36,Master's,2.4,0,0,0,0,0,0,1,1,5,0,Business Intelligence,0,0,1,1,0,1,1,0,Master's,0.0,1.0,1.0,3,3,1,0.7,0
767,44,Master's,3.3,1,1,1,0,1,1,0,2,1,0,Business Intelligence,1,1,1,0,0,1,0,0,Bachelor's,100.0,3.3,1.0,3,2,1,0.14,1
54,31,Master's,4.0,0,0,0,0,0,1,0,1,3,1,AI Engineer,1,1,0,1,1,0,0,0,Master's,0.0,4.0,1.0,3,3,1,0.72,1
243,44,Master's,3.7,0,1,1,0,0,1,0,1,1,1,Business Intelligence,1,1,1,0,0,1,0,0,Bachelor's,33.33,3.7,1.0,3,2,1,0.44,1
110,43,Diploma,0.4,0,1,0,1,1,1,0,5,1,1,AI Engineer,3,1,0,0,0,0,0,0,Bachelor's,0.0,0.13333333333333333,0.13,1,2,0,0.44,0
766,43,Bachelor's,1.0,0,0,1,0,1,0,1,1,4,1,AI Engineer,3,1,0,0,0,0,0,0,Bachelor's,0.0,0.3333333333333333,0.33,2,2,1,0.86,0
624,47,Bachelor's,7.9,0,1,1,1,0,0,1,3,0,0,Data Analyst,0,1,0,0,0,0,0,1,Master's,50.0,1.0,1.0,2,3,0,0.0,0
686,6,Bachelor's,5.0,1,1,0,1,0,0,0,2,3,0,Data Science,2,0,0,0,0,1,0,0,Diploma,0.0,2.5,1.0,2,1,1,0.42,0
701,93,Bachelor's,8.4,1,1,0,0,0,0,1,2,4,1,Data Science,1,0,1,1,0,1,1,0,Bachelor's,25.0,8.4,1.0,2,2,1,0.86,1
221,91,Bachelor's,7.5,0,1,0,0,1,0,1,2,2,1,AI Engineer,5,0,1,0,1,1,1,1,Diploma,60.0,1.5,1.0,2,1,1,0.58,1
761,66,Bachelor's,1.5,1,0,0,1,0,0,0,1,3,1,Business Intelligence,1,0,1,1,1,0,1,0,Bachelor's,25.0,1.5,1.0,2,2,1,0.72,0
564,86,Diploma,0.8,1,0,0,0,0,0,1,3,7,1,Data Science,3,0,0,1,1,0,1,0,Bachelor's,0.0,0.26666666666666666,0.27,1,2,0,1.0,0
162,9,Bachelor's,0.3,0,0,0,0,0,1,0,4,1,1,Data Analyst,0,1,1,0,0,0,0,0,Master's,0.0,1.0,1.0,2,3,0,0.44,0
969,11,Bachelor's,1.0,0,1,1,1,0,1,0,1,4,1,Data Analyst,3,1,1,0,0,1,0,1,Master's,25.0,0.3333333333333333,0.33,2,3,0,0.86,0
35,80,Master's,0.2,0,0,0,0,0,1,0,4,5,1,Business Intelligence,2,1,1,0,0,1,1,0,Master's,25.0,0.1,0.1,3,3,1,1.0,0
966,77,Bachelor's,2.2,0,1,0,1,0,1,0,0,1,0,Data Analyst,0,0,1,0,0,0,0,1,Bachelor's,50.0,1.0,1.0,2,2,1,0.14,1
37,18,Bachelor's,1.0,1,0,1,0,1,1,0,1,3,1,Data Analyst,0,1,1,0,0,1,0,0,Diploma,66.67,1.0,1.0,2,1,1,0.72,1
846,25,Bachelor's,0.7,1,1,0,0,0,0,0,2,0,0,Data Science,3,1,1,0,0,0,1,0,Bachelor's,66.67,0.2333333333333333,0.23,2,2,1,0.0,0
829,97,Master's,4.0,1,1,0,0,0,1,0,4,2,0,Data Analyst,4,0,0,1,0,1,1,0,Bachelor's,33.33,1.0,1.0,3,2,1,0.28,1
623,74,Bachelor's,2.1,1,0,0,1,0,1,0,2,1,0,Data Science,1,1,1,1,0,0,1,0,Bachelor's,50.0,2.1,1.0,2,2,1,0.14,1
370,58,Diploma,0.7,0,1,0,0,1,0,0,1,2,1,Data Analyst,4,1,1,1,1,0,0,0,Bachelor's,25.0,0.175,0.18,1,2,0,0.58,0
177,30,Bachelor's,3.8,1,1,0,1,0,0,0,1,2,0,Data Analyst,1,1,1,0,1,1,0,0,Bachelor's,75.0,3.8,1.0,2,2,1,0.28,1
521,1,Bachelor's,0.2,0,0,1,1,0,1,0,4,3,1,Data Science,4,1,0,0,1,0,1,0,Bachelor's,66.67,0.05,0.05,2,2,1,0.72,1
275,63,Bachelor's,1.6,0,1,0,0,0,1,0,4,4,0,Business Intelligence,5,1,1,0,0,0,0,0,Diploma,50.0,0.32,0.32,2,1,1,0.56,0
983,97,Bachelor's,1.5,0,0,1,1,1,0,0,1,4,1,Data Analyst,4,0,0,1,0,1,1,0,Bachelor's,66.67,0.375,0.38,2,2,1,0.86,1
633,79,Bachelor's,2.7,1,0,1,0,0,1,0,4,2,0,Data Science,3,1,1,0,0,0,1,0,Bachelor's,66.67,0.9,0.9,2,2,1,0.28,1
105,29,Master's,12.0,0,0,0,0,0,1,1,3,6,1,AI Engineer,0,1,1,1,1,0,1,0,Bachelor's,20.0,1.0,1.0,3,2,1,1.0,1
156,66,Bachelor's,3.5,1,1,0,0,0,0,0,1,1,0,Business Intelligence,1,0,1,1,1,0,1,0,Bachelor's,25.0,3.5,1.0,2,2,1,0.14,0
336,75,Diploma,2.6,1,1,0,1,1,1,0,1,2,0,AI Engineer,2,0,1,1,0,1,1,0,Master's,75.0,1.3,1.0,1,3,0,0.28,1
26,53,Master's,1.6,1,0,1,0,0,1,0,0,5,0,Data Science,4,1,0,0,1,0,0,0,Bachelor's,50.0,0.4,0.4,3,2,1,0.7,1
934,98,Bachelor's,2.3,1,0,0,1,0,1,0,4,1,1,Machine Learning,2,1,1,0,1,0,0,0,Bachelor's,66.67,1.15,1.0,2,2,1,0.44,1
296,19,Bachelor's,0.6,1,0,0,0,1,0,1,3,7,1,Business Intelligence,5,1,0,0,0,0,0,1,Bachelor's,100.0,0.12,0.12,2,2,1,1.0,1
537,66,Master's,0.5,0,0,0,0,0,0,0,4,3,0,Business Intelligence,1,0,1,1,1,0,1,0,Bachelor's,0.0,0.5,0.5,3,2,1,0.42,0
355,84,Diploma,1.7,0,0,0,0,1,1,0,2,3,0,AI Engineer,1,1,0,1,1,1,0,0,Bachelor's,25.0,1.7,1.0,1,2,0,0.42,0
886,52,Bachelor's,1.5,0,1,1,0,1,0,0,3,3,1,Business Intelligence,1,1,0,1,0,0,0,0,Bachelor's,50.0,1.5,1.0,2,2,1,0.72,1
69,31,Diploma,1.1,1,0,1,1,0,1,0,0,4,0,AI Engineer,1,1,0,1,1,0,0,0,Master's,100.0,1.1,1.0,1,3,0,0.56,1
327,60,Bachelor's,0.5,0,1,0,0,1,1,0,2,3,0,Data Analyst,0,0,1,0,0,0,0,0,Bachelor's,100.0,1.0,1.0,2,2,1,0.42,1
151,68,Master's,3.1,1,1,0,0,0,0,0,2,2,0,Data Science,4,1,0,0,0,0,1,0,Bachelor's,50.0,0.775,0.78,3,2,1,0.28,1
857,93,Diploma,3.5,1,0,0,0,0,1,0,1,5,1,Data Science,1,0,1,1,0,1,1,0,Bachelor's,25.0,3.5,1.0,1,2,0,1.0,0
577,30,Bachelor's,0.1,0,0,0,0,1,1,0,2,2,0,Data Analyst,1,1,1,0,1,1,0,0,Bachelor's,25.0,0.1,0.1,2,2,1,0.28,0
662,13,Master's,1.8,0,1,0,0,0,0,0,3,3,0,Data Analyst,3,0,1,1,1,0,1,1,Bachelor's,20.0,0.6,0.6,3,2,1,0.42,0
320,15,Bachelor's,0.2,1,1,0,0,0,0,0,0,5,0,AI Engineer,0,1,1,1,0,0,1,1,Master's,40.0,1.0,1.0,2,3,0,0.7,0
757,20,Bachelor's,8.0,1,0,0,0,1,1,0,0,1,1,Data Analyst,2,1,1,0,0,1,0,0,Bachelor's,66.67,4.0,1.0,2,2,1,0.44,1
452,34,Bachelor's,2.4,0,1,0,0,1,1,0,2,2,0,Machine Learning,2,1,1,0,0,1,0,0,Bachelor's,66.67,1.2,1.0,2,2,1,0.28,1
570,92,Bachelor's,1.5,0,1,1,1,0,1,0,2,3,1,Machine Learning,3,0,1,0,0,0,1,0,Bachelor's,100.0,0.5,0.5,2,2,1,0.72,1
668,20,Bachelor's,6.7,0,0,1,1,1,0,0,1,4,0,Data Analyst,2,1,1,0,0,1,0,0,Bachelor's,33.33,3.35,1.0,2,2,1,0.56,1
112,50,Bachelor's,0.6,1,0,0,1,0,0,0,0,3,0,AI Engineer,1,1,0,0,0,1,1,0,Master's,33.33,0.6,0.6,2,3,0,0.42,0
635,89,Bachelor's,6.5,0,0,0,0,0,0,0,2,3,0,Machine Learning,2,0,0,0,0,1,1,0,Bachelor's,0.0,3.25,1.0,2,2,1,0.42,0
462,27,Bachelor's,2.6,0,0,0,0,0,1,1,3,2,0,Data Science,3,0,1,0,0,1,0,0,Master's,0.0,0.8666666666666667,0.87,2,3,0,0.28,0
865,30,Bachelor's,10.4,1,0,0,0,0,1,0,0,4,1,Data Analyst,1,1,1,0,1,1,0,0,Bachelor's,25.0,10.4,1.0,2,2,1,0.86,0
964,56,Bachelor's,1.2,0,1,1,1,0,1,0,1,4,1,Machine Learning,2,0,1,1,1,1,1,1,Diploma,66.67,0.6,0.6,2,1,1,0.86,1
362,84,Bachelor's,0.6,1,0,0,0,0,1,0,3,1,1,AI Engineer,1,1,0,1,1,1,0,0,Bachelor's,25.0,0.6,0.6,2,2,1,0.44,1
203,65,Bachelor's,0.1,1,0,0,0,1,1,1,1,1,1,Machine Learning,0,1,1,1,0,0,1,0,Master's,50.0,1.0,1.0,2,3,0,0.44,0
487,99,Diploma,1.3,1,0,0,0,1,1,0,2,2,0,AI Engineer,2,1,1,0,1,0,0,0,Diploma,33.33,0.65,0.65,1,1,1,0.28,1
480,55,Bachelor's,1.4,0,0,0,0,0,1,1,1,1,0,Machine Learning,2,0,0,0,0,1,1,1,Bachelor's,66.67,0.7,0.7,2,2,1,0.14,1
4,24,Bachelor's,3.3,1,1,0,0,0,0,1,1,3,1,Machine Learning,2,1,1,0,1,0,1,0,Master's,50.0,1.65,1.0,2,3,0,0.72,1
129,25,Diploma,1.2,0,1,0,0,0,1,1,1,1,0,Data Science,3,1,1,0,0,0,1,0,Bachelor's,66.67,0.39999999999999997,0.4,1,2,0,0.14,0
801,76,Master's,7.8,0,0,0,0,0,1,0,4,4,1,Data Science,0,1,0,0,0,0,1,0,Master's,50.0,1.0,1.0,3,3,1,0.86,1
977,11,Bachelor's,0.8,0,0,0,0,1,0,0,0,2,0,Data Analyst,3,1,1,0,0,1,0,1,Master's,25.0,0.26666666666666666,0.27,2,3,0,0.28,0
27,94,Bachelor's,5.0,0,1,0,0,1,1,1,4,1,1,Business Intelligence,1,0,1,0,1,0,0,1,Diploma,66.67,5.0,1.0,2,1,1,0.44,1
42,60,Bachelor's,3.9,0,1,0,0,0,1,0,5,3,0,Data Analyst,0,0,1,0,0,0,0,0,Bachelor's,100.0,1.0,1.0,2,2,1,0.42,1
965,77,Bachelor's,2.1,0,0,0,0,0,1,0,3,0,1,Data Analyst,0,0,1,0,0,0,0,1,Bachelor's,0.0,1.0,1.0,2,2,1,0.3,1
583,47,Bachelor's,2.3,1,0,1,1,1,1,1,5,0,1,Data Analyst,0,1,0,0,0,0,0,1,Master's,100.0,1.0,1.0,2,3,0,0.3,1
64,25,Bachelor's,1.4,1,1,0,0,0,0,0,5,4,1,Data Science,3,1,1,0,0,0,1,0,Bachelor's,66.67,0.4666666666666666,0.47,2,2,1,0.86,1
25,25,Bachelor's,7.2,1,0,1,1,0,0,0,1,3,0,Data Science,3,1,1,0,0,0,1,0,Bachelor's,33.33,2.4,1.0,2,2,1,0.42,1
72,17,Bachelor's,0.7,1,1,1,0,0,1,0,2,0,0,AI Engineer,4,1,0,1,0,1,0,0,Bachelor's,66.67,0.175,0.18,2,2,1,0.0,1
482,12,Bachelor's,0.3,0,1,0,0,0,1,0,1,0,1,Machine Learning,3,1,1,0,0,1,1,0,Bachelor's,50.0,0.09999999999999999,0.1,2,2,1,0.3,0
873,52,Bachelor's,1.8,0,0,0,0,0,0,0,2,4,0,Business Intelligence,1,1,0,1,0,0,0,0,Bachelor's,0.0,1.8,1.0,2,2,1,0.56,0
900,11,Diploma,3.8,1,1,1,0,0,0,1,2,4,0,Data Analyst,3,1,1,0,0,1,0,1,Master's,75.0,1.2666666666666666,1.0,1,3,0,0.56,0
268,10,Master's,1.6,0,1,0,0,0,1,0,0,2,0,AI Engineer,5,0,1,0,1,1,0,0,Master's,33.33,0.32,0.32,3,3,1,0.28,0
826,81,Master's,1.9,0,0,0,0,1,0,0,3,2,0,Data Science,2,1,1,0,0,0,0,1,Bachelor's,0.0,0.95,0.95,3,2,1,0.28,0
95,60,Master's,0.7,1,0,0,0,0,1,0,5,5,1,Data Analyst,0,0,1,0,0,0,0,0,Bachelor's,0.0,1.0,1.0,3,2,1,1.0,1
395,54,Bachelor's,1.0,0,1,1,0,1,1,0,1,2,1,Data Analyst,3,1,0,0,0,1,1,0,Bachelor's,66.67,0.3333333333333333,0.33,2,2,1,0.58,1
869,80,Master's,0.4,1,1,0,1,0,1,0,4,4,1,Business Intelligence,2,1,1,0,0,1,1,0,Master's,75.0,0.2,0.2,3,3,1,0.86,1
364,63,Bachelor's,2.5,1,0,0,0,0,0,0,2,3,1,Business Intelligence,5,1,1,0,0,0,0,0,Diploma,50.0,0.5,0.5,2,1,1,0.72,1
315,20,Master's,1.5,0,0,1,0,0,1,0,1,2,1,Data Analyst,2,1,1,0,0,1,0,0,Bachelor's,0.0,0.75,0.75,3,2,1,0.58,0
117,5,Master's,0.2,1,1,1,0,0,0,0,2,1,0,Business Intelligence,4,0,1,0,0,0,1,0,Bachelor's,50.0,0.05,0.05,3,2,1,0.14,0
164,41,Bachelor's,3.4,0,1,0,0,0,0,0,2,4,0,Business Intelligence,2,1,0,0,0,0,1,1,Bachelor's,0.0,1.7,1.0,2,2,1,0.56,1
877,63,Master's,2.2,1,0,0,1,0,0,0,1,4,1,Business Intelligence,5,1,1,0,0,0,0,0,Diploma,50.0,0.44000000000000006,0.44,3,1,1,0.86,1
790,56,Master's,1.8,0,1,0,0,0,1,0,4,3,0,Machine Learning,2,0,1,1,1,1,1,1,Diploma,33.33,0.9,0.9,3,1,1,0.42,1
577,32,Bachelor's,0.1,0,0,0,0,1,1,0,2,2,0,AI Engineer,1,0,0,0,0,1,1,0,Diploma,100.0,0.1,0.1,2,1,1,0.28,1
306,27,Master's,5.1,1,0,0,0,0,0,0,5,1,0,Data Science,3,0,1,0,0,1,0,0,Master's,0.0,1.7,1.0,3,3,1,0.14,0
772,68,Master's,3.8,1,1,0,0,1,0,0,2,2,1,Data Science,4,1,0,0,0,0,1,0,Bachelor's,50.0,0.95,0.95,3,2,1,0.58,0
740,48,Bachelor's,1.3,1,1,0,0,1,1,0,1,3,0,AI Engineer,1,1,1,1,0,1,0,0,Bachelor's,75.0,1.3,1.0,2,2,1,0.42,1
200,7,Master's,0.3,1,0,0,0,0,0,0,2,2,1,AI Engineer,2,1,0,0,0,1,0,0,Bachelor's,50.0,0.15,0.15,3,2,1,0.58,1
985,46,Master's,0.4,1,1,0,0,1,1,0,1,3,0,Data Analyst,1,1,1,1,0,0,1,0,Bachelor's,75.0,0.4,0.4,3,2,1,0.42,1
732,78,Master's,2.4,1,1,0,0,0,1,0,2,2,0,Business Intelligence,5,1,0,0,0,1,1,0,Master's,66.67,0.48,0.48,3,3,1,0.28,1
180,88,Bachelor's,1.9,1,1,0,1,0,1,0,4,2,1,Data Analyst,0,1,1,1,0,0,1,1,Diploma,60.0,1.0,1.0,2,1,1,0.58,1
358,18,Bachelor's,1.4,1,0,0,1,0,0,0,4,5,0,Data Analyst,0,1,1,0,0,1,0,0,Diploma,33.33,1.0,1.0,2,1,1,0.7,1
996,65,Diploma,2.7,0,0,1,0,0,1,0,3,3,0,Machine Learning,0,1,1,1,0,0,1,0,Master's,50.0,1.0,1.0,1,3,0,0.42,0
252,17,Bachelor's,1.6,0,0,0,1,0,0,1,1,1,1,AI Engineer,4,1,0,1,0,1,0,0,Bachelor's,0.0,0.4,0.4,2,2,1,0.44,0
299,90,Bachelor's,2.5,1,0,0,0,1,1,0,4,0,0,Data Science,0,1,1,0,1,0,1,1,Bachelor's,40.0,1.0,1.0,2,2,1,0.0,1
873,86,Bachelor's,1.8,0,0,0,0,0,0,0,2,4,0,Data Science,3,0,0,1,1,0,1,0,Bachelor's,0.0,0.6,0.6,2,2,1,0.56,0
430,82,Bachelor's,5.1,0,1,1,0,0,0,0,1,1,0,Data Analyst,3,1,1,1,0,0,0,1,Bachelor's,50.0,1.7,1.0,2,2,1,0.14,1
4,38,Bachelor's,3.3,1,1,0,0,0,0,1,1,3,1,AI Engineer,2,1,1,1,0,0,0,1,Bachelor's,75.0,1.65,1.0,2,2,1,0.72,1
653,92,Bachelor's,0.8,1,1,0,0,0,1,0,0,1,1,Machine Learning,3,0,1,0,0,0,1,0,Bachelor's,100.0,0.26666666666666666,0.27,2,2,1,0.44,1
678,85,Bachelor's,1.3,1,0,1,0,0,0,0,2,3,1,Data Science,1,1,0,0,0,0,0,0,Master's,100.0,1.3,1.0,2,3,0,0.72,1
254,63,Bachelor's,0.3,0,0,0,0,0,0,0,2,1,0,Business Intelligence,5,1,1,0,0,0,0,0,Diploma,0.0,0.06,0.06,2,1,1,0.14,0
941,97,Bachelor's,0.2,1,1,0,0,1,1,0,4,1,1,Data Analyst,4,0,0,1,0,1,1,0,Bachelor's,66.67,0.05,0.05,2,2,1,0.44,0
665,94,Bachelor's,12.0,0,1,1,0,1,1,0,1,2,1,Business Intelligence,1,0,1,0,1,0,0,1,Diploma,33.33,12.0,1.0,2,1,1,0.58,1
579,42,Bachelor's,2.3,1,1,1,1,0,0,0,3,2,1,Business Intelligence,3,0,1,0,0,0,0,0,Diploma,100.0,0.7666666666666666,0.77,2,1,1,0.58,1
567,8,Bachelor's,2.8,1,1,0,0,0,0,1,1,3,1,AI Engineer,2,1,0,0,0,0,1,0,Master's,50.0,1.4,1.0,2,3,0,0.72,0
96,30,Bachelor's,0.5,0,1,0,0,1,1,1,2,2,1,Data Analyst,1,1,1,0,1,1,0,0,Bachelor's,50.0,0.5,0.5,2,2,1,0.58,1
167,64,Bachelor's,4.5,0,1,0,0,0,0,0,3,6,0,AI Engineer,3,1,0,1,0,0,1,0,Bachelor's,0.0,1.5,1.0,2,2,1,0.7,0
833,9,Bachelor's,2.2,1,1,0,1,0,1,0,2,5,0,Data Analyst,0,1,1,0,0,0,0,0,Master's,100.0,1.0,1.0,2,3,0,0.7,1
331,97,Bachelor's,2.0,1,1,0,0,0,1,0,1,3,1,Data Analyst,4,0,0,1,0,1,1,0,Bachelor's,33.33,0.5,0.5,2,2,1,0.72,0
898,57,Master's,0.5,1,1,0,0,0,1,0,2,1,1,Business Intelligence,3,0,1,0,1,0,0,0,Bachelor's,50.0,0.16666666666666666,0.17,3,2,1,0.44,0
965,59,Bachelor's,2.1,0,0,0,0,0,1,0,3,0,1,Data Science,2,0,1,0,0,0,0,0,Master's,0.0,1.05,1.0,2,3,0,0.3,0
888,93,Bachelor's,0.7,1,1,1,1,0,1,0,0,8,0,Data Science,1,0,1,1,0,1,1,0,Bachelor's,75.0,0.7,0.7,2,2,1,0.7,1
854,95,Master's,4.7,0,1,0,1,1,1,0,0,3,1,AI Engineer,3,1,1,1,0,1,1,0,Bachelor's,60.0,1.5666666666666667,1.0,3,2,1,0.72,1
62,67,Bachelor's,10.4,1,0,0,1,0,1,0,3,4,0,Data Science,0,1,1,1,0,1,1,0,Bachelor's,40.0,1.0,1.0,2,2,1,0.56,1
174,75,Bachelor's,0.8,0,0,0,0,1,0,0,1,2,0,AI Engineer,2,0,1,1,0,1,1,0,Master's,25.0,0.4,0.4,2,3,0,0.28,0
253,5,Master's,0.3,0,1,0,0,0,1,0,2,0,0,Business Intelligence,4,0,1,0,0,0,1,0,Bachelor's,100.0,0.075,0.08,3,2,1,0.0,1
461,95,Bachelor's,1.3,0,0,0,1,0,1,1,0,2,1,AI Engineer,3,1,1,1,0,1,1,0,Bachelor's,20.0,0.43333333333333335,0.43,2,2,1,0.58,0
624,84,Bachelor's,7.9,0,1,1,1,0,0,1,3,0,0,AI Engineer,1,1,0,1,1,1,0,0,Bachelor's,50.0,7.9,1.0,2,2,1,0.0,1
215,4,Master's,3.0,0,0,0,0,1,1,0,1,5,1,Data Analyst,2,0,1,0,0,0,1,1,Bachelor's,33.33,1.5,1.0,3,2,1,1.0,1
239,8,Bachelor's,8.6,1,1,1,0,1,0,0,4,0,0,AI Engineer,2,1,0,0,0,0,1,0,Master's,50.0,4.3,1.0,2,3,0,0.0,0
415,42,Bachelor's,1.9,1,1,0,0,0,1,0,2,3,1,Business Intelligence,3,0,1,0,0,0,0,0,Diploma,100.0,0.6333333333333333,0.63,2,1,1,0.72,1
739,35,Bachelor's,1.1,0,1,0,0,0,0,0,2,3,1,Data Science,0,0,0,0,0,0,1,0,Master's,0.0,1.0,1.0,2,3,0,0.72,0
742,13,Bachelor's,3.3,1,1,0,0,0,1,0,1,0,0,Data Analyst,3,0,1,1,1,0,1,1,Bachelor's,40.0,1.0999999999999999,1.0,2,2,1,0.0,0
745,5,Bachelor's,1.3,0,0,0,0,0,1,0,1,8,1,Business Intelligence,4,0,1,0,0,0,1,0,Bachelor's,50.0,0.325,0.32,2,2,1,1.0,1
675,40,Bachelor's,3.9,0,1,0,1,0,1,0,2,5,0,Data Analyst,2,1,0,0,0,1,0,1,Bachelor's,0.0,1.95,1.0,2,2,1,0.7,1
126,19,Bachelor's,2.0,0,1,1,0,1,1,0,2,0,1,Business Intelligence,5,1,0,0,0,0,0,1,Bachelor's,0.0,0.4,0.4,2,2,1,0.3,0
941,82,Bachelor's,0.2,1,1,0,0,1,1,0,4,1,1,Data Analyst,3,1,1,1,0,0,0,1,Bachelor's,50.0,0.06666666666666667,0.07,2,2,1,0.44,0
253,97,Master's,0.3,0,1,0,0,0,1,0,2,0,0,Data Analyst,4,0,0,1,0,1,1,0,Bachelor's,33.33,0.075,0.08,3,2,1,0.0,0
845,4,Bachelor's,7.2,0,0,0,1,1,0,0,1,6,1,Data Analyst,2,0,1,0,0,0,1,1,Bachelor's,0.0,3.6,1.0,2,2,1,1.0,0
950,59,Bachelor's,1.4,0,0,1,1,0,1,0,2,2,0,Data Science,2,0,1,0,0,0,0,0,Master's,0.0,0.7,0.7,2,3,0,0.28,0
711,18,Master's,0.4,0,0,0,0,0,1,1,6,6,1,Data Analyst,0,1,1,0,0,1,0,0,Diploma,0.0,1.0,1.0,3,1,1,1.0,1
197,24,Master's,9.1,1,1,0,0,0,1,0,1,3,0,Machine Learning,2,1,1,0,1,0,1,0,Master's,75.0,4.55,1.0,3,3,1,0.42,1
413,31,Master's,0.8,1,0,1,0,1,1,0,1,4,0,AI Engineer,1,1,0,1,1,0,0,0,Master's,66.67,0.8,0.8,3,3,1,0.56,1
456,58,Bachelor's,6.7,1,0,0,0,0,0,0,4,4,1,Data Analyst,4,1,1,1,1,0,0,0,Bachelor's,25.0,1.675,1.0,2,2,1,0.86,0
776,28,Bachelor's,0.9,1,1,1,0,0,1,0,0,1,0,Data Science,1,0,1,0,1,1,0,0,Bachelor's,33.33,0.9,0.9,2,2,1,0.14,0
54,9,Master's,4.0,0,0,0,0,0,1,0,1,3,1,Data Analyst,0,1,1,0,0,0,0,0,Master's,0.0,1.0,1.0,3,3,1,0.72,0
647,45,Bachelor's,0.3,0,0,1,0,1,1,0,1,5,1,Business Intelligence,1,0,0,0,0,0,1,0,Bachelor's,100.0,0.3,0.3,2,2,1,1.0,1
339,90,Bachelor's,0.2,1,1,0,1,0,0,0,1,4,1,Data Science,0,1,1,0,1,0,1,1,Bachelor's,60.0,1.0,1.0,2,2,1,0.86,1
359,49,Master's,0.8,1,1,0,1,1,1,0,0,7,1,Data Science,4,1,1,0,0,0,0,0,Diploma,100.0,0.2,0.2,3,1,1,1.0,0
151,2,Master's,3.1,1,1,0,0,0,0,0,2,2,0,Machine Learning,4,1,1,1,0,0,1,0,Diploma,50.0,0.775,0.78,3,1,1,0.28,0
100,6,Bachelor's,1.1,1,0,0,0,1,0,0,1,2,1,Data Science,2,0,0,0,0,1,0,0,Diploma,100.0,0.55,0.55,2,1,1,0.58,1
234,29,Bachelor's,0.1,0,0,1,0,0,1,0,2,0,0,AI Engineer,0,1,1,1,1,0,1,0,Bachelor's,40.0,1.0,1.0,2,2,1,0.0,1
544,26,Bachelor's,0.7,0,0,0,1,0,0,0,0,6,0,Machine Learning,2,1,0,0,0,1,1,1,Bachelor's,0.0,0.35,0.35,2,2,1,0.7,0
62,28,Bachelor's,10.4,1,0,0,1,0,1,0,3,4,0,Data Science,1,0,1,0,1,1,0,0,Bachelor's,33.33,10.4,1.0,2,2,1,0.56,1
941,7,Bachelor's,0.2,1,1,0,0,1,1,0,4,1,1,AI Engineer,2,1,0,0,0,1,0,0,Bachelor's,100.0,0.1,0.1,2,2,1,0.44,1
196,34,Bachelor's,5.1,1,1,0,1,0,1,0,0,4,1,Machine Learning,2,1,1,0,0,1,0,0,Bachelor's,66.67,2.55,1.0,2,2,1,0.86,1
542,56,Bachelor's,0.3,0,1,0,0,1,1,0,2,4,1,Machine Learning,2,0,1,1,1,1,1,1,Diploma,50.0,0.15,0.15,2,1,1,0.86,1
755,10,Bachelor's,9.3,0,0,1,1,0,1,1,0,5,0,AI Engineer,5,0,1,0,1,1,0,0,Master's,33.33,1.86,1.0,2,3,0,0.7,0
106,57,Bachelor's,0.5,1,0,1,0,0,1,0,5,2,1,Business Intelligence,3,0,1,0,1,0,0,0,Bachelor's,0.0,0.16666666666666666,0.17,2,2,1,0.58,0
295,47,Bachelor's,4.0,1,1,0,1,1,1,0,3,1,0,Data Analyst,0,1,0,0,0,0,0,1,Master's,50.0,1.0,1.0,2,3,0,0.14,0
645,86,Bachelor's,0.2,1,1,1,0,0,1,0,2,3,0,Data Science,3,0,0,1,1,0,1,0,Bachelor's,66.67,0.06666666666666667,0.07,2,2,1,0.42,0
451,27,Master's,1.7,1,0,0,0,1,1,0,2,2,0,Data Science,3,0,1,0,0,1,0,0,Master's,50.0,0.5666666666666667,0.57,3,3,1,0.28,1
534,39,Bachelor's,0.8,1,0,0,1,0,1,0,2,1,0,Data Science,0,1,0,0,1,0,1,1,Master's,75.0,1.0,1.0,2,3,0,0.14,1
156,22,Bachelor's,3.5,1,1,0,0,0,0,0,1,1,0,Data Analyst,2,1,1,0,0,0,1,0,Master's,66.67,1.75,1.0,2,3,0,0.14,0
406,19,Master's,1.6,0,1,1,1,1,1,0,3,2,0,Business Intelligence,5,1,0,0,0,0,0,1,Bachelor's,0.0,0.32,0.32,3,2,1,0.28,0
896,100,Bachelor's,3.3,0,1,0,0,1,0,0,0,0,0,Data Science,5,0,0,0,0,1,0,0,Bachelor's,100.0,0.6599999999999999,0.66,2,2,1,0.0,1
726,9,Master's,0.2,1,1,0,0,0,1,0,3,4,1,Data Analyst,0,1,1,0,0,0,0,0,Master's,100.0,1.0,1.0,3,3,1,0.86,1
738,19,Master's,0.5,1,1,0,0,0,1,0,4,6,0,Business Intelligence,5,1,0,0,0,0,0,1,Bachelor's,50.0,0.1,0.1,3,2,1,0.7,1
797,2,Master's,3.1,1,1,0,0,1,0,0,2,3,0,Machine Learning,4,1,1,1,0,0,1,0,Diploma,50.0,0.775,0.78,3,1,1,0.42,1
683,92,Bachelor's,2.6,1,1,1,1,1,0,0,3,2,1,Machine Learning,3,0,1,0,0,0,1,0,Bachelor's,50.0,0.8666666666666667,0.87,2,2,1,0.58,1
554,61,Bachelor's,5.4,0,1,1,0,0,1,0,3,3,0,Business Intelligence,2,0,0,1,0,0,1,0,Bachelor's,100.0,2.7,1.0,2,2,1,0.42,1
572,59,Master's,0.5,0,1,1,0,0,1,0,0,4,1,Data Science,2,0,1,0,0,0,0,0,Master's,100.0,0.25,0.25,3,3,1,0.86,1
375,86,Diploma,0.7,0,1,0,0,0,1,0,2,3,0,Data Science,3,0,0,1,1,0,1,0,Bachelor's,33.33,0.2333333333333333,0.23,1,2,0,0.42,0
589,70,Bachelor's,1.4,1,0,1,1,0,1,0,0,2,0,AI Engineer,1,1,0,1,0,0,1,0,Bachelor's,100.0,1.4,1.0,2,2,1,0.28,1
455,71,Bachelor's,0.1,0,1,1,0,1,0,1,2,2,0,Data Analyst,2,1,1,0,0,0,0,1,Diploma,66.67,0.05,0.05,2,1,1,0.28,0
202,70,Diploma,0.1,1,1,0,1,0,1,0,5,1,0,AI Engineer,1,1,0,1,0,0,1,0,Bachelor's,66.67,0.1,0.1,1,2,0,0.14,0
732,33,Master's,2.4,1,1,0,0,0,1,0,2,2,0,AI Engineer,3,0,1,0,0,0,0,0,Bachelor's,100.0,0.7999999999999999,0.8,3,2,1,0.28,1
452,78,Bachelor's,2.4,0,1,0,0,1,1,0,2,2,0,Business Intelligence,5,1,0,0,0,1,1,0,Master's,66.67,0.48,0.48,2,3,0,0.28,1
187,65,Master's,2.9,0,0,0,0,1,1,0,2,5,1,Machine Learning,0,1,1,1,0,0,1,0,Master's,25.0,1.0,1.0,3,3,1,1.0,0
608,25,Bachelor's,4.0,1,0,0,1,0,0,0,4,6,1,Data Science,3,1,1,0,0,0,1,0,Bachelor's,33.33,1.3333333333333333,1.0,2,2,1,1.0,1
854,70,Master's,4.7,0,1,0,1,1,1,0,0,3,1,AI Engineer,1,1,0,1,0,0,1,0,Bachelor's,33.33,4.7,1.0,3,2,1,0.72,1
724,28,Master's,0.3,1,0,0,0,0,0,0,0,2,1,Data Science,1,0,1,0,1,1,0,0,Bachelor's,0.0,0.3,0.3,3,2,1,0.58,0
368,18,Master's,6.0,0,0,0,0,0,1,0,1,0,1,Data Analyst,0,1,1,0,0,1,0,0,Diploma,0.0,1.0,1.0,3,1,1,0.3,0
340,63,Diploma,0.1,1,1,0,0,0,1,0,1,2,1,Business Intelligence,5,1,1,0,0,0,0,0,Diploma,100.0,0.02,0.02,1,1,1,0.58,1
262,91,Master's,4.0,0,1,1,1,1,1,0,1,4,0,AI Engineer,5,0,1,0,1,1,1,1,Diploma,80.0,0.8,0.8,3,1,1,0.56,1
841,49,Diploma,1.2,1,1,1,0,1,1,0,1,1,1,Data Science,4,1,1,0,0,0,0,0,Diploma,100.0,0.3,0.3,1,1,1,0.44,1
924,66,Master's,1.1,1,0,1,0,0,1,1,0,0,0,Business Intelligence,1,0,1,1,1,0,1,0,Bachelor's,50.0,1.1,1.0,3,2,1,0.0,1
543,85,Bachelor's,2.1,0,0,0,1,1,1,1,3,2,0,Data Science,1,1,0,0,0,0,0,0,Master's,0.0,2.1,1.0,2,3,0,0.28,0
551,87,Bachelor's,7.6,1,1,1,0,0,0,1,2,8,0,AI Engineer,1,1,0,0,0,0,0,0,Bachelor's,100.0,7.6,1.0,2,2,1,0.7,1
306,66,Master's,5.1,1,0,0,0,0,0,0,5,1,0,Business Intelligence,1,0,1,1,1,0,1,0,Bachelor's,0.0,5.1,1.0,3,2,1,0.14,0
846,80,Bachelor's,0.7,1,1,0,0,0,0,0,2,0,0,Business Intelligence,2,1,1,0,0,1,1,0,Master's,50.0,0.35,0.35,2,3,0,0.0,0
726,4,Master's,0.2,1,1,0,0,0,1,0,3,4,1,Data Analyst,2,0,1,0,0,0,1,1,Bachelor's,66.67,0.1,0.1,3,2,1,0.86,1
638,34,Bachelor's,0.4,0,0,1,1,0,0,0,2,3,1,Machine Learning,2,1,1,0,0,1,0,0,Bachelor's,0.0,0.2,0.2,2,2,1,0.72,0
165,5,Diploma,0.4,1,0,0,0,0,0,0,2,4,1,Business Intelligence,4,0,1,0,0,0,1,0,Bachelor's,0.0,0.1,0.1,1,2,0,0.86,0
758,98,Bachelor's,1.7,0,0,1,0,0,0,0,0,3,0,Machine Learning,2,1,1,0,1,0,0,0,Bachelor's,0.0,0.85,0.85,2,2,1,0.42,0
621,22,Bachelor's,1.6,0,1,1,0,0,0,1,0,4,0,Data Analyst,2,1,1,0,0,0,1,0,Master's,33.33,0.8,0.8,2,3,0,0.56,0
88,20,Bachelor's,0.5,0,0,0,0,0,0,0,2,5,0,Data Analyst,2,1,1,0,0,1,0,0,Bachelor's,0.0,0.25,0.25,2,2,1,0.7,0
200,47,Master's,0.3,1,0,0,0,0,0,0,2,2,1,Data Analyst,0,1,0,0,0,0,0,1,Master's,50.0,1.0,1.0,3,3,1,0.58,1
271,77,Master's,3.0,1,0,0,0,0,1,0,4,2,0,Data Analyst,0,0,1,0,0,0,0,1,Bachelor's,0.0,1.0,1.0,3,2,1,0.28,0
51,34,Master's,5.2,1,0,1,0,0,0,0,0,4,0,Machine Learning,2,1,1,0,0,1,0,0,Bachelor's,33.33,2.6,1.0,3,2,1,0.56,1
489,44,Master's,1.2,0,0,1,0,0,1,0,0,3,0,Business Intelligence,1,1,1,0,0,1,0,0,Bachelor's,0.0,1.2,1.0,3,2,1,0.42,0
198,6,Master's,8.7,0,1,0,0,1,0,0,0,1,1,Data Science,2,0,0,0,0,1,0,0,Diploma,100.0,4.35,1.0,3,1,1,0.44,1
23,56,Bachelor's,6.5,0,1,1,1,1,0,1,4,5,0,Machine Learning,2,0,1,1,1,1,1,1,Diploma,83.33,3.25,1.0,2,1,1,0.7,1
665,29,Bachelor's,12.0,0,1,1,0,1,1,0,1,2,1,AI Engineer,0,1,1,1,1,0,1,0,Bachelor's,60.0,1.0,1.0,2,2,1,0.58,1
223,97,Diploma,1.4,1,0,1,0,0,1,0,1,4,0,Data Analyst,4,0,0,1,0,1,1,0,Bachelor's,66.67,0.35,0.35,1,2,0,0.56,0
942,53,Bachelor's,1.0,0,1,0,0,1,0,0,4,4,0,Data Science,4,1,0,0,1,0,0,0,Bachelor's,0.0,0.25,0.25,2,2,1,0.56,0
221,1,Bachelor's,7.5,0,1,0,0,1,0,1,2,2,1,Data Science,4,1,0,0,1,0,1,0,Bachelor's,0.0,1.875,1.0,2,2,1,0.58,0
663,59,Bachelor's,6.3,1,0,0,1,0,0,0,1,5,0,Data Science,2,0,1,0,0,0,0,0,Master's,0.0,3.15,1.0,2,3,0,0.7,0
266,48,Master's,0.2,0,0,0,0,0,1,0,2,3,1,AI Engineer,1,1,1,1,0,1,0,0,Bachelor's,0.0,0.2,0.2,3,2,1,0.72,0
73,7,Diploma,0.1,1,0,0,0,0,0,0,3,4,0,AI Engineer,2,1,0,0,0,1,0,0,Bachelor's,50.0,0.05,0.05,1,2,0,0.56,0
881,86,Bachelor's,2.9,1,1,0,0,1,1,0,1,4,1,Data Science,3,0,0,1,1,0,1,0,Bachelor's,33.33,0.9666666666666667,0.97,2,2,1,0.86,1
77,32,Master's,1.2,1,1,0,0,0,1,0,5,3,0,AI Engineer,1,0,0,0,0,1,1,0,Diploma,50.0,1.2,1.0,3,1,1,0.42,1
544,78,Bachelor's,0.7,0,0,0,1,0,0,0,0,6,0,Business Intelligence,5,1,0,0,0,1,1,0,Master's,0.0,0.13999999999999999,0.14,2,3,0,0.7,0
881,61,Bachelor's,2.9,1,1,0,0,1,1,0,1,4,1,Business Intelligence,2,0,0,1,0,0,1,0,Bachelor's,50.0,1.45,1.0,2,2,1,0.86,1
937,51,Diploma,0.8,0,0,1,0,0,1,0,5,4,0,Machine Learning,5,0,1,1,0,1,0,0,Master's,33.33,0.16,0.16,1,3,0,0.56,0
65,88,Bachelor's,1.4,1,1,1,0,0,1,1,3,1,1,Data Analyst,0,1,1,1,0,0,1,1,Diploma,100.0,1.0,1.0,2,1,1,0.44,1
961,19,Diploma,0.3,1,1,0,0,0,0,0,2,1,1,Business Intelligence,5,1,0,0,0,0,0,1,Bachelor's,50.0,0.06,0.06,1,2,0,0.44,0
357,27,Diploma,5.8,0,1,0,0,0,0,0,0,3,0,Data Science,3,0,1,0,0,1,0,0,Master's,50.0,1.9333333333333333,1.0,1,3,0,0.42,0
936,63,Bachelor's,4.1,1,1,0,0,0,1,0,2,3,1,Business Intelligence,5,1,1,0,0,0,0,0,Diploma,100.0,0.82,0.82,2,1,1,0.72,1
18,60,Bachelor's,2.1,0,0,1,0,0,1,0,0,5,0,Data Analyst,0,0,1,0,0,0,0,0,Bachelor's,0.0,1.0,1.0,2,2,1,0.7,1
676,61,Master's,0.9,1,0,1,0,1,1,0,0,1,0,Business Intelligence,2,0,0,1,0,0,1,0,Bachelor's,100.0,0.45,0.45,3,2,1,0.14,1
799,61,Bachelor's,0.2,0,0,0,1,0,1,0,1,2,1,Business Intelligence,2,0,0,1,0,0,1,0,Bachelor's,50.0,0.1,0.1,2,2,1,0.58,1
566,87,Bachelor's,1.4,1,1,1,0,0,0,0,4,4,0,AI Engineer,1,1,0,0,0,0,0,0,Bachelor's,100.0,1.4,1.0,2,2,1,0.56,1
575,45,Master's,0.6,1,1,1,0,0,1,1,2,3,1,Business Intelligence,1,0,0,0,0,0,1,0,Bachelor's,100.0,0.6,0.6,3,2,1,0.72,1
769,21,Bachelor's,1.2,1,0,1,0,1,1,0,3,1,0,Data Science,1,1,1,0,0,0,1,1,Bachelor's,50.0,1.2,1.0,2,2,1,0.14,1
751,44,Bachelor's,1.9,1,1,0,0,0,1,0,2,1,0,Business Intelligence,1,1,1,0,0,1,0,0,Bachelor's,66.67,1.9,1.0,2,2,1,0.14,1
436,93,Master's,0.1,1,0,0,0,0,0,0,1,2,1,Data Science,1,0,1,1,0,1,1,0,Bachelor's,0.0,0.1,0.1,3,2,1,0.58,0
996,1,Diploma,2.7,0,0,1,0,0,1,0,3,3,0,Data Science,4,1,0,0,1,0,1,0,Bachelor's,33.33,0.675,0.68,1,2,0,0.42,0
441,95,Diploma,8.8,0,0,1,0,0,0,0,1,3,0,AI Engineer,3,1,1,1,0,1,1,0,Bachelor's,20.0,2.9333333333333336,1.0,1,2,0,0.42,0
9,91,Bachelor's,0.7,1,1,1,0,0,1,0,3,2,1,AI Engineer,5,0,1,0,1,1,1,1,Diploma,40.0,0.13999999999999999,0.14,2,1,1,0.58,0
470,44,Master's,3.8,1,0,1,0,1,1,0,2,5,1,Business Intelligence,1,1,1,0,0,1,0,0,Bachelor's,66.67,3.8,1.0,3,2,1,1.0,1
632,100,Master's,1.1,0,0,0,0,0,0,0,2,7,1,Data Science,5,0,0,0,0,1,0,0,Bachelor's,0.0,0.22000000000000003,0.22,3,2,1,1.0,0
348,62,Diploma,1.2,1,0,0,0,1,1,0,5,2,0,Machine Learning,1,1,1,1,0,0,0,1,Diploma,25.0,1.2,1.0,1,1,1,0.28,1
602,61,Bachelor's,1.0,1,1,1,0,0,1,0,3,3,1,Business Intelligence,2,0,0,1,0,0,1,0,Bachelor's,100.0,0.5,0.5,2,2,1,0.72,1
372,91,Diploma,0.5,0,1,0,0,0,0,0,1,4,0,AI Engineer,5,0,1,0,1,1,1,1,Diploma,20.0,0.1,0.1,1,1,1,0.56,0
970,79,Bachelor's,0.1,1,0,0,1,0,0,0,2,0,1,Data Science,3,1,1,0,0,0,1,0,Bachelor's,33.33,0.03333333333333333,0.03,2,2,1,0.3,0
824,89,Bachelor's,3.7,1,0,0,0,1,0,0,1,4,0,Machine Learning,2,0,0,0,0,1,1,0,Bachelor's,50.0,1.85,1.0,2,2,1,0.56,1
175,79,Bachelor's,2.5,1,0,1,0,0,1,0,1,1,0,Data Science,3,1,1,0,0,0,1,0,Bachelor's,66.67,0.8333333333333334,0.83,2,2,1,0.14,1
515,83,Diploma,0.5,0,1,0,0,0,0,0,3,4,0,Business Intelligence,2,0,1,0,0,0,0,0,Bachelor's,100.0,0.25,0.25,1,2,0,0.56,0
130,50,Bachelor's,0.8,1,1,0,1,0,0,0,1,4,0,AI Engineer,1,1,0,0,0,1,1,0,Master's,33.33,0.8,0.8,2,3,0,0.56,0
566,75,Bachelor's,1.4,1,1,1,0,0,0,0,4,4,0,AI Engineer,2,0,1,1,0,1,1,0,Master's,50.0,0.7,0.7,2,3,0,0.56,0
293,41,Master's,2.1,1,0,0,0,1,1,0,3,4,1,Business Intelligence,2,1,0,0,0,0,1,1,Bachelor's,66.67,1.05,1.0,3,2,1,0.86,1
696,33,Bachelor's,0.2,1,0,1,0,1,0,0,3,1,0,AI Engineer,3,0,1,0,0,0,0,0,Bachelor's,0.0,0.06666666666666667,0.07,2,2,1,0.14,0
927,87,Bachelor's,2.2,0,1,0,1,0,0,0,1,1,0,AI Engineer,1,1,0,0,0,0,0,0,Bachelor's,0.0,2.2,1.0,2,2,1,0.14,1
353,12,Bachelor's,1.4,0,1,0,0,0,1,1,1,2,1,Machine Learning,3,1,1,0,0,1,1,0,Bachelor's,50.0,0.4666666666666666,0.47,2,2,1,0.58,1
224,2,Bachelor's,7.2,1,0,1,0,0,1,1,2,3,0,Machine Learning,4,1,1,1,0,0,1,0,Diploma,75.0,1.8,1.0,2,1,1,0.42,1
524,21,Master's,0.3,1,0,0,0,0,0,0,3,7,0,Data Science,1,1,1,0,0,0,1,1,Bachelor's,25.0,0.3,0.3,3,2,1,0.7,1
954,14,Master's,3.3,1,0,1,0,0,1,0,3,6,0,Data Science,3,1,1,0,0,1,1,0,Bachelor's,50.0,1.0999999999999999,1.0,3,2,1,0.7,1
707,34,Bachelor's,2.6,1,1,1,1,1,1,0,1,5,1,Machine Learning,2,1,1,0,0,1,0,0,Bachelor's,100.0,1.3,1.0,2,2,1,1.0,1
759,79,Master's,0.3,0,0,0,0,1,0,0,5,2,1,Data Science,3,1,1,0,0,0,1,0,Bachelor's,0.0,0.09999999999999999,0.1,3,2,1,0.58,0
509,85,Master's,2.3,0,1,0,0,1,0,1,0,4,0,Data Science,1,1,0,0,0,0,0,0,Master's,0.0,2.3,1.0,3,3,1,0.56,0
368,64,Master's,6.0,0,0,0,0,0,1,0,1,0,1,AI Engineer,3,1,0,1,0,0,1,0,Bachelor's,33.33,2.0,1.0,3,2,1,0.3,1
666,23,Bachelor's,4.8,1,0,1,1,1,1,0,5,4,0,AI Engineer,4,1,0,0,0,1,1,0,Bachelor's,100.0,1.2,1.0,2,2,1,0.56,1
590,85,Bachelor's,3.2,0,0,1,0,1,1,0,2,2,0,Data Science,1,1,0,0,0,0,0,0,Master's,0.0,3.2,1.0,2,3,0,0.28,0
652,50,Bachelor's,0.9,1,0,1,0,1,1,0,0,9,0,AI Engineer,1,1,0,0,0,1,1,0,Master's,100.0,0.9,0.9,2,3,0,0.7,1
500,14,Master's,5.0,1,1,0,0,1,0,0,3,6,0,Data Science,3,1,1,0,0,1,1,0,Bachelor's,75.0,1.6666666666666667,1.0,3,2,1,0.7,1
90,85,Bachelor's,0.7,1,0,0,0,0,1,1,2,6,0,Data Science,1,1,0,0,0,0,0,0,Master's,100.0,0.7,0.7,2,3,0,0.7,1
656,76,Bachelor's,6.9,1,0,0,0,0,0,0,2,4,1,Data Science,0,1,0,0,0,0,1,0,Master's,50.0,1.0,1.0,2,3,0,0.86,0
949,46,Master's,1.0,1,0,1,0,1,0,0,5,3,1,Data Analyst,1,1,1,1,0,0,1,0,Bachelor's,50.0,1.0,1.0,3,2,1,0.72,1
72,5,Bachelor's,0.7,1,1,1,0,0,1,0,2,0,0,Business Intelligence,4,0,1,0,0,0,1,0,Bachelor's,100.0,0.175,0.18,2,2,1,0.0,1
433,66,Bachelor's,1.7,0,1,0,0,1,1,0,3,5,0,Business Intelligence,1,0,1,1,1,0,1,0,Bachelor's,50.0,1.7,1.0,2,2,1,0.7,1
348,70,Diploma,1.2,1,0,0,0,1,1,0,5,2,0,AI Engineer,1,1,0,1,0,0,1,0,Bachelor's,66.67,1.2,1.0,1,2,0,0.28,0
263,2,Bachelor's,0.9,0,0,0,0,0,0,0,0,6,0,Machine Learning,4,1,1,1,0,0,1,0,Diploma,0.0,0.225,0.22,2,1,1,0.7,0
271,29,Master's,3.0,1,0,0,0,0,1,0,4,2,0,AI Engineer,0,1,1,1,1,0,1,0,Bachelor's,40.0,1.0,1.0,3,2,1,0.28,1
509,61,Master's,2.3,0,1,0,0,1,0,1,0,4,0,Business Intelligence,2,0,0,1,0,0,1,0,Bachelor's,0.0,1.15,1.0,3,2,1,0.56,1
508,100,Master's,1.9,1,0,0,0,1,1,0,2,1,0,Data Science,5,0,0,0,0,1,0,0,Bachelor's,100.0,0.38,0.38,3,2,1,0.14,1
617,71,Diploma,12.0,1,1,1,1,0,1,1,1,5,1,Data Analyst,2,1,1,0,0,0,0,1,Diploma,100.0,6.0,1.0,1,1,1,1.0,1
420,16,Master's,6.8,1,0,0,0,0,0,0,5,0,1,AI Engineer,2,1,1,0,1,1,1,0,Master's,20.0,3.4,1.0,3,3,1,0.3,1
72,64,Bachelor's,0.7,1,1,1,0,0,1,0,2,0,0,AI Engineer,3,1,0,1,0,0,1,0,Bachelor's,100.0,0.2333333333333333,0.23,2,2,1,0.0,1
74,97,Master's,0.0,0,0,0,0,0,1,0,0,3,0,Data Analyst,4,0,0,1,0,1,1,0,Bachelor's,33.33,0.0,0.0,3,2,1,0.42,0
655,97,Bachelor's,0.2,0,0,0,0,0,0,0,4,7,0,Data Analyst,4,0,0,1,0,1,1,0,Bachelor's,0.0,0.05,0.05,2,2,1,0.7,0
503,14,Bachelor's,0.1,0,1,0,0,0,1,0,3,2,0,Data Science,3,1,1,0,0,1,1,0,Bachelor's,50.0,0.03333333333333333,0.03,2,2,1,0.28,0
574,43,Bachelor's,5.0,1,1,1,0,1,0,0,1,3,0,AI Engineer,3,1,0,0,0,0,0,0,Bachelor's,100.0,1.6666666666666667,1.0,2,2,1,0.42,1
146,76,Diploma,5.3,0,0,0,1,0,0,0,2,4,0,Data Science,0,1,0,0,0,0,1,0,Master's,0.0,1.0,1.0,1,3,0,0.56,0
46,43,Bachelor's,2.4,0,1,0,0,1,1,0,2,6,0,AI Engineer,3,1,0,0,0,0,0,0,Bachelor's,0.0,0.7999999999999999,0.8,2,2,1,0.7,0
741,70,Bachelor's,4.4,1,1,1,1,0,0,0,1,4,1,AI Engineer,1,1,0,1,0,0,1,0,Bachelor's,66.67,4.4,1.0,2,2,1,0.86,1
105,55,Master's,12.0,0,0,0,0,0,1,1,3,6,1,Machine Learning,2,0,0,0,0,1,1,1,Bachelor's,66.67,6.0,1.0,3,2,1,1.0,1
109,76,Bachelor's,3.0,1,1,1,1,0,0,0,3,4,0,Data Science,0,1,0,0,0,0,1,0,Master's,50.0,1.0,1.0,2,3,0,0.56,1
317,31,Bachelor's,1.9,1,0,1,0,1,1,1,3,4,0,AI Engineer,1,1,0,1,1,0,0,0,Master's,66.67,1.9,1.0,2,3,0,0.56,1
121,76,Master's,5.5,0,0,0,0,0,0,0,2,5,0,Data Science,0,1,0,0,0,0,1,0,Master's,0.0,1.0,1.0,3,3,1,0.7,1
499,74,Master's,1.2,0,0,0,0,0,1,0,3,2,1,Data Science,1,1,1,1,0,0,1,0,Bachelor's,25.0,1.2,1.0,3,2,1,0.58,1
43,40,Diploma,1.0,1,0,0,0,0,0,0,2,3,1,Data Analyst,2,1,0,0,0,1,0,1,Bachelor's,33.33,0.5,0.5,1,2,0,0.72,0
940,27,Bachelor's,0.2,1,0,1,0,0,1,0,4,1,1,Data Science,3,0,1,0,0,1,0,0,Master's,0.0,0.06666666666666667,0.07,2,3,0,0.44,0
99,52,Diploma,3.8,0,0,0,0,0,1,0,2,4,1,Business Intelligence,1,1,0,1,0,0,0,0,Bachelor's,0.0,3.8,1.0,1,2,0,0.86,0
706,7,Master's,0.3,0,1,0,0,1,1,0,1,2,1,AI Engineer,2,1,0,0,0,1,0,0,Bachelor's,50.0,0.15,0.15,3,2,1,0.58,0
311,46,Bachelor's,0.2,1,1,0,0,0,0,0,2,4,0,Data Analyst,1,1,1,1,0,0,1,0,Bachelor's,50.0,0.2,0.2,2,2,1,0.56,1
214,100,Bachelor's,4.0,0,1,0,1,0,1,0,1,2,1,Data Science,5,0,0,0,0,1,0,0,Bachelor's,0.0,0.8,0.8,2,2,1,0.58,0
463,33,Master's,0.3,0,1,1,0,1,0,0,1,3,0,AI Engineer,3,0,1,0,0,0,0,0,Bachelor's,100.0,0.09999999999999999,0.1,3,2,1,0.42,1
741,91,Bachelor's,4.4,1,1,1,1,0,0,0,1,4,1,AI Engineer,5,0,1,0,1,1,1,1,Diploma,40.0,0.8800000000000001,0.88,2,1,1,0.86,1
423,8,Diploma,0.1,0,1,0,1,0,1,0,1,5,1,AI Engineer,2,1,0,0,0,0,1,0,Master's,50.0,0.05,0.05,1,3,0,1.0,0
996,5,Diploma,2.7,0,0,1,0,0,1,0,3,3,0,Business Intelligence,4,0,1,0,0,0,1,0,Bachelor's,50.0,0.675,0.68,1,2,0,0.42,0
389,61,Master's,8.8,0,0,0,0,0,1,0,1,1,0,Business Intelligence,2,0,0,1,0,0,1,0,Bachelor's,50.0,4.4,1.0,3,2,1,0.14,1
697,72,Bachelor's,0.1,0,1,0,0,0,1,1,2,5,0,Data Science,5,1,0,0,0,0,0,1,Master's,50.0,0.02,0.02,2,3,0,0.7,0
112,60,Bachelor's,0.6,1,0,0,1,0,0,0,0,3,0,Data Analyst,0,0,1,0,0,0,0,0,Bachelor's,0.0,1.0,1.0,2,2,1,0.42,0
911,85,Bachelor's,0.9,1,0,1,0,0,0,0,2,4,0,Data Science,1,1,0,0,0,0,0,0,Master's,100.0,0.9,0.9,2,3,0,0.56,1
859,24,Bachelor's,4.6,1,0,1,0,1,1,0,2,1,0,Machine Learning,2,1,1,0,1,0,1,0,Master's,50.0,2.3,1.0,2,3,0,0.14,0
996,83,Diploma,2.7,0,0,1,0,0,1,0,3,3,0,Business Intelligence,2,0,1,0,0,0,0,0,Bachelor's,0.0,1.35,1.0,1,2,0,0.42,0
102,95,Bachelor's,8.7,1,1,0,0,1,1,1,1,1,1,AI Engineer,3,1,1,1,0,1,1,0,Bachelor's,80.0,2.9,1.0,2,2,1,0.44,1
210,36,Bachelor's,12.0,0,1,0,0,0,0,0,1,3,1,Business Intelligence,0,0,1,1,0,1,1,0,Master's,25.0,1.0,1.0,2,3,0,0.72,0
739,27,Bachelor's,1.1,0,1,0,0,0,0,0,2,3,1,Data Science,3,0,1,0,0,1,0,0,Master's,50.0,0.3666666666666667,0.37,2,3,0,0.72,0
793,29,Bachelor's,1.8,0,1,0,1,0,1,0,1,3,0,AI Engineer,0,1,1,1,1,0,1,0,Bachelor's,60.0,1.0,1.0,2,2,1,0.42,1
22,87,Bachelor's,0.9,0,0,0,0,1,0,1,1,4,0,AI Engineer,1,1,0,0,0,0,0,0,Bachelor's,0.0,0.9,0.9,2,2,1,0.56,1
760,20,Master's,2.0,1,1,1,0,0,1,0,3,3,0,Data Analyst,2,1,1,0,0,1,0,0,Bachelor's,66.67,1.0,1.0,3,2,1,0.42,1
159,70,Bachelor's,5.1,1,1,1,0,0,1,0,1,2,0,AI Engineer,1,1,0,1,0,0,1,0,Bachelor's,100.0,5.1,1.0,2,2,1,0.28,1
891,76,Master's,0.3,1,1,0,0,0,1,0,4,4,0,Data Science,0,1,0,0,0,0,1,0,Master's,100.0,1.0,1.0,3,3,1,0.56,1
741,76,Bachelor's,4.4,1,1,1,1,0,0,0,1,4,1,Data Science,0,1,0,0,0,0,1,0,Master's,50.0,1.0,1.0,2,3,0,0.86,1
930,3,Bachelor's,0.2,1,0,1,1,0,1,1,0,3,1,AI Engineer,3,0,1,1,0,0,0,0,Diploma,50.0,0.06666666666666667,0.07,2,1,1,0.72,0
343,39,Bachelor's,5.1,1,1,1,0,0,0,0,1,7,1,Data Science,0,1,0,0,1,0,1,1,Master's,25.0,1.0,1.0,2,3,0,1.0,1
400,99,Master's,3.1,0,1,0,1,1,1,1,1,1,0,AI Engineer,2,1,1,0,1,0,0,0,Diploma,66.67,1.55,1.0,3,1,1,0.14,1
454,83,Master's,2.1,1,0,1,0,0,0,0,2,2,1,Business Intelligence,2,0,1,0,0,0,0,0,Bachelor's,0.0,1.05,1.0,3,2,1,0.58,1
143,68,Bachelor's,2.8,0,1,0,0,0,0,0,1,1,1,Data Science,4,1,0,0,0,0,1,0,Bachelor's,0.0,0.7,0.7,2,2,1,0.44,0
850,31,Bachelor's,2.6,1,0,0,0,0,1,0,3,4,1,AI Engineer,1,1,0,1,1,0,0,0,Master's,33.33,2.6,1.0,2,3,0,0.86,1
870,38,Master's,3.2,1,0,1,0,1,1,0,1,5,0,AI Engineer,2,1,1,1,0,0,0,1,Bachelor's,50.0,1.6,1.0,3,2,1,0.7,1
397,97,Master's,1.4,1,1,0,0,0,1,0,2,2,0,Data Analyst,4,0,0,1,0,1,1,0,Bachelor's,33.33,0.35,0.35,3,2,1,0.28,0
536,6,Master's,0.3,0,0,0,0,0,0,0,1,4,1,Data Science,2,0,0,0,0,1,0,0,Diploma,0.0,0.15,0.15,3,1,1,0.86,0
141,8,Master's,4.4,0,0,0,0,0,0,0,1,5,1,AI Engineer,2,1,0,0,0,0,1,0,Master's,0.0,2.2,1.0,3,3,1,1.0,0
961,28,Diploma,0.3,1,1,0,0,0,0,0,2,1,1,Data Science,1,0,1,0,1,1,0,0,Bachelor's,33.33,0.3,0.3,1,2,0,0.44,0
240,15,Bachelor's,0.5,1,1,0,0,1,1,0,1,2,1,AI Engineer,0,1,1,1,0,0,1,1,Master's,60.0,1.0,1.0,2,3,0,0.58,1
292,95,Diploma,0.4,1,1,0,0,0,1,0,3,3,1,AI Engineer,3,1,1,1,0,1,1,0,Bachelor's,60.0,0.13333333333333333,0.13,1,2,0,0.72,0
817,8,Bachelor's,0.9,1,0,1,0,0,1,0,3,5,0,AI Engineer,2,1,0,0,0,0,1,0,Master's,100.0,0.45,0.45,2,3,0,0.7,0
82,54,Bachelor's,0.2,1,1,0,0,1,0,0,1,3,1,Data Analyst,3,1,0,0,0,1,1,0,Bachelor's,66.67,0.06666666666666667,0.07,2,2,1,0.72,0
560,6,Bachelor's,5.8,1,0,1,0,1,0,1,1,6,0,Data Science,2,0,0,0,0,1,0,0,Diploma,100.0,2.9,1.0,2,1,1,0.7,1
865,29,Bachelor's,10.4,1,0,0,0,0,1,0,0,4,1,AI Engineer,0,1,1,1,1,0,1,0,Bachelor's,40.0,1.0,1.0,2,2,1,0.86,1
870,34,Master's,3.2,1,0,1,0,1,1,0,1,5,0,Machine Learning,2,1,1,0,0,1,0,0,Bachelor's,66.67,1.6,1.0,3,2,1,0.7,1
171,7,Bachelor's,2.4,0,1,0,0,0,1,1,2,1,0,AI Engineer,2,1,0,0,0,1,0,0,Bachelor's,0.0,1.2,1.0,2,2,1,0.14,0
774,40,Bachelor's,7.8,1,1,1,0,0,1,0,2,4,0,Data Analyst,2,1,0,0,0,1,0,1,Bachelor's,33.33,3.9,1.0,2,2,1,0.56,1
977,74,Bachelor's,0.8,0,0,0,0,1,0,0,0,2,0,Data Science,1,1,1,1,0,0,1,0,Bachelor's,0.0,0.8,0.8,2,2,1,0.28,0
580,13,Bachelor's,2.0,0,0,0,0,0,0,0,1,4,0,Data Analyst,3,0,1,1,1,0,1,1,Bachelor's,0.0,0.6666666666666666,0.67,2,2,1,0.56,1
542,86,Bachelor's,0.3,0,1,0,0,1,1,0,2,4,1,Data Science,3,0,0,1,1,0,1,0,Bachelor's,33.33,0.09999999999999999,0.1,2,2,1,0.86,0
110,85,Diploma,0.4,0,1,0,1,1,1,0,5,1,1,Data Science,1,1,0,0,0,0,0,0,Master's,0.0,0.4,0.4,1,3,0,0.44,0
212,65,Bachelor's,1.5,0,1,0,0,0,1,0,0,5,1,Machine Learning,0,1,1,1,0,0,1,0,Master's,50.0,1.0,1.0,2,3,0,1.0,0
776,41,Bachelor's,0.9,1,1,1,0,0,1,0,0,1,0,Business Intelligence,2,1,0,0,0,0,1,1,Bachelor's,66.67,0.45,0.45,2,2,1,0.14,1
438,42,Master's,3.0,1,1,1,1,0,1,0,1,4,1,Business Intelligence,3,0,1,0,0,0,0,0,Diploma,100.0,1.0,1.0,3,1,1,0.86,1
322,66,Master's,0.4,0,0,1,0,0,1,0,1,2,1,Business Intelligence,1,0,1,1,1,0,1,0,Bachelor's,50.0,0.4,0.4,3,2,1,0.58,1
997,93,Master's,7.8,1,0,0,0,0,1,0,0,2,0,Data Science,1,0,1,1,0,1,1,0,Bachelor's,25.0,7.8,1.0,3,2,1,0.28,1
900,11,Diploma,3.8,1,1,1,0,0,0,1,2,4,0,Data Analyst,3,1,1,0,0,1,0,1,Master's,75.0,1.2666666666666666,1.0,1,3,0,0.56,1
714,50,Bachelor's,1.5,1,1,1,1,1,1,0,1,1,1,AI Engineer,1,1,0,0,0,1,1,0,Master's,100.0,1.5,1.0,2,3,0,0.44,1
84,71,Diploma,5.3,0,1,1,0,0,1,0,3,3,1,Data Analyst,2,1,1,0,0,0,0,1,Diploma,33.33,2.65,1.0,1,1,1,0.72,1
956,35,Bachelor's,6.8,0,1,1,0,0,1,0,2,3,0,Data Science,0,0,0,0,0,0,1,0,Master's,100.0,1.0,1.0,2,3,0,0.42,1
376,94,Bachelor's,5.1,1,1,0,1,0,1,0,0,1,0,Business Intelligence,1,0,1,0,1,0,0,1,Diploma,66.67,5.1,1.0,2,1,1,0.14,0
53,80,Master's,7.0,1,0,1,0,0,0,1,5,2,0,Business Intelligence,2,1,1,0,0,1,1,0,Master's,25.0,3.5,1.0,3,3,1,0.28,1
867,79,Bachelor's,0.1,1,0,0,0,0,1,0,5,2,1,Data Science,3,1,1,0,0,0,1,0,Bachelor's,66.67,0.03333333333333333,0.03,2,2,1,0.58,1
496,20,Bachelor's,2.8,1,0,0,0,0,1,1,0,0,1,Data Analyst,2,1,1,0,0,1,0,0,Bachelor's,33.33,1.4,1.0,2,2,1,0.3,1
256,28,Bachelor's,1.4,0,0,1,0,0,1,1,3,1,0,Data Science,1,0,1,0,1,1,0,0,Bachelor's,0.0,1.4,1.0,2,2,1,0.14,1
586,37,Bachelor's,0.4,0,0,1,0,0,0,0,1,1,1,Data Analyst,0,1,0,0,0,0,0,0,Bachelor's,0.0,1.0,1.0,2,2,1,0.44,0
220,3,Master's,0.8,1,1,0,0,0,0,0,2,3,0,AI Engineer,3,0,1,1,0,0,0,0,Diploma,50.0,0.26666666666666666,0.27,3,1,1,0.42,1
655,93,Bachelor's,0.2,0,0,0,0,0,0,0,4,7,0,Data Science,1,0,1,1,0,1,1,0,Bachelor's,0.0,0.2,0.2,2,2,1,0.7,0
100,59,Bachelor's,1.1,1,0,0,0,1,0,0,1,2,1,Data Science,2,0,1,0,0,0,0,0,Master's,0.0,0.55,0.55,2,3,0,0.58,0
918,27,Master's,2.2,0,0,0,0,1,1,1,2,5,0,Data Science,3,0,1,0,0,1,0,0,Master's,50.0,0.7333333333333334,0.73,3,3,1,0.7,0
219,32,Bachelor's,2.7,0,1,1,0,0,0,0,1,2,1,AI Engineer,1,0,0,0,0,1,1,0,Diploma,0.0,2.7,1.0,2,1,1,0.58,0
477,48,Diploma,4.1,1,1,0,0,0,0,0,5,3,0,AI Engineer,1,1,1,1,0,1,0,0,Bachelor's,50.0,4.1,1.0,1,2,0,0.42,1
783,46,Bachelor's,1.5,0,0,0,0,0,0,0,3,4,1,Data Analyst,1,1,1,1,0,0,1,0,Bachelor's,0.0,1.5,1.0,2,2,1,0.86,1
458,95,Bachelor's,2.8,0,1,0,0,0,1,0,4,0,1,AI Engineer,3,1,1,1,0,1,1,0,Bachelor's,40.0,0.9333333333333332,0.93,2,2,1,0.3,1
980,47,Bachelor's,4.6,0,0,0,0,0,0,0,3,1,0,Data Analyst,0,1,0,0,0,0,0,1,Master's,0.0,1.0,1.0,2,3,0,0.14,0
22,90,Bachelor's,0.9,0,0,0,0,1,0,1,1,4,0,Data Science,0,1,1,0,1,0,1,1,Bachelor's,20.0,1.0,1.0,2,2,1,0.56,1
690,40,Bachelor's,3.6,1,0,1,0,0,0,0,2,2,0,Data Analyst,2,1,0,0,0,1,0,1,Bachelor's,33.33,1.8,1.0,2,2,1,0.28,1
560,3,Bachelor's,5.8,1,0,1,0,1,0,1,1,6,0,AI Engineer,3,0,1,1,0,0,0,0,Diploma,50.0,1.9333333333333333,1.0,2,1,1,0.7,1
629,75,Diploma,0.3,1,1,0,0,0,0,0,0,4,0,AI Engineer,2,0,1,1,0,1,1,0,Master's,25.0,0.15,0.15,1,3,0,0.56,0
329,29,Bachelor's,2.7,0,0,0,0,0,1,1,4,4,0,AI Engineer,0,1,1,1,1,0,1,0,Bachelor's,20.0,1.0,1.0,2,2,1,0.56,1
888,91,Bachelor's,0.7,1,1,1,1,0,1,0,0,8,0,AI Engineer,5,0,1,0,1,1,1,1,Diploma,60.0,0.13999999999999999,0.14,2,1,1,0.7,1
691,58,Bachelor's,0.5,1,1,0,0,1,1,0,0,5,1,Data Analyst,4,1,1,1,1,0,0,0,Bachelor's,50.0,0.125,0.12,2,2,1,1.0,1
480,50,Bachelor's,1.4,0,0,0,0,0,1,1,1,1,0,AI Engineer,1,1,0,0,0,1,1,0,Master's,33.33,1.4,1.0,2,3,0,0.14,0
785,10,Bachelor's,2.7,0,1,0,0,1,0,0,3,2,0,AI Engineer,5,0,1,0,1,1,0,0,Master's,66.67,0.54,0.54,2,3,0,0.28,0
874,61,Bachelor's,4.6,1,1,0,1,0,0,0,3,1,0,Business Intelligence,2,0,0,1,0,0,1,0,Bachelor's,0.0,2.3,1.0,2,2,1,0.14,0
339,99,Bachelor's,0.2,1,1,0,1,0,0,0,1,4,1,AI Engineer,2,1,1,0,1,0,0,0,Diploma,100.0,0.1,0.1,2,1,1,0.86,1
872,61,Bachelor's,0.6,0,0,0,0,0,1,0,3,3,0,Business Intelligence,2,0,0,1,0,0,1,0,Bachelor's,50.0,0.3,0.3,2,2,1,0.42,0
859,23,Bachelor's,4.6,1,0,1,0,1,1,0,2,1,0,AI Engineer,4,1,0,0,0,1,1,0,Bachelor's,100.0,1.15,1.0,2,2,1,0.14,1
179,6,Master's,3.6,0,1,0,0,0,1,0,5,6,0,Data Science,2,0,0,0,0,1,0,0,Diploma,0.0,1.8,1.0,3,1,1,0.7,0
421,75,Master's,1.0,1,1,0,0,1,1,0,2,1,0,AI Engineer,2,0,1,1,0,1,1,0,Master's,75.0,0.5,0.5,3,3,1,0.14,0
482,60,Bachelor's,0.3,0,1,0,0,0,1,0,1,0,1,Data Analyst,0,0,1,0,0,0,0,0,Bachelor's,100.0,1.0,1.0,2,2,1,0.3,1
49,27,Bachelor's,5.1,1,0,1,0,1,1,1,2,3,1,Data Science,3,0,1,0,0,1,0,0,Master's,50.0,1.7,1.0,2,3,0,0.72,1
827,55,Bachelor's,0.1,0,0,1,0,0,0,0,1,3,0,Machine Learning,2,0,0,0,0,1,1,1,Bachelor's,0.0,0.05,0.05,2,2,1,0.42,0
906,31,Master's,0.6,1,0,0,0,0,0,0,0,2,1,AI Engineer,1,1,0,1,1,0,0,0,Master's,33.33,0.6,0.6,3,3,1,0.58,1
767,30,Master's,3.3,1,1,1,0,1,1,0,2,1,0,Data Analyst,1,1,1,0,1,1,0,0,Bachelor's,75.0,3.3,1.0,3,2,1,0.14,1
30,67,Diploma,4.4,0,1,0,0,0,1,1,2,2,1,Data Science,0,1,1,1,0,1,1,0,Bachelor's,40.0,1.0,1.0,1,2,0,0.58,1
85,13,Bachelor's,7.2,1,1,0,0,0,0,0,1,2,1,Data Analyst,3,0,1,1,1,0,1,1,Bachelor's,20.0,2.4,1.0,2,2,1,0.58,1
789,59,Bachelor's,0.2,0,0,0,1,1,1,0,1,2,0,Data Science,2,0,1,0,0,0,0,0,Master's,0.0,0.1,0.1,2,3,0,0.28,0
502,54,Bachelor's,1.6,0,1,0,0,0,0,0,2,8,0,Data Analyst,3,1,0,0,0,1,1,0,Bachelor's,0.0,0.5333333333333333,0.53,2,2,1,0.7,1
546,21,Bachelor's,1.7,1,0,1,0,0,1,0,2,4,1,Data Science,1,1,1,0,0,0,1,1,Bachelor's,50.0,1.7,1.0,2,2,1,0.86,1
329,43,Bachelor's,2.7,0,0,0,0,0,1,1,4,4,0,AI Engineer,3,1,0,0,0,0,0,0,Bachelor's,0.0,0.9,0.9,2,2,1,0.56,0
610,11,Bachelor's,1.9,1,1,0,0,0,1,1,1,3,1,Data Analyst,3,1,1,0,0,1,0,1,Master's,75.0,0.6333333333333333,0.63,2,3,0,0.72,0
434,67,Bachelor's,2.7,1,0,1,0,0,1,1,4,5,1,Data Science,0,1,1,1,0,1,1,0,Bachelor's,60.0,1.0,1.0,2,2,1,1.0,1
588,38,Bachelor's,1.3,0,1,0,0,0,0,0,2,5,1,AI Engineer,2,1,1,1,0,0,0,1,Bachelor's,25.0,0.65,0.65,2,2,1,1.0,1
687,95,Bachelor's,6.4,1,1,0,0,0,0,0,4,2,1,AI Engineer,3,1,1,1,0,1,1,0,Bachelor's,40.0,2.1333333333333333,1.0,2,2,1,0.58,1
853,24,Bachelor's,4.9,1,1,1,1,1,0,0,3,4,1,Machine Learning,2,1,1,0,1,0,1,0,Master's,75.0,2.45,1.0,2,3,0,0.86,1
249,51,Master's,6.3,0,1,0,0,1,1,1,2,4,0,Machine Learning,5,0,1,1,0,1,0,0,Master's,66.67,1.26,1.0,3,3,1,0.56,1
852,76,Master's,4.2,1,0,0,1,1,0,0,4,3,1,Data Science,0,1,0,0,0,0,1,0,Master's,50.0,1.0,1.0,3,3,1,0.72,1
134,61,Bachelor's,0.6,1,1,0,0,0,1,0,2,4,0,Business Intelligence,2,0,0,1,0,0,1,0,Bachelor's,50.0,0.3,0.3,2,2,1,0.56,1
690,46,Bachelor's,3.6,1,0,1,0,0,0,0,2,2,0,Data Analyst,1,1,1,1,0,0,1,0,Bachelor's,50.0,3.6,1.0,2,2,1,0.28,0
365,43,Master's,3.3,0,1,0,0,0,1,0,3,4,0,AI Engineer,3,1,0,0,0,0,0,0,Bachelor's,0.0,1.0999999999999999,1.0,3,2,1,0.56,1
740,27,Bachelor's,1.3,1,1,0,0,1,1,0,1,3,0,Data Science,3,0,1,0,0,1,0,0,Master's,100.0,0.43333333333333335,0.43,2,3,0,0.42,0
575,85,Master's,0.6,1,1,1,0,0,1,1,2,3,1,Data Science,1,1,0,0,0,0,0,0,Master's,100.0,0.6,0.6,3,3,1,0.72,1
780,89,Bachelor's,4.6,1,1,0,0,0,1,0,4,4,1,Machine Learning,2,0,0,0,0,1,1,0,Bachelor's,50.0,2.3,1.0,2,2,1,0.86,1
425,30,Diploma,10.8,1,1,0,0,0,1,0,2,3,1,Data Analyst,1,1,1,0,1,1,0,0,Bachelor's,50.0,10.8,1.0,1,2,0,0.72,0
415,94,Bachelor's,1.9,1,1,0,0,0,1,0,2,3,1,Business Intelligence,1,0,1,0,1,0,0,1,Diploma,33.33,1.9,1.0,2,1,1,0.72,1
770,63,Master's,1.3,0,0,0,1,0,0,0,2,3,0,Business Intelligence,5,1,1,0,0,0,0,0,Diploma,0.0,0.26,0.26,3,1,1,0.42,0
656,10,Bachelor's,6.9,1,0,0,0,0,0,0,2,4,1,AI Engineer,5,0,1,0,1,1,0,0,Master's,0.0,1.3800000000000001,1.0,2,3,0,0.86,0
512,3,Bachelor's,3.2,0,0,0,1,1,0,0,3,2,1,AI Engineer,3,0,1,1,0,0,0,0,Diploma,0.0,1.0666666666666667,1.0,2,1,1,0.58,1
385,77,Master's,2.7,1,0,1,0,0,0,0,2,4,0,Data Analyst,0,0,1,0,0,0,0,1,Bachelor's,0.0,1.0,1.0,3,2,1,0.56,1
388,60,Bachelor's,0.4,0,1,0,1,1,0,0,2,2,0,Data Analyst,0,0,1,0,0,0,0,0,Bachelor's,100.0,1.0,1.0,2,2,1,0.28,1
815,27,Master's,0.2,0,0,1,0,0,1,0,2,2,1,Data Science,3,0,1,0,0,1,0,0,Master's,0.0,0.06666666666666667,0.07,3,3,1,0.58,0
449,82,Bachelor's,7.2,1,1,0,0,0,0,0,4,9,1,Data Analyst,3,1,1,1,0,0,0,1,Bachelor's,50.0,2.4,1.0,2,2,1,1.0,1
564,45,Diploma,0.8,1,0,0,0,0,0,1,3,7,1,Business Intelligence,1,0,0,0,0,0,1,0,Bachelor's,0.0,0.8,0.8,1,2,0,1.0,0
303,62,Bachelor's,0.1,1,1,1,1,0,1,0,1,4,1,Machine Learning,1,1,1,1,0,0,0,1,Diploma,75.0,0.1,0.1,2,1,1,0.86,1
99,24,Diploma,3.8,0,0,0,0,0,1,0,2,4,1,Machine Learning,2,1,1,0,1,0,1,0,Master's,25.0,1.9,1.0,1,3,0,0.86,1
973,46,Master's,0.8,0,0,0,1,0,1,0,0,2,1,Data Analyst,1,1,1,1,0,0,1,0,Bachelor's,25.0,0.8,0.8,3,2,1,0.58,1
306,78,Master's,5.1,1,0,0,0,0,0,0,5,1,0,Business Intelligence,5,1,0,0,0,1,1,0,Master's,33.33,1.02,1.0,3,3,1,0.14,1
557,44,Bachelor's,2.4,1,0,1,0,0,1,0,3,4,1,Business Intelligence,1,1,1,0,0,1,0,0,Bachelor's,33.33,2.4,1.0,2,2,1,0.86,1
42,63,Bachelor's,3.9,0,1,0,0,0,1,0,5,3,0,Business Intelligence,5,1,1,0,0,0,0,0,Diploma,50.0,0.78,0.78,2,1,1,0.42,0
991,4,Master's,3.6,1,0,1,0,1,0,0,1,2,1,Data Analyst,2,0,1,0,0,0,1,1,Bachelor's,0.0,1.8,1.0,3,2,1,0.58,0
468,16,Master's,1.3,1,1,0,1,0,0,0,2,4,1,AI Engineer,2,1,1,0,1,1,1,0,Master's,60.0,0.65,0.65,3,3,1,0.86,1
440,51,Diploma,2.8,1,1,0,1,0,1,0,0,2,1,Machine Learning,5,0,1,1,0,1,0,0,Master's,33.33,0.5599999999999999,0.56,1,3,0,0.58,0
327,74,Bachelor's,0.5,0,1,0,0,1,1,0,2,3,0,Data Science,1,1,1,1,0,0,1,0,Bachelor's,50.0,0.5,0.5,2,2,1,0.42,1
569,91,Master's,2.4,0,1,0,1,0,0,0,1,2,1,AI Engineer,5,0,1,0,1,1,1,1,Diploma,40.0,0.48,0.48,3,1,1,0.58,0
1000,48,Bachelor's,0.8,0,0,0,0,0,1,1,0,4,1,AI Engineer,1,1,1,1,0,1,0,0,Bachelor's,0.0,0.8,0.8,2,2,1,0.86,0
33,65,Diploma,0.7,1,1,0,0,1,1,0,4,2,0,Machine Learning,0,1,1,1,0,0,1,0,Master's,75.0,1.0,1.0,1,3,0,0.28,0
412,69,Master's,0.3,1,0,0,0,0,1,1,2,4,1,Data Science,5,1,0,1,0,0,1,0,Bachelor's,66.67,0.06,0.06,3,2,1,0.86,1
626,77,Bachelor's,2.9,0,0,1,1,0,0,0,0,1,0,Data Analyst,0,0,1,0,0,0,0,1,Bachelor's,0.0,1.0,1.0,2,2,1,0.14,1
812,45,Master's,3.6,0,0,1,1,0,1,0,0,3,1,Business Intelligence,1,0,0,0,0,0,1,0,Bachelor's,100.0,3.6,1.0,3,2,1,0.72,1
114,3,Master's,1.9,0,0,0,0,0,1,0,4,3,0,AI Engineer,3,0,1,1,0,0,0,0,Diploma,0.0,0.6333333333333333,0.63,3,1,1,0.42,0
508,17,Master's,1.9,1,0,0,0,1,1,0,2,1,0,AI Engineer,4,1,0,1,0,1,0,0,Bachelor's,66.67,0.475,0.48,3,2,1,0.14,1
56,83,Master's,1.1,0,1,0,0,0,1,0,0,1,1,Business Intelligence,2,0,1,0,0,0,0,0,Bachelor's,100.0,0.55,0.55,3,2,1,0.44,1
556,37,Bachelor's,0.6,0,1,0,0,1,1,0,2,4,0,Data Analyst,0,1,0,0,0,0,0,0,Bachelor's,0.0,1.0,1.0,2,2,1,0.56,1
724,5,Master's,0.3,1,0,0,0,0,0,0,0,2,1,Business Intelligence,4,0,1,0,0,0,1,0,Bachelor's,0.0,0.075,0.08,3,2,1,0.58,0
352,47,Master's,2.2,0,0,0,1,0,1,0,1,3,1,Data Analyst,0,1,0,0,0,0,0,1,Master's,0.0,1.0,1.0,3,3,1,0.72,1
329,44,Bachelor's,2.7,0,0,0,0,0,1,1,4,4,0,Business Intelligence,1,1,1,0,0,1,0,0,Bachelor's,0.0,2.7,1.0,2,2,1,0.56,1
546,88,Bachelor's,1.7,1,0,1,0,0,1,0,2,4,1,Data Analyst,0,1,1,1,0,0,1,1,Diploma,60.0,1.0,1.0,2,1,1,0.86,1
270,33,Bachelor's,0.9,1,1,1,0,0,1,0,0,2,1,AI Engineer,3,0,1,0,0,0,0,0,Bachelor's,100.0,0.3,0.3,2,2,1,0.58,1
196,21,Bachelor's,5.1,1,1,0,1,0,1,0,0,4,1,Data Science,1,1,1,0,0,0,1,1,Bachelor's,75.0,5.1,1.0,2,2,1,0.86,1
413,67,Master's,0.8,1,0,1,0,1,1,0,1,4,0,Data Science,0,1,1,1,0,1,1,0,Bachelor's,80.0,1.0,1.0,3,2,1,0.56,1
637,68,Bachelor's,1.3,0,1,0,0,1,1,1,0,3,0,Data Science,4,1,0,0,0,0,1,0,Bachelor's,50.0,0.325,0.32,2,2,1,0.42,0
79,32,Bachelor's,0.6,0,0,1,0,0,1,0,1,3,0,AI Engineer,1,0,0,0,0,1,1,0,Diploma,50.0,0.6,0.6,2,1,1,0.42,1
767,24,Master's,3.3,1,1,1,0,1,1,0,2,1,0,Machine Learning,2,1,1,0,1,0,1,0,Master's,75.0,1.65,1.0,3,3,1,0.14,1
657,35,Bachelor's,2.0,0,0,1,0,0,0,0,2,4,1,Data Science,0,0,0,0,0,0,1,0,Master's,0.0,1.0,1.0,2,3,0,0.86,0
83,18,Bachelor's,1.4,1,0,0,1,0,1,0,0,3,1,Data Analyst,0,1,1,0,0,1,0,0,Diploma,33.33,1.0,1.0,2,1,1,0.72,1
742,67,Bachelor's,3.3,1,1,0,0,0,1,0,1,0,0,Data Science,0,1,1,1,0,1,1,0,Bachelor's,60.0,1.0,1.0,2,2,1,0.0,0
137,54,Bachelor's,4.8,1,1,1,0,0,0,0,2,4,1,Data Analyst,3,1,0,0,0,1,1,0,Bachelor's,33.33,1.5999999999999999,1.0,2,2,1,0.86,1
539,26,Bachelor's,0.5,0,1,0,0,0,1,0,0,0,0,Machine Learning,2,1,0,0,0,1,1,1,Bachelor's,25.0,0.25,0.25,2,2,1,0.0,0
689,60,Master's,2.3,1,0,0,0,0,1,0,2,2,0,Data Analyst,0,0,1,0,0,0,0,0,Bachelor's,0.0,1.0,1.0,3,2,1,0.28,0
719,88,Bachelor's,10.3,0,0,0,0,0,1,1,1,3,1,Data Analyst,0,1,1,1,0,0,1,1,Diploma,40.0,1.0,1.0,2,1,1,0.72,1
933,65,Master's,2.1,1,1,1,0,0,1,0,1,6,1,Machine Learning,0,1,1,1,0,0,1,0,Master's,100.0,1.0,1.0,3,3,1,1.0,1
924,51,Master's,1.1,1,0,1,0,0,1,1,0,0,0,Machine Learning,5,0,1,1,0,1,0,0,Master's,33.33,0.22000000000000003,0.22,3,3,1,0.0,1
306,98,Master's,5.1,1,0,0,0,0,0,0,5,1,0,Machine Learning,2,1,1,0,1,0,0,0,Bachelor's,33.33,2.55,1.0,3,2,1,0.14,1
311,60,Bachelor's,0.2,1,1,0,0,0,0,0,2,4,0,Data Analyst,0,0,1,0,0,0,0,0,Bachelor's,100.0,1.0,1.0,2,2,1,0.56,1
388,59,Bachelor's,0.4,0,1,0,1,1,0,0,2,2,0,Data Science,2,0,1,0,0,0,0,0,Master's,100.0,0.2,0.2,2,3,0,0.28,0
725,76,Bachelor's,2.9,1,0,0,0,0,0,1,3,1,1,Data Science,0,1,0,0,0,0,1,0,Master's,50.0,1.0,1.0,2,3,0,0.44,0
866,17,Bachelor's,6.9,0,0,0,0,0,0,0,2,7,1,AI Engineer,4,1,0,1,0,1,0,0,Bachelor's,0.0,1.725,1.0,2,2,1,1.0,1
915,85,Bachelor's,1.5,1,1,0,0,0,1,0,0,6,1,Data Science,1,1,0,0,0,0,0,0,Master's,100.0,1.5,1.0,2,3,0,1.0,1
549,21,Bachelor's,0.1,1,0,1,0,0,0,0,2,2,1,Data Science,1,1,1,0,0,0,1,1,Bachelor's,25.0,0.1,0.1,2,2,1,0.58,0
506,67,Bachelor's,1.3,1,1,0,0,1,0,0,1,2,0,Data Science,0,1,1,1,0,1,1,0,Bachelor's,60.0,1.0,1.0,2,2,1,0.28,1
388,28,Bachelor's,0.4,0,1,0,1,1,0,0,2,2,0,Data Science,1,0,1,0,1,1,0,0,Bachelor's,100.0,0.4,0.4,2,2,1,0.28,1
293,89,Master's,2.1,1,0,0,0,1,1,0,3,4,1,Machine Learning,2,0,0,0,0,1,1,0,Bachelor's,100.0,1.05,1.0,3,2,1,0.86,1
179,44,Master's,3.6,0,1,0,0,0,1,0,5,6,0,Business Intelligence,1,1,1,0,0,1,0,0,Bachelor's,33.33,3.6,1.0,3,2,1,0.7,1
672,70,Master's,5.3,1,0,1,0,1,1,0,4,3,0,AI Engineer,1,1,0,1,0,0,1,0,Bachelor's,100.0,5.3,1.0,3,2,1,0.42,1
429,62,Bachelor's,2.5,1,1,0,0,0,0,0,1,2,1,Machine Learning,1,1,1,1,0,0,0,1,Diploma,50.0,2.5,1.0,2,1,1,0.58,1
880,42,Bachelor's,2.1,1,0,1,0,0,1,0,2,4,1,Business Intelligence,3,0,1,0,0,0,0,0,Diploma,0.0,0.7000000000000001,0.7,2,1,1,0.86,0
524,94,Master's,0.3,1,0,0,0,0,0,0,3,7,0,Business Intelligence,1,0,1,0,1,0,0,1,Diploma,0.0,0.3,0.3,3,1,1,0.7,0
681,96,Master's,1.1,1,1,0,0,0,0,0,2,7,1,Business Intelligence,2,1,1,0,1,0,0,0,Master's,66.67,0.55,0.55,3,3,1,1.0,1
312,22,Diploma,5.6,0,1,1,0,0,1,0,1,2,1,Data Analyst,2,1,1,0,0,0,1,0,Master's,66.67,2.8,1.0,1,3,0,0.58,0
80,38,Bachelor's,7.5,0,1,0,0,0,0,0,2,3,0,AI Engineer,2,1,1,1,0,0,0,1,Bachelor's,25.0,3.75,1.0,2,2,1,0.42,1
14,14,Bachelor's,0.1,1,0,0,0,0,1,0,0,4,0,Data Science,3,1,1,0,0,1,1,0,Bachelor's,50.0,0.03333333333333333,0.03,2,2,1,0.56,1
54,98,Master's,4.0,0,0,0,0,0,1,0,1,3,1,Machine Learning,2,1,1,0,1,0,0,0,Bachelor's,0.0,2.0,1.0,3,2,1,0.72,0
447,26,Master's,2.9,1,1,0,0,1,1,0,1,2,1,Machine Learning,2,1,0,0,0,1,1,1,Bachelor's,75.0,1.45,1.0,3,2,1,0.58,1
766,40,Bachelor's,1.0,0,0,1,0,1,0,1,1,4,1,Data Analyst,2,1,0,0,0,1,0,1,Bachelor's,66.67,0.5,0.5,2,2,1,0.86,1
65,54,Bachelor's,1.4,1,1,1,0,0,1,1,3,1,1,Data Analyst,3,1,0,0,0,1,1,0,Bachelor's,66.67,0.4666666666666666,0.47,2,2,1,0.44,1
372,13,Diploma,0.5,0,1,0,0,0,0,0,1,4,0,Data Analyst,3,0,1,1,1,0,1,1,Bachelor's,20.0,0.16666666666666666,0.17,1,2,0,0.56,0
503,94,Bachelor's,0.1,0,1,0,0,0,1,0,3,2,0,Business Intelligence,1,0,1,0,1,0,0,1,Diploma,33.33,0.1,0.1,2,1,1,0.28,1
570,19,Bachelor's,1.5,0,1,1,1,0,1,0,2,3,1,Business Intelligence,5,1,0,0,0,0,0,1,Bachelor's,0.0,0.3,0.3,2,2,1,0.72,0
533,41,Master's,3.1,1,0,0,0,1,1,0,4,4,1,Business Intelligence,2,1,0,0,0,0,1,1,Bachelor's,66.67,1.55,1.0,3,2,1,0.86,1
260,50,Diploma,2.2,1,1,0,1,0,1,0,4,7,0,AI Engineer,1,1,0,0,0,1,1,0,Master's,66.67,2.2,1.0,1,3,0,0.7,1
585,3,Bachelor's,11.0,0,0,1,0,0,1,0,3,1,0,AI Engineer,3,0,1,1,0,0,0,0,Diploma,50.0,3.6666666666666665,1.0,2,1,1,0.14,1
248,31,Master's,0.1,0,0,0,1,1,0,0,3,2,1,AI Engineer,1,1,0,1,1,0,0,0,Master's,33.33,0.1,0.1,3,3,1,0.58,0
499,15,Master's,1.2,0,0,0,0,0,1,0,3,2,1,AI Engineer,0,1,1,1,0,0,1,1,Master's,20.0,1.0,1.0,3,3,1,0.58,1
46,54,Bachelor's,2.4,0,1,0,0,1,1,0,2,6,0,Data Analyst,3,1,0,0,0,1,1,0,Bachelor's,66.67,0.7999999999999999,0.8,2,2,1,0.7,1
982,53,Master's,4.1,1,1,0,0,0,1,0,1,4,1,Data Science,4,1,0,0,1,0,0,0,Bachelor's,50.0,1.025,1.0,3,2,1,0.86,1
268,45,Master's,1.6,0,1,0,0,0,1,0,0,2,0,Business Intelligence,1,0,0,0,0,0,1,0,Bachelor's,100.0,1.6,1.0,3,2,1,0.28,1
640,38,Bachelor's,6.5,0,0,1,0,0,1,0,1,3,0,AI Engineer,2,1,1,1,0,0,0,1,Bachelor's,25.0,3.25,1.0,2,2,1,0.42,0
542,78,Bachelor's,0.3,0,1,0,0,1,1,0,2,4,1,Business Intelligence,5,1,0,0,0,1,1,0,Master's,66.67,0.06,0.06,2,3,0,0.86,1
94,99,Bachelor's,1.8,1,1,1,0,0,1,1,1,0,1,AI Engineer,2,1,1,0,1,0,0,0,Diploma,66.67,0.9,0.9,2,1,1,0.3,1
736,80,Master's,5.4,0,0,0,0,0,0,1,2,3,1,Business Intelligence,2,1,1,0,0,1,1,0,Master's,0.0,2.7,1.0,3,3,1,0.72,0
316,50,Bachelor's,2.6,1,1,0,0,1,0,0,3,4,1,AI Engineer,1,1,0,0,0,1,1,0,Master's,66.67,2.6,1.0,2,3,0,0.86,1
612,24,Master's,2.6,1,0,0,0,1,1,1,2,1,1,Machine Learning,2,1,1,0,1,0,1,0,Master's,50.0,1.3,1.0,3,3,1,0.44,1
71,17,Master's,0.9,0,1,0,0,1,1,0,4,3,0,AI Engineer,4,1,0,1,0,1,0,0,Bachelor's,33.33,0.225,0.22,3,2,1,0.42,0
449,42,Bachelor's,7.2,1,1,0,0,0,0,0,4,9,1,Business Intelligence,3,0,1,0,0,0,0,0,Diploma,100.0,2.4,1.0,2,1,1,1.0,1
910,17,Bachelor's,0.4,1,0,0,0,0,1,1,2,2,1,AI Engineer,4,1,0,1,0,1,0,0,Bachelor's,33.33,0.1,0.1,2,2,1,0.58,1
367,16,Master's,3.1,1,0,0,0,0,1,0,1,2,0,AI Engineer,2,1,1,0,1,1,1,0,Master's,40.0,1.55,1.0,3,3,1,0.28,1
812,85,Master's,3.6,0,0,1,1,0,1,0,0,3,1,Data Science,1,1,0,0,0,0,0,0,Master's,0.0,3.6,1.0,3,3,1,0.72,0
620,88,Master's,3.3,1,0,1,0,1,1,0,3,5,0,Data Analyst,0,1,1,1,0,0,1,1,Diploma,60.0,1.0,1.0,3,1,1,0.7,1
614,98,Diploma,1.0,0,1,0,0,0,1,0,1,6,1,Machine Learning,2,1,1,0,1,0,0,0,Bachelor's,33.33,0.5,0.5,1,2,0,1.0,0
410,52,Diploma,5.1,1,0,0,0,1,1,0,2,2,1,Business Intelligence,1,1,0,1,0,0,0,0,Bachelor's,50.0,5.1,1.0,1,2,0,0.58,1
91,36,Bachelor's,7.2,0,0,1,0,0,1,1,0,4,1,Business Intelligence,0,0,1,1,0,1,1,0,Master's,50.0,1.0,1.0,2,3,0,0.86,1
509,91,Master's,2.3,0,1,0,0,1,0,1,0,4,0,AI Engineer,5,0,1,0,1,1,1,1,Diploma,60.0,0.45999999999999996,0.46,3,1,1,0.56,1
877,39,Master's,2.2,1,0,0,1,0,0,0,1,4,1,Data Science,0,1,0,0,1,0,1,1,Master's,50.0,1.0,1.0,3,3,1,0.86,1
528,81,Bachelor's,0.9,0,1,1,0,1,1,0,1,2,1,Data Science,2,1,1,0,0,0,0,1,Bachelor's,33.33,0.45,0.45,2,2,1,0.58,0
110,25,Diploma,0.4,0,1,0,1,1,1,0,5,1,1,Data Science,3,1,1,0,0,0,1,0,Bachelor's,66.67,0.13333333333333333,0.13,1,2,0,0.44,0
775,42,Master's,3.9,1,1,0,0,0,1,1,0,3,1,Business Intelligence,3,0,1,0,0,0,0,0,Diploma,100.0,1.3,1.0,3,1,1,0.72,1
672,21,Master's,5.3,1,0,1,0,1,1,0,4,3,0,Data Science,1,1,1,0,0,0,1,1,Bachelor's,50.0,5.3,1.0,3,2,1,0.42,1
765,68,Diploma,0.4,1,0,0,1,1,0,0,1,1,1,Data Science,4,1,0,0,0,0,1,0,Bachelor's,50.0,0.1,0.1,1,2,0,0.44,0
89,89,Master's,11.8,0,1,1,0,1,1,0,2,2,1,Machine Learning,2,0,0,0,0,1,1,0,Bachelor's,100.0,5.9,1.0,3,2,1,0.58,1
607,59,Bachelor's,0.2,1,1,1,1,0,1,0,1,0,0,Data Science,2,0,1,0,0,0,0,0,Master's,100.0,0.1,0.1,2,3,0,0.0,1
272,30,Master's,4.9,1,0,1,0,1,0,0,2,5,1,Data Analyst,1,1,1,0,1,1,0,0,Bachelor's,50.0,4.9,1.0,3,2,1,1.0,1
247,57,Bachelor's,0.4,1,1,0,1,0,0,0,0,1,0,Business Intelligence,3,0,1,0,1,0,0,0,Bachelor's,100.0,0.13333333333333333,0.13,2,2,1,0.14,0
361,33,Bachelor's,6.1,1,1,0,0,0,0,1,1,4,0,AI Engineer,3,0,1,0,0,0,0,0,Bachelor's,100.0,2.033333333333333,1.0,2,2,1,0.56,1
378,90,Diploma,1.8,0,0,1,0,1,1,0,3,6,0,Data Science,0,1,1,0,1,0,1,1,Bachelor's,20.0,1.0,1.0,1,2,0,0.7,0
206,89,Diploma,3.7,0,1,0,0,1,1,0,1,2,0,Machine Learning,2,0,0,0,0,1,1,0,Bachelor's,100.0,1.85,1.0,1,2,0,0.28,1
345,53,Bachelor's,3.4,0,0,0,1,0,1,1,1,2,1,Data Science,4,1,0,0,1,0,0,0,Bachelor's,50.0,0.85,0.85,2,2,1,0.58,1
830,16,Bachelor's,0.9,1,0,0,0,0,1,0,1,5,1,AI Engineer,2,1,1,0,1,1,1,0,Master's,40.0,0.45,0.45,2,3,0,1.0,0
798,49,Bachelor's,0.2,0,0,1,1,0,1,0,2,3,1,Data Science,4,1,1,0,0,0,0,0,Diploma,0.0,0.05,0.05,2,1,1,0.72,0
760,88,Master's,2.0,1,1,1,0,0,1,0,3,3,0,Data Analyst,0,1,1,1,0,0,1,1,Diploma,80.0,1.0,1.0,3,1,1,0.42,1
455,5,Bachelor's,0.1,0,1,1,0,1,0,1,2,2,0,Business Intelligence,4,0,1,0,0,0,1,0,Bachelor's,50.0,0.025,0.02,2,2,1,0.28,0
908,77,Bachelor's,1.1,1,0,0,1,1,0,0,3,4,0,Data Analyst,0,0,1,0,0,0,0,1,Bachelor's,0.0,1.0,1.0,2,2,1,0.56,0
67,94,Bachelor's,0.7,1,0,0,0,0,1,0,1,3,0,Business Intelligence,1,0,1,0,1,0,0,1,Diploma,0.0,0.7,0.7,2,1,1,0.42,1
987,60,Bachelor's,3.3,1,0,1,0,0,0,0,2,2,0,Data Analyst,0,0,1,0,0,0,0,0,Bachelor's,0.0,1.0,1.0,2,2,1,0.28,0
558,71,Diploma,1.3,1,0,1,0,0,1,0,0,0,0,Data Analyst,2,1,1,0,0,0,0,1,Diploma,33.33,0.65,0.65,1,1,1,0.0,0
979,81,Bachelor's,5.2,0,0,0,0,1,0,0,1,2,1,Data Science,2,1,1,0,0,0,0,1,Bachelor's,0.0,2.6,1.0,2,2,1,0.58,0
43,55,Diploma,1.0,1,0,0,0,0,0,0,2,3,1,Machine Learning,2,0,0,0,0,1,1,1,Bachelor's,0.0,0.5,0.5,1,2,0,0.72,0
229,91,Master's,10.3,1,0,0,0,1,0,0,4,2,1,AI Engineer,5,0,1,0,1,1,1,1,Diploma,20.0,2.06,1.0,3,1,1,0.58,0
951,35,Bachelor's,0.2,0,0,0,0,1,0,0,1,3,1,Data Science,0,0,0,0,0,0,1,0,Master's,0.0,1.0,1.0,2,3,0,0.72,0
813,69,Bachelor's,0.8,0,0,0,1,0,1,1,2,4,1,Data Science,5,1,0,1,0,0,1,0,Bachelor's,33.33,0.16,0.16,2,2,1,0.86,0
444,42,Bachelor's,1.5,0,1,0,1,0,0,0,1,3,0,Business Intelligence,3,0,1,0,0,0,0,0,Diploma,100.0,0.5,0.5,2,1,1,0.42,1
234,69,Bachelor's,0.1,0,0,1,0,0,1,0,2,0,0,Data Science,5,1,0,1,0,0,1,0,Bachelor's,66.67,0.02,0.02,2,2,1,0.0,0
199,24,Master's,3.5,1,0,0,0,0,0,0,4,3,1,Machine Learning,2,1,1,0,1,0,1,0,Master's,25.0,1.75,1.0,3,3,1,0.72,1
497,71,Bachelor's,2.4,0,1,0,0,0,1,1,0,1,1,Data Analyst,2,1,1,0,0,0,0,1,Diploma,66.67,1.2,1.0,2,1,1,0.44,1
848,71,Master's,0.5,1,1,0,0,0,1,0,2,4,1,Data Analyst,2,1,1,0,0,0,0,1,Diploma,66.67,0.25,0.25,3,1,1,0.86,1
32,55,Bachelor's,2.3,0,0,0,0,0,1,0,2,1,1,Machine Learning,2,0,0,0,0,1,1,1,Bachelor's,33.33,1.15,1.0,2,2,1,0.44,1
264,14,Bachelor's,1.5,1,0,0,0,1,1,0,1,3,0,Data Science,3,1,1,0,0,1,1,0,Bachelor's,75.0,0.5,0.5,2,2,1,0.42,1
113,55,Master's,0.6,1,1,0,0,1,1,1,2,2,0,Machine Learning,2,0,0,0,0,1,1,1,Bachelor's,100.0,0.3,0.3,3,2,1,0.28,1
973,15,Master's,0.8,0,0,0,1,0,1,0,0,2,1,AI Engineer,0,1,1,1,0,0,1,1,Master's,20.0,1.0,1.0,3,3,1,0.58,1
830,5,Bachelor's,0.9,1,0,0,0,0,1,0,1,5,1,Business Intelligence,4,0,1,0,0,0,1,0,Bachelor's,50.0,0.225,0.22,2,2,1,1.0,0
459,4,Diploma,0.6,1,1,0,1,0,1,1,3,2,1,Data Analyst,2,0,1,0,0,0,1,1,Bachelor's,100.0,0.3,0.3,1,2,0,0.58,1
276,30,Bachelor's,0.3,0,1,0,0,0,0,0,2,1,1,Data Analyst,1,1,1,0,1,1,0,0,Bachelor's,25.0,0.3,0.3,2,2,1,0.44,0
357,53,Diploma,5.8,0,1,0,0,0,0,0,0,3,0,Data Science,4,1,0,0,1,0,0,0,Bachelor's,0.0,1.45,1.0,1,2,0,0.42,0
6,90,Bachelor's,2.7,0,1,0,0,1,1,0,1,6,0,Data Science,0,1,1,0,1,0,1,1,Bachelor's,40.0,1.0,1.0,2,2,1,0.7,0
340,73,Diploma,0.1,1,1,0,0,0,1,0,1,2,1,AI Engineer,1,0,0,0,0,0,1,0,Master's,100.0,0.1,0.1,1,3,0,0.58,0
992,30,Bachelor's,0.4,0,0,0,0,0,1,0,3,4,0,Data Analyst,1,1,1,0,1,1,0,0,Bachelor's,0.0,0.4,0.4,2,2,1,0.56,0
494,86,Bachelor's,0.2,1,1,1,0,0,1,1,1,1,0,Data Science,3,0,0,1,1,0,1,0,Bachelor's,66.67,0.06666666666666667,0.07,2,2,1,0.14,0
108,94,Master's,3.5,0,0,0,0,0,1,0,3,1,0,Business Intelligence,1,0,1,0,1,0,0,1,Diploma,0.0,3.5,1.0,3,1,1,0.14,0
925,84,Bachelor's,4.0,1,1,0,0,0,0,0,1,2,0,AI Engineer,1,1,0,1,1,1,0,0,Bachelor's,25.0,4.0,1.0,2,2,1,0.28,1
772,92,Master's,3.8,1,1,0,0,1,0,0,2,2,1,Machine Learning,3,0,1,0,0,0,1,0,Bachelor's,50.0,1.2666666666666666,1.0,3,2,1,0.58,1
71,61,Master's,0.9,0,1,0,0,1,1,0,4,3,0,Business Intelligence,2,0,0,1,0,0,1,0,Bachelor's,50.0,0.45,0.45,3,2,1,0.42,1
939,71,Bachelor's,1.7,0,0,1,0,0,1,0,1,1,0,Data Analyst,2,1,1,0,0,0,0,1,Diploma,0.0,0.85,0.85,2,1,1,0.14,0
340,68,Diploma,0.1,1,1,0,0,0,1,0,1,2,1,Data Science,4,1,0,0,0,0,1,0,Bachelor's,100.0,0.025,0.02,1,2,0,0.58,1
674,92,Bachelor's,4.1,1,0,0,0,0,1,0,1,2,1,Machine Learning,3,0,1,0,0,0,1,0,Bachelor's,50.0,1.3666666666666665,1.0,2,2,1,0.58,1
100,55,Bachelor's,1.1,1,0,0,0,1,0,0,1,2,1,Machine Learning,2,0,0,0,0,1,1,1,Bachelor's,33.33,0.55,0.55,2,2,1,0.58,0
327,99,Bachelor's,0.5,0,1,0,0,1,1,0,2,3,0,AI Engineer,2,1,1,0,1,0,0,0,Diploma,33.33,0.25,0.25,2,1,1,0.42,0
33,97,Diploma,0.7,1,1,0,0,1,1,0,4,2,0,Data Analyst,4,0,0,1,0,1,1,0,Bachelor's,66.67,0.175,0.18,1,2,0,0.28,0
143,71,Bachelor's,2.8,0,1,0,0,0,0,0,1,1,1,Data Analyst,2,1,1,0,0,0,0,1,Diploma,33.33,1.4,1.0,2,1,1,0.44,1
244,73,Bachelor's,4.7,0,1,0,1,1,1,0,4,2,0,AI Engineer,1,0,0,0,0,0,1,0,Master's,100.0,4.7,1.0,2,3,0,0.28,1
736,98,Master's,5.4,0,0,0,0,0,0,1,2,3,1,Machine Learning,2,1,1,0,1,0,0,0,Bachelor's,0.0,2.7,1.0,3,2,1,0.72,1
726,42,Master's,0.2,1,1,0,0,0,1,0,3,4,1,Business Intelligence,3,0,1,0,0,0,0,0,Diploma,100.0,0.06666666666666667,0.07,3,1,1,0.86,1
632,98,Master's,1.1,0,0,0,0,0,0,0,2,7,1,Machine Learning,2,1,1,0,1,0,0,0,Bachelor's,0.0,0.55,0.55,3,2,1,1.0,0
680,77,Master's,3.0,1,0,0,0,0,1,0,0,1,0,Data Analyst,0,0,1,0,0,0,0,1,Bachelor's,0.0,1.0,1.0,3,2,1,0.14,0
861,29,Master's,3.7,0,1,0,0,0,1,0,1,3,1,AI Engineer,0,1,1,1,1,0,1,0,Bachelor's,40.0,1.0,1.0,3,2,1,0.72,0
217,35,Bachelor's,0.2,0,0,0,0,0,1,0,3,1,1,Data Science,0,0,0,0,0,0,1,0,Master's,100.0,1.0,1.0,2,3,0,0.44,1
901,45,Bachelor's,2.0,1,0,0,0,0,1,0,3,6,1,Business Intelligence,1,0,0,0,0,0,1,0,Bachelor's,100.0,2.0,1.0,2,2,1,1.0,1
974,74,Bachelor's,1.8,0,1,1,1,0,0,0,4,3,1,Data Science,1,1,1,1,0,0,1,0,Bachelor's,50.0,1.8,1.0,2,2,1,0.72,1
434,94,Bachelor's,2.7,1,0,1,0,0,1,1,4,5,1,Business Intelligence,1,0,1,0,1,0,0,1,Diploma,33.33,2.7,1.0,2,1,1,1.0,1
867,90,Bachelor's,0.1,1,0,0,0,0,1,0,5,2,1,Data Science,0,1,1,0,1,0,1,1,Bachelor's,40.0,1.0,1.0,2,2,1,0.58,1
834,99,Bachelor's,3.4,1,0,0,0,1,0,0,4,2,0,AI Engineer,2,1,1,0,1,0,0,0,Diploma,33.33,1.7,1.0,2,1,1,0.28,0
729,92,Bachelor's,4.2,1,0,1,0,1,0,0,3,7,0,Machine Learning,3,0,1,0,0,0,1,0,Bachelor's,0.0,1.4000000000000001,1.0,2,2,1,0.7,1
54,29,Master's,4.0,0,0,0,0,0,1,0,1,3,1,AI Engineer,0,1,1,1,1,0,1,0,Bachelor's,20.0,1.0,1.0,3,2,1,0.72,1
720,70,Master's,0.7,1,0,1,0,0,0,0,1,3,0,AI Engineer,1,1,0,1,0,0,1,0,Bachelor's,66.67,0.7,0.7,3,2,1,0.42,1
942,3,Bachelor's,1.0,0,1,0,0,1,0,0,4,4,0,AI Engineer,3,0,1,1,0,0,0,0,Diploma,50.0,0.3333333333333333,0.33,2,1,1,0.56,0
592,93,Bachelor's,11.8,0,0,0,0,0,0,0,1,1,0,Data Science,1,0,1,1,0,1,1,0,Bachelor's,0.0,11.8,1.0,2,2,1,0.14,0
907,57,Master's,7.9,0,1,1,0,0,1,0,1,4,0,Business Intelligence,3,0,1,0,1,0,0,0,Bachelor's,50.0,2.6333333333333333,1.0,3,2,1,0.56,1
892,66,Master's,1.3,0,1,0,0,1,1,1,1,2,1,Business Intelligence,1,0,1,1,1,0,1,0,Bachelor's,50.0,1.3,1.0,3,2,1,0.58,1
945,22,Bachelor's,3.9,0,0,1,1,0,1,0,3,3,0,Data Analyst,2,1,1,0,0,0,1,0,Master's,33.33,1.95,1.0,2,3,0,0.42,0
995,27,Bachelor's,3.5,1,0,0,0,1,1,0,6,4,0,Data Science,3,0,1,0,0,1,0,0,Master's,50.0,1.1666666666666667,1.0,2,3,0,0.56,0
151,22,Master's,3.1,1,1,0,0,0,0,0,2,2,0,Data Analyst,2,1,1,0,0,0,1,0,Master's,66.67,1.55,1.0,3,3,1,0.28,1
55,74,Bachelor's,12.0,0,1,1,0,1,1,1,2,0,0,Data Science,1,1,1,1,0,0,1,0,Bachelor's,75.0,12.0,1.0,2,2,1,0.0,1
517,49,Bachelor's,2.6,1,0,0,1,1,1,1,1,5,1,Data Science,4,1,1,0,0,0,0,0,Diploma,50.0,0.65,0.65,2,1,1,1.0,1
448,83,Master's,4.6,1,1,1,0,0,1,1,3,3,1,Business Intelligence,2,0,1,0,0,0,0,0,Bachelor's,100.0,2.3,1.0,3,2,1,0.72,1
35,24,Master's,0.2,0,0,0,0,0,1,0,4,5,1,Machine Learning,2,1,1,0,1,0,1,0,Master's,25.0,0.1,0.1,3,3,1,1.0,1
861,27,Master's,3.7,0,1,0,0,0,1,0,1,3,1,Data Science,3,0,1,0,0,1,0,0,Master's,50.0,1.2333333333333334,1.0,3,3,1,0.72,1
119,36,Master's,0.8,1,0,0,1,0,0,0,2,4,0,Business Intelligence,0,0,1,1,0,1,1,0,Master's,0.0,1.0,1.0,3,3,1,0.56,1
197,17,Master's,9.1,1,1,0,0,0,1,0,1,3,0,AI Engineer,4,1,0,1,0,1,0,0,Bachelor's,33.33,2.275,1.0,3,2,1,0.42,1
566,56,Bachelor's,1.4,1,1,1,0,0,0,0,4,4,0,Machine Learning,2,0,1,1,1,1,1,1,Diploma,33.33,0.7,0.7,2,1,1,0.56,1
771,10,Bachelor's,1.5,1,1,0,0,0,1,0,2,1,0,AI Engineer,5,0,1,0,1,1,0,0,Master's,33.33,0.3,0.3,2,3,0,0.14,0
774,54,Bachelor's,7.8,1,1,1,0,0,1,0,2,4,0,Data Analyst,3,1,0,0,0,1,1,0,Bachelor's,66.67,2.6,1.0,2,2,1,0.56,1
855,81,Bachelor's,6.3,1,1,0,0,0,1,0,2,5,1,Data Science,2,1,1,0,0,0,0,1,Bachelor's,66.67,3.15,1.0,2,2,1,1.0,1
824,74,Bachelor's,3.7,1,0,0,0,1,0,0,1,4,0,Data Science,1,1,1,1,0,0,1,0,Bachelor's,25.0,3.7,1.0,2,2,1,0.56,1
514,38,Master's,0.0,1,1,0,0,1,1,0,3,2,0,AI Engineer,2,1,1,1,0,0,0,1,Bachelor's,50.0,0.0,0.0,3,2,1,0.28,0
862,90,Bachelor's,2.7,1,1,1,0,1,1,1,2,3,0,Data Science,0,1,1,0,1,0,1,1,Bachelor's,80.0,1.0,1.0,2,2,1,0.42,1
422,90,Master's,1.8,1,1,1,0,0,0,0,2,5,1,Data Science,0,1,1,0,1,0,1,1,Bachelor's,40.0,1.0,1.0,3,2,1,1.0,1
952,98,Bachelor's,0.6,0,1,0,0,0,1,1,1,3,0,Machine Learning,2,1,1,0,1,0,0,0,Bachelor's,33.33,0.3,0.3,2,2,1,0.42,0
517,4,Bachelor's,2.6,1,0,0,1,1,1,1,1,5,1,Data Analyst,2,0,1,0,0,0,1,1,Bachelor's,66.67,1.3,1.0,2,2,1,1.0,1
139,91,Bachelor's,1.6,1,1,1,0,0,0,0,2,0,1,AI Engineer,5,0,1,0,1,1,1,1,Diploma,20.0,0.32,0.32,2,1,1,0.3,0
705,61,Diploma,1.4,0,1,0,1,0,1,0,3,2,1,Business Intelligence,2,0,0,1,0,0,1,0,Bachelor's,50.0,0.7,0.7,1,2,0,0.58,0
650,21,Bachelor's,3.1,1,1,0,0,1,1,0,4,5,1,Data Science,1,1,1,0,0,0,1,1,Bachelor's,75.0,3.1,1.0,2,2,1,1.0,1
809,36,Bachelor's,0.5,1,0,0,0,0,1,0,1,2,0,Business Intelligence,0,0,1,1,0,1,1,0,Master's,25.0,1.0,1.0,2,3,0,0.28,1
628,46,Master's,1.9,0,1,0,0,0,1,1,2,1,0,Data Analyst,1,1,1,1,0,0,1,0,Bachelor's,50.0,1.9,1.0,3,2,1,0.14,1
44,95,Master's,2.5,1,0,0,0,0,1,0,3,2,0,AI Engineer,3,1,1,1,0,1,1,0,Bachelor's,40.0,0.8333333333333334,0.83,3,2,1,0.28,1
858,71,Bachelor's,1.5,1,1,1,0,0,1,0,2,1,1,Data Analyst,2,1,1,0,0,0,0,1,Diploma,66.67,0.75,0.75,2,1,1,0.44,0
801,44,Master's,7.8,0,0,0,0,0,1,0,4,4,1,Business Intelligence,1,1,1,0,0,1,0,0,Bachelor's,0.0,7.8,1.0,3,2,1,0.86,0
219,64,Bachelor's,2.7,0,1,1,0,0,0,0,1,2,1,AI Engineer,3,1,0,1,0,0,1,0,Bachelor's,33.33,0.9,0.9,2,2,1,0.58,1
568,98,Bachelor's,0.3,1,1,0,0,0,1,1,2,2,0,Machine Learning,2,1,1,0,1,0,0,0,Bachelor's,66.67,0.15,0.15,2,2,1,0.28,0
754,18,Bachelor's,0.7,1,1,0,1,0,1,0,0,3,1,Data Analyst,0,1,1,0,0,1,0,0,Diploma,66.67,1.0,1.0,2,1,1,0.72,1
908,88,Bachelor's,1.1,1,0,0,1,1,0,0,3,4,0,Data Analyst,0,1,1,1,0,0,1,1,Diploma,20.0,1.0,1.0,2,1,1,0.56,1
258,13,Bachelor's,1.7,1,0,0,0,0,1,1,3,5,1,Data Analyst,3,0,1,1,1,0,1,1,Bachelor's,40.0,0.5666666666666667,0.57,2,2,1,1.0,1
513,13,Master's,7.8,1,1,0,1,1,1,0,2,2,1,Data Analyst,3,0,1,1,1,0,1,1,Bachelor's,60.0,2.6,1.0,3,2,1,0.58,1
961,25,Diploma,0.3,1,1,0,0,0,0,0,2,1,1,Data Science,3,1,1,0,0,0,1,0,Bachelor's,66.67,0.09999999999999999,0.1,1,2,0,0.44,0
377,5,Master's,1.5,1,1,0,0,1,1,0,0,3,1,Business Intelligence,4,0,1,0,0,0,1,0,Bachelor's,100.0,0.375,0.38,3,2,1,0.72,1
893,39,Master's,4.0,0,1,0,0,1,0,1,2,5,1,Data Science,0,1,0,0,1,0,1,1,Master's,25.0,1.0,1.0,3,3,1,1.0,1
289,29,Bachelor's,0.1,1,1,0,0,1,0,0,1,2,0,AI Engineer,0,1,1,1,1,0,1,0,Bachelor's,40.0,1.0,1.0,2,2,1,0.28,1
470,57,Master's,3.8,1,0,1,0,1,1,0,2,5,1,Business Intelligence,3,0,1,0,1,0,0,0,Bachelor's,0.0,1.2666666666666666,1.0,3,2,1,1.0,0
972,46,Master's,4.5,1,1,1,0,0,0,0,1,0,1,Data Analyst,1,1,1,1,0,0,1,0,Bachelor's,75.0,4.5,1.0,3,2,1,0.3,1
103,33,Bachelor's,5.4,1,1,0,0,0,0,0,4,4,1,AI Engineer,3,0,1,0,0,0,0,0,Bachelor's,100.0,1.8,1.0,2,2,1,0.86,1
149,10,Diploma,4.8,1,1,1,0,0,1,0,1,1,1,AI Engineer,5,0,1,0,1,1,0,0,Master's,33.33,0.96,0.96,1,3,0,0.44,0
84,58,Diploma,5.3,0,1,1,0,0,1,0,3,3,1,Data Analyst,4,1,1,1,1,0,0,0,Bachelor's,50.0,1.325,1.0,1,2,0,0.72,1
932,25,Master's,2.1,0,0,0,0,0,0,0,1,3,0,Data Science,3,1,1,0,0,0,1,0,Bachelor's,0.0,0.7000000000000001,0.7,3,2,1,0.42,0
26,74,Master's,1.6,1,0,1,0,0,1,0,0,5,0,Data Science,1,1,1,1,0,0,1,0,Bachelor's,75.0,1.6,1.0,3,2,1,0.7,1
175,39,Bachelor's,2.5,1,0,1,0,0,1,0,1,1,0,Data Science,0,1,0,0,1,0,1,1,Master's,50.0,1.0,1.0,2,3,0,0.14,0
735,16,Bachelor's,0.4,0,0,0,0,0,1,0,1,2,1,AI Engineer,2,1,1,0,1,1,1,0,Master's,20.0,0.2,0.2,2,3,0,0.58,0
641,60,Diploma,1.9,1,0,1,0,1,1,1,3,3,0,Data Analyst,0,0,1,0,0,0,0,0,Bachelor's,0.0,1.0,1.0,1,2,0,0.42,0
422,28,Master's,1.8,1,1,1,0,0,0,0,2,5,1,Data Science,1,0,1,0,1,1,0,0,Bachelor's,33.33,1.8,1.0,3,2,1,1.0,1
654,76,Master's,1.1,1,0,1,0,0,0,0,5,5,0,Data Science,0,1,0,0,0,0,1,0,Master's,50.0,1.0,1.0,3,3,1,0.7,1
346,44,Bachelor's,1.4,0,1,0,0,0,1,0,2,2,1,Business Intelligence,1,1,1,0,0,1,0,0,Bachelor's,33.33,1.4,1.0,2,2,1,0.58,1
302,58,Bachelor's,6.9,0,1,1,0,0,1,0,3,1,0,Data Analyst,4,1,1,1,1,0,0,0,Bachelor's,50.0,1.725,1.0,2,2,1,0.14,0
298,32,Bachelor's,0.3,1,0,0,0,0,1,0,1,5,1,AI Engineer,1,0,0,0,0,1,1,0,Diploma,50.0,0.3,0.3,2,1,1,1.0,1
135,63,Master's,2.9,0,0,0,1,0,1,0,4,5,0,Business Intelligence,5,1,1,0,0,0,0,0,Diploma,0.0,0.58,0.58,3,1,1,0.7,0
55,93,Bachelor's,12.0,0,1,1,0,1,1,1,2,0,0,Data Science,1,0,1,1,0,1,1,0,Bachelor's,100.0,12.0,1.0,2,2,1,0.0,1
56,45,Master's,1.1,0,1,0,0,0,1,0,0,1,1,Business Intelligence,1,0,0,0,0,0,1,0,Bachelor's,100.0,1.1,1.0,3,2,1,0.44,1
374,53,Bachelor's,1.7,1,1,0,1,1,0,0,6,4,0,Data Science,4,1,0,0,1,0,0,0,Bachelor's,100.0,0.425,0.42,2,2,1,0.56,1
588,61,Bachelor's,1.3,0,1,0,0,0,0,0,2,5,1,Business Intelligence,2,0,0,1,0,0,1,0,Bachelor's,0.0,0.65,0.65,2,2,1,1.0,0
831,50,Bachelor's,9.8,1,0,1,1,1,1,0,3,4,0,AI Engineer,1,1,0,0,0,1,1,0,Master's,100.0,9.8,1.0,2,3,0,0.56,1
920,27,Bachelor's,1.3,1,1,0,0,0,1,0,6,5,0,Data Science,3,0,1,0,0,1,0,0,Master's,50.0,0.43333333333333335,0.43,2,3,0,0.7,0
339,26,Bachelor's,0.2,1,1,0,1,0,0,0,1,4,1,Machine Learning,2,1,0,0,0,1,1,1,Bachelor's,25.0,0.1,0.1,2,2,1,0.86,0
457,3,Diploma,2.9,1,1,1,0,0,0,0,1,1,1,AI Engineer,3,0,1,1,0,0,0,0,Diploma,100.0,0.9666666666666667,0.97,1,1,1,0.44,1
355,90,Diploma,1.7,0,0,0,0,1,1,0,2,3,0,Data Science,0,1,1,0,1,0,1,1,Bachelor's,20.0,1.0,1.0,1,2,0,0.42,0
132,39,Bachelor's,1.7,1,1,0,0,1,1,0,2,3,1,Data Science,0,1,0,0,1,0,1,1,Master's,50.0,1.0,1.0,2,3,0,0.72,1
493,65,Bachelor's,0.6,0,1,0,0,0,1,0,1,1,0,Machine Learning,0,1,1,1,0,0,1,0,Master's,50.0,1.0,1.0,2,3,0,0.14,0
554,35,Bachelor's,5.4,0,1,1,0,0,1,0,3,3,0,Data Science,0,0,0,0,0,0,1,0,Master's,100.0,1.0,1.0,2,3,0,0.42,1
864,53,Bachelor's,2.0,0,0,0,0,0,0,0,0,1,1,Data Science,4,1,0,0,1,0,0,0,Bachelor's,0.0,0.5,0.5,2,2,1,0.44,0
110,91,Diploma,0.4,0,1,0,1,1,1,0,5,1,1,AI Engineer,5,0,1,0,1,1,1,1,Diploma,80.0,0.08,0.08,1,1,1,0.44,0
582,46,Master's,1.2,0,1,0,0,1,1,0,3,2,0,Data Analyst,1,1,1,1,0,0,1,0,Bachelor's,50.0,1.2,1.0,3,2,1,0.28,1
796,68,Master's,0.2,0,1,0,1,0,1,0,4,1,1,Data Science,4,1,0,0,0,0,1,0,Bachelor's,50.0,0.05,0.05,3,2,1,0.44,0
126,83,Bachelor's,2.0,0,1,1,0,1,1,0,2,0,1,Business Intelligence,2,0,1,0,0,0,0,0,Bachelor's,100.0,1.0,1.0,2,2,1,0.3,1
860,22,Diploma,3.3,1,1,1,0,0,1,0,2,3,0,Data Analyst,2,1,1,0,0,0,1,0,Master's,100.0,1.65,1.0,1,3,0,0.42,1
296,60,Bachelor's,0.6,1,0,0,0,1,0,1,3,7,1,Data Analyst,0,0,1,0,0,0,0,0,Bachelor's,0.0,1.0,1.0,2,2,1,1.0,0
925,52,Bachelor's,4.0,1,1,0,0,0,0,0,1,2,0,Business Intelligence,1,1,0,1,0,0,0,0,Bachelor's,50.0,4.0,1.0,2,2,1,0.28,0
810,73,Bachelor's,0.3,0,0,1,0,0,1,0,3,4,1,AI Engineer,1,0,0,0,0,0,1,0,Master's,100.0,0.3,0.3,2,3,0,0.86,0
197,86,Master's,9.1,1,1,0,0,0,1,0,1,3,0,Data Science,3,0,0,1,1,0,1,0,Bachelor's,33.33,3.033333333333333,1.0,3,2,1,0.42,1
773,73,Bachelor's,5.6,0,0,0,0,0,1,0,0,2,0,AI Engineer,1,0,0,0,0,0,1,0,Master's,100.0,5.6,1.0,2,3,0,0.28,1
101,29,Diploma,0.1,0,0,0,0,0,1,1,2,5,0,AI Engineer,0,1,1,1,1,0,1,0,Bachelor's,20.0,1.0,1.0,1,2,0,0.7,1
937,43,Diploma,0.8,0,0,1,0,0,1,0,5,4,0,AI Engineer,3,1,0,0,0,0,0,0,Bachelor's,0.0,0.26666666666666666,0.27,1,2,0,0.56,0
573,74,Bachelor's,3.3,1,1,0,1,0,1,0,3,1,1,Data Science,1,1,1,1,0,0,1,0,Bachelor's,75.0,3.3,1.0,2,2,1,0.44,1
183,34,Master's,2.5,1,0,1,0,0,0,0,0,1,1,Machine Learning,2,1,1,0,0,1,0,0,Bachelor's,33.33,1.25,1.0,3,2,1,0.44,0
924,31,Master's,1.1,1,0,1,0,0,1,1,0,0,0,AI Engineer,1,1,0,1,1,0,0,0,Master's,66.67,1.1,1.0,3,3,1,0.0,1
809,86,Bachelor's,0.5,1,0,0,0,0,1,0,1,2,0,Data Science,3,0,0,1,1,0,1,0,Bachelor's,33.33,0.16666666666666666,0.17,2,2,1,0.28,0
879,46,Diploma,0.9,0,1,0,0,1,0,0,1,2,0,Data Analyst,1,1,1,1,0,0,1,0,Bachelor's,25.0,0.9,0.9,1,2,0,0.28,0
9,4,Bachelor's,0.7,1,1,1,0,0,1,0,3,2,1,Data Analyst,2,0,1,0,0,0,1,1,Bachelor's,66.67,0.35,0.35,2,2,1,0.58,1
413,2,Master's,0.8,1,0,1,0,1,1,0,1,4,0,Machine Learning,4,1,1,1,0,0,1,0,Diploma,75.0,0.2,0.2,3,1,1,0.56,1
718,5,Master's,3.0,0,0,1,0,0,0,0,5,2,1,Business Intelligence,4,0,1,0,0,0,1,0,Bachelor's,0.0,0.75,0.75,3,2,1,0.58,0
934,46,Bachelor's,2.3,1,0,0,1,0,1,0,4,1,1,Data Analyst,1,1,1,1,0,0,1,0,Bachelor's,50.0,2.3,1.0,2,2,1,0.44,1
830,79,Bachelor's,0.9,1,0,0,0,0,1,0,1,5,1,Data Science,3,1,1,0,0,0,1,0,Bachelor's,66.67,0.3,0.3,2,2,1,1.0,1
566,19,Bachelor's,1.4,1,1,1,0,0,0,0,4,4,0,Business Intelligence,5,1,0,0,0,0,0,1,Bachelor's,50.0,0.27999999999999997,0.28,2,2,1,0.56,1
692,38,Bachelor's,1.7,0,1,0,0,0,0,0,4,2,1,AI Engineer,2,1,1,1,0,0,0,1,Bachelor's,25.0,0.85,0.85,2,2,1,0.58,0
104,59,Bachelor's,6.6,0,0,0,0,1,0,0,3,0,0,Data Science,2,0,1,0,0,0,0,0,Master's,0.0,3.3,1.0,2,3,0,0.0,0
126,79,Bachelor's,2.0,0,1,1,0,1,1,0,2,0,1,Data Science,3,1,1,0,0,0,1,0,Bachelor's,66.67,0.6666666666666666,0.67,2,2,1,0.3,1
546,72,Bachelor's,1.7,1,0,1,0,0,1,0,2,4,1,Data Science,5,1,0,0,0,0,0,1,Master's,50.0,0.33999999999999997,0.34,2,3,0,0.86,0
677,20,Bachelor's,0.2,1,0,0,0,0,0,0,0,1,1,Data Analyst,2,1,1,0,0,1,0,0,Bachelor's,33.33,0.1,0.1,2,2,1,0.44,0
945,76,Bachelor's,3.9,0,0,1,1,0,1,0,3,3,0,Data Science,0,1,0,0,0,0,1,0,Master's,50.0,1.0,1.0,2,3,0,0.42,0
810,68,Bachelor's,0.3,0,0,1,0,0,1,0,3,4,1,Data Science,4,1,0,0,0,0,1,0,Bachelor's,50.0,0.075,0.08,2,2,1,0.86,1
270,53,Bachelor's,0.9,1,1,1,0,0,1,0,0,2,1,Data Science,4,1,0,0,1,0,0,0,Bachelor's,50.0,0.225,0.22,2,2,1,0.58,0
466,55,Bachelor's,0.1,1,1,0,0,0,1,0,2,4,1,Machine Learning,2,0,0,0,0,1,1,1,Bachelor's,33.33,0.05,0.05,2,2,1,0.86,1
801,39,Master's,7.8,0,0,0,0,0,1,0,4,4,1,Data Science,0,1,0,0,1,0,1,1,Master's,25.0,1.0,1.0,3,3,1,0.86,1
118,36,Bachelor's,5.2,0,0,0,0,1,1,0,1,2,1,Business Intelligence,0,0,1,1,0,1,1,0,Master's,50.0,1.0,1.0,2,3,0,0.58,0
866,58,Bachelor's,6.9,0,0,0,0,0,0,0,2,7,1,Data Analyst,4,1,1,1,1,0,0,0,Bachelor's,0.0,1.725,1.0,2,2,1,1.0,0
92,15,Master's,2.6,0,1,0,0,1,0,0,3,3,0,AI Engineer,0,1,1,1,0,0,1,1,Master's,20.0,1.0,1.0,3,3,1,0.42,1
612,1,Master's,2.6,1,0,0,0,1,1,1,2,1,1,Data Science,4,1,0,0,1,0,1,0,Bachelor's,66.67,0.65,0.65,3,2,1,0.44,1
485,95,Bachelor's,1.0,1,1,0,0,0,1,0,2,2,1,AI Engineer,3,1,1,1,0,1,1,0,Bachelor's,60.0,0.3333333333333333,0.33,2,2,1,0.58,0
87,9,Master's,2.4,1,0,0,1,1,0,1,1,2,0,Data Analyst,0,1,1,0,0,0,0,0,Master's,50.0,1.0,1.0,3,3,1,0.28,0
234,23,Bachelor's,0.1,0,0,1,0,0,1,0,2,0,0,AI Engineer,4,1,0,0,0,1,1,0,Bachelor's,33.33,0.025,0.02,2,2,1,0.0,0
913,52,Bachelor's,12.0,0,0,0,0,0,1,1,0,5,0,Business Intelligence,1,1,0,1,0,0,0,0,Bachelor's,0.0,12.0,1.0,2,2,1,0.7,0
124,26,Bachelor's,4.1,1,0,1,0,1,0,0,2,3,1,Machine Learning,2,1,0,0,0,1,1,1,Bachelor's,50.0,2.05,1.0,2,2,1,0.72,1
203,60,Bachelor's,0.1,1,0,0,0,1,1,1,1,1,1,Data Analyst,0,0,1,0,0,0,0,0,Bachelor's,0.0,1.0,1.0,2,2,1,0.44,0
32,18,Bachelor's,2.3,0,0,0,0,0,1,0,2,1,1,Data Analyst,0,1,1,0,0,1,0,0,Diploma,0.0,1.0,1.0,2,1,1,0.44,0
357,97,Diploma,5.8,0,1,0,0,0,0,0,0,3,0,Data Analyst,4,0,0,1,0,1,1,0,Bachelor's,0.0,1.45,1.0,1,2,0,0.42,0
463,78,Master's,0.3,0,1,1,0,1,0,0,1,3,0,Business Intelligence,5,1,0,0,0,1,1,0,Master's,33.33,0.06,0.06,3,3,1,0.42,0
964,58,Bachelor's,1.2,0,1,1,1,0,1,0,1,4,1,Data Analyst,4,1,1,1,1,0,0,0,Bachelor's,75.0,0.3,0.3,2,2,1,0.86,0
551,65,Bachelor's,7.6,1,1,1,0,0,0,1,2,8,0,Machine Learning,0,1,1,1,0,0,1,0,Master's,75.0,1.0,1.0,2,3,0,0.7,1
94,77,Bachelor's,1.8,1,1,1,0,0,1,1,1,0,1,Data Analyst,0,0,1,0,0,0,0,1,Bachelor's,100.0,1.0,1.0,2,2,1,0.3,1
522,79,Bachelor's,6.8,1,0,0,0,0,1,0,2,3,0,Data Science,3,1,1,0,0,0,1,0,Bachelor's,66.67,2.2666666666666666,1.0,2,2,1,0.42,1
727,69,Bachelor's,1.8,1,0,1,0,0,1,0,3,1,0,Data Science,5,1,0,1,0,0,1,0,Bachelor's,100.0,0.36,0.36,2,2,1,0.14,1
408,14,Diploma,4.1,1,1,0,0,0,0,0,3,0,1,Data Science,3,1,1,0,0,1,1,0,Bachelor's,50.0,1.3666666666666665,1.0,1,2,0,0.3,0
100,78,Bachelor's,1.1,1,0,0,0,1,0,0,1,2,1,Business Intelligence,5,1,0,0,0,1,1,0,Master's,66.67,0.22000000000000003,0.22,2,3,0,0.58,0
244,46,Bachelor's,4.7,0,1,0,1,1,1,0,4,2,0,Data Analyst,1,1,1,1,0,0,1,0,Bachelor's,50.0,4.7,1.0,2,2,1,0.28,1
58,69,Bachelor's,1.3,1,0,0,0,0,1,0,2,6,0,Data Science,5,1,0,1,0,0,1,0,Bachelor's,66.67,0.26,0.26,2,2,1,0.7,0
965,75,Bachelor's,2.1,0,0,0,0,0,1,0,3,0,1,AI Engineer,2,0,1,1,0,1,1,0,Master's,25.0,1.05,1.0,2,3,0,0.3,0
357,32,Diploma,5.8,0,1,0,0,0,0,0,0,3,0,AI Engineer,1,0,0,0,0,1,1,0,Diploma,0.0,5.8,1.0,1,1,1,0.42,0
491,51,Bachelor's,0.7,1,0,0,0,0,1,1,3,6,0,Machine Learning,5,0,1,1,0,1,0,0,Master's,0.0,0.13999999999999999,0.14,2,3,0,0.7,0
320,69,Bachelor's,0.2,1,1,0,0,0,0,0,0,5,0,Data Science,5,1,0,1,0,0,1,0,Bachelor's,33.33,0.04,0.04,2,2,1,0.7,1
19,100,Bachelor's,6.2,1,0,0,0,0,1,0,3,2,0,Data Science,5,0,0,0,0,1,0,0,Bachelor's,0.0,1.24,1.0,2,2,1,0.28,0
357,15,Diploma,5.8,0,1,0,0,0,0,0,0,3,0,AI Engineer,0,1,1,1,0,0,1,1,Master's,20.0,1.0,1.0,1,3,0,0.42,0
117,53,Master's,0.2,1,1,1,0,0,0,0,2,1,0,Data Science,4,1,0,0,1,0,0,0,Bachelor's,50.0,0.05,0.05,3,2,1,0.14,0
136,71,Bachelor's,0.2,0,1,0,0,0,0,0,4,4,0,Data Analyst,2,1,1,0,0,0,0,1,Diploma,33.33,0.1,0.1,2,1,1,0.56,1
839,69,Bachelor's,6.6,0,1,0,0,0,1,1,4,3,0,Data Science,5,1,0,1,0,0,1,0,Bachelor's,33.33,1.3199999999999998,1.0,2,2,1,0.42,1
296,94,Bachelor's,0.6,1,0,0,0,1,0,1,3,7,1,Business Intelligence,1,0,1,0,1,0,0,1,Diploma,33.33,0.6,0.6,2,1,1,1.0,1
525,15,Master's,1.7,0,0,1,0,0,1,0,4,3,1,AI Engineer,0,1,1,1,0,0,1,1,Master's,40.0,1.0,1.0,3,3,1,0.72,1
101,30,Diploma,0.1,0,0,0,0,0,1,1,2,5,0,Data Analyst,1,1,1,0,1,1,0,0,Bachelor's,0.0,0.1,0.1,1,2,0,0.7,0
380,78,Bachelor's,2.2,0,1,0,0,1,1,0,4,2,0,Business Intelligence,5,1,0,0,0,1,1,0,Master's,66.67,0.44000000000000006,0.44,2,3,0,0.28,0
155,24,Master's,2.4,1,0,0,0,0,1,0,3,6,0,Machine Learning,2,1,1,0,1,0,1,0,Master's,50.0,1.2,1.0,3,3,1,0.7,1
594,88,Bachelor's,0.3,1,1,0,1,1,0,1,5,1,1,Data Analyst,0,1,1,1,0,0,1,1,Diploma,60.0,1.0,1.0,2,1,1,0.44,1
600,35,Diploma,5.6,1,1,0,0,0,1,0,1,0,0,Data Science,0,0,0,0,0,0,1,0,Master's,100.0,1.0,1.0,1,3,0,0.0,1
105,69,Master's,12.0,0,0,0,0,0,1,1,3,6,1,Data Science,5,1,0,1,0,0,1,0,Bachelor's,33.33,2.4,1.0,3,2,1,1.0,1
642,12,Bachelor's,4.6,1,1,0,1,1,1,0,2,4,1,Machine Learning,3,1,1,0,0,1,1,0,Bachelor's,100.0,1.5333333333333332,1.0,2,2,1,0.86,1
784,84,Bachelor's,2.5,0,1,0,0,0,1,0,1,2,1,AI Engineer,1,1,0,1,1,1,0,0,Bachelor's,0.0,2.5,1.0,2,2,1,0.58,0
526,46,Bachelor's,0.7,1,0,0,0,1,0,0,1,3,0,Data Analyst,1,1,1,1,0,0,1,0,Bachelor's,25.0,0.7,0.7,2,2,1,0.42,0
128,69,Master's,1.3,1,0,1,0,0,1,1,1,1,0,Data Science,5,1,0,1,0,0,1,0,Bachelor's,100.0,0.26,0.26,3,2,1,0.14,1
401,36,Bachelor's,0.5,1,0,0,0,0,1,0,1,1,0,Business Intelligence,0,0,1,1,0,1,1,0,Master's,25.0,1.0,1.0,2,3,0,0.14,0
572,85,Master's,0.5,0,1,1,0,0,1,0,0,4,1,Data Science,1,1,0,0,0,0,0,0,Master's,0.0,0.5,0.5,3,3,1,0.86,0
966,48,Bachelor's,2.2,0,1,0,1,0,1,0,0,1,0,AI Engineer,1,1,1,1,0,1,0,0,Bachelor's,25.0,2.2,1.0,2,2,1,0.14,1
739,67,Bachelor's,1.1,0,1,0,0,0,0,0,2,3,1,Data Science,0,1,1,1,0,1,1,0,Bachelor's,20.0,1.0,1.0,2,2,1,0.72,1
529,93,Diploma,4.1,1,1,0,0,0,0,0,6,1,1,Data Science,1,0,1,1,0,1,1,0,Bachelor's,25.0,4.1,1.0,1,2,0,0.44,0
557,54,Bachelor's,2.4,1,0,1,0,0,1,0,3,4,1,Data Analyst,3,1,0,0,0,1,1,0,Bachelor's,66.67,0.7999999999999999,0.8,2,2,1,0.86,1
124,91,Bachelor's,4.1,1,0,1,0,1,0,0,2,3,1,AI Engineer,5,0,1,0,1,1,1,1,Diploma,20.0,0.82,0.82,2,1,1,0.72,0
360,36,Bachelor's,2.2,1,1,0,0,0,0,0,4,4,0,Business Intelligence,0,0,1,1,0,1,1,0,Master's,25.0,1.0,1.0,2,3,0,0.56,1
64,52,Bachelor's,1.4,1,1,0,0,0,0,0,5,4,1,Business Intelligence,1,1,0,1,0,0,0,0,Bachelor's,50.0,1.4,1.0,2,2,1,0.86,1
889,22,Diploma,3.2,0,1,0,1,0,1,0,1,2,0,Data Analyst,2,1,1,0,0,0,1,0,Master's,66.67,1.6,1.0,1,3,0,0.28,1
765,38,Diploma,0.4,1,0,0,1,1,0,0,1,1,1,AI Engineer,2,1,1,1,0,0,0,1,Bachelor's,25.0,0.2,0.2,1,2,0,0.44,0
774,99,Bachelor's,7.8,1,1,1,0,0,1,0,2,4,0,AI Engineer,2,1,1,0,1,0,0,0,Diploma,66.67,3.9,1.0,2,1,1,0.56,1
956,62,Bachelor's,6.8,0,1,1,0,0,1,0,2,3,0,Machine Learning,1,1,1,1,0,0,0,1,Diploma,50.0,6.8,1.0,2,1,1,0.42,1
624,65,Bachelor's,7.9,0,1,1,1,0,0,1,3,0,0,Machine Learning,0,1,1,1,0,0,1,0,Master's,50.0,1.0,1.0,2,3,0,0.0,0
102,3,Bachelor's,8.7,1,1,0,0,1,1,1,1,1,1,AI Engineer,3,0,1,1,0,0,0,0,Diploma,50.0,2.9,1.0,2,1,1,0.44,1
561,88,Master's,1.1,0,0,1,0,0,0,0,1,5,0,Data Analyst,0,1,1,1,0,0,1,1,Diploma,20.0,1.0,1.0,3,1,1,0.7,1
277,8,Master's,0.7,0,1,0,0,0,1,0,1,1,1,AI Engineer,2,1,0,0,0,0,1,0,Master's,50.0,0.35,0.35,3,3,1,0.44,0
227,39,Master's,1.3,1,0,0,0,0,0,0,3,3,0,Data Science,0,1,0,0,1,0,1,1,Master's,25.0,1.0,1.0,3,3,1,0.42,1
23,18,Bachelor's,6.5,0,1,1,1,1,0,1,4,5,0,Data Analyst,0,1,1,0,0,1,0,0,Diploma,66.67,1.0,1.0,2,1,1,0.7,1
844,3,Master's,2.4,0,0,0,0,0,1,1,0,2,1,AI Engineer,3,0,1,1,0,0,0,0,Diploma,0.0,0.7999999999999999,0.8,3,1,1,0.58,0
697,18,Bachelor's,0.1,0,1,0,0,0,1,1,2,5,0,Data Analyst,0,1,1,0,0,1,0,0,Diploma,33.33,1.0,1.0,2,1,1,0.7,1
64,80,Bachelor's,1.4,1,1,0,0,0,0,0,5,4,1,Business Intelligence,2,1,1,0,0,1,1,0,Master's,50.0,0.7,0.7,2,3,0,0.86,0
157,96,Bachelor's,0.4,1,1,0,0,1,1,0,1,3,1,Business Intelligence,2,1,1,0,1,0,0,0,Master's,66.67,0.2,0.2,2,3,0,0.72,0
795,1,Diploma,0.1,1,0,0,0,0,0,0,1,4,0,Data Science,4,1,0,0,1,0,1,0,Bachelor's,33.33,0.025,0.02,1,2,0,0.56,0
390,26,Master's,1.5,0,1,0,1,0,1,0,1,3,1,Machine Learning,2,1,0,0,0,1,1,1,Bachelor's,25.0,0.75,0.75,3,2,1,0.72,1
149,52,Diploma,4.8,1,1,1,0,0,1,0,1,1,1,Business Intelligence,1,1,0,1,0,0,0,0,Bachelor's,100.0,4.8,1.0,1,2,0,0.44,1
839,12,Bachelor's,6.6,0,1,0,0,0,1,1,4,3,0,Machine Learning,3,1,1,0,0,1,1,0,Bachelor's,50.0,2.1999999999999997,1.0,2,2,1,0.42,1
363,38,Bachelor's,2.4,1,1,1,0,0,1,0,2,2,0,AI Engineer,2,1,1,1,0,0,0,1,Bachelor's,75.0,1.2,1.0,2,2,1,0.28,1
681,85,Master's,1.1,1,1,0,0,0,0,0,2,7,1,Data Science,1,1,0,0,0,0,0,0,Master's,100.0,1.1,1.0,3,3,1,1.0,1
464,41,Bachelor's,2.7,0,1,0,0,0,1,1,1,3,1,Business Intelligence,2,1,0,0,0,0,1,1,Bachelor's,66.67,1.35,1.0,2,2,1,0.72,1
645,53,Bachelor's,0.2,1,1,1,0,0,1,0,2,3,0,Data Science,4,1,0,0,1,0,0,0,Bachelor's,50.0,0.05,0.05,2,2,1,0.42,0
399,13,Master's,2.4,0,0,0,0,0,0,1,1,5,0,Data Analyst,3,0,1,1,1,0,1,1,Bachelor's,20.0,0.7999999999999999,0.8,3,2,1,0.7,0
405,76,Bachelor's,2.7,0,1,1,0,0,1,0,1,1,0,Data Science,0,1,0,0,0,0,1,0,Master's,50.0,1.0,1.0,2,3,0,0.14,1
826,13,Master's,1.9,0,0,0,0,1,0,0,3,2,0,Data Analyst,3,0,1,1,1,0,1,1,Bachelor's,0.0,0.6333333333333333,0.63,3,2,1,0.28,0
132,18,Bachelor's,1.7,1,1,0,0,1,1,0,2,3,1,Data Analyst,0,1,1,0,0,1,0,0,Diploma,100.0,1.0,1.0,2,1,1,0.72,1
197,19,Master's,9.1,1,1,0,0,0,1,0,1,3,0,Business Intelligence,5,1,0,0,0,0,0,1,Bachelor's,50.0,1.8199999999999998,1.0,3,2,1,0.42,1
647,19,Bachelor's,0.3,0,0,1,0,1,1,0,1,5,1,Business Intelligence,5,1,0,0,0,0,0,1,Bachelor's,0.0,0.06,0.06,2,2,1,1.0,0
35,70,Master's,0.2,0,0,0,0,0,1,0,4,5,1,AI Engineer,1,1,0,1,0,0,1,0,Bachelor's,33.33,0.2,0.2,3,2,1,1.0,1
420,48,Master's,6.8,1,0,0,0,0,0,0,5,0,1,AI Engineer,1,1,1,1,0,1,0,0,Bachelor's,25.0,6.8,1.0,3,2,1,0.3,1
377,71,Master's,1.5,1,1,0,0,1,1,0,0,3,1,Data Analyst,2,1,1,0,0,0,0,1,Diploma,66.67,0.75,0.75,3,1,1,0.72,1
399,71,Master's,2.4,0,0,0,0,0,0,1,1,5,0,Data Analyst,2,1,1,0,0,0,0,1,Diploma,33.33,1.2,1.0,3,1,1,0.7,1
220,28,Master's,0.8,1,1,0,0,0,0,0,2,3,0,Data Science,1,0,1,0,1,1,0,0,Bachelor's,33.33,0.8,0.8,3,2,1,0.42,1
898,92,Master's,0.5,1,1,0,0,0,1,0,2,1,1,Machine Learning,3,0,1,0,0,0,1,0,Bachelor's,100.0,0.16666666666666666,0.17,3,2,1,0.44,1
888,19,Bachelor's,0.7,1,1,1,1,0,1,0,0,8,0,Business Intelligence,5,1,0,0,0,0,0,1,Bachelor's,50.0,0.13999999999999999,0.14,2,2,1,0.7,1
697,80,Bachelor's,0.1,0,1,0,0,0,1,1,2,5,0,Business Intelligence,2,1,1,0,0,1,1,0,Master's,50.0,0.05,0.05,2,3,0,0.7,0
517,81,Bachelor's,2.6,1,0,0,1,1,1,1,1,5,1,Data Science,2,1,1,0,0,0,0,1,Bachelor's,66.67,1.3,1.0,2,2,1,1.0,1
583,86,Bachelor's,2.3,1,0,1,1,1,1,1,5,0,1,Data Science,3,0,0,1,1,0,1,0,Bachelor's,100.0,0.7666666666666666,0.77,2,2,1,0.3,1
342,83,Bachelor's,1.6,1,1,0,1,0,1,0,6,2,1,Business Intelligence,2,0,1,0,0,0,0,0,Bachelor's,100.0,0.8,0.8,2,2,1,0.58,1
753,48,Bachelor's,0.0,1,0,1,0,0,1,0,0,3,1,AI Engineer,1,1,1,1,0,1,0,0,Bachelor's,50.0,0.0,0.0,2,2,1,0.72,0
863,29,Bachelor's,0.5,0,0,0,0,1,1,1,0,3,1,AI Engineer,0,1,1,1,1,0,1,0,Bachelor's,20.0,1.0,1.0,2,2,1,0.72,1
416,48,Bachelor's,6.9,0,1,0,0,0,1,0,1,4,1,AI Engineer,1,1,1,1,0,1,0,0,Bachelor's,25.0,6.9,1.0,2,2,1,0.86,1
456,19,Bachelor's,6.7,1,0,0,0,0,0,0,4,4,1,Business Intelligence,5,1,0,0,0,0,0,1,Bachelor's,50.0,1.34,1.0,2,2,1,0.86,1
297,99,Master's,0.5,1,1,0,0,0,1,0,0,1,1,AI Engineer,2,1,1,0,1,0,0,0,Diploma,66.67,0.25,0.25,3,1,1,0.44,1
938,47,Master's,4.4,0,0,0,0,1,1,1,2,0,0,Data Analyst,0,1,0,0,0,0,0,1,Master's,50.0,1.0,1.0,3,3,1,0.0,0
705,60,Diploma,1.4,0,1,0,1,0,1,0,3,2,1,Data Analyst,0,0,1,0,0,0,0,0,Bachelor's,100.0,1.0,1.0,1,2,0,0.58,1
680,48,Master's,3.0,1,0,0,0,0,1,0,0,1,0,AI Engineer,1,1,1,1,0,1,0,0,Bachelor's,25.0,3.0,1.0,3,2,1,0.14,1
339,20,Bachelor's,0.2,1,1,0,1,0,0,0,1,4,1,Data Analyst,2,1,1,0,0,1,0,0,Bachelor's,66.67,0.1,0.1,2,2,1,0.86,1
748,19,Bachelor's,0.8,1,0,0,1,0,0,0,2,4,0,Business Intelligence,5,1,0,0,0,0,0,1,Bachelor's,50.0,0.16,0.16,2,2,1,0.56,0
806,42,Master's,3.7,0,1,0,0,1,1,1,2,2,0,Business Intelligence,3,0,1,0,0,0,0,0,Diploma,100.0,1.2333333333333334,1.0,3,1,1,0.28,1
298,77,Bachelor's,0.3,1,0,0,0,0,1,0,1,5,1,Data Analyst,0,0,1,0,0,0,0,1,Bachelor's,0.0,1.0,1.0,2,2,1,1.0,1
760,76,Master's,2.0,1,1,1,0,0,1,0,3,3,0,Data Science,0,1,0,0,0,0,1,0,Master's,100.0,1.0,1.0,3,3,1,0.42,1
677,49,Bachelor's,0.2,1,0,0,0,0,0,0,0,1,1,Data Science,4,1,1,0,0,0,0,0,Diploma,50.0,0.05,0.05,2,1,1,0.44,0
312,15,Diploma,5.6,0,1,1,0,0,1,0,1,2,1,AI Engineer,0,1,1,1,0,0,1,1,Master's,60.0,1.0,1.0,1,3,0,0.58,1
583,60,Bachelor's,2.3,1,0,1,1,1,1,1,5,0,1,Data Analyst,0,0,1,0,0,0,0,0,Bachelor's,0.0,1.0,1.0,2,2,1,0.3,0
743,68,Master's,3.7,1,1,0,1,0,0,0,3,3,0,Data Science,4,1,0,0,0,0,1,0,Bachelor's,50.0,0.925,0.92,3,2,1,0.42,1
55,79,Bachelor's,12.0,0,1,1,0,1,1,1,2,0,0,Data Science,3,1,1,0,0,0,1,0,Bachelor's,66.67,4.0,1.0,2,2,1,0.0,1
985,81,Master's,0.4,1,1,0,0,1,1,0,1,3,0,Data Science,2,1,1,0,0,0,0,1,Bachelor's,66.67,0.2,0.2,3,2,1,0.42,1
694,27,Bachelor's,0.4,1,0,0,0,1,1,0,2,0,1,Data Science,3,0,1,0,0,1,0,0,Master's,50.0,0.13333333333333333,0.13,2,3,0,0.3,0
534,75,Bachelor's,0.8,1,0,0,1,0,1,0,2,1,0,AI Engineer,2,0,1,1,0,1,1,0,Master's,25.0,0.4,0.4,2,3,0,0.14,0
795,55,Diploma,0.1,1,0,0,0,0,0,0,1,4,0,Machine Learning,2,0,0,0,0,1,1,1,Bachelor's,0.0,0.05,0.05,1,2,0,0.56,0
105,87,Master's,12.0,0,0,0,0,0,1,1,3,6,1,AI Engineer,1,1,0,0,0,0,0,0,Bachelor's,0.0,12.0,1.0,3,2,1,1.0,1
175,15,Bachelor's,2.5,1,0,1,0,0,1,0,1,1,0,AI Engineer,0,1,1,1,0,0,1,1,Master's,60.0,1.0,1.0,2,3,0,0.14,0
294,52,Bachelor's,2.9,1,1,1,0,0,1,0,2,1,0,Business Intelligence,1,1,0,1,0,0,0,0,Bachelor's,100.0,2.9,1.0,2,2,1,0.14,1
880,31,Bachelor's,2.1,1,0,1,0,0,1,0,2,4,1,AI Engineer,1,1,0,1,1,0,0,0,Master's,66.67,2.1,1.0,2,3,0,0.86,1
551,90,Bachelor's,7.6,1,1,1,0,0,0,1,2,8,0,Data Science,0,1,1,0,1,0,1,1,Bachelor's,60.0,1.0,1.0,2,2,1,0.7,1
375,13,Diploma,0.7,0,1,0,0,0,1,0,2,3,0,Data Analyst,3,0,1,1,1,0,1,1,Bachelor's,40.0,0.2333333333333333,0.23,1,2,0,0.42,0
450,54,Diploma,2.9,1,0,1,0,0,1,0,0,3,0,Data Analyst,3,1,0,0,0,1,1,0,Bachelor's,66.67,0.9666666666666667,0.97,1,2,0,0.42,1
445,13,Master's,5.1,1,1,0,0,0,1,0,2,10,0,Data Analyst,3,0,1,1,1,0,1,1,Bachelor's,40.0,1.7,1.0,3,2,1,0.7,1
60,20,Bachelor's,2.5,1,1,1,0,1,0,0,2,2,1,Data Analyst,2,1,1,0,0,1,0,0,Bachelor's,100.0,1.25,1.0,2,2,1,0.58,1
392,98,Bachelor's,0.2,1,1,0,0,0,1,0,2,3,1,Machine Learning,2,1,1,0,1,0,0,0,Bachelor's,66.67,0.1,0.1,2,2,1,0.72,1
812,10,Master's,3.6,0,0,1,1,0,1,0,0,3,1,AI Engineer,5,0,1,0,1,1,0,0,Master's,33.33,0.72,0.72,3,3,1,0.72,0
811,52,Master's,2.7,1,1,0,0,1,1,0,3,1,0,Business Intelligence,1,1,0,1,0,0,0,0,Bachelor's,50.0,2.7,1.0,3,2,1,0.14,1
390,37,Master's,1.5,0,1,0,1,0,1,0,1,3,1,Data Analyst,0,1,0,0,0,0,0,0,Bachelor's,0.0,1.0,1.0,3,2,1,0.72,1
212,52,Bachelor's,1.5,0,1,0,0,0,1,0,0,5,1,Business Intelligence,1,1,0,1,0,0,0,0,Bachelor's,0.0,1.5,1.0,2,2,1,1.0,1
667,27,Bachelor's,0.6,1,1,0,0,0,0,0,6,2,1,Data Science,3,0,1,0,0,1,0,0,Master's,50.0,0.19999999999999998,0.2,2,3,0,0.58,0
685,34,Master's,0.4,1,1,1,0,0,1,0,4,5,1,Machine Learning,2,1,1,0,0,1,0,0,Bachelor's,66.67,0.2,0.2,3,2,1,1.0,1
535,100,Master's,1.3,0,0,0,0,0,0,0,3,5,1,Data Science,5,0,0,0,0,1,0,0,Bachelor's,0.0,0.26,0.26,3,2,1,1.0,0
240,62,Bachelor's,0.5,1,1,0,0,1,1,0,1,2,1,Machine Learning,1,1,1,1,0,0,0,1,Diploma,50.0,0.5,0.5,2,1,1,0.58,1
488,16,Bachelor's,3.0,0,0,0,0,0,0,0,2,9,0,AI Engineer,2,1,1,0,1,1,1,0,Master's,0.0,1.5,1.0,2,3,0,0.7,0
721,59,Master's,0.4,0,0,0,0,1,1,0,2,4,1,Data Science,2,0,1,0,0,0,0,0,Master's,0.0,0.2,0.2,3,3,1,0.86,0
122,21,Master's,7.8,1,0,0,1,0,1,0,3,4,0,Data Science,1,1,1,0,0,0,1,1,Bachelor's,50.0,7.8,1.0,3,2,1,0.56,1
253,16,Master's,0.3,0,1,0,0,0,1,0,2,0,0,AI Engineer,2,1,1,0,1,1,1,0,Master's,40.0,0.15,0.15,3,3,1,0.0,0
141,81,Master's,4.4,0,0,0,0,0,0,0,1,5,1,Data Science,2,1,1,0,0,0,0,1,Bachelor's,0.0,2.2,1.0,3,2,1,1.0,1
452,79,Bachelor's,2.4,0,1,0,0,1,1,0,2,2,0,Data Science,3,1,1,0,0,0,1,0,Bachelor's,66.67,0.7999999999999999,0.8,2,2,1,0.28,1
852,13,Master's,4.2,1,0,0,1,1,0,0,4,3,1,Data Analyst,3,0,1,1,1,0,1,1,Bachelor's,20.0,1.4000000000000001,1.0,3,2,1,0.72,1
874,33,Bachelor's,4.6,1,1,0,1,0,0,0,3,1,0,AI Engineer,3,0,1,0,0,0,0,0,Bachelor's,100.0,1.5333333333333332,1.0,2,2,1,0.14,1
832,54,Bachelor's,2.3,0,1,1,0,0,1,0,1,2,0,Data Analyst,3,1,0,0,0,1,1,0,Bachelor's,33.33,0.7666666666666666,0.77,2,2,1,0.28,1
153,69,Bachelor's,3.0,0,1,1,1,0,0,0,2,1,1,Data Science,5,1,0,1,0,0,1,0,Bachelor's,33.33,0.6,0.6,2,2,1,0.44,1
893,27,Master's,4.0,0,1,0,0,1,0,1,2,5,1,Data Science,3,0,1,0,0,1,0,0,Master's,100.0,1.3333333333333333,1.0,3,3,1,1.0,1
726,52,Master's,0.2,1,1,0,0,0,1,0,3,4,1,Business Intelligence,1,1,0,1,0,0,0,0,Bachelor's,50.0,0.2,0.2,3,2,1,0.86,0
308,65,Bachelor's,4.0,0,0,0,0,0,1,0,1,6,1,Machine Learning,0,1,1,1,0,0,1,0,Master's,25.0,1.0,1.0,2,3,0,1.0,0
560,44,Bachelor's,5.8,1,0,1,0,1,0,1,1,6,0,Business Intelligence,1,1,1,0,0,1,0,0,Bachelor's,66.67,5.8,1.0,2,2,1,0.7,1
317,30,Bachelor's,1.9,1,0,1,0,1,1,1,3,4,0,Data Analyst,1,1,1,0,1,1,0,0,Bachelor's,50.0,1.9,1.0,2,2,1,0.56,1
529,23,Diploma,4.1,1,1,0,0,0,0,0,6,1,1,AI Engineer,4,1,0,0,0,1,1,0,Bachelor's,33.33,1.025,1.0,1,2,0,0.44,0
296,79,Bachelor's,0.6,1,0,0,0,1,0,1,3,7,1,Data Science,3,1,1,0,0,0,1,0,Bachelor's,33.33,0.19999999999999998,0.2,2,2,1,1.0,0
843,100,Bachelor's,1.4,0,0,0,0,0,1,0,3,2,1,Data Science,5,0,0,0,0,1,0,0,Bachelor's,0.0,0.27999999999999997,0.28,2,2,1,0.58,0
345,83,Bachelor's,3.4,0,0,0,1,0,1,1,1,2,1,Business Intelligence,2,0,1,0,0,0,0,0,Bachelor's,0.0,1.7,1.0,2,2,1,0.58,0
581,94,Bachelor's,0.7,1,0,1,0,1,0,0,1,0,0,Business Intelligence,1,0,1,0,1,0,0,1,Diploma,0.0,0.7,0.7,2,1,1,0.0,0
597,16,Bachelor's,0.8,1,0,1,0,0,1,0,2,3,0,AI Engineer,2,1,1,0,1,1,1,0,Master's,40.0,0.4,0.4,2,3,0,0.42,0
282,55,Bachelor's,3.0,1,0,1,0,0,1,1,4,1,1,Machine Learning,2,0,0,0,0,1,1,1,Bachelor's,66.67,1.5,1.0,2,2,1,0.44,1
208,18,Bachelor's,1.5,0,1,0,0,0,1,0,2,4,0,Data Analyst,0,1,1,0,0,1,0,0,Diploma,33.33,1.0,1.0,2,1,1,0.56,1
952,90,Bachelor's,0.6,0,1,0,0,0,1,1,1,3,0,Data Science,0,1,1,0,1,0,1,1,Bachelor's,60.0,1.0,1.0,2,2,1,0.42,1
552,17,Master's,2.3,1,0,0,0,0,1,0,3,0,0,AI Engineer,4,1,0,1,0,1,0,0,Bachelor's,33.33,0.575,0.57,3,2,1,0.0,1
981,75,Bachelor's,0.5,1,1,1,0,0,1,0,2,2,0,AI Engineer,2,0,1,1,0,1,1,0,Master's,75.0,0.25,0.25,2,3,0,0.28,1
96,52,Bachelor's,0.5,0,1,0,0,1,1,1,2,2,1,Business Intelligence,1,1,0,1,0,0,0,0,Bachelor's,0.0,0.5,0.5,2,2,1,0.58,0
452,45,Bachelor's,2.4,0,1,0,0,1,1,0,2,2,0,Business Intelligence,1,0,0,0,0,0,1,0,Bachelor's,100.0,2.4,1.0,2,2,1,0.28,1
998,56,Bachelor's,0.2,1,0,0,1,1,1,1,2,6,0,Machine Learning,2,0,1,1,1,1,1,1,Diploma,66.67,0.1,0.1,2,1,1,0.7,0
762,93,Bachelor's,4.7,1,1,1,1,0,1,0,0,3,1,Data Science,1,0,1,1,0,1,1,0,Bachelor's,75.0,4.7,1.0,2,2,1,0.72,1
373,54,Diploma,4.8,0,0,0,0,1,1,0,3,2,1,Data Analyst,3,1,0,0,0,1,1,0,Bachelor's,66.67,1.5999999999999999,1.0,1,2,0,0.58,1
648,9,Bachelor's,4.4,1,0,0,0,1,1,0,2,1,0,Data Analyst,0,1,1,0,0,0,0,0,Master's,50.0,1.0,1.0,2,3,0,0.14,0
73,17,Diploma,0.1,1,0,0,0,0,0,0,3,4,0,AI Engineer,4,1,0,1,0,1,0,0,Bachelor's,33.33,0.025,0.02,1,2,0,0.56,0
813,27,Bachelor's,0.8,0,0,0,1,0,1,1,2,4,1,Data Science,3,0,1,0,0,1,0,0,Master's,0.0,0.26666666666666666,0.27,2,3,0,0.86,0
785,37,Bachelor's,2.7,0,1,0,0,1,0,0,3,2,0,Data Analyst,0,1,0,0,0,0,0,0,Bachelor's,0.0,1.0,1.0,2,2,1,0.28,1
681,22,Master's,1.1,1,1,0,0,0,0,0,2,7,1,Data Analyst,2,1,1,0,0,0,1,0,Master's,66.67,0.55,0.55,3,3,1,1.0,1
333,72,Diploma,0.6,0,0,0,0,0,0,1,6,3,1,Data Science,5,1,0,0,0,0,0,1,Master's,50.0,0.12,0.12,1,3,0,0.72,0
393,67,Bachelor's,0.5,1,1,0,1,1,0,1,4,5,0,Data Science,0,1,1,1,0,1,1,0,Bachelor's,60.0,1.0,1.0,2,2,1,0.7,1
710,38,Bachelor's,2.6,1,1,0,1,1,0,0,2,4,0,AI Engineer,2,1,1,1,0,0,0,1,Bachelor's,50.0,1.3,1.0,2,2,1,0.56,1
859,99,Bachelor's,4.6,1,0,1,0,1,1,0,2,1,0,AI Engineer,2,1,1,0,1,0,0,0,Diploma,33.33,2.3,1.0,2,1,1,0.14,1
106,96,Bachelor's,0.5,1,0,1,0,0,1,0,5,2,1,Business Intelligence,2,1,1,0,1,0,0,0,Master's,33.33,0.25,0.25,2,3,0,0.58,0
101,72,Diploma,0.1,0,0,0,0,0,1,1,2,5,0,Data Science,5,1,0,0,0,0,0,1,Master's,50.0,0.02,0.02,1,3,0,0.7,1
359,44,Master's,0.8,1,1,0,1,1,1,0,0,7,1,Business Intelligence,1,1,1,0,0,1,0,0,Bachelor's,100.0,0.8,0.8,3,2,1,1.0,1
747,91,Bachelor's,0.0,0,1,0,0,0,1,0,3,1,0,AI Engineer,5,0,1,0,1,1,1,1,Diploma,40.0,0.0,0.0,2,1,1,0.14,0
792,96,Bachelor's,3.3,0,0,1,0,0,1,0,0,0,0,Business Intelligence,2,1,1,0,1,0,0,0,Master's,0.0,1.65,1.0,2,3,0,0.0,0
329,36,Bachelor's,2.7,0,0,0,0,0,1,1,4,4,0,Business Intelligence,0,0,1,1,0,1,1,0,Master's,25.0,1.0,1.0,2,3,0,0.56,0
889,98,Diploma,3.2,0,1,0,1,0,1,0,1,2,0,Machine Learning,2,1,1,0,1,0,0,0,Bachelor's,66.67,1.6,1.0,1,2,0,0.28,1
618,25,Bachelor's,2.7,1,1,1,0,0,0,0,2,2,1,Data Science,3,1,1,0,0,0,1,0,Bachelor's,66.67,0.9,0.9,2,2,1,0.58,1
395,95,Bachelor's,1.0,0,1,1,0,1,1,0,1,2,1,AI Engineer,3,1,1,1,0,1,1,0,Bachelor's,80.0,0.3333333333333333,0.33,2,2,1,0.58,1
35,42,Master's,0.2,0,0,0,0,0,1,0,4,5,1,Business Intelligence,3,0,1,0,0,0,0,0,Diploma,0.0,0.06666666666666667,0.07,3,1,1,1.0,0
904,56,Bachelor's,0.1,1,0,0,0,0,0,0,2,4,1,Machine Learning,2,0,1,1,1,1,1,1,Diploma,0.0,0.05,0.05,2,1,1,0.86,0
273,79,Master's,3.8,1,1,0,0,0,0,0,3,2,1,Data Science,3,1,1,0,0,0,1,0,Bachelor's,66.67,1.2666666666666666,1.0,3,2,1,0.58,1
967,51,Master's,0.5,0,0,1,1,1,1,0,1,4,0,Machine Learning,5,0,1,1,0,1,0,0,Master's,66.67,0.1,0.1,3,3,1,0.56,1
396,50,Master's,4.4,1,1,1,0,0,1,0,3,0,0,AI Engineer,1,1,0,0,0,1,1,0,Master's,66.67,4.4,1.0,3,3,1,0.0,0
752,77,Master's,0.6,0,1,0,1,0,0,0,1,6,1,Data Analyst,0,0,1,0,0,0,0,1,Bachelor's,50.0,1.0,1.0,3,2,1,1.0,1
207,52,Bachelor's,2.9,1,1,0,1,0,1,0,1,2,1,Business Intelligence,1,1,0,1,0,0,0,0,Bachelor's,50.0,2.9,1.0,2,2,1,0.58,1
757,33,Bachelor's,8.0,1,0,0,0,1,1,0,0,1,1,AI Engineer,3,0,1,0,0,0,0,0,Bachelor's,0.0,2.6666666666666665,1.0,2,2,1,0.44,1
605,95,Bachelor's,0.2,1,0,1,0,0,1,0,2,1,1,AI Engineer,3,1,1,1,0,1,1,0,Bachelor's,60.0,0.06666666666666667,0.07,2,2,1,0.44,0
621,25,Bachelor's,1.6,0,1,1,0,0,0,1,0,4,0,Data Science,3,1,1,0,0,0,1,0,Bachelor's,33.33,0.5333333333333333,0.53,2,2,1,0.56,0
306,58,Master's,5.1,1,0,0,0,0,0,0,5,1,0,Data Analyst,4,1,1,1,1,0,0,0,Bachelor's,25.0,1.275,1.0,3,2,1,0.14,0
626,40,Bachelor's,2.9,0,0,1,1,0,0,0,0,1,0,Data Analyst,2,1,0,0,0,1,0,1,Bachelor's,0.0,1.45,1.0,2,2,1,0.14,0
536,87,Master's,0.3,0,0,0,0,0,0,0,1,4,1,AI Engineer,1,1,0,0,0,0,0,0,Bachelor's,0.0,0.3,0.3,3,2,1,0.86,1
805,38,Bachelor's,1.1,1,0,1,0,0,1,0,0,2,0,AI Engineer,2,1,1,1,0,0,0,1,Bachelor's,50.0,0.55,0.55,2,2,1,0.28,1
252,16,Bachelor's,1.6,0,0,0,1,0,0,1,1,1,1,AI Engineer,2,1,1,0,1,1,1,0,Master's,20.0,0.8,0.8,2,3,0,0.44,0
267,2,Bachelor's,1.2,0,0,0,0,1,1,0,5,4,1,Machine Learning,4,1,1,1,0,0,1,0,Diploma,25.0,0.3,0.3,2,1,1,0.86,0
867,23,Bachelor's,0.1,1,0,0,0,0,1,0,5,2,1,AI Engineer,4,1,0,0,0,1,1,0,Bachelor's,66.67,0.025,0.02,2,2,1,0.58,0
209,98,Diploma,0.8,1,0,0,1,0,1,0,1,2,1,Machine Learning,2,1,1,0,1,0,0,0,Bachelor's,66.67,0.4,0.4,1,2,0,0.58,0
955,30,Bachelor's,12.0,0,0,0,0,1,0,0,0,1,0,Data Analyst,1,1,1,0,1,1,0,0,Bachelor's,25.0,12.0,1.0,2,2,1,0.14,0
567,10,Bachelor's,2.8,1,1,0,0,0,0,1,1,3,1,AI Engineer,5,0,1,0,1,1,0,0,Master's,33.33,0.5599999999999999,0.56,2,3,0,0.72,0
539,65,Bachelor's,0.5,0,1,0,0,0,1,0,0,0,0,Machine Learning,0,1,1,1,0,0,1,0,Master's,50.0,1.0,1.0,2,3,0,0.0,0
835,22,Bachelor's,4.2,1,0,0,1,1,1,1,1,3,0,Data Analyst,2,1,1,0,0,0,1,0,Master's,66.67,2.1,1.0,2,3,0,0.42,1
503,52,Bachelor's,0.1,0,1,0,0,0,1,0,3,2,0,Business Intelligence,1,1,0,1,0,0,0,0,Bachelor's,0.0,0.1,0.1,2,2,1,0.28,0
956,56,Bachelor's,6.8,0,1,1,0,0,1,0,2,3,0,Machine Learning,2,0,1,1,1,1,1,1,Diploma,50.0,3.4,1.0,2,1,1,0.42,1
514,33,Master's,0.0,1,1,0,0,1,1,0,3,2,0,AI Engineer,3,0,1,0,0,0,0,0,Bachelor's,100.0,0.0,0.0,3,2,1,0.28,1
580,89,Bachelor's,2.0,0,0,0,0,0,0,0,1,4,0,Machine Learning,2,0,0,0,0,1,1,0,Bachelor's,0.0,1.0,1.0,2,2,1,0.56,0
914,86,Bachelor's,1.1,0,1,0,0,0,1,0,0,1,0,Data Science,3,0,0,1,1,0,1,0,Bachelor's,33.33,0.3666666666666667,0.37,2,2,1,0.14,0
148,80,Bachelor's,2.7,1,1,0,1,0,1,1,3,3,1,Business Intelligence,2,1,1,0,0,1,1,0,Master's,75.0,1.35,1.0,2,3,0,0.72,1
981,30,Bachelor's,0.5,1,1,1,0,0,1,0,2,2,0,Data Analyst,1,1,1,0,1,1,0,0,Bachelor's,50.0,0.5,0.5,2,2,1,0.28,0
831,82,Bachelor's,9.8,1,0,1,1,1,1,0,3,4,0,Data Analyst,3,1,1,1,0,0,0,1,Bachelor's,50.0,3.266666666666667,1.0,2,2,1,0.56,1
974,24,Bachelor's,1.8,0,1,1,1,0,0,0,4,3,1,Machine Learning,2,1,1,0,1,0,1,0,Master's,50.0,0.9,0.9,2,3,0,0.72,1
840,5,Bachelor's,0.6,1,1,0,0,1,0,0,5,1,0,Business Intelligence,4,0,1,0,0,0,1,0,Bachelor's,50.0,0.15,0.15,2,2,1,0.14,0
642,53,Bachelor's,4.6,1,1,0,1,1,1,0,2,4,1,Data Science,4,1,0,0,1,0,0,0,Bachelor's,100.0,1.15,1.0,2,2,1,0.86,1
986,55,Bachelor's,0.2,0,1,0,0,0,0,0,1,1,1,Machine Learning,2,0,0,0,0,1,1,1,Bachelor's,0.0,0.1,0.1,2,2,1,0.44,0
83,23,Bachelor's,1.4,1,0,0,1,0,1,0,0,3,1,AI Engineer,4,1,0,0,0,1,1,0,Bachelor's,66.67,0.35,0.35,2,2,1,0.72,0
42,91,Bachelor's,3.9,0,1,0,0,0,1,0,5,3,0,AI Engineer,5,0,1,0,1,1,1,1,Diploma,40.0,0.78,0.78,2,1,1,0.42,1
156,76,Bachelor's,3.5,1,1,0,0,0,0,0,1,1,0,Data Science,0,1,0,0,0,0,1,0,Master's,50.0,1.0,1.0,2,3,0,0.14,0
669,10,Bachelor's,0.3,0,0,1,0,0,0,0,2,0,0,AI Engineer,5,0,1,0,1,1,0,0,Master's,0.0,0.06,0.06,2,3,0,0.0,0
453,98,Bachelor's,5.1,0,1,1,0,0,1,0,5,2,0,Machine Learning,2,1,1,0,1,0,0,0,Bachelor's,33.33,2.55,1.0,2,2,1,0.28,1
619,33,Master's,2.0,0,1,0,0,0,0,0,1,5,0,AI Engineer,3,0,1,0,0,0,0,0,Bachelor's,100.0,0.6666666666666666,0.67,3,2,1,0.7,1
284,80,Diploma,0.0,1,1,0,1,1,0,0,2,3,1,Business Intelligence,2,1,1,0,0,1,1,0,Master's,75.0,0.0,0.0,1,3,0,0.72,0
188,93,Bachelor's,0.2,0,0,0,0,0,1,1,1,3,0,Data Science,1,0,1,1,0,1,1,0,Bachelor's,25.0,0.2,0.2,2,2,1,0.42,0
617,62,Diploma,12.0,1,1,1,1,0,1,1,1,5,1,Machine Learning,1,1,1,1,0,0,0,1,Diploma,100.0,12.0,1.0,1,1,1,1.0,1
624,82,Bachelor's,7.9,0,1,1,1,0,0,1,3,0,0,Data Analyst,3,1,1,1,0,0,0,1,Bachelor's,75.0,2.6333333333333333,1.0,2,2,1,0.0,1
474,27,Master's,1.3,0,1,0,0,1,1,0,0,4,1,Data Science,3,0,1,0,0,1,0,0,Master's,100.0,0.43333333333333335,0.43,3,3,1,0.86,1
133,100,Bachelor's,0.2,0,1,1,0,0,0,1,1,5,0,Data Science,5,0,0,0,0,1,0,0,Bachelor's,0.0,0.04,0.04,2,2,1,0.7,0
271,27,Master's,3.0,1,0,0,0,0,1,0,4,2,0,Data Science,3,0,1,0,0,1,0,0,Master's,0.0,1.0,1.0,3,3,1,0.28,0
622,74,Bachelor's,0.2,0,0,1,1,0,1,0,1,4,0,Data Science,1,1,1,1,0,0,1,0,Bachelor's,50.0,0.2,0.2,2,2,1,0.56,1
73,10,Diploma,0.1,1,0,0,0,0,0,0,3,4,0,AI Engineer,5,0,1,0,1,1,0,0,Master's,0.0,0.02,0.02,1,3,0,0.56,0
928,75,Bachelor's,1.6,0,1,0,0,0,0,0,1,4,0,AI Engineer,2,0,1,1,0,1,1,0,Master's,25.0,0.8,0.8,2,3,0,0.56,0
436,57,Master's,0.1,1,0,0,0,0,0,0,1,2,1,Business Intelligence,3,0,1,0,1,0,0,0,Bachelor's,0.0,0.03333333333333333,0.03,3,2,1,0.58,0
858,30,Bachelor's,1.5,1,1,1,0,0,1,0,2,1,1,Data Analyst,1,1,1,0,1,1,0,0,Bachelor's,50.0,1.5,1.0,2,2,1,0.44,1
293,3,Master's,2.1,1,0,0,0,1,1,0,3,4,1,AI Engineer,3,0,1,1,0,0,0,0,Diploma,0.0,0.7000000000000001,0.7,3,1,1,0.86,0
655,29,Bachelor's,0.2,0,0,0,0,0,0,0,4,7,0,AI Engineer,0,1,1,1,1,0,1,0,Bachelor's,0.0,1.0,1.0,2,2,1,0.7,0
937,14,Diploma,0.8,0,0,1,0,0,1,0,5,4,0,Data Science,3,1,1,0,0,1,1,0,Bachelor's,25.0,0.26666666666666666,0.27,1,2,0,0.56,0
772,77,Master's,3.8,1,1,0,0,1,0,0,2,2,1,Data Analyst,0,0,1,0,0,0,0,1,Bachelor's,50.0,1.0,1.0,3,2,1,0.58,1
757,83,Bachelor's,8.0,1,0,0,0,1,1,0,0,1,1,Business Intelligence,2,0,1,0,0,0,0,0,Bachelor's,0.0,4.0,1.0,2,2,1,0.44,0
437,25,Diploma,0.9,1,0,0,0,0,1,0,3,1,0,Data Science,3,1,1,0,0,0,1,0,Bachelor's,66.67,0.3,0.3,1,2,0,0.14,0
996,10,Diploma,2.7,0,0,1,0,0,1,0,3,3,0,AI Engineer,5,0,1,0,1,1,0,0,Master's,0.0,0.54,0.54,1,3,0,0.42,0
852,79,Master's,4.2,1,0,0,1,1,0,0,4,3,1,Data Science,3,1,1,0,0,0,1,0,Bachelor's,33.33,1.4000000000000001,1.0,3,2,1,0.72,1
667,92,Bachelor's,0.6,1,1,0,0,0,0,0,6,2,1,Machine Learning,3,0,1,0,0,0,1,0,Bachelor's,50.0,0.19999999999999998,0.2,2,2,1,0.58,0
661,49,Bachelor's,2.3,1,1,0,0,0,1,0,0,7,0,Data Science,4,1,1,0,0,0,0,0,Diploma,100.0,0.575,0.57,2,1,1,0.7,1
60,38,Bachelor's,2.5,1,1,1,0,1,0,0,2,2,1,AI Engineer,2,1,1,1,0,0,0,1,Bachelor's,75.0,1.25,1.0,2,2,1,0.58,1
598,71,Bachelor's,0.2,1,1,0,0,0,1,0,3,3,0,Data Analyst,2,1,1,0,0,0,0,1,Diploma,66.67,0.1,0.1,2,1,1,0.42,1
704,14,Bachelor's,1.8,1,1,0,0,0,1,0,2,2,0,Data Science,3,1,1,0,0,1,1,0,Bachelor's,75.0,0.6,0.6,2,2,1,0.28,1
327,30,Bachelor's,0.5,0,1,0,0,1,1,0,2,3,0,Data Analyst,1,1,1,0,1,1,0,0,Bachelor's,50.0,0.5,0.5,2,2,1,0.42,0
943,40,Bachelor's,3.8,1,0,1,0,0,0,1,3,1,0,Data Analyst,2,1,0,0,0,1,0,1,Bachelor's,66.67,1.9,1.0,2,2,1,0.14,1
182,12,Bachelor's,1.0,1,0,1,1,0,1,0,4,0,1,Machine Learning,3,1,1,0,0,1,1,0,Bachelor's,50.0,0.3333333333333333,0.33,2,2,1,0.3,1
799,92,Bachelor's,0.2,0,0,0,1,0,1,0,1,2,1,Machine Learning,3,0,1,0,0,0,1,0,Bachelor's,50.0,0.06666666666666667,0.07,2,2,1,0.58,0
785,14,Bachelor's,2.7,0,1,0,0,1,0,0,3,2,0,Data Science,3,1,1,0,0,1,1,0,Bachelor's,50.0,0.9,0.9,2,2,1,0.28,1
767,1,Master's,3.3,1,1,1,0,1,1,0,2,1,0,Data Science,4,1,0,0,1,0,1,0,Bachelor's,66.67,0.825,0.82,3,2,1,0.14,1
434,68,Bachelor's,2.7,1,0,1,0,0,1,1,4,5,1,Data Science,4,1,0,0,0,0,1,0,Bachelor's,100.0,0.675,0.68,2,2,1,1.0,1
519,49,Master's,0.7,0,0,0,0,1,0,0,2,4,0,Data Science,4,1,1,0,0,0,0,0,Diploma,0.0,0.175,0.18,3,1,1,0.56,0
638,18,Bachelor's,0.4,0,0,1,1,0,0,0,2,3,1,Data Analyst,0,1,1,0,0,1,0,0,Diploma,0.0,1.0,1.0,2,1,1,0.72,1
83,36,Bachelor's,1.4,1,0,0,1,0,1,0,0,3,1,Business Intelligence,0,0,1,1,0,1,1,0,Master's,25.0,1.0,1.0,2,3,0,0.72,0
28,64,Bachelor's,4.7,0,1,0,0,0,0,0,4,0,1,AI Engineer,3,1,0,1,0,0,1,0,Bachelor's,0.0,1.5666666666666667,1.0,2,2,1,0.3,1
266,96,Master's,0.2,0,0,0,0,0,1,0,2,3,1,Business Intelligence,2,1,1,0,1,0,0,0,Master's,0.0,0.1,0.1,3,3,1,0.72,0
283,28,Bachelor's,2.1,1,1,0,0,1,1,1,3,3,1,Data Science,1,0,1,0,1,1,0,0,Bachelor's,66.67,2.1,1.0,2,2,1,0.72,1
962,32,Bachelor's,1.3,1,0,0,1,0,1,0,2,3,0,AI Engineer,1,0,0,0,0,1,1,0,Diploma,50.0,1.3,1.0,2,1,1,0.42,0
763,25,Bachelor's,0.3,0,1,1,1,0,1,0,2,1,0,Data Science,3,1,1,0,0,0,1,0,Bachelor's,66.67,0.09999999999999999,0.1,2,2,1,0.14,1
700,20,Bachelor's,2.0,0,0,1,0,0,1,0,2,1,0,Data Analyst,2,1,1,0,0,1,0,0,Bachelor's,0.0,1.0,1.0,2,2,1,0.14,0
383,33,Bachelor's,8.7,0,0,0,0,0,0,0,2,2,0,AI Engineer,3,0,1,0,0,0,0,0,Bachelor's,0.0,2.9,1.0,2,2,1,0.28,0
811,30,Master's,2.7,1,1,0,0,1,1,0,3,1,0,Data Analyst,1,1,1,0,1,1,0,0,Bachelor's,75.0,2.7,1.0,3,2,1,0.14,1
581,37,Bachelor's,0.7,1,0,1,0,1,0,0,1,0,0,Data Analyst,0,1,0,0,0,0,0,0,Bachelor's,100.0,1.0,1.0,2,2,1,0.0,1
319,80,Bachelor's,0.2,1,1,0,0,0,1,1,1,5,0,Business Intelligence,2,1,1,0,0,1,1,0,Master's,75.0,0.1,0.1,2,3,0,0.7,0
838,53,Bachelor's,1.0,1,0,0,0,0,0,0,3,6,0,Data Science,4,1,0,0,1,0,0,0,Bachelor's,50.0,0.25,0.25,2,2,1,0.7,0
611,89,Diploma,5.3,0,1,0,0,1,1,0,3,3,0,Machine Learning,2,0,0,0,0,1,1,0,Bachelor's,100.0,2.65,1.0,1,2,0,0.42,1
193,74,Master's,1.1,0,1,0,1,1,1,0,2,5,0,Data Science,1,1,1,1,0,0,1,0,Bachelor's,50.0,1.1,1.0,3,2,1,0.7,1
227,69,Master's,1.3,1,0,0,0,0,0,0,3,3,0,Data Science,5,1,0,1,0,0,1,0,Bachelor's,33.33,0.26,0.26,3,2,1,0.42,0
451,8,Master's,1.7,1,0,0,0,1,1,0,2,2,0,AI Engineer,2,1,0,0,0,0,1,0,Master's,100.0,0.85,0.85,3,3,1,0.28,1
182,97,Bachelor's,1.0,1,0,1,1,0,1,0,4,0,1,Data Analyst,4,0,0,1,0,1,1,0,Bachelor's,66.67,0.25,0.25,2,2,1,0.3,0
932,1,Master's,2.1,0,0,0,0,0,0,0,1,3,0,Data Science,4,1,0,0,1,0,1,0,Bachelor's,0.0,0.525,0.52,3,2,1,0.42,0
327,95,Bachelor's,0.5,0,1,0,0,1,1,0,2,3,0,AI Engineer,3,1,1,1,0,1,1,0,Bachelor's,60.0,0.16666666666666666,0.17,2,2,1,0.42,1
605,7,Bachelor's,0.2,1,0,1,0,0,1,0,2,1,1,AI Engineer,2,1,0,0,0,1,0,0,Bachelor's,50.0,0.1,0.1,2,2,1,0.44,0
655,62,Bachelor's,0.2,0,0,0,0,0,0,0,4,7,0,Machine Learning,1,1,1,1,0,0,0,1,Diploma,0.0,0.2,0.2,2,1,1,0.7,0
203,87,Bachelor's,0.1,1,0,0,0,1,1,1,1,1,1,AI Engineer,1,1,0,0,0,0,0,0,Bachelor's,100.0,0.1,0.1,2,2,1,0.44,1
402,58,Master's,0.5,1,0,0,1,1,0,1,0,2,0,Data Analyst,4,1,1,1,1,0,0,0,Bachelor's,50.0,0.125,0.12,3,2,1,0.28,0
644,88,Bachelor's,2.4,0,0,0,0,1,1,0,3,1,0,Data Analyst,0,1,1,1,0,0,1,1,Diploma,20.0,1.0,1.0,2,1,1,0.14,1
472,78,Master's,3.4,0,1,1,0,1,1,0,4,2,1,Business Intelligence,5,1,0,0,0,1,1,0,Master's,66.67,0.6799999999999999,0.68,3,3,1,0.58,1
779,87,Master's,0.7,1,1,0,1,1,0,0,3,3,1,AI Engineer,1,1,0,0,0,0,0,0,Bachelor's,100.0,0.7,0.7,3,2,1,0.72,1
646,73,Master's,3.5,1,0,1,0,0,0,0,1,5,0,AI Engineer,1,0,0,0,0,0,1,0,Master's,0.0,3.5,1.0,3,3,1,0.7,0
890,8,Bachelor's,12.0,0,0,1,0,0,1,0,1,1,0,AI Engineer,2,1,0,0,0,0,1,0,Master's,50.0,6.0,1.0,2,3,0,0.14,0
179,64,Master's,3.6,0,1,0,0,0,1,0,5,6,0,AI Engineer,3,1,0,1,0,0,1,0,Bachelor's,33.33,1.2,1.0,3,2,1,0.7,1
698,8,Bachelor's,0.4,1,1,0,0,0,0,0,6,2,1,AI Engineer,2,1,0,0,0,0,1,0,Master's,50.0,0.2,0.2,2,3,0,0.58,0
18,58,Bachelor's,2.1,0,0,1,0,0,1,0,0,5,0,Data Analyst,4,1,1,1,1,0,0,0,Bachelor's,25.0,0.525,0.52,2,2,1,0.7,0
463,32,Master's,0.3,0,1,1,0,1,0,0,1,3,0,AI Engineer,1,0,0,0,0,1,1,0,Diploma,50.0,0.3,0.3,3,1,1,0.42,1
835,68,Bachelor's,4.2,1,0,0,1,1,1,1,1,3,0,Data Science,4,1,0,0,0,0,1,0,Bachelor's,100.0,1.05,1.0,2,2,1,0.42,1
913,49,Bachelor's,12.0,0,0,0,0,0,1,1,0,5,0,Data Science,4,1,1,0,0,0,0,0,Diploma,0.0,3.0,1.0,2,1,1,0.7,1
609,38,Bachelor's,0.7,0,1,1,0,1,1,0,1,5,1,AI Engineer,2,1,1,1,0,0,0,1,Bachelor's,50.0,0.35,0.35,2,2,1,1.0,1
546,2,Bachelor's,1.7,1,0,1,0,0,1,0,2,4,1,Machine Learning,4,1,1,1,0,0,1,0,Diploma,75.0,0.425,0.42,2,1,1,0.86,0
926,9,Diploma,0.2,0,0,0,0,0,1,0,2,3,0,Data Analyst,0,1,1,0,0,0,0,0,Master's,0.0,1.0,1.0,1,3,0,0.42,0
403,46,Bachelor's,0.1,1,1,0,1,0,1,0,3,2,1,Data Analyst,1,1,1,1,0,0,1,0,Bachelor's,75.0,0.1,0.1,2,2,1,0.58,1
393,65,Bachelor's,0.5,1,1,0,1,1,0,1,4,5,0,Machine Learning,0,1,1,1,0,0,1,0,Master's,50.0,1.0,1.0,2,3,0,0.7,0
936,49,Bachelor's,4.1,1,1,0,0,0,1,0,2,3,1,Data Science,4,1,1,0,0,0,0,0,Diploma,100.0,1.025,1.0,2,1,1,0.72,1
300,75,Diploma,3.1,1,1,0,0,0,0,1,1,7,0,AI Engineer,2,0,1,1,0,1,1,0,Master's,25.0,1.55,1.0,1,3,0,0.7,1
351,29,Bachelor's,5.0,0,0,1,0,0,1,1,1,4,0,AI Engineer,0,1,1,1,1,0,1,0,Bachelor's,40.0,1.0,1.0,2,2,1,0.56,1
187,90,Master's,2.9,0,0,0,0,1,1,0,2,5,1,Data Science,0,1,1,0,1,0,1,1,Bachelor's,20.0,1.0,1.0,3,2,1,1.0,1
347,91,Bachelor's,1.1,0,0,1,0,0,1,1,0,3,0,AI Engineer,5,0,1,0,1,1,1,1,Diploma,40.0,0.22000000000000003,0.22,2,1,1,0.42,1
623,29,Bachelor's,2.1,1,0,0,1,0,1,0,2,1,0,AI Engineer,0,1,1,1,1,0,1,0,Bachelor's,60.0,1.0,1.0,2,2,1,0.14,1
409,33,Master's,2.2,0,0,0,0,0,1,0,1,4,0,AI Engineer,3,0,1,0,0,0,0,0,Bachelor's,0.0,0.7333333333333334,0.73,3,2,1,0.56,0
759,28,Master's,0.3,0,0,0,0,1,0,0,5,2,1,Data Science,1,0,1,0,1,1,0,0,Bachelor's,33.33,0.3,0.3,3,2,1,0.58,1
71,95,Master's,0.9,0,1,0,0,1,1,0,4,3,0,AI Engineer,3,1,1,1,0,1,1,0,Bachelor's,60.0,0.3,0.3,3,2,1,0.42,0
821,83,Master's,0.6,0,0,0,1,0,1,0,3,4,1,Business Intelligence,2,0,1,0,0,0,0,0,Bachelor's,0.0,0.3,0.3,3,2,1,0.86,0
944,26,Master's,3.1,0,0,0,1,0,1,1,1,5,0,Machine Learning,2,1,0,0,0,1,1,1,Bachelor's,50.0,1.55,1.0,3,2,1,0.7,1
327,29,Bachelor's,0.5,0,1,0,0,1,1,0,2,3,0,AI Engineer,0,1,1,1,1,0,1,0,Bachelor's,40.0,1.0,1.0,2,2,1,0.42,1
212,11,Bachelor's,1.5,0,1,0,0,0,1,0,0,5,1,Data Analyst,3,1,1,0,0,1,0,1,Master's,25.0,0.5,0.5,2,3,0,1.0,0
309,96,Master's,1.0,1,0,1,1,0,0,0,5,1,0,Business Intelligence,2,1,1,0,1,0,0,0,Master's,66.67,0.5,0.5,3,3,1,0.14,1
108,85,Master's,3.5,0,0,0,0,0,1,0,3,1,0,Data Science,1,1,0,0,0,0,0,0,Master's,0.0,3.5,1.0,3,3,1,0.14,0
177,34,Bachelor's,3.8,1,1,0,1,0,0,0,1,2,0,Machine Learning,2,1,1,0,0,1,0,0,Bachelor's,66.67,1.9,1.0,2,2,1,0.28,1
427,86,Bachelor's,0.0,1,1,0,1,1,1,0,0,5,1,Data Science,3,0,0,1,1,0,1,0,Bachelor's,66.67,0.0,0.0,2,2,1,1.0,1
834,72,Bachelor's,3.4,1,0,0,0,1,0,0,4,2,0,Data Science,5,1,0,0,0,0,0,1,Master's,50.0,0.6799999999999999,0.68,2,3,0,0.28,1
418,40,Bachelor's,0.3,1,1,0,0,1,1,0,2,4,0,Data Analyst,2,1,0,0,0,1,0,1,Bachelor's,66.67,0.15,0.15,2,2,1,0.56,0
209,65,Diploma,0.8,1,0,0,1,0,1,0,1,2,1,Machine Learning,0,1,1,1,0,0,1,0,Master's,50.0,1.0,1.0,1,3,0,0.58,0
216,39,Bachelor's,0.6,1,0,1,0,1,0,0,1,4,0,Data Science,0,1,0,0,1,0,1,1,Master's,25.0,1.0,1.0,2,3,0,0.56,0
713,98,Bachelor's,3.8,1,1,0,0,1,1,0,1,2,0,Machine Learning,2,1,1,0,1,0,0,0,Bachelor's,66.67,1.9,1.0,2,2,1,0.28,1
438,24,Master's,3.0,1,1,1,1,0,1,0,1,4,1,Machine Learning,2,1,1,0,1,0,1,0,Master's,100.0,1.5,1.0,3,3,1,0.86,1
769,92,Bachelor's,1.2,1,0,1,0,1,1,0,3,1,0,Machine Learning,3,0,1,0,0,0,1,0,Bachelor's,50.0,0.39999999999999997,0.4,2,2,1,0.14,0
618,68,Bachelor's,2.7,1,1,1,0,0,0,0,2,2,1,Data Science,4,1,0,0,0,0,1,0,Bachelor's,50.0,0.675,0.68,2,2,1,0.58,0
988,82,Bachelor's,1.7,1,0,0,1,0,1,1,2,1,1,Data Analyst,3,1,1,1,0,0,0,1,Bachelor's,50.0,0.5666666666666667,0.57,2,2,1,0.44,0
311,93,Bachelor's,0.2,1,1,0,0,0,0,0,2,4,0,Data Science,1,0,1,1,0,1,1,0,Bachelor's,25.0,0.2,0.2,2,2,1,0.56,0
783,23,Bachelor's,1.5,0,0,0,0,0,0,0,3,4,1,AI Engineer,4,1,0,0,0,1,1,0,Bachelor's,0.0,0.375,0.38,2,2,1,0.86,0
383,61,Bachelor's,8.7,0,0,0,0,0,0,0,2,2,0,Business Intelligence,2,0,0,1,0,0,1,0,Bachelor's,0.0,4.35,1.0,2,2,1,0.28,0
981,27,Bachelor's,0.5,1,1,1,0,0,1,0,2,2,0,Data Science,3,0,1,0,0,1,0,0,Master's,50.0,0.16666666666666666,0.17,2,3,0,0.28,0
271,16,Master's,3.0,1,0,0,0,0,1,0,4,2,0,AI Engineer,2,1,1,0,1,1,1,0,Master's,40.0,1.5,1.0,3,3,1,0.28,1
121,45,Master's,5.5,0,0,0,0,0,0,0,2,5,0,Business Intelligence,1,0,0,0,0,0,1,0,Bachelor's,0.0,5.5,1.0,3,2,1,0.7,1
407,27,Bachelor's,4.6,1,1,1,1,0,0,0,0,1,0,Data Science,3,0,1,0,0,1,0,0,Master's,50.0,1.5333333333333332,1.0,2,3,0,0.14,0
245,73,Diploma,3.6,0,1,0,0,1,1,0,0,1,1,AI Engineer,1,0,0,0,0,0,1,0,Master's,100.0,3.6,1.0,1,3,0,0.44,1
66,5,Bachelor's,3.3,0,0,0,0,1,0,0,6,4,1,Business Intelligence,4,0,1,0,0,0,1,0,Bachelor's,0.0,0.825,0.82,2,2,1,0.86,1
942,59,Bachelor's,1.0,0,1,0,0,1,0,0,4,4,0,Data Science,2,0,1,0,0,0,0,0,Master's,100.0,0.5,0.5,2,3,0,0.56,1
228,72,Bachelor's,0.8,0,0,0,1,1,1,0,1,1,1,Data Science,5,1,0,0,0,0,0,1,Master's,0.0,0.16,0.16,2,3,0,0.44,0
882,82,Bachelor's,5.2,0,1,0,0,0,1,0,2,3,1,Data Analyst,3,1,1,1,0,0,0,1,Bachelor's,25.0,1.7333333333333334,1.0,2,2,1,0.72,0
137,35,Bachelor's,4.8,1,1,1,0,0,0,0,2,4,1,Data Science,0,0,0,0,0,0,1,0,Master's,0.0,1.0,1.0,2,3,0,0.86,0
194,70,Bachelor's,2.4,0,0,1,1,1,1,0,2,4,0,AI Engineer,1,1,0,1,0,0,1,0,Bachelor's,66.67,2.4,1.0,2,2,1,0.56,1
706,87,Master's,0.3,0,1,0,0,1,1,0,1,2,1,AI Engineer,1,1,0,0,0,0,0,0,Bachelor's,0.0,0.3,0.3,3,2,1,0.58,0
658,46,Bachelor's,0.9,0,1,0,1,0,0,0,4,2,0,Data Analyst,1,1,1,1,0,0,1,0,Bachelor's,25.0,0.9,0.9,2,2,1,0.28,1
657,90,Bachelor's,2.0,0,0,1,0,0,0,0,2,4,1,Data Science,0,1,1,0,1,0,1,1,Bachelor's,0.0,1.0,1.0,2,2,1,0.86,0
489,56,Master's,1.2,0,0,1,0,0,1,0,0,3,0,Machine Learning,2,0,1,1,1,1,1,1,Diploma,33.33,0.6,0.6,3,1,1,0.42,0
584,24,Bachelor's,1.7,1,1,1,0,0,1,0,1,5,1,Machine Learning,2,1,1,0,1,0,1,0,Master's,75.0,0.85,0.85,2,3,0,1.0,0
354,10,Bachelor's,3.2,0,1,1,0,0,1,0,6,0,1,AI Engineer,5,0,1,0,1,1,0,0,Master's,33.33,0.64,0.64,2,3,0,0.3,0
930,79,Bachelor's,0.2,1,0,1,1,0,1,1,0,3,1,Data Science,3,1,1,0,0,0,1,0,Bachelor's,66.67,0.06666666666666667,0.07,2,2,1,0.72,1
965,38,Bachelor's,2.1,0,0,0,0,0,1,0,3,0,1,AI Engineer,2,1,1,1,0,0,0,1,Bachelor's,0.0,1.05,1.0,2,2,1,0.3,0
704,84,Bachelor's,1.8,1,1,0,0,0,1,0,2,2,0,AI Engineer,1,1,0,1,1,1,0,0,Bachelor's,25.0,1.8,1.0,2,2,1,0.28,1
556,93,Bachelor's,0.6,0,1,0,0,1,1,0,2,4,0,Data Science,1,0,1,1,0,1,1,0,Bachelor's,75.0,0.6,0.6,2,2,1,0.56,1
157,70,Bachelor's,0.4,1,1,0,0,1,1,0,1,3,1,AI Engineer,1,1,0,1,0,0,1,0,Bachelor's,66.67,0.4,0.4,2,2,1,0.72,1
958,48,Diploma,1.4,0,0,0,0,0,0,1,2,1,1,AI Engineer,1,1,1,1,0,1,0,0,Bachelor's,0.0,1.4,1.0,1,2,0,0.44,0
476,9,Master's,2.8,0,1,0,0,1,1,0,2,6,0,Data Analyst,0,1,1,0,0,0,0,0,Master's,50.0,1.0,1.0,3,3,1,0.7,1
16,50,Bachelor's,6.5,1,0,0,0,1,0,0,1,3,0,AI Engineer,1,1,0,0,0,1,1,0,Master's,66.67,6.5,1.0,2,3,0,0.42,1
78,69,Diploma,2.8,1,0,0,0,0,0,0,1,3,0,Data Science,5,1,0,1,0,0,1,0,Bachelor's,33.33,0.5599999999999999,0.56,1,2,0,0.42,0
52,48,Master's,1.9,1,0,1,1,1,1,0,5,5,1,AI Engineer,1,1,1,1,0,1,0,0,Bachelor's,75.0,1.9,1.0,3,2,1,1.0,1
514,39,Master's,0.0,1,1,0,0,1,1,0,3,2,0,Data Science,0,1,0,0,1,0,1,1,Master's,50.0,1.0,1.0,3,3,1,0.28,1
744,5,Bachelor's,0.0,1,0,1,1,1,1,0,1,4,1,Business Intelligence,4,0,1,0,0,0,1,0,Bachelor's,50.0,0.0,0.0,2,2,1,0.86,1
61,84,Bachelor's,5.2,1,0,0,1,0,0,0,4,3,1,AI Engineer,1,1,0,1,1,1,0,0,Bachelor's,50.0,5.2,1.0,2,2,1,0.72,1
132,11,Bachelor's,1.7,1,1,0,0,1,1,0,2,3,1,Data Analyst,3,1,1,0,0,1,0,1,Master's,75.0,0.5666666666666667,0.57,2,3,0,0.72,1
382,60,Bachelor's,1.2,0,0,0,0,0,1,0,0,3,1,Data Analyst,0,0,1,0,0,0,0,0,Bachelor's,0.0,1.0,1.0,2,2,1,0.72,0
564,27,Diploma,0.8,1,0,0,0,0,0,1,3,7,1,Data Science,3,0,1,0,0,1,0,0,Master's,0.0,0.26666666666666666,0.27,1,3,0,1.0,0
809,93,Bachelor's,0.5,1,0,0,0,0,1,0,1,2,0,Data Science,1,0,1,1,0,1,1,0,Bachelor's,25.0,0.5,0.5,2,2,1,0.28,1
692,7,Bachelor's,1.7,0,1,0,0,0,0,0,4,2,1,AI Engineer,2,1,0,0,0,1,0,0,Bachelor's,0.0,0.85,0.85,2,2,1,0.58,0
543,60,Bachelor's,2.1,0,0,0,1,1,1,1,3,2,0,Data Analyst,0,0,1,0,0,0,0,0,Bachelor's,0.0,1.0,1.0,2,2,1,0.28,0
410,50,Diploma,5.1,1,0,0,0,1,1,0,2,2,1,AI Engineer,1,1,0,0,0,1,1,0,Master's,100.0,5.1,1.0,1,3,0,0.58,0
155,67,Master's,2.4,1,0,0,0,0,1,0,3,6,0,Data Science,0,1,1,1,0,1,1,0,Bachelor's,40.0,1.0,1.0,3,2,1,0.7,1
633,69,Bachelor's,2.7,1,0,1,0,0,1,0,4,2,0,Data Science,5,1,0,1,0,0,1,0,Bachelor's,100.0,0.54,0.54,2,2,1,0.28,1
51,55,Master's,5.2,1,0,1,0,0,0,0,0,4,0,Machine Learning,2,0,0,0,0,1,1,1,Bachelor's,0.0,2.6,1.0,3,2,1,0.56,0
994,77,Bachelor's,0.4,1,0,0,0,0,1,0,2,4,1,Data Analyst,0,0,1,0,0,0,0,1,Bachelor's,0.0,1.0,1.0,2,2,1,0.86,0
95,16,Master's,0.7,1,0,0,0,0,1,0,5,5,1,AI Engineer,2,1,1,0,1,1,1,0,Master's,40.0,0.35,0.35,3,3,1,1.0,1
688,12,Bachelor's,1.7,1,0,0,1,0,1,0,4,4,0,Machine Learning,3,1,1,0,0,1,1,0,Bachelor's,50.0,0.5666666666666667,0.57,2,2,1,0.56,1
523,27,Master's,1.1,1,0,1,0,1,1,0,2,6,1,Data Science,3,0,1,0,0,1,0,0,Master's,50.0,0.3666666666666667,0.37,3,3,1,1.0,1
904,33,Bachelor's,0.1,1,0,0,0,0,0,0,2,4,1,AI Engineer,3,0,1,0,0,0,0,0,Bachelor's,0.0,0.03333333333333333,0.03,2,2,1,0.86,0
524,79,Master's,0.3,1,0,0,0,0,0,0,3,7,0,Data Science,3,1,1,0,0,0,1,0,Bachelor's,33.33,0.09999999999999999,0.1,3,2,1,0.7,0
355,85,Diploma,1.7,0,0,0,0,1,1,0,2,3,0,Data Science,1,1,0,0,0,0,0,0,Master's,0.0,1.7,1.0,1,3,0,0.42,0
45,81,Bachelor's,5.4,0,1,0,0,1,0,0,2,3,1,Data Science,2,1,1,0,0,0,0,1,Bachelor's,33.33,2.7,1.0,2,2,1,0.72,1
802,55,Bachelor's,3.3,0,1,0,0,0,1,0,4,3,0,Machine Learning,2,0,0,0,0,1,1,1,Bachelor's,33.33,1.65,1.0,2,2,1,0.42,1
205,52,Bachelor's,1.7,0,1,0,1,0,0,0,3,4,1,Business Intelligence,1,1,0,1,0,0,0,0,Bachelor's,0.0,1.7,1.0,2,2,1,0.86,1
731,37,Bachelor's,0.9,0,0,0,1,0,1,0,2,2,0,Data Analyst,0,1,0,0,0,0,0,0,Bachelor's,0.0,1.0,1.0,2,2,1,0.28,1
840,15,Bachelor's,0.6,1,1,0,0,1,0,0,5,1,0,AI Engineer,0,1,1,1,0,0,1,1,Master's,40.0,1.0,1.0,2,3,0,0.14,0
431,84,Bachelor's,1.5,0,1,1,0,1,1,0,2,3,1,AI Engineer,1,1,0,1,1,1,0,0,Bachelor's,50.0,1.5,1.0,2,2,1,0.72,1
256,83,Bachelor's,1.4,0,0,1,0,0,1,1,3,1,0,Business Intelligence,2,0,1,0,0,0,0,0,Bachelor's,0.0,0.7,0.7,2,2,1,0.14,0
533,68,Master's,3.1,1,0,0,0,1,1,0,4,4,1,Data Science,4,1,0,0,0,0,1,0,Bachelor's,100.0,0.775,0.78,3,2,1,0.86,1
41,3,Bachelor's,1.9,0,0,1,1,0,0,1,7,3,0,AI Engineer,3,0,1,1,0,0,0,0,Diploma,50.0,0.6333333333333333,0.63,2,1,1,0.42,1
459,72,Diploma,0.6,1,1,0,1,0,1,1,3,2,1,Data Science,5,1,0,0,0,0,0,1,Master's,100.0,0.12,0.12,1,3,0,0.58,1
790,5,Master's,1.8,0,1,0,0,0,1,0,4,3,0,Business Intelligence,4,0,1,0,0,0,1,0,Bachelor's,100.0,0.45,0.45,3,2,1,0.42,1
277,9,Master's,0.7,0,1,0,0,0,1,0,1,1,1,Data Analyst,0,1,1,0,0,0,0,0,Master's,50.0,1.0,1.0,3,3,1,0.44,1
924,1,Master's,1.1,1,0,1,0,0,1,1,0,0,0,Data Science,4,1,0,0,1,0,1,0,Bachelor's,66.67,0.275,0.28,3,2,1,0.0,0
195,30,Bachelor's,0.1,1,0,0,0,0,0,0,1,1,0,Data Analyst,1,1,1,0,1,1,0,0,Bachelor's,25.0,0.1,0.1,2,2,1,0.14,0
71,71,Master's,0.9,0,1,0,0,1,1,0,4,3,0,Data Analyst,2,1,1,0,0,0,0,1,Diploma,33.33,0.45,0.45,3,1,1,0.42,0
270,86,Bachelor's,0.9,1,1,1,0,0,1,0,0,2,1,Data Science,3,0,0,1,1,0,1,0,Bachelor's,66.67,0.3,0.3,2,2,1,0.58,1
335,20,Diploma,9.2,1,1,0,1,0,1,0,0,4,1,Data Analyst,2,1,1,0,0,1,0,0,Bachelor's,66.67,4.6,1.0,1,2,0,0.86,1
585,93,Bachelor's,11.0,0,0,1,0,0,1,0,3,1,0,Data Science,1,0,1,1,0,1,1,0,Bachelor's,50.0,11.0,1.0,2,2,1,0.14,1
308,27,Bachelor's,4.0,0,0,0,0,0,1,0,1,6,1,Data Science,3,0,1,0,0,1,0,0,Master's,0.0,1.3333333333333333,1.0,2,3,0,1.0,0
427,89,Bachelor's,0.0,1,1,0,1,1,1,0,0,5,1,Machine Learning,2,0,0,0,0,1,1,0,Bachelor's,100.0,0.0,0.0,2,2,1,1.0,1
199,99,Master's,3.5,1,0,0,0,0,0,0,4,3,1,AI Engineer,2,1,1,0,1,0,0,0,Diploma,33.33,1.75,1.0,3,1,1,0.72,1
76,91,Master's,1.4,0,1,0,0,0,1,0,2,1,1,AI Engineer,5,0,1,0,1,1,1,1,Diploma,40.0,0.27999999999999997,0.28,3,1,1,0.44,1
787,63,Bachelor's,2.5,0,1,1,0,1,1,0,2,8,1,Business Intelligence,5,1,1,0,0,0,0,0,Diploma,50.0,0.5,0.5,2,1,1,1.0,1
795,75,Diploma,0.1,1,0,0,0,0,0,0,1,4,0,AI Engineer,2,0,1,1,0,1,1,0,Master's,0.0,0.05,0.05,1,3,0,0.56,0
658,81,Bachelor's,0.9,0,1,0,1,0,0,0,4,2,0,Data Science,2,1,1,0,0,0,0,1,Bachelor's,33.33,0.45,0.45,2,2,1,0.28,1
525,31,Master's,1.7,0,0,1,0,0,1,0,4,3,1,AI Engineer,1,1,0,1,1,0,0,0,Master's,33.33,1.7,1.0,3,3,1,0.72,1
875,82,Diploma,3.3,0,0,0,0,1,1,1,5,7,0,Data Analyst,3,1,1,1,0,0,0,1,Bachelor's,25.0,1.0999999999999999,1.0,1,2,0,0.7,0
641,19,Diploma,1.9,1,0,1,0,1,1,1,3,3,0,Business Intelligence,5,1,0,0,0,0,0,1,Bachelor's,100.0,0.38,0.38,1,2,0,0.42,0
85,79,Bachelor's,7.2,1,1,0,0,0,0,0,1,2,1,Data Science,3,1,1,0,0,0,1,0,Bachelor's,66.67,2.4,1.0,2,2,1,0.58,1
162,62,Bachelor's,0.3,0,0,0,0,0,1,0,4,1,1,Machine Learning,1,1,1,1,0,0,0,1,Diploma,0.0,0.3,0.3,2,1,1,0.44,0
397,7,Master's,1.4,1,1,0,0,0,1,0,2,2,0,AI Engineer,2,1,0,0,0,1,0,0,Bachelor's,50.0,0.7,0.7,3,2,1,0.28,1
877,37,Master's,2.2,1,0,0,1,0,0,0,1,4,1,Data Analyst,0,1,0,0,0,0,0,0,Bachelor's,100.0,1.0,1.0,3,2,1,0.86,1
371,71,Bachelor's,8.9,0,0,0,0,0,0,0,1,2,0,Data Analyst,2,1,1,0,0,0,0,1,Diploma,0.0,4.45,1.0,2,1,1,0.28,0
563,86,Bachelor's,3.8,1,0,1,0,0,1,0,2,3,0,Data Science,3,0,0,1,1,0,1,0,Bachelor's,66.67,1.2666666666666666,1.0,2,2,1,0.42,1
215,76,Master's,3.0,0,0,0,0,1,1,0,1,5,1,Data Science,0,1,0,0,0,0,1,0,Master's,50.0,1.0,1.0,3,3,1,1.0,1
983,57,Bachelor's,1.5,0,0,1,1,1,0,0,1,4,1,Business Intelligence,3,0,1,0,1,0,0,0,Bachelor's,50.0,0.5,0.5,2,2,1,0.86,0
377,82,Master's,1.5,1,1,0,0,1,1,0,0,3,1,Data Analyst,3,1,1,1,0,0,0,1,Bachelor's,50.0,0.5,0.5,3,2,1,0.72,1
412,28,Master's,0.3,1,0,0,0,0,1,1,2,4,1,Data Science,1,0,1,0,1,1,0,0,Bachelor's,0.0,0.3,0.3,3,2,1,0.86,0
635,82,Bachelor's,6.5,0,0,0,0,0,0,0,2,3,0,Data Analyst,3,1,1,1,0,0,0,1,Bachelor's,0.0,2.1666666666666665,1.0,2,2,1,0.42,1
800,95,Master's,0.0,1,1,0,0,0,1,0,1,2,1,AI Engineer,3,1,1,1,0,1,1,0,Bachelor's,60.0,0.0,0.0,3,2,1,0.58,0
200,17,Master's,0.3,1,0,0,0,0,0,0,2,2,1,AI Engineer,4,1,0,1,0,1,0,0,Bachelor's,33.33,0.075,0.08,3,2,1,0.58,0
183,87,Master's,2.5,1,0,1,0,0,0,0,0,1,1,AI Engineer,1,1,0,0,0,0,0,0,Bachelor's,100.0,2.5,1.0,3,2,1,0.44,1
410,11,Diploma,5.1,1,0,0,0,1,1,0,2,2,1,Data Analyst,3,1,1,0,0,1,0,1,Master's,50.0,1.7,1.0,1,3,0,0.58,1
398,15,Bachelor's,0.7,1,1,0,0,0,0,0,1,2,1,AI Engineer,0,1,1,1,0,0,1,1,Master's,40.0,1.0,1.0,2,3,0,0.58,0
216,30,Bachelor's,0.6,1,0,1,0,1,0,0,1,4,0,Data Analyst,1,1,1,0,1,1,0,0,Bachelor's,50.0,0.6,0.6,2,2,1,0.56,1
752,95,Master's,0.6,0,1,0,1,0,0,0,1,6,1,AI Engineer,3,1,1,1,0,1,1,0,Bachelor's,20.0,0.19999999999999998,0.2,3,2,1,1.0,1
349,6,Bachelor's,11.0,0,0,1,0,0,0,0,2,0,0,Data Science,2,0,0,0,0,1,0,0,Diploma,0.0,5.5,1.0,2,1,1,0.0,0
580,12,Bachelor's,2.0,0,0,0,0,0,0,0,1,4,0,Machine Learning,3,1,1,0,0,1,1,0,Bachelor's,0.0,0.6666666666666666,0.67,2,2,1,0.56,1
831,87,Bachelor's,9.8,1,0,1,1,1,1,0,3,4,0,AI Engineer,1,1,0,0,0,0,0,0,Bachelor's,100.0,9.8,1.0,2,2,1,0.56,1
594,61,Bachelor's,0.3,1,1,0,1,1,0,1,5,1,1,Business Intelligence,2,0,0,1,0,0,1,0,Bachelor's,0.0,0.15,0.15,2,2,1,0.44,0
654,36,Master's,1.1,1,0,1,0,0,0,0,5,5,0,Business Intelligence,0,0,1,1,0,1,1,0,Master's,25.0,1.0,1.0,3,3,1,0.7,1
923,35,Master's,2.4,0,1,0,0,0,1,0,2,2,1,Data Science,0,0,0,0,0,0,1,0,Master's,100.0,1.0,1.0,3,3,1,0.58,1
41,67,Bachelor's,1.9,0,0,1,1,0,0,1,7,3,0,Data Science,0,1,1,1,0,1,1,0,Bachelor's,20.0,1.0,1.0,2,2,1,0.42,1
3,79,Master's,5.2,0,0,1,1,1,0,0,3,4,1,Data Science,3,1,1,0,0,0,1,0,Bachelor's,0.0,1.7333333333333334,1.0,3,2,1,0.86,1
59,63,Diploma,1.6,0,0,1,0,1,0,0,0,2,1,Business Intelligence,5,1,1,0,0,0,0,0,Diploma,0.0,0.32,0.32,1,1,1,0.58,0
740,83,Bachelor's,1.3,1,1,0,0,1,1,0,1,3,0,Business Intelligence,2,0,1,0,0,0,0,0,Bachelor's,100.0,0.65,0.65,2,2,1,0.42,1
407,40,Bachelor's,4.6,1,1,1,1,0,0,0,0,1,0,Data Analyst,2,1,0,0,0,1,0,1,Bachelor's,33.33,2.3,1.0,2,2,1,0.14,1
18,82,Bachelor's,2.1,0,0,1,0,0,1,0,0,5,0,Data Analyst,3,1,1,1,0,0,0,1,Bachelor's,25.0,0.7000000000000001,0.7,2,2,1,0.7,1
494,31,Bachelor's,0.2,1,1,1,0,0,1,1,1,1,0,AI Engineer,1,1,0,1,1,0,0,0,Master's,66.67,0.2,0.2,2,3,0,0.14,0
751,37,Bachelor's,1.9,1,1,0,0,0,1,0,2,1,0,Data Analyst,0,1,0,0,0,0,0,0,Bachelor's,100.0,1.0,1.0,2,2,1,0.14,1
872,85,Bachelor's,0.6,0,0,0,0,0,1,0,3,3,0,Data Science,1,1,0,0,0,0,0,0,Master's,0.0,0.6,0.6,2,3,0,0.42,0
508,5,Master's,1.9,1,0,0,0,1,1,0,2,1,0,Business Intelligence,4,0,1,0,0,0,1,0,Bachelor's,50.0,0.475,0.48,3,2,1,0.14,0
586,81,Bachelor's,0.4,0,0,1,0,0,0,0,1,1,1,Data Science,2,1,1,0,0,0,0,1,Bachelor's,0.0,0.2,0.2,2,2,1,0.44,0
888,83,Bachelor's,0.7,1,1,1,1,0,1,0,0,8,0,Business Intelligence,2,0,1,0,0,0,0,0,Bachelor's,100.0,0.35,0.35,2,2,1,0.7,1
332,4,Master's,3.2,1,1,0,0,1,0,0,2,4,1,Data Analyst,2,0,1,0,0,0,1,1,Bachelor's,33.33,1.6,1.0,3,2,1,0.86,1
776,24,Bachelor's,0.9,1,1,1,0,0,1,0,0,1,0,Machine Learning,2,1,1,0,1,0,1,0,Master's,75.0,0.45,0.45,2,3,0,0.14,0
672,39,Master's,5.3,1,0,1,0,1,1,0,4,3,0,Data Science,0,1,0,0,1,0,1,1,Master's,50.0,1.0,1.0,3,3,1,0.42,1
849,56,Bachelor's,5.4,0,1,1,0,0,1,0,4,5,0,Machine Learning,2,0,1,1,1,1,1,1,Diploma,50.0,2.7,1.0,2,1,1,0.7,1
681,54,Master's,1.1,1,1,0,0,0,0,0,2,7,1,Data Analyst,3,1,0,0,0,1,1,0,Bachelor's,33.33,0.3666666666666667,0.37,3,2,1,1.0,0
941,38,Bachelor's,0.2,1,1,0,0,1,1,0,4,1,1,AI Engineer,2,1,1,1,0,0,0,1,Bachelor's,50.0,0.1,0.1,2,2,1,0.44,0
206,54,Diploma,3.7,0,1,0,0,1,1,0,1,2,0,Data Analyst,3,1,0,0,0,1,1,0,Bachelor's,66.67,1.2333333333333334,1.0,1,2,0,0.28,0
869,19,Master's,0.4,1,1,0,1,0,1,0,4,4,1,Business Intelligence,5,1,0,0,0,0,0,1,Bachelor's,50.0,0.08,0.08,3,2,1,0.86,0
521,94,Bachelor's,0.2,0,0,1,1,0,1,0,4,3,1,Business Intelligence,1,0,1,0,1,0,0,1,Diploma,33.33,0.2,0.2,2,1,1,0.72,0
505,26,Bachelor's,1.2,1,1,0,0,0,1,0,3,3,0,Machine Learning,2,1,0,0,0,1,1,1,Bachelor's,50.0,0.6,0.6,2,2,1,0.42,1
346,52,Bachelor's,1.4,0,1,0,0,0,1,0,2,2,1,Business Intelligence,1,1,0,1,0,0,0,0,Bachelor's,0.0,1.4,1.0,2,2,1,0.58,0
304,75,Bachelor's,1.9,1,0,0,1,1,0,0,1,5,1,AI Engineer,2,0,1,1,0,1,1,0,Master's,25.0,0.95,0.95,2,3,0,1.0,1
115,61,Bachelor's,2.2,0,0,0,0,0,1,0,1,3,1,Business Intelligence,2,0,0,1,0,0,1,0,Bachelor's,50.0,1.1,1.0,2,2,1,0.72,1
664,67,Bachelor's,1.7,0,0,1,0,1,1,0,1,5,1,Data Science,0,1,1,1,0,1,1,0,Bachelor's,60.0,1.0,1.0,2,2,1,1.0,1
87,22,Master's,2.4,1,0,0,1,1,0,1,1,2,0,Data Analyst,2,1,1,0,0,0,1,0,Master's,33.33,1.2,1.0,3,3,1,0.28,1
95,17,Master's,0.7,1,0,0,0,0,1,0,5,5,1,AI Engineer,4,1,0,1,0,1,0,0,Bachelor's,33.33,0.175,0.18,3,2,1,1.0,0
428,39,Master's,7.6,0,1,0,0,1,1,1,1,4,1,Data Science,0,1,0,0,1,0,1,1,Master's,50.0,1.0,1.0,3,3,1,0.86,1
698,61,Bachelor's,0.4,1,1,0,0,0,0,0,6,2,1,Business Intelligence,2,0,0,1,0,0,1,0,Bachelor's,0.0,0.2,0.2,2,2,1,0.58,0
450,91,Diploma,2.9,1,0,1,0,0,1,0,0,3,0,AI Engineer,5,0,1,0,1,1,1,1,Diploma,20.0,0.58,0.58,1,1,1,0.42,0
626,49,Bachelor's,2.9,0,0,1,1,0,0,0,0,1,0,Data Science,4,1,1,0,0,0,0,0,Diploma,0.0,0.725,0.72,2,1,1,0.14,1
786,93,Master's,5.6,1,0,0,1,1,1,0,1,3,0,Data Science,1,0,1,1,0,1,1,0,Bachelor's,50.0,5.6,1.0,3,2,1,0.42,0
976,61,Bachelor's,7.1,1,1,0,1,0,1,0,1,4,1,Business Intelligence,2,0,0,1,0,0,1,0,Bachelor's,50.0,3.55,1.0,2,2,1,0.86,0
541,12,Master's,3.1,0,0,0,0,0,1,0,3,1,1,Machine Learning,3,1,1,0,0,1,1,0,Bachelor's,25.0,1.0333333333333334,1.0,3,2,1,0.44,0
715,13,Bachelor's,0.1,1,1,0,0,1,1,1,0,2,1,Data Analyst,3,0,1,1,1,0,1,1,Bachelor's,60.0,0.03333333333333333,0.03,2,2,1,0.58,1
2,58,Master's,2.0,1,1,1,0,0,1,0,1,5,0,Data Analyst,4,1,1,1,1,0,0,0,Bachelor's,75.0,0.5,0.5,3,2,1,0.7,1
78,11,Diploma,2.8,1,0,0,0,0,0,0,1,3,0,Data Analyst,3,1,1,0,0,1,0,1,Master's,25.0,0.9333333333333332,0.93,1,3,0,0.42,0
324,64,Bachelor's,0.6,1,1,0,1,0,0,0,4,1,0,AI Engineer,3,1,0,1,0,0,1,0,Bachelor's,33.33,0.19999999999999998,0.2,2,2,1,0.14,0
743,31,Master's,3.7,1,1,0,1,0,0,0,3,3,0,AI Engineer,1,1,0,1,1,0,0,0,Master's,66.67,3.7,1.0,3,3,1,0.42,1
98,11,Bachelor's,0.5,0,0,0,0,1,1,0,3,3,1,Data Analyst,3,1,1,0,0,1,0,1,Master's,25.0,0.16666666666666666,0.17,2,3,0,0.72,0
629,43,Diploma,0.3,1,1,0,0,0,0,0,0,4,0,AI Engineer,3,1,0,0,0,0,0,0,Bachelor's,100.0,0.09999999999999999,0.1,1,2,0,0.56,0
110,36,Diploma,0.4,0,1,0,1,1,1,0,5,1,1,Business Intelligence,0,0,1,1,0,1,1,0,Master's,75.0,1.0,1.0,1,3,0,0.44,0
679,2,Master's,0.5,1,1,1,0,0,1,0,2,4,1,Machine Learning,4,1,1,1,0,0,1,0,Diploma,100.0,0.125,0.12,3,1,1,0.86,1
457,87,Diploma,2.9,1,1,1,0,0,0,0,1,1,1,AI Engineer,1,1,0,0,0,0,0,0,Bachelor's,100.0,2.9,1.0,1,2,0,0.44,1
488,61,Bachelor's,3.0,0,0,0,0,0,0,0,2,9,0,Business Intelligence,2,0,0,1,0,0,1,0,Bachelor's,0.0,1.5,1.0,2,2,1,0.7,0
967,78,Master's,0.5,0,0,1,1,1,1,0,1,4,0,Business Intelligence,5,1,0,0,0,1,1,0,Master's,66.67,0.1,0.1,3,3,1,0.56,1
371,49,Bachelor's,8.9,0,0,0,0,0,0,0,1,2,0,Data Science,4,1,1,0,0,0,0,0,Diploma,0.0,2.225,1.0,2,1,1,0.28,1
337,27,Master's,0.6,1,1,0,0,0,1,1,1,4,0,Data Science,3,0,1,0,0,1,0,0,Master's,50.0,0.19999999999999998,0.2,3,3,1,0.56,0
890,12,Bachelor's,12.0,0,0,1,0,0,1,0,1,1,0,Machine Learning,3,1,1,0,0,1,1,0,Bachelor's,25.0,4.0,1.0,2,2,1,0.14,1
599,58,Bachelor's,0.2,1,0,0,0,1,0,0,0,5,0,Data Analyst,4,1,1,1,1,0,0,0,Bachelor's,25.0,0.05,0.05,2,2,1,0.7,0
971,93,Bachelor's,0.1,1,1,0,1,0,0,0,0,1,1,Data Science,1,0,1,1,0,1,1,0,Bachelor's,25.0,0.1,0.1,2,2,1,0.44,0
22,6,Bachelor's,0.9,0,0,0,0,1,0,1,1,4,0,Data Science,2,0,0,0,0,1,0,0,Diploma,100.0,0.45,0.45,2,1,1,0.56,1
722,44,Bachelor's,0.3,0,1,0,0,0,0,0,2,2,0,Business Intelligence,1,1,1,0,0,1,0,0,Bachelor's,33.33,0.3,0.3,2,2,1,0.28,0
305,47,Master's,3.1,0,0,1,0,0,1,0,4,2,0,Data Analyst,0,1,0,0,0,0,0,1,Master's,0.0,1.0,1.0,3,3,1,0.28,1
924,23,Master's,1.1,1,0,1,0,0,1,1,0,0,0,AI Engineer,4,1,0,0,0,1,1,0,Bachelor's,66.67,0.275,0.28,3,2,1,0.0,0
272,74,Master's,4.9,1,0,1,0,1,0,0,2,5,1,Data Science,1,1,1,1,0,0,1,0,Bachelor's,50.0,4.9,1.0,3,2,1,1.0,1
490,98,Master's,1.5,1,0,0,1,1,0,0,1,2,0,Machine Learning,2,1,1,0,1,0,0,0,Bachelor's,66.67,0.75,0.75,3,2,1,0.28,1
836,76,Bachelor's,2.7,0,0,0,0,0,1,0,4,4,0,Data Science,0,1,0,0,0,0,1,0,Master's,50.0,1.0,1.0,2,3,0,0.56,1
446,96,Master's,0.5,1,1,1,0,0,0,0,2,2,1,Business Intelligence,2,1,1,0,1,0,0,0,Master's,66.67,0.25,0.25,3,3,1,0.58,1
932,26,Master's,2.1,0,0,0,0,0,0,0,1,3,0,Machine Learning,2,1,0,0,0,1,1,1,Bachelor's,0.0,1.05,1.0,3,2,1,0.42,0
278,7,Bachelor's,10.8,1,0,0,0,0,1,0,0,3,1,AI Engineer,2,1,0,0,0,1,0,0,Bachelor's,50.0,5.4,1.0,2,2,1,0.72,1
651,32,Diploma,0.1,1,1,0,0,0,1,0,1,2,1,AI Engineer,1,0,0,0,0,1,1,0,Diploma,50.0,0.1,0.1,1,1,1,0.58,1
853,33,Bachelor's,4.9,1,1,1,1,1,0,0,3,4,1,AI Engineer,3,0,1,0,0,0,0,0,Bachelor's,100.0,1.6333333333333335,1.0,2,2,1,0.86,1
377,82,Master's,1.5,1,1,0,0,1,1,0,0,3,1,Data Analyst,3,1,1,1,0,0,0,1,Bachelor's,50.0,0.5,0.5,3,2,1,0.72,0
232,99,Bachelor's,0.7,1,1,0,0,1,1,0,3,4,0,AI Engineer,2,1,1,0,1,0,0,0,Diploma,66.67,0.35,0.35,2,1,1,0.56,1
745,20,Bachelor's,1.3,0,0,0,0,0,1,0,1,8,1,Data Analyst,2,1,1,0,0,1,0,0,Bachelor's,0.0,0.65,0.65,2,2,1,1.0,0
592,95,Bachelor's,11.8,0,0,0,0,0,0,0,1,1,0,AI Engineer,3,1,1,1,0,1,1,0,Bachelor's,0.0,3.9333333333333336,1.0,2,2,1,0.14,0
426,69,Bachelor's,8.4,0,1,0,0,0,1,0,2,3,0,Data Science,5,1,0,1,0,0,1,0,Bachelor's,33.33,1.6800000000000002,1.0,2,2,1,0.42,0
55,96,Bachelor's,12.0,0,1,1,0,1,1,1,2,0,0,Business Intelligence,2,1,1,0,1,0,0,0,Master's,33.33,6.0,1.0,2,3,0,0.0,0
969,52,Bachelor's,1.0,0,1,1,1,0,1,0,1,4,1,Business Intelligence,1,1,0,1,0,0,0,0,Bachelor's,50.0,1.0,1.0,2,2,1,0.86,1
803,42,Bachelor's,1.1,0,1,1,0,0,0,0,1,4,1,Business Intelligence,3,0,1,0,0,0,0,0,Diploma,100.0,0.3666666666666667,0.37,2,1,1,0.86,1
441,83,Diploma,8.8,0,0,1,0,0,0,0,1,3,0,Business Intelligence,2,0,1,0,0,0,0,0,Bachelor's,0.0,4.4,1.0,1,2,0,0.42,0
34,1,Master's,0.3,0,0,1,0,0,1,0,0,2,0,Data Science,4,1,0,0,1,0,1,0,Bachelor's,33.33,0.075,0.08,3,2,1,0.28,0
329,63,Bachelor's,2.7,0,0,0,0,0,1,1,4,4,0,Business Intelligence,5,1,1,0,0,0,0,0,Diploma,0.0,0.54,0.54,2,1,1,0.56,0
845,7,Bachelor's,7.2,0,0,0,1,1,0,0,1,6,1,AI Engineer,2,1,0,0,0,1,0,0,Bachelor's,50.0,3.6,1.0,2,2,1,1.0,1
454,58,Master's,2.1,1,0,1,0,0,0,0,2,2,1,Data Analyst,4,1,1,1,1,0,0,0,Bachelor's,50.0,0.525,0.52,3,2,1,0.58,1
388,86,Bachelor's,0.4,0,1,0,1,1,0,0,2,2,0,Data Science,3,0,0,1,1,0,1,0,Bachelor's,33.33,0.13333333333333333,0.13,2,2,1,0.28,0
764,50,Master's,1.7,1,0,0,0,0,0,1,0,1,0,AI Engineer,1,1,0,0,0,1,1,0,Master's,33.33,1.7,1.0,3,3,1,0.14,1
476,51,Master's,2.8,0,1,0,0,1,1,0,2,6,0,Machine Learning,5,0,1,1,0,1,0,0,Master's,66.67,0.5599999999999999,0.56,3,3,1,0.7,1
125,10,Bachelor's,2.7,0,1,1,1,1,1,0,0,1,1,AI Engineer,5,0,1,0,1,1,0,0,Master's,100.0,0.54,0.54,2,3,0,0.44,1
523,26,Master's,1.1,1,0,1,0,1,1,0,2,6,1,Machine Learning,2,1,0,0,0,1,1,1,Bachelor's,75.0,0.55,0.55,3,2,1,1.0,1
482,32,Bachelor's,0.3,0,1,0,0,0,1,0,1,0,1,AI Engineer,1,0,0,0,0,1,1,0,Diploma,50.0,0.3,0.3,2,1,1,0.3,0
317,42,Bachelor's,1.9,1,0,1,0,1,1,1,3,4,0,Business Intelligence,3,0,1,0,0,0,0,0,Diploma,0.0,0.6333333333333333,0.63,2,1,1,0.56,0
122,91,Master's,7.8,1,0,0,1,0,1,0,3,4,0,AI Engineer,5,0,1,0,1,1,1,1,Diploma,40.0,1.56,1.0,3,1,1,0.56,1
547,62,Bachelor's,4.1,1,0,0,0,0,0,1,1,4,1,Machine Learning,1,1,1,1,0,0,0,1,Diploma,50.0,4.1,1.0,2,1,1,0.86,1
581,12,Bachelor's,0.7,1,0,1,0,1,0,0,1,0,0,Machine Learning,3,1,1,0,0,1,1,0,Bachelor's,50.0,0.2333333333333333,0.23,2,2,1,0.0,0
313,40,Diploma,2.0,1,1,0,1,0,1,0,2,1,0,Data Analyst,2,1,0,0,0,1,0,1,Bachelor's,33.33,1.0,1.0,1,2,0,0.14,0
487,87,Diploma,1.3,1,0,0,0,1,1,0,2,2,0,AI Engineer,1,1,0,0,0,0,0,0,Bachelor's,100.0,1.3,1.0,1,2,0,0.28,1
651,78,Diploma,0.1,1,1,0,0,0,1,0,1,2,1,Business Intelligence,5,1,0,0,0,1,1,0,Master's,66.67,0.02,0.02,1,3,0,0.58,0
12,34,Master's,11.0,1,0,0,0,1,0,0,3,3,0,Machine Learning,2,1,1,0,0,1,0,0,Bachelor's,66.67,5.5,1.0,3,2,1,0.42,1
125,81,Bachelor's,2.7,0,1,1,1,1,1,0,0,1,1,Data Science,2,1,1,0,0,0,0,1,Bachelor's,33.33,1.35,1.0,2,2,1,0.44,1
811,70,Master's,2.7,1,1,0,0,1,1,0,3,1,0,AI Engineer,1,1,0,1,0,0,1,0,Bachelor's,66.67,2.7,1.0,3,2,1,0.14,1
659,27,Bachelor's,1.3,1,1,0,1,0,1,0,3,5,0,Data Science,3,0,1,0,0,1,0,0,Master's,50.0,0.43333333333333335,0.43,2,3,0,0.7,0
77,8,Master's,1.2,1,1,0,0,0,1,0,5,3,0,AI Engineer,2,1,0,0,0,0,1,0,Master's,100.0,0.6,0.6,3,3,1,0.42,1
580,97,Bachelor's,2.0,0,0,0,0,0,0,0,1,4,0,Data Analyst,4,0,0,1,0,1,1,0,Bachelor's,0.0,0.5,0.5,2,2,1,0.56,1
718,99,Master's,3.0,0,0,1,0,0,0,0,5,2,1,AI Engineer,2,1,1,0,1,0,0,0,Diploma,0.0,1.5,1.0,3,1,1,0.58,1
236,47,Master's,1.1,0,0,0,0,1,1,0,1,3,1,Data Analyst,0,1,0,0,0,0,0,1,Master's,0.0,1.0,1.0,3,3,1,0.72,0
571,81,Bachelor's,2.2,1,0,0,1,0,1,0,4,6,0,Data Science,2,1,1,0,0,0,0,1,Bachelor's,33.33,1.1,1.0,2,2,1,0.7,1
770,26,Master's,1.3,0,0,0,1,0,0,0,2,3,0,Machine Learning,2,1,0,0,0,1,1,1,Bachelor's,0.0,0.65,0.65,3,2,1,0.42,0
254,57,Bachelor's,0.3,0,0,0,0,0,0,0,2,1,0,Business Intelligence,3,0,1,0,1,0,0,0,Bachelor's,0.0,0.09999999999999999,0.1,2,2,1,0.14,0
904,7,Bachelor's,0.1,1,0,0,0,0,0,0,2,4,1,AI Engineer,2,1,0,0,0,1,0,0,Bachelor's,50.0,0.05,0.05,2,2,1,0.86,1
406,88,Master's,1.6,0,1,1,1,1,1,0,3,2,0,Data Analyst,0,1,1,1,0,0,1,1,Diploma,60.0,1.0,1.0,3,1,1,0.28,1
243,89,Master's,3.7,0,1,1,0,0,1,0,1,1,1,Machine Learning,2,0,0,0,0,1,1,0,Bachelor's,50.0,1.85,1.0,3,2,1,0.44,1
461,99,Bachelor's,1.3,0,0,0,1,0,1,1,0,2,1,AI Engineer,2,1,1,0,1,0,0,0,Diploma,33.33,0.65,0.65,2,1,1,0.58,0
277,26,Master's,0.7,0,1,0,0,0,1,0,1,1,1,Machine Learning,2,1,0,0,0,1,1,1,Bachelor's,25.0,0.35,0.35,3,2,1,0.44,0
469,59,Bachelor's,5.1,1,1,1,1,1,0,0,3,2,0,Data Science,2,0,1,0,0,0,0,0,Master's,100.0,2.55,1.0,2,3,0,0.28,0
220,69,Master's,0.8,1,1,0,0,0,0,0,2,3,0,Data Science,5,1,0,1,0,0,1,0,Bachelor's,33.33,0.16,0.16,3,2,1,0.42,0
225,47,Bachelor's,1.4,1,0,0,0,0,0,0,2,4,0,Data Analyst,0,1,0,0,0,0,0,1,Master's,50.0,1.0,1.0,2,3,0,0.56,0
925,35,Bachelor's,4.0,1,1,0,0,0,0,0,1,2,0,Data Science,0,0,0,0,0,0,1,0,Master's,0.0,1.0,1.0,2,3,0,0.28,0
634,89,Bachelor's,4.0,1,0,1,0,0,0,0,2,7,1,Machine Learning,2,0,0,0,0,1,1,0,Bachelor's,0.0,2.0,1.0,2,2,1,1.0,1
730,24,Bachelor's,2.4,1,1,0,1,1,1,0,1,4,0,Machine Learning,2,1,1,0,1,0,1,0,Master's,100.0,1.2,1.0,2,3,0,0.56,0
507,30,Master's,2.2,0,1,1,0,1,1,0,3,2,0,Data Analyst,1,1,1,0,1,1,0,0,Bachelor's,50.0,2.2,1.0,3,2,1,0.28,1
587,84,Diploma,3.0,1,0,0,0,0,1,1,1,1,1,AI Engineer,1,1,0,1,1,1,0,0,Bachelor's,25.0,3.0,1.0,1,2,0,0.44,0
331,54,Bachelor's,2.0,1,1,0,0,0,1,0,1,3,1,Data Analyst,3,1,0,0,0,1,1,0,Bachelor's,66.67,0.6666666666666666,0.67,2,2,1,0.72,1
237,67,Bachelor's,5.0,0,0,0,0,0,0,0,1,4,0,Data Science,0,1,1,1,0,1,1,0,Bachelor's,0.0,1.0,1.0,2,2,1,0.56,1
994,32,Bachelor's,0.4,1,0,0,0,0,1,0,2,4,1,AI Engineer,1,0,0,0,0,1,1,0,Diploma,50.0,0.4,0.4,2,1,1,0.86,0
339,8,Bachelor's,0.2,1,1,0,1,0,0,0,1,4,1,AI Engineer,2,1,0,0,0,0,1,0,Master's,50.0,0.1,0.1,2,3,0,0.86,0
752,50,Master's,0.6,0,1,0,1,0,0,0,1,6,1,AI Engineer,1,1,0,0,0,1,1,0,Master's,0.0,0.6,0.6,3,3,1,1.0,0
506,47,Bachelor's,1.3,1,1,0,0,1,0,0,1,2,0,Data Analyst,0,1,0,0,0,0,0,1,Master's,50.0,1.0,1.0,2,3,0,0.28,0
165,87,Diploma,0.4,1,0,0,0,0,0,0,2,4,1,AI Engineer,1,1,0,0,0,0,0,0,Bachelor's,100.0,0.4,0.4,1,2,0,0.86,1
846,46,Bachelor's,0.7,1,1,0,0,0,0,0,2,0,0,Data Analyst,1,1,1,1,0,0,1,0,Bachelor's,50.0,0.7,0.7,2,2,1,0.0,0
669,80,Bachelor's,0.3,0,0,1,0,0,0,0,2,0,0,Business Intelligence,2,1,1,0,0,1,1,0,Master's,0.0,0.15,0.15,2,3,0,0.0,0
723,35,Diploma,0.9,0,1,0,1,1,1,0,2,2,0,Data Science,0,0,0,0,0,0,1,0,Master's,100.0,1.0,1.0,1,3,0,0.28,1
789,89,Bachelor's,0.2,0,0,0,1,1,1,0,1,2,0,Machine Learning,2,0,0,0,0,1,1,0,Bachelor's,100.0,0.1,0.1,2,2,1,0.28,0
728,79,Master's,12.0,1,0,1,0,0,1,0,1,4,0,Data Science,3,1,1,0,0,0,1,0,Bachelor's,66.67,4.0,1.0,3,2,1,0.56,1
218,51,Master's,2.9,1,0,0,0,0,0,0,3,5,0,Machine Learning,5,0,1,1,0,1,0,0,Master's,0.0,0.58,0.58,3,3,1,0.7,0
745,63,Bachelor's,1.3,0,0,0,0,0,1,0,1,8,1,Business Intelligence,5,1,1,0,0,0,0,0,Diploma,0.0,0.26,0.26,2,1,1,1.0,0
376,8,Bachelor's,5.1,1,1,0,1,0,1,0,0,1,0,AI Engineer,2,1,0,0,0,0,1,0,Master's,100.0,2.55,1.0,2,3,0,0.14,1
432,25,Master's,1.8,0,1,0,0,1,1,0,3,3,0,Data Science,3,1,1,0,0,0,1,0,Bachelor's,66.67,0.6,0.6,3,2,1,0.42,1
83,44,Bachelor's,1.4,1,0,0,1,0,1,0,0,3,1,Business Intelligence,1,1,1,0,0,1,0,0,Bachelor's,33.33,1.4,1.0,2,2,1,0.72,0
431,83,Bachelor's,1.5,0,1,1,0,1,1,0,2,3,1,Business Intelligence,2,0,1,0,0,0,0,0,Bachelor's,100.0,0.75,0.75,2,2,1,0.72,1
625,43,Bachelor's,0.5,1,0,1,0,1,1,0,3,1,1,AI Engineer,3,1,0,0,0,0,0,0,Bachelor's,100.0,0.16666666666666666,0.17,2,2,1,0.44,1
478,50,Bachelor's,3.6,0,1,0,0,0,1,0,3,7,0,AI Engineer,1,1,0,0,0,1,1,0,Master's,33.33,3.6,1.0,2,3,0,0.7,0
783,13,Bachelor's,1.5,0,0,0,0,0,0,0,3,4,1,Data Analyst,3,0,1,1,1,0,1,1,Bachelor's,0.0,0.5,0.5,2,2,1,0.86,1
369,76,Bachelor's,0.5,1,0,0,1,0,1,0,2,2,0,Data Science,0,1,0,0,0,0,1,0,Master's,100.0,1.0,1.0,2,3,0,0.28,1
653,79,Bachelor's,0.8,1,1,0,0,0,1,0,0,1,1,Data Science,3,1,1,0,0,0,1,0,Bachelor's,100.0,0.26666666666666666,0.27,2,2,1,0.44,1
955,87,Bachelor's,12.0,0,0,0,0,1,0,0,0,1,0,AI Engineer,1,1,0,0,0,0,0,0,Bachelor's,0.0,12.0,1.0,2,2,1,0.14,0
636,63,Bachelor's,0.7,0,0,1,0,0,1,1,0,4,1,Business Intelligence,5,1,1,0,0,0,0,0,Diploma,0.0,0.13999999999999999,0.14,2,1,1,0.86,0
141,2,Master's,4.4,0,0,0,0,0,0,0,1,5,1,Machine Learning,4,1,1,1,0,0,1,0,Diploma,0.0,1.1,1.0,3,1,1,1.0,1
720,40,Master's,0.7,1,0,1,0,0,0,0,1,3,0,Data Analyst,2,1,0,0,0,1,0,1,Bachelor's,33.33,0.35,0.35,3,2,1,0.42,0
627,23,Bachelor's,0.6,1,0,0,0,1,0,0,1,4,0,AI Engineer,4,1,0,0,0,1,1,0,Bachelor's,66.67,0.15,0.15,2,2,1,0.56,0
718,59,Master's,3.0,0,0,1,0,0,0,0,5,2,1,Data Science,2,0,1,0,0,0,0,0,Master's,0.0,1.5,1.0,3,3,1,0.58,1
456,69,Bachelor's,6.7,1,0,0,0,0,0,0,4,4,1,Data Science,5,1,0,1,0,0,1,0,Bachelor's,33.33,1.34,1.0,2,2,1,0.86,1
502,34,Bachelor's,1.6,0,1,0,0,0,0,0,2,8,0,Machine Learning,2,1,1,0,0,1,0,0,Bachelor's,33.33,0.8,0.8,2,2,1,0.7,0
403,74,Bachelor's,0.1,1,1,0,1,0,1,0,3,2,1,Data Science,1,1,1,1,0,0,1,0,Bachelor's,75.0,0.1,0.1,2,2,1,0.58,1
288,55,Bachelor's,1.1,1,1,0,0,0,1,0,2,3,0,Machine Learning,2,0,0,0,0,1,1,1,Bachelor's,33.33,0.55,0.55,2,2,1,0.42,1
355,4,Diploma,1.7,0,0,0,0,1,1,0,2,3,0,Data Analyst,2,0,1,0,0,0,1,1,Bachelor's,33.33,0.85,0.85,1,2,0,0.42,0
343,68,Bachelor's,5.1,1,1,1,0,0,0,0,1,7,1,Data Science,4,1,0,0,0,0,1,0,Bachelor's,50.0,1.275,1.0,2,2,1,1.0,1
149,72,Diploma,4.8,1,1,1,0,0,1,0,1,1,1,Data Science,5,1,0,0,0,0,0,1,Master's,50.0,0.96,0.96,1,3,0,0.44,0
210,70,Bachelor's,12.0,0,1,0,0,0,0,0,1,3,1,AI Engineer,1,1,0,1,0,0,1,0,Bachelor's,0.0,12.0,1.0,2,2,1,0.72,1
112,89,Bachelor's,0.6,1,0,0,1,0,0,0,0,3,0,Machine Learning,2,0,0,0,0,1,1,0,Bachelor's,0.0,0.3,0.3,2,2,1,0.42,1
654,27,Master's,1.1,1,0,1,0,0,0,0,5,5,0,Data Science,3,0,1,0,0,1,0,0,Master's,0.0,0.3666666666666667,0.37,3,3,1,0.7,0
976,47,Bachelor's,7.1,1,1,0,1,0,1,0,1,4,1,Data Analyst,0,1,0,0,0,0,0,1,Master's,50.0,1.0,1.0,2,3,0,0.86,0
536,40,Master's,0.3,0,0,0,0,0,0,0,1,4,1,Data Analyst,2,1,0,0,0,1,0,1,Bachelor's,0.0,0.15,0.15,3,2,1,0.86,0
49,84,Bachelor's,5.1,1,0,1,0,1,1,1,2,3,1,AI Engineer,1,1,0,1,1,1,0,0,Bachelor's,75.0,5.1,1.0,2,2,1,0.72,1
800,27,Master's,0.0,1,1,0,0,0,1,0,1,2,1,Data Science,3,0,1,0,0,1,0,0,Master's,50.0,0.0,0.0,3,3,1,0.58,0
331,7,Bachelor's,2.0,1,1,0,0,0,1,0,1,3,1,AI Engineer,2,1,0,0,0,1,0,0,Bachelor's,50.0,1.0,1.0,2,2,1,0.72,1
365,23,Master's,3.3,0,1,0,0,0,1,0,3,4,0,AI Engineer,4,1,0,0,0,1,1,0,Bachelor's,33.33,0.825,0.82,3,2,1,0.56,1
11,84,Diploma,0.6,1,1,0,0,1,1,1,1,0,0,AI Engineer,1,1,0,1,1,1,0,0,Bachelor's,50.0,0.6,0.6,1,2,0,0.0,0
188,64,Bachelor's,0.2,0,0,0,0,0,1,1,1,3,0,AI Engineer,3,1,0,1,0,0,1,0,Bachelor's,33.33,0.06666666666666667,0.07,2,2,1,0.42,0
509,98,Master's,2.3,0,1,0,0,1,0,1,0,4,0,Machine Learning,2,1,1,0,1,0,0,0,Bachelor's,33.33,1.15,1.0,3,2,1,0.56,1
580,29,Bachelor's,2.0,0,0,0,0,0,0,0,1,4,0,AI Engineer,0,1,1,1,1,0,1,0,Bachelor's,0.0,1.0,1.0,2,2,1,0.56,1
445,61,Master's,5.1,1,1,0,0,0,1,0,2,10,0,Business Intelligence,2,0,0,1,0,0,1,0,Bachelor's,50.0,2.55,1.0,3,2,1,0.7,1
90,44,Bachelor's,0.7,1,0,0,0,0,1,1,2,6,0,Business Intelligence,1,1,1,0,0,1,0,0,Bachelor's,33.33,0.7,0.7,2,2,1,0.7,1
622,69,Bachelor's,0.2,0,0,1,1,0,1,0,1,4,0,Data Science,5,1,0,1,0,0,1,0,Bachelor's,66.67,0.04,0.04,2,2,1,0.56,0
901,27,Bachelor's,2.0,1,0,0,0,0,1,0,3,6,1,Data Science,3,0,1,0,0,1,0,0,Master's,0.0,0.6666666666666666,0.67,2,3,0,1.0,0
676,12,Master's,0.9,1,0,1,0,1,1,0,0,1,0,Machine Learning,3,1,1,0,0,1,1,0,Bachelor's,75.0,0.3,0.3,3,2,1,0.14,0
993,17,Bachelor's,2.4,0,1,0,0,0,1,0,1,2,1,AI Engineer,4,1,0,1,0,1,0,0,Bachelor's,0.0,0.6,0.6,2,2,1,0.58,0
448,37,Master's,4.6,1,1,1,0,0,1,1,3,3,1,Data Analyst,0,1,0,0,0,0,0,0,Bachelor's,100.0,1.0,1.0,3,2,1,0.72,1
718,34,Master's,3.0,0,0,1,0,0,0,0,5,2,1,Machine Learning,2,1,1,0,0,1,0,0,Bachelor's,0.0,1.5,1.0,3,2,1,0.58,1
32,94,Bachelor's,2.3,0,0,0,0,0,1,0,2,1,1,Business Intelligence,1,0,1,0,1,0,0,1,Diploma,0.0,2.3,1.0,2,1,1,0.44,0
327,36,Bachelor's,0.5,0,1,0,0,1,1,0,2,3,0,Business Intelligence,0,0,1,1,0,1,1,0,Master's,75.0,1.0,1.0,2,3,0,0.42,1
74,6,Master's,0.0,0,0,0,0,0,1,0,0,3,0,Data Science,2,0,0,0,0,1,0,0,Diploma,0.0,0.0,0.0,3,1,1,0.42,0
251,96,Bachelor's,4.0,1,1,0,0,0,0,1,2,9,0,Business Intelligence,2,1,1,0,1,0,0,0,Master's,66.67,2.0,1.0,2,3,0,0.7,0
450,32,Diploma,2.9,1,0,1,0,0,1,0,0,3,0,AI Engineer,1,0,0,0,0,1,1,0,Diploma,50.0,2.9,1.0,1,1,1,0.42,1
906,73,Master's,0.6,1,0,0,0,0,0,0,0,2,1,AI Engineer,1,0,0,0,0,0,1,0,Master's,0.0,0.6,0.6,3,3,1,0.58,1
355,22,Diploma,1.7,0,0,0,0,1,1,0,2,3,0,Data Analyst,2,1,1,0,0,0,1,0,Master's,33.33,0.85,0.85,1,3,0,0.42,0
533,10,Master's,3.1,1,0,0,0,1,1,0,4,4,1,AI Engineer,5,0,1,0,1,1,0,0,Master's,33.33,0.62,0.62,3,3,1,0.86,0
296,29,Bachelor's,0.6,1,0,0,0,1,0,1,3,7,1,AI Engineer,0,1,1,1,1,0,1,0,Bachelor's,20.0,1.0,1.0,2,2,1,1.0,1
298,11,Bachelor's,0.3,1,0,0,0,0,1,0,1,5,1,Data Analyst,3,1,1,0,0,1,0,1,Master's,25.0,0.09999999999999999,0.1,2,3,0,1.0,0
328,92,Bachelor's,3.9,1,1,1,0,0,0,1,2,3,1,Machine Learning,3,0,1,0,0,0,1,0,Bachelor's,50.0,1.3,1.0,2,2,1,0.72,1
302,66,Bachelor's,6.9,0,1,1,0,0,1,0,3,1,0,Business Intelligence,1,0,1,1,1,0,1,0,Bachelor's,75.0,6.9,1.0,2,2,1,0.14,1
512,56,Bachelor's,3.2,0,0,0,1,1,0,0,3,2,1,Machine Learning,2,0,1,1,1,1,1,1,Diploma,33.33,1.6,1.0,2,1,1,0.58,1
338,85,Master's,2.9,1,1,1,0,0,1,0,0,1,0,Data Science,1,1,0,0,0,0,0,0,Master's,100.0,2.9,1.0,3,3,1,0.14,0
585,95,Bachelor's,11.0,0,0,1,0,0,1,0,3,1,0,AI Engineer,3,1,1,1,0,1,1,0,Bachelor's,40.0,3.6666666666666665,1.0,2,2,1,0.14,1
374,58,Bachelor's,1.7,1,1,0,1,1,0,0,6,4,0,Data Analyst,4,1,1,1,1,0,0,0,Bachelor's,75.0,0.425,0.42,2,2,1,0.56,1
553,52,Bachelor's,4.3,0,1,0,1,0,0,0,3,1,1,Business Intelligence,1,1,0,1,0,0,0,0,Bachelor's,0.0,4.3,1.0,2,2,1,0.44,0
132,17,Bachelor's,1.7,1,1,0,0,1,1,0,2,3,1,AI Engineer,4,1,0,1,0,1,0,0,Bachelor's,66.67,0.425,0.42,2,2,1,0.72,1
611,91,Diploma,5.3,0,1,0,0,1,1,0,3,3,0,AI Engineer,5,0,1,0,1,1,1,1,Diploma,60.0,1.06,1.0,1,1,1,0.42,1
910,30,Bachelor's,0.4,1,0,0,0,0,1,1,2,2,1,Data Analyst,1,1,1,0,1,1,0,0,Bachelor's,25.0,0.4,0.4,2,2,1,0.58,0
910,72,Bachelor's,0.4,1,0,0,0,0,1,1,2,2,1,Data Science,5,1,0,0,0,0,0,1,Master's,100.0,0.08,0.08,2,3,0,0.58,0
53,37,Master's,7.0,1,0,1,0,0,0,1,5,2,0,Data Analyst,0,1,0,0,0,0,0,0,Bachelor's,100.0,1.0,1.0,3,2,1,0.28,1
496,5,Bachelor's,2.8,1,0,0,0,0,1,1,0,0,1,Business Intelligence,4,0,1,0,0,0,1,0,Bachelor's,50.0,0.7,0.7,2,2,1,0.3,1
229,26,Master's,10.3,1,0,0,0,1,0,0,4,2,1,Machine Learning,2,1,0,0,0,1,1,1,Bachelor's,50.0,5.15,1.0,3,2,1,0.58,1
640,70,Bachelor's,6.5,0,0,1,0,0,1,0,1,3,0,AI Engineer,1,1,0,1,0,0,1,0,Bachelor's,66.67,6.5,1.0,2,2,1,0.42,1
212,80,Bachelor's,1.5,0,1,0,0,0,1,0,0,5,1,Business Intelligence,2,1,1,0,0,1,1,0,Master's,50.0,0.75,0.75,2,3,0,1.0,1
797,1,Master's,3.1,1,1,0,0,1,0,0,2,3,0,Data Science,4,1,0,0,1,0,1,0,Bachelor's,33.33,0.775,0.78,3,2,1,0.42,1
791,9,Bachelor's,0.4,0,0,0,0,1,1,1,2,2,0,Data Analyst,0,1,1,0,0,0,0,0,Master's,0.0,1.0,1.0,2,3,0,0.28,0
504,85,Master's,1.0,0,0,0,0,0,1,1,5,1,0,Data Science,1,1,0,0,0,0,0,0,Master's,0.0,1.0,1.0,3,3,1,0.14,0
495,71,Bachelor's,2.3,1,1,1,0,1,0,0,2,4,0,Data Analyst,2,1,1,0,0,0,0,1,Diploma,66.67,1.15,1.0,2,1,1,0.56,1
853,64,Bachelor's,4.9,1,1,1,1,1,0,0,3,4,1,AI Engineer,3,1,0,1,0,0,1,0,Bachelor's,66.67,1.6333333333333335,1.0,2,2,1,0.86,1
671,79,Bachelor's,1.2,0,0,0,1,0,0,1,0,5,1,Data Science,3,1,1,0,0,0,1,0,Bachelor's,0.0,0.39999999999999997,0.4,2,2,1,1.0,0
864,24,Bachelor's,2.0,0,0,0,0,0,0,0,0,1,1,Machine Learning,2,1,1,0,1,0,1,0,Master's,0.0,1.0,1.0,2,3,0,0.44,0
233,5,Bachelor's,0.6,0,0,0,0,0,1,0,0,5,0,Business Intelligence,4,0,1,0,0,0,1,0,Bachelor's,50.0,0.15,0.15,2,2,1,0.7,0
71,51,Master's,0.9,0,1,0,0,1,1,0,4,3,0,Machine Learning,5,0,1,1,0,1,0,0,Master's,66.67,0.18,0.18,3,3,1,0.42,1
717,38,Master's,0.1,0,0,0,0,0,1,0,2,4,1,AI Engineer,2,1,1,1,0,0,0,1,Bachelor's,0.0,0.05,0.05,3,2,1,0.86,0
189,29,Bachelor's,0.9,0,1,1,1,0,1,0,1,3,1,AI Engineer,0,1,1,1,1,0,1,0,Bachelor's,80.0,1.0,1.0,2,2,1,0.72,1
663,46,Bachelor's,6.3,1,0,0,1,0,0,0,1,5,0,Data Analyst,1,1,1,1,0,0,1,0,Bachelor's,25.0,6.3,1.0,2,2,1,0.7,1
8,52,Master's,4.7,0,0,0,1,0,1,0,1,6,1,Business Intelligence,1,1,0,1,0,0,0,0,Bachelor's,0.0,4.7,1.0,3,2,1,1.0,1
332,46,Master's,3.2,1,1,0,0,1,0,0,2,4,1,Data Analyst,1,1,1,1,0,0,1,0,Bachelor's,50.0,3.2,1.0,3,2,1,0.86,1
612,75,Master's,2.6,1,0,0,0,1,1,1,2,1,1,AI Engineer,2,0,1,1,0,1,1,0,Master's,50.0,1.3,1.0,3,3,1,0.44,0
666,59,Bachelor's,4.8,1,0,1,1,1,1,0,5,4,0,Data Science,2,0,1,0,0,0,0,0,Master's,0.0,2.4,1.0,2,3,0,0.56,0
93,98,Master's,2.3,1,0,0,1,0,0,0,4,3,0,Machine Learning,2,1,1,0,1,0,0,0,Bachelor's,66.67,1.15,1.0,3,2,1,0.42,1
262,4,Master's,4.0,0,1,1,1,1,1,0,1,4,0,Data Analyst,2,0,1,0,0,0,1,1,Bachelor's,66.67,2.0,1.0,3,2,1,0.56,1
549,52,Bachelor's,0.1,1,0,1,0,0,0,0,2,2,1,Business Intelligence,1,1,0,1,0,0,0,0,Bachelor's,100.0,0.1,0.1,2,2,1,0.58,1
161,74,Bachelor's,4.4,0,0,0,0,0,0,1,2,5,1,Data Science,1,1,1,1,0,0,1,0,Bachelor's,0.0,4.4,1.0,2,2,1,1.0,0
351,97,Bachelor's,5.0,0,0,1,0,0,1,1,1,4,0,Data Analyst,4,0,0,1,0,1,1,0,Bachelor's,66.67,1.25,1.0,2,2,1,0.56,1
174,18,Bachelor's,0.8,0,0,0,0,1,0,0,1,2,0,Data Analyst,0,1,1,0,0,1,0,0,Diploma,33.33,1.0,1.0,2,1,1,0.28,0
317,76,Bachelor's,1.9,1,0,1,0,1,1,1,3,4,0,Data Science,0,1,0,0,0,0,1,0,Master's,100.0,1.0,1.0,2,3,0,0.56,1
18,23,Bachelor's,2.1,0,0,1,0,0,1,0,0,5,0,AI Engineer,4,1,0,0,0,1,1,0,Bachelor's,33.33,0.525,0.52,2,2,1,0.7,1
486,25,Master's,1.1,0,1,1,1,0,0,0,0,1,0,Data Science,3,1,1,0,0,0,1,0,Bachelor's,33.33,0.3666666666666667,0.37,3,2,1,0.14,1
367,60,Master's,3.1,1,0,0,0,0,1,0,1,2,0,Data Analyst,0,0,1,0,0,0,0,0,Bachelor's,0.0,1.0,1.0,3,2,1,0.28,0
351,37,Bachelor's,5.0,0,0,1,0,0,1,1,1,4,0,Data Analyst,0,1,0,0,0,0,0,0,Bachelor's,0.0,1.0,1.0,2,2,1,0.56,1
528,68,Bachelor's,0.9,0,1,1,0,1,1,0,1,2,1,Data Science,4,1,0,0,0,0,1,0,Bachelor's,50.0,0.225,0.22,2,2,1,0.58,0
872,77,Bachelor's,0.6,0,0,0,0,0,1,0,3,3,0,Data Analyst,0,0,1,0,0,0,0,1,Bachelor's,0.0,1.0,1.0,2,2,1,0.42,1
435,18,Diploma,0.4,0,1,0,0,1,1,1,3,4,0,Data Analyst,0,1,1,0,0,1,0,0,Diploma,66.67,1.0,1.0,1,1,1,0.56,1
933,29,Master's,2.1,1,1,1,0,0,1,0,1,6,1,AI Engineer,0,1,1,1,1,0,1,0,Bachelor's,80.0,1.0,1.0,3,2,1,1.0,1
270,30,Bachelor's,0.9,1,1,1,0,0,1,0,0,2,1,Data Analyst,1,1,1,0,1,1,0,0,Bachelor's,50.0,0.9,0.9,2,2,1,0.58,1
871,92,Bachelor's,4.3,0,0,0,0,0,0,1,2,1,0,Machine Learning,3,0,1,0,0,0,1,0,Bachelor's,0.0,1.4333333333333333,1.0,2,2,1,0.14,0
68,7,Master's,0.3,1,1,1,0,0,1,0,4,4,1,AI Engineer,2,1,0,0,0,1,0,0,Bachelor's,50.0,0.15,0.15,3,2,1,0.86,1
30,88,Diploma,4.4,0,1,0,0,0,1,1,2,2,1,Data Analyst,0,1,1,1,0,0,1,1,Diploma,60.0,1.0,1.0,1,1,1,0.58,1
316,41,Bachelor's,2.6,1,1,0,0,1,0,0,3,4,1,Business Intelligence,2,1,0,0,0,0,1,1,Bachelor's,33.33,1.3,1.0,2,2,1,0.86,1
821,74,Master's,0.6,0,0,0,1,0,1,0,3,4,1,Data Science,1,1,1,1,0,0,1,0,Bachelor's,25.0,0.6,0.6,3,2,1,0.86,0
737,37,Bachelor's,1.5,0,1,0,0,1,0,0,1,2,0,Data Analyst,0,1,0,0,0,0,0,0,Bachelor's,0.0,1.0,1.0,2,2,1,0.28,1
164,27,Bachelor's,3.4,0,1,0,0,0,0,0,2,4,0,Data Science,3,0,1,0,0,1,0,0,Master's,50.0,1.1333333333333333,1.0,2,3,0,0.56,0
926,21,Diploma,0.2,0,0,0,0,0,1,0,2,3,0,Data Science,1,1,1,0,0,0,1,1,Bachelor's,25.0,0.2,0.2,1,2,0,0.42,0
320,100,Bachelor's,0.2,1,1,0,0,0,0,0,0,5,0,Data Science,5,0,0,0,0,1,0,0,Bachelor's,0.0,0.04,0.04,2,2,1,0.7,0
14,43,Bachelor's,0.1,1,0,0,0,0,1,0,0,4,0,AI Engineer,3,1,0,0,0,0,0,0,Bachelor's,100.0,0.03333333333333333,0.03,2,2,1,0.56,1
279,51,Master's,0.4,0,0,0,1,1,0,0,3,3,1,Machine Learning,5,0,1,1,0,1,0,0,Master's,33.33,0.08,0.08,3,3,1,0.72,0
432,93,Master's,1.8,0,1,0,0,1,1,0,3,3,0,Data Science,1,0,1,1,0,1,1,0,Bachelor's,75.0,1.8,1.0,3,2,1,0.42,1
668,71,Bachelor's,6.7,0,0,1,1,1,0,0,1,4,0,Data Analyst,2,1,1,0,0,0,0,1,Diploma,0.0,3.35,1.0,2,1,1,0.56,0
263,53,Bachelor's,0.9,0,0,0,0,0,0,0,0,6,0,Data Science,4,1,0,0,1,0,0,0,Bachelor's,0.0,0.225,0.22,2,2,1,0.7,0
682,87,Bachelor's,9.3,0,0,0,0,0,1,1,1,1,0,AI Engineer,1,1,0,0,0,0,0,0,Bachelor's,0.0,9.3,1.0,2,2,1,0.14,0
522,63,Bachelor's,6.8,1,0,0,0,0,1,0,2,3,0,Business Intelligence,5,1,1,0,0,0,0,0,Diploma,50.0,1.3599999999999999,1.0,2,1,1,0.42,0
964,57,Bachelor's,1.2,0,1,1,1,0,1,0,1,4,1,Business Intelligence,3,0,1,0,1,0,0,0,Bachelor's,100.0,0.39999999999999997,0.4,2,2,1,0.86,1
172,25,Diploma,9.9,1,0,1,0,0,0,1,3,2,1,Data Science,3,1,1,0,0,0,1,0,Bachelor's,33.33,3.3000000000000003,1.0,1,2,0,0.58,0
358,13,Bachelor's,1.4,1,0,0,1,0,0,0,4,5,0,Data Analyst,3,0,1,1,1,0,1,1,Bachelor's,20.0,0.4666666666666666,0.47,2,2,1,0.7,1
13,37,Master's,7.2,0,0,1,0,1,1,0,3,1,0,Data Analyst,0,1,0,0,0,0,0,0,Bachelor's,0.0,1.0,1.0,3,2,1,0.14,0
725,30,Bachelor's,2.9,1,0,0,0,0,0,1,3,1,1,Data Analyst,1,1,1,0,1,1,0,0,Bachelor's,25.0,2.9,1.0,2,2,1,0.44,0
673,90,Diploma,5.1,0,1,1,0,0,0,0,2,2,1,Data Science,0,1,1,0,1,0,1,1,Bachelor's,20.0,1.0,1.0,1,2,0,0.58,0
232,12,Bachelor's,0.7,1,1,0,0,1,1,0,3,4,0,Machine Learning,3,1,1,0,0,1,1,0,Bachelor's,100.0,0.2333333333333333,0.23,2,2,1,0.56,1
476,65,Master's,2.8,0,1,0,0,1,1,0,2,6,0,Machine Learning,0,1,1,1,0,0,1,0,Master's,50.0,1.0,1.0,3,3,1,0.7,1
471,18,Diploma,2.1,1,0,1,0,0,0,0,2,2,0,Data Analyst,0,1,1,0,0,1,0,0,Diploma,33.33,1.0,1.0,1,1,1,0.28,1
160,85,Master's,0.1,0,0,0,0,1,1,0,3,4,1,Data Science,1,1,0,0,0,0,0,0,Master's,0.0,0.1,0.1,3,3,1,0.86,0
639,62,Bachelor's,12.0,0,0,1,0,0,1,0,1,2,1,Machine Learning,1,1,1,1,0,0,0,1,Diploma,25.0,12.0,1.0,2,1,1,0.58,0
560,24,Bachelor's,5.8,1,0,1,0,1,0,1,1,6,0,Machine Learning,2,1,1,0,1,0,1,0,Master's,25.0,2.9,1.0,2,3,0,0.7,1
261,60,Bachelor's,0.8,0,0,0,0,0,1,0,0,2,0,Data Analyst,0,0,1,0,0,0,0,0,Bachelor's,0.0,1.0,1.0,2,2,1,0.28,0
573,17,Bachelor's,3.3,1,1,0,1,0,1,0,3,1,1,AI Engineer,4,1,0,1,0,1,0,0,Bachelor's,33.33,0.825,0.82,2,2,1,0.44,0
634,60,Bachelor's,4.0,1,0,1,0,0,0,0,2,7,1,Data Analyst,0,0,1,0,0,0,0,0,Bachelor's,0.0,1.0,1.0,2,2,1,1.0,0
602,9,Bachelor's,1.0,1,1,1,0,0,1,0,3,3,1,Data Analyst,0,1,1,0,0,0,0,0,Master's,100.0,1.0,1.0,2,3,0,0.72,1
359,52,Master's,0.8,1,1,0,1,1,1,0,0,7,1,Business Intelligence,1,1,0,1,0,0,0,0,Bachelor's,50.0,0.8,0.8,3,2,1,1.0,1
255,92,Bachelor's,2.9,0,0,0,1,0,1,0,3,2,0,Machine Learning,3,0,1,0,0,0,1,0,Bachelor's,50.0,0.9666666666666667,0.97,2,2,1,0.28,1
602,15,Bachelor's,1.0,1,1,1,0,0,1,0,3,3,1,AI Engineer,0,1,1,1,0,0,1,1,Master's,80.0,1.0,1.0,2,3,0,0.72,1
515,77,Diploma,0.5,0,1,0,0,0,0,0,3,4,0,Data Analyst,0,0,1,0,0,0,0,1,Bachelor's,50.0,1.0,1.0,1,2,0,0.56,1
280,28,Master's,1.7,1,1,0,0,0,0,0,4,3,0,Data Science,1,0,1,0,1,1,0,0,Bachelor's,33.33,1.7,1.0,3,2,1,0.42,1
117,81,Master's,0.2,1,1,1,0,0,0,0,2,1,0,Data Science,2,1,1,0,0,0,0,1,Bachelor's,66.67,0.1,0.1,3,2,1,0.14,0
610,9,Bachelor's,1.9,1,1,0,0,0,1,1,1,3,1,Data Analyst,0,1,1,0,0,0,0,0,Master's,100.0,1.0,1.0,2,3,0,0.72,1
162,56,Bachelor's,0.3,0,0,0,0,0,1,0,4,1,1,Machine Learning,2,0,1,1,1,1,1,1,Diploma,16.67,0.15,0.15,2,1,1,0.44,0
852,85,Master's,4.2,1,0,0,1,1,0,0,4,3,1,Data Science,1,1,0,0,0,0,0,0,Master's,100.0,4.2,1.0,3,3,1,0.72,1
887,94,Bachelor's,0.0,1,1,0,0,0,1,0,0,1,0,Business Intelligence,1,0,1,0,1,0,0,1,Diploma,33.33,0.0,0.0,2,1,1,0.14,0
990,75,Master's,3.3,0,1,1,1,0,0,0,2,4,1,AI Engineer,2,0,1,1,0,1,1,0,Master's,50.0,1.65,1.0,3,3,1,0.86,1
298,94,Bachelor's,0.3,1,0,0,0,0,1,0,1,5,1,Business Intelligence,1,0,1,0,1,0,0,1,Diploma,0.0,0.3,0.3,2,1,1,1.0,0
916,36,Bachelor's,3.2,0,0,1,0,0,1,0,0,4,1,Business Intelligence,0,0,1,1,0,1,1,0,Master's,50.0,1.0,1.0,2,3,0,0.86,0
297,56,Master's,0.5,1,1,0,0,0,1,0,0,1,1,Machine Learning,2,0,1,1,1,1,1,1,Diploma,33.33,0.25,0.25,3,1,1,0.44,1
594,89,Bachelor's,0.3,1,1,0,1,1,0,1,5,1,1,Machine Learning,2,0,0,0,0,1,1,0,Bachelor's,50.0,0.15,0.15,2,2,1,0.44,1
358,71,Bachelor's,1.4,1,0,0,1,0,0,0,4,5,0,Data Analyst,2,1,1,0,0,0,0,1,Diploma,33.33,0.7,0.7,2,1,1,0.7,1
660,20,Bachelor's,1.5,0,1,1,0,0,0,1,6,4,0,Data Analyst,2,1,1,0,0,1,0,0,Bachelor's,33.33,0.75,0.75,2,2,1,0.56,1
518,55,Master's,5.7,1,0,1,1,1,1,1,5,2,0,Machine Learning,2,0,0,0,0,1,1,1,Bachelor's,100.0,2.85,1.0,3,2,1,0.28,1
378,60,Diploma,1.8,0,0,1,0,1,1,0,3,6,0,Data Analyst,0,0,1,0,0,0,0,0,Bachelor's,0.0,1.0,1.0,1,2,0,0.7,0
697,35,Bachelor's,0.1,0,1,0,0,0,1,1,2,5,0,Data Science,0,0,0,0,0,0,1,0,Master's,100.0,1.0,1.0,2,3,0,0.7,1
426,74,Bachelor's,8.4,0,1,0,0,0,1,0,2,3,0,Data Science,1,1,1,1,0,0,1,0,Bachelor's,50.0,8.4,1.0,2,2,1,0.42,0
764,99,Master's,1.7,1,0,0,0,0,0,1,0,1,0,AI Engineer,2,1,1,0,1,0,0,0,Diploma,33.33,0.85,0.85,3,1,1,0.14,1
537,1,Master's,0.5,0,0,0,0,0,0,0,4,3,0,Data Science,4,1,0,0,1,0,1,0,Bachelor's,0.0,0.125,0.12,3,2,1,0.42,0
553,78,Bachelor's,4.3,0,1,0,1,0,0,0,3,1,1,Business Intelligence,5,1,0,0,0,1,1,0,Master's,0.0,0.86,0.86,2,3,0,0.44,0
169,45,Diploma,0.0,0,1,0,0,0,1,0,0,4,0,Business Intelligence,1,0,0,0,0,0,1,0,Bachelor's,100.0,0.0,0.0,1,2,0,0.56,0
515,69,Diploma,0.5,0,1,0,0,0,0,0,3,4,0,Data Science,5,1,0,1,0,0,1,0,Bachelor's,0.0,0.1,0.1,1,2,0,0.56,0
364,40,Bachelor's,2.5,1,0,0,0,0,0,0,2,3,1,Data Analyst,2,1,0,0,0,1,0,1,Bachelor's,33.33,1.25,1.0,2,2,1,0.72,1
683,38,Bachelor's,2.6,1,1,1,1,1,0,0,3,2,1,AI Engineer,2,1,1,1,0,0,0,1,Bachelor's,75.0,1.3,1.0,2,2,1,0.58,1
430,98,Bachelor's,5.1,0,1,1,0,0,0,0,1,1,0,Machine Learning,2,1,1,0,1,0,0,0,Bachelor's,33.33,2.55,1.0,2,2,1,0.14,0
569,24,Master's,2.4,0,1,0,1,0,0,0,1,2,1,Machine Learning,2,1,1,0,1,0,1,0,Master's,50.0,1.2,1.0,3,3,1,0.58,1
83,4,Bachelor's,1.4,1,0,0,1,0,1,0,0,3,1,Data Analyst,2,0,1,0,0,0,1,1,Bachelor's,33.33,0.7,0.7,2,2,1,0.72,0
330,91,Bachelor's,1.7,1,1,1,0,0,1,0,1,1,1,AI Engineer,5,0,1,0,1,1,1,1,Diploma,40.0,0.33999999999999997,0.34,2,1,1,0.44,1
691,69,Bachelor's,0.5,1,1,0,0,1,1,0,0,5,1,Data Science,5,1,0,1,0,0,1,0,Bachelor's,66.67,0.1,0.1,2,2,1,1.0,1
133,13,Bachelor's,0.2,0,1,1,0,0,0,1,1,5,0,Data Analyst,3,0,1,1,1,0,1,1,Bachelor's,60.0,0.06666666666666667,0.07,2,2,1,0.7,0
598,21,Bachelor's,0.2,1,1,0,0,0,1,0,3,3,0,Data Science,1,1,1,0,0,0,1,1,Bachelor's,75.0,0.2,0.2,2,2,1,0.42,0
457,32,Diploma,2.9,1,1,1,0,0,0,0,1,1,1,AI Engineer,1,0,0,0,0,1,1,0,Diploma,0.0,2.9,1.0,1,1,1,0.44,0
353,38,Bachelor's,1.4,0,1,0,0,0,1,1,1,2,1,AI Engineer,2,1,1,1,0,0,0,1,Bachelor's,50.0,0.7,0.7,2,2,1,0.58,1
783,95,Bachelor's,1.5,0,0,0,0,0,0,0,3,4,1,AI Engineer,3,1,1,1,0,1,1,0,Bachelor's,0.0,0.5,0.5,2,2,1,0.86,0
344,32,Bachelor's,3.2,1,0,1,0,1,1,0,1,3,1,AI Engineer,1,0,0,0,0,1,1,0,Diploma,100.0,3.2,1.0,2,1,1,0.72,1
94,79,Bachelor's,1.8,1,1,1,0,0,1,1,1,0,1,Data Science,3,1,1,0,0,0,1,0,Bachelor's,100.0,0.6,0.6,2,2,1,0.3,1
382,57,Bachelor's,1.2,0,0,0,0,0,1,0,0,3,1,Business Intelligence,3,0,1,0,1,0,0,0,Bachelor's,0.0,0.39999999999999997,0.4,2,2,1,0.72,0
868,48,Bachelor's,0.5,0,1,0,0,0,1,0,3,1,0,AI Engineer,1,1,1,1,0,1,0,0,Bachelor's,25.0,0.5,0.5,2,2,1,0.14,1
762,30,Bachelor's,4.7,1,1,1,1,0,1,0,0,3,1,Data Analyst,1,1,1,0,1,1,0,0,Bachelor's,75.0,4.7,1.0,2,2,1,0.72,1
295,71,Bachelor's,4.0,1,1,0,1,1,1,0,3,1,0,Data Analyst,2,1,1,0,0,0,0,1,Diploma,66.67,2.0,1.0,2,1,1,0.14,1
198,38,Master's,8.7,0,1,0,0,1,0,0,0,1,1,AI Engineer,2,1,1,1,0,0,0,1,Bachelor's,25.0,4.35,1.0,3,2,1,0.44,0
79,95,Bachelor's,0.6,0,0,1,0,0,1,0,1,3,0,AI Engineer,3,1,1,1,0,1,1,0,Bachelor's,40.0,0.19999999999999998,0.2,2,2,1,0.42,1
678,44,Bachelor's,1.3,1,0,1,0,0,0,0,2,3,1,Business Intelligence,1,1,1,0,0,1,0,0,Bachelor's,33.33,1.3,1.0,2,2,1,0.72,1
551,26,Bachelor's,7.6,1,1,1,0,0,0,1,2,8,0,Machine Learning,2,1,0,0,0,1,1,1,Bachelor's,50.0,3.8,1.0,2,2,1,0.7,1
820,100,Bachelor's,1.2,1,0,0,0,1,1,0,2,1,0,Data Science,5,0,0,0,0,1,0,0,Bachelor's,100.0,0.24,0.24,2,2,1,0.14,1
214,90,Bachelor's,4.0,0,1,0,1,0,1,0,1,2,1,Data Science,0,1,1,0,1,0,1,1,Bachelor's,60.0,1.0,1.0,2,2,1,0.58,1
643,2,Bachelor's,1.8,0,0,1,0,0,1,0,4,2,0,Machine Learning,4,1,1,1,0,0,1,0,Diploma,50.0,0.45,0.45,2,1,1,0.28,1
669,43,Bachelor's,0.3,0,0,1,0,0,0,0,2,0,0,AI Engineer,3,1,0,0,0,0,0,0,Bachelor's,0.0,0.09999999999999999,0.1,2,2,1,0.0,0
989,43,Bachelor's,1.4,0,0,1,0,0,0,1,0,2,0,AI Engineer,3,1,0,0,0,0,0,0,Bachelor's,0.0,0.4666666666666666,0.47,2,2,1,0.28,0
894,63,Bachelor's,0.6,0,0,0,0,0,1,0,1,2,1,Business Intelligence,5,1,1,0,0,0,0,0,Diploma,0.0,0.12,0.12,2,1,1,0.58,0
159,73,Bachelor's,5.1,1,1,1,0,0,1,0,1,2,0,AI Engineer,1,0,0,0,0,0,1,0,Master's,100.0,5.1,1.0,2,3,0,0.28,1
834,58,Bachelor's,3.4,1,0,0,0,1,0,0,4,2,0,Data Analyst,4,1,1,1,1,0,0,0,Bachelor's,25.0,0.85,0.85,2,2,1,0.28,1
739,48,Bachelor's,1.1,0,1,0,0,0,0,0,2,3,1,AI Engineer,1,1,1,1,0,1,0,0,Bachelor's,25.0,1.1,1.0,2,2,1,0.72,0
557,5,Bachelor's,2.4,1,0,1,0,0,1,0,3,4,1,Business Intelligence,4,0,1,0,0,0,1,0,Bachelor's,50.0,0.6,0.6,2,2,1,0.86,1
201,91,Bachelor's,3.5,0,1,1,0,1,1,0,1,3,1,AI Engineer,5,0,1,0,1,1,1,1,Diploma,60.0,0.7,0.7,2,1,1,0.72,1
22,76,Bachelor's,0.9,0,0,0,0,1,0,1,1,4,0,Data Science,0,1,0,0,0,0,1,0,Master's,0.0,1.0,1.0,2,3,0,0.56,0
339,35,Bachelor's,0.2,1,1,0,1,0,0,0,1,4,1,Data Science,0,0,0,0,0,0,1,0,Master's,0.0,1.0,1.0,2,3,0,0.86,0
242,93,Master's,3.7,1,0,0,0,0,0,0,0,4,0,Data Science,1,0,1,1,0,1,1,0,Bachelor's,0.0,3.7,1.0,3,2,1,0.56,0
741,16,Bachelor's,4.4,1,1,1,1,0,0,0,1,4,1,AI Engineer,2,1,1,0,1,1,1,0,Master's,60.0,2.2,1.0,2,3,0,0.86,1
906,83,Master's,0.6,1,0,0,0,0,0,0,0,2,1,Business Intelligence,2,0,1,0,0,0,0,0,Bachelor's,0.0,0.3,0.3,3,2,1,0.58,0
238,49,Diploma,1.6,1,1,1,0,0,0,0,1,2,1,Data Science,4,1,1,0,0,0,0,0,Diploma,100.0,0.4,0.4,1,1,1,0.58,1
149,60,Diploma,4.8,1,1,1,0,0,1,0,1,1,1,Data Analyst,0,0,1,0,0,0,0,0,Bachelor's,100.0,1.0,1.0,1,2,0,0.44,1
785,51,Bachelor's,2.7,0,1,0,0,1,0,0,3,2,0,Machine Learning,5,0,1,1,0,1,0,0,Master's,66.67,0.54,0.54,2,3,0,0.28,0
579,91,Bachelor's,2.3,1,1,1,1,0,0,0,3,2,1,AI Engineer,5,0,1,0,1,1,1,1,Diploma,40.0,0.45999999999999996,0.46,2,1,1,0.58,0
7,82,Diploma,2.9,1,1,0,1,0,1,0,0,4,1,Data Analyst,3,1,1,1,0,0,0,1,Bachelor's,50.0,0.9666666666666667,0.97,1,2,0,0.86,1
233,59,Bachelor's,0.6,0,0,0,0,0,1,0,0,5,0,Data Science,2,0,1,0,0,0,0,0,Master's,0.0,0.3,0.3,2,3,0,0.7,0
869,64,Master's,0.4,1,1,0,1,0,1,0,4,4,1,AI Engineer,3,1,0,1,0,0,1,0,Bachelor's,66.67,0.13333333333333333,0.13,3,2,1,0.86,1
804,13,Bachelor's,0.9,0,1,0,1,0,1,1,4,2,1,Data Analyst,3,0,1,1,1,0,1,1,Bachelor's,80.0,0.3,0.3,2,2,1,0.58,1
768,94,Master's,1.6,1,0,0,0,0,1,0,2,2,1,Business Intelligence,1,0,1,0,1,0,0,1,Diploma,0.0,1.6,1.0,3,1,1,0.58,1
579,26,Bachelor's,2.3,1,1,1,1,0,0,0,3,2,1,Machine Learning,2,1,0,0,0,1,1,1,Bachelor's,25.0,1.15,1.0,2,2,1,0.58,1
762,70,Bachelor's,4.7,1,1,1,1,0,1,0,0,3,1,AI Engineer,1,1,0,1,0,0,1,0,Bachelor's,100.0,4.7,1.0,2,2,1,0.72,1
77,3,Master's,1.2,1,1,0,0,0,1,0,5,3,0,AI Engineer,3,0,1,1,0,0,0,0,Diploma,50.0,0.39999999999999997,0.4,3,1,1,0.42,1
489,87,Master's,1.2,0,0,1,0,0,1,0,0,3,0,AI Engineer,1,1,0,0,0,0,0,0,Bachelor's,0.0,1.2,1.0,3,2,1,0.42,0
926,12,Diploma,0.2,0,0,0,0,0,1,0,2,3,0,Machine Learning,3,1,1,0,0,1,1,0,Bachelor's,25.0,0.06666666666666667,0.07,1,2,0,0.42,0
87,41,Master's,2.4,1,0,0,1,1,0,1,1,2,0,Business Intelligence,2,1,0,0,0,0,1,1,Bachelor's,66.67,1.2,1.0,3,2,1,0.28,1
764,79,Master's,1.7,1,0,0,0,0,0,1,0,1,0,Data Science,3,1,1,0,0,0,1,0,Bachelor's,33.33,0.5666666666666667,0.57,3,2,1,0.14,0
967,65,Master's,0.5,0,0,1,1,1,1,0,1,4,0,Machine Learning,0,1,1,1,0,0,1,0,Master's,50.0,1.0,1.0,3,3,1,0.56,1
222,63,Bachelor's,0.4,1,0,0,0,1,1,0,2,10,0,Business Intelligence,5,1,1,0,0,0,0,0,Diploma,50.0,0.08,0.08,2,1,1,0.7,1
413,50,Master's,0.8,1,0,1,0,1,1,0,1,4,0,AI Engineer,1,1,0,0,0,1,1,0,Master's,100.0,0.8,0.8,3,3,1,0.56,1
584,47,Bachelor's,1.7,1,1,1,0,0,1,0,1,5,1,Data Analyst,0,1,0,0,0,0,0,1,Master's,50.0,1.0,1.0,2,3,0,1.0,1
202,8,Diploma,0.1,1,1,0,1,0,1,0,5,1,0,AI Engineer,2,1,0,0,0,0,1,0,Master's,100.0,0.05,0.05,1,3,0,0.14,0
929,31,Bachelor's,2.6,0,1,1,0,0,0,0,0,3,1,AI Engineer,1,1,0,1,1,0,0,0,Master's,33.33,2.6,1.0,2,3,0,0.72,0
571,11,Bachelor's,2.2,1,0,0,1,0,1,0,4,6,0,Data Analyst,3,1,1,0,0,1,0,1,Master's,25.0,0.7333333333333334,0.73,2,3,0,0.7,0
276,17,Bachelor's,0.3,0,1,0,0,0,0,0,2,1,1,AI Engineer,4,1,0,1,0,1,0,0,Bachelor's,0.0,0.075,0.08,2,2,1,0.44,0
221,27,Bachelor's,7.5,0,1,0,0,1,0,1,2,2,1,Data Science,3,0,1,0,0,1,0,0,Master's,100.0,2.5,1.0,2,3,0,0.58,0
157,95,Bachelor's,0.4,1,1,0,0,1,1,0,1,3,1,AI Engineer,3,1,1,1,0,1,1,0,Bachelor's,80.0,0.13333333333333333,0.13,2,2,1,0.72,1
181,27,Bachelor's,8.2,1,0,0,0,0,1,0,3,2,0,Data Science,3,0,1,0,0,1,0,0,Master's,0.0,2.733333333333333,1.0,2,3,0,0.28,0
725,78,Bachelor's,2.9,1,0,0,0,0,0,1,3,1,1,Business Intelligence,5,1,0,0,0,1,1,0,Master's,33.33,0.58,0.58,2,3,0,0.44,0
129,87,Diploma,1.2,0,1,0,0,0,1,1,1,1,0,AI Engineer,1,1,0,0,0,0,0,0,Bachelor's,0.0,1.2,1.0,1,2,0,0.14,0
243,56,Master's,3.7,0,1,1,0,0,1,0,1,1,1,Machine Learning,2,0,1,1,1,1,1,1,Diploma,50.0,1.85,1.0,3,1,1,0.44,1
930,69,Bachelor's,0.2,1,0,1,1,0,1,1,0,3,1,Data Science,5,1,0,1,0,0,1,0,Bachelor's,100.0,0.04,0.04,2,2,1,0.72,1
172,94,Diploma,9.9,1,0,1,0,0,0,1,3,2,1,Business Intelligence,1,0,1,0,1,0,0,1,Diploma,33.33,9.9,1.0,1,1,1,0.58,0
503,98,Bachelor's,0.1,0,1,0,0,0,1,0,3,2,0,Machine Learning,2,1,1,0,1,0,0,0,Bachelor's,33.33,0.05,0.05,2,2,1,0.28,0
877,19,Master's,2.2,1,0,0,1,0,0,0,1,4,1,Business Intelligence,5,1,0,0,0,0,0,1,Bachelor's,50.0,0.44000000000000006,0.44,3,2,1,0.86,0
270,57,Bachelor's,0.9,1,1,1,0,0,1,0,0,2,1,Business Intelligence,3,0,1,0,1,0,0,0,Bachelor's,50.0,0.3,0.3,2,2,1,0.58,0
421,31,Master's,1.0,1,1,0,0,1,1,0,2,1,0,AI Engineer,1,1,0,1,1,0,0,0,Master's,33.33,1.0,1.0,3,3,1,0.14,1
163,16,Bachelor's,1.0,1,0,0,0,0,0,0,0,2,1,AI Engineer,2,1,1,0,1,1,1,0,Master's,20.0,0.5,0.5,2,3,0,0.58,0
955,45,Bachelor's,12.0,0,0,0,0,1,0,0,0,1,0,Business Intelligence,1,0,0,0,0,0,1,0,Bachelor's,0.0,12.0,1.0,2,2,1,0.14,0
24,27,Bachelor's,8.9,1,0,1,0,0,0,0,1,1,1,Data Science,3,0,1,0,0,1,0,0,Master's,0.0,2.966666666666667,1.0,2,3,0,0.44,0
497,61,Bachelor's,2.4,0,1,0,0,0,1,1,0,1,1,Business Intelligence,2,0,0,1,0,0,1,0,Bachelor's,50.0,1.2,1.0,2,2,1,0.44,1
193,26,Master's,1.1,0,1,0,1,1,1,0,2,5,0,Machine Learning,2,1,0,0,0,1,1,1,Bachelor's,50.0,0.55,0.55,3,2,1,0.7,0
390,44,Master's,1.5,0,1,0,1,0,1,0,1,3,1,Business Intelligence,1,1,1,0,0,1,0,0,Bachelor's,33.33,1.5,1.0,3,2,1,0.72,1
497,29,Bachelor's,2.4,0,1,0,0,0,1,1,0,1,1,AI Engineer,0,1,1,1,1,0,1,0,Bachelor's,40.0,1.0,1.0,2,2,1,0.44,1
964,95,Bachelor's,1.2,0,1,1,1,0,1,0,1,4,1,AI Engineer,3,1,1,1,0,1,1,0,Bachelor's,60.0,0.39999999999999997,0.4,2,2,1,0.86,1
806,2,Master's,3.7,0,1,0,0,1,1,1,2,2,0,Machine Learning,4,1,1,1,0,0,1,0,Diploma,50.0,0.925,0.92,3,1,1,0.28,1
129,6,Diploma,1.2,0,1,0,0,0,1,1,1,1,0,Data Science,2,0,0,0,0,1,0,0,Diploma,0.0,0.6,0.6,1,1,1,0.14,0
553,9,Bachelor's,4.3,0,1,0,1,0,0,0,3,1,1,Data Analyst,0,1,1,0,0,0,0,0,Master's,50.0,1.0,1.0,2,3,0,0.44,1
543,15,Bachelor's,2.1,0,0,0,1,1,1,1,3,2,0,AI Engineer,0,1,1,1,0,0,1,1,Master's,40.0,1.0,1.0,2,3,0,0.28,0
36,84,Master's,3.0,1,0,1,0,0,0,0,1,1,0,AI Engineer,1,1,0,1,1,1,0,0,Bachelor's,50.0,3.0,1.0,3,2,1,0.14,0
457,58,Diploma,2.9,1,1,1,0,0,0,0,1,1,1,Data Analyst,4,1,1,1,1,0,0,0,Bachelor's,75.0,0.725,0.72,1,2,0,0.44,1
361,2,Bachelor's,6.1,1,1,0,0,0,0,1,1,4,0,Machine Learning,4,1,1,1,0,0,1,0,Diploma,50.0,1.525,1.0,2,1,1,0.56,1
765,3,Diploma,0.4,1,0,0,1,1,0,0,1,1,1,AI Engineer,3,0,1,1,0,0,0,0,Diploma,0.0,0.13333333333333333,0.13,1,1,1,0.44,0
950,52,Bachelor's,1.4,0,0,1,1,0,1,0,2,2,0,Business Intelligence,1,1,0,1,0,0,0,0,Bachelor's,50.0,1.4,1.0,2,2,1,0.28,1
877,55,Master's,2.2,1,0,0,1,0,0,0,1,4,1,Machine Learning,2,0,0,0,0,1,1,1,Bachelor's,0.0,1.1,1.0,3,2,1,0.86,1
215,53,Master's,3.0,0,0,0,0,1,1,0,1,5,1,Data Science,4,1,0,0,1,0,0,0,Bachelor's,0.0,0.75,0.75,3,2,1,1.0,1
287,94,Bachelor's,0.2,0,0,1,1,1,1,0,2,1,0,Business Intelligence,1,0,1,0,1,0,0,1,Diploma,33.33,0.2,0.2,2,1,1,0.14,0
768,72,Master's,1.6,1,0,0,0,0,1,0,2,2,1,Data Science,5,1,0,0,0,0,0,1,Master's,50.0,0.32,0.32,3,3,1,0.58,1
925,40,Bachelor's,4.0,1,1,0,0,0,0,0,1,2,0,Data Analyst,2,1,0,0,0,1,0,1,Bachelor's,33.33,2.0,1.0,2,2,1,0.28,0
369,85,Bachelor's,0.5,1,0,0,1,0,1,0,2,2,0,Data Science,1,1,0,0,0,0,0,0,Master's,100.0,0.5,0.5,2,3,0,0.28,0
469,39,Bachelor's,5.1,1,1,1,1,1,0,0,3,2,0,Data Science,0,1,0,0,1,0,1,1,Master's,50.0,1.0,1.0,2,3,0,0.28,1
186,13,Bachelor's,6.9,0,1,0,1,1,0,0,1,2,0,Data Analyst,3,0,1,1,1,0,1,1,Bachelor's,40.0,2.3000000000000003,1.0,2,2,1,0.28,1
474,37,Master's,1.3,0,1,0,0,1,1,0,0,4,1,Data Analyst,0,1,0,0,0,0,0,0,Bachelor's,0.0,1.0,1.0,3,2,1,0.86,0
61,55,Bachelor's,5.2,1,0,0,1,0,0,0,4,3,1,Machine Learning,2,0,0,0,0,1,1,1,Bachelor's,0.0,2.6,1.0,2,2,1,0.72,1
262,32,Master's,4.0,0,1,1,1,1,1,0,1,4,0,AI Engineer,1,0,0,0,0,1,1,0,Diploma,100.0,4.0,1.0,3,1,1,0.56,1
788,14,Bachelor's,2.4,1,0,1,1,1,0,0,3,5,1,Data Science,3,1,1,0,0,1,1,0,Bachelor's,50.0,0.7999999999999999,0.8,2,2,1,1.0,1
111,65,Bachelor's,4.2,1,1,0,1,1,0,0,2,4,1,Machine Learning,0,1,1,1,0,0,1,0,Master's,50.0,1.0,1.0,2,3,0,0.86,1
829,27,Master's,4.0,1,1,0,0,0,1,0,4,2,0,Data Science,3,0,1,0,0,1,0,0,Master's,50.0,1.3333333333333333,1.0,3,3,1,0.28,1
942,24,Bachelor's,1.0,0,1,0,0,1,0,0,4,4,0,Machine Learning,2,1,1,0,1,0,1,0,Master's,25.0,0.5,0.5,2,3,0,0.56,0
141,22,Master's,4.4,0,0,0,0,0,0,0,1,5,1,Data Analyst,2,1,1,0,0,0,1,0,Master's,0.0,2.2,1.0,3,3,1,1.0,1
745,78,Bachelor's,1.3,0,0,0,0,0,1,0,1,8,1,Business Intelligence,5,1,0,0,0,1,1,0,Master's,33.33,0.26,0.26,2,3,0,1.0,0
535,45,Master's,1.3,0,0,0,0,0,0,0,3,5,1,Business Intelligence,1,0,0,0,0,0,1,0,Bachelor's,0.0,1.3,1.0,3,2,1,1.0,1
79,8,Bachelor's,0.6,0,0,1,0,0,1,0,1,3,0,AI Engineer,2,1,0,0,0,0,1,0,Master's,50.0,0.3,0.3,2,3,0,0.42,1
494,91,Bachelor's,0.2,1,1,1,0,0,1,1,1,1,0,AI Engineer,5,0,1,0,1,1,1,1,Diploma,60.0,0.04,0.04,2,1,1,0.14,0
31,67,Bachelor's,0.1,1,0,1,0,0,0,0,2,3,0,Data Science,0,1,1,1,0,1,1,0,Bachelor's,40.0,1.0,1.0,2,2,1,0.42,0
516,64,Diploma,0.0,0,1,0,1,0,0,0,1,8,0,AI Engineer,3,1,0,1,0,0,1,0,Bachelor's,0.0,0.0,0.0,1,2,0,0.7,0
509,97,Master's,2.3,0,1,0,0,1,0,1,0,4,0,Data Analyst,4,0,0,1,0,1,1,0,Bachelor's,33.33,0.575,0.57,3,2,1,0.56,0
971,47,Bachelor's,0.1,1,1,0,1,0,0,0,0,1,1,Data Analyst,0,1,0,0,0,0,0,1,Master's,50.0,1.0,1.0,2,3,0,0.44,0
630,21,Bachelor's,1.5,1,1,0,0,0,0,0,2,3,1,Data Science,1,1,1,0,0,0,1,1,Bachelor's,50.0,1.5,1.0,2,2,1,0.72,1
66,32,Bachelor's,3.3,0,0,0,0,1,0,0,6,4,1,AI Engineer,1,0,0,0,0,1,1,0,Diploma,50.0,3.3,1.0,2,1,1,0.86,1
510,45,Master's,3.6,0,0,1,0,0,0,0,2,3,1,Business Intelligence,1,0,0,0,0,0,1,0,Bachelor's,0.0,3.6,1.0,3,2,1,0.72,0
912,44,Bachelor's,5.2,1,0,0,1,1,1,0,2,2,0,Business Intelligence,1,1,1,0,0,1,0,0,Bachelor's,66.67,5.2,1.0,2,2,1,0.28,1
371,41,Bachelor's,8.9,0,0,0,0,0,0,0,1,2,0,Business Intelligence,2,1,0,0,0,0,1,1,Bachelor's,0.0,4.45,1.0,2,2,1,0.28,0
287,96,Bachelor's,0.2,0,0,1,1,1,1,0,2,1,0,Business Intelligence,2,1,1,0,1,0,0,0,Master's,33.33,0.1,0.1,2,3,0,0.14,0
176,52,Bachelor's,1.9,0,0,1,1,0,1,0,2,8,1,Business Intelligence,1,1,0,1,0,0,0,0,Bachelor's,50.0,1.9,1.0,2,2,1,1.0,1
123,88,Bachelor's,5.0,0,0,1,0,0,1,0,4,4,0,Data Analyst,0,1,1,1,0,0,1,1,Diploma,40.0,1.0,1.0,2,1,1,0.56,1
231,11,Master's,5.6,0,1,1,0,0,1,0,4,2,1,Data Analyst,3,1,1,0,0,1,0,1,Master's,25.0,1.8666666666666665,1.0,3,3,1,0.58,1
555,85,Master's,0.6,1,0,0,1,1,0,0,1,1,1,Data Science,1,1,0,0,0,0,0,0,Master's,100.0,0.6,0.6,3,3,1,0.44,1
4,18,Bachelor's,3.3,1,1,0,0,0,0,1,1,3,1,Data Analyst,0,1,1,0,0,1,0,0,Diploma,66.67,1.0,1.0,2,1,1,0.72,1
702,11,Diploma,1.4,0,1,0,0,1,0,1,2,3,0,Data Analyst,3,1,1,0,0,1,0,1,Master's,75.0,0.4666666666666666,0.47,1,3,0,0.42,0
816,27,Bachelor's,8.6,0,1,1,0,0,1,0,1,3,1,Data Science,3,0,1,0,0,1,0,0,Master's,50.0,2.8666666666666667,1.0,2,3,0,0.72,1
412,43,Master's,0.3,1,0,0,0,0,1,1,2,4,1,AI Engineer,3,1,0,0,0,0,0,0,Bachelor's,100.0,0.09999999999999999,0.1,3,2,1,0.86,1
250,65,Master's,2.4,1,1,1,0,0,0,0,2,3,1,Machine Learning,0,1,1,1,0,0,1,0,Master's,75.0,1.0,1.0,3,3,1,0.72,1
656,54,Bachelor's,6.9,1,0,0,0,0,0,0,2,4,1,Data Analyst,3,1,0,0,0,1,1,0,Bachelor's,33.33,2.3000000000000003,1.0,2,2,1,0.86,1
487,29,Diploma,1.3,1,0,0,0,1,1,0,2,2,0,AI Engineer,0,1,1,1,1,0,1,0,Bachelor's,40.0,1.0,1.0,1,2,0,0.28,1
345,21,Bachelor's,3.4,0,0,0,1,0,1,1,1,2,1,Data Science,1,1,1,0,0,0,1,1,Bachelor's,50.0,3.4,1.0,2,2,1,0.58,1
894,29,Bachelor's,0.6,0,0,0,0,0,1,0,1,2,1,AI Engineer,0,1,1,1,1,0,1,0,Bachelor's,20.0,1.0,1.0,2,2,1,0.58,1
333,9,Diploma,0.6,0,0,0,0,0,0,1,6,3,1,Data Analyst,0,1,1,0,0,0,0,0,Master's,0.0,1.0,1.0,1,3,0,0.72,1
453,61,Bachelor's,5.1,0,1,1,0,0,1,0,5,2,0,Business Intelligence,2,0,0,1,0,0,1,0,Bachelor's,100.0,2.55,1.0,2,2,1,0.28,1
158,62,Master's,5.3,1,0,1,1,1,1,0,2,2,1,Machine Learning,1,1,1,1,0,0,0,1,Diploma,50.0,5.3,1.0,3,1,1,0.58,1
577,71,Bachelor's,0.1,0,0,0,0,1,1,0,2,2,0,Data Analyst,2,1,1,0,0,0,0,1,Diploma,0.0,0.05,0.05,2,1,1,0.28,0
837,95,Master's,0.3,0,1,0,1,0,0,0,2,1,1,AI Engineer,3,1,1,1,0,1,1,0,Bachelor's,20.0,0.09999999999999999,0.1,3,2,1,0.44,0
270,91,Bachelor's,0.9,1,1,1,0,0,1,0,0,2,1,AI Engineer,5,0,1,0,1,1,1,1,Diploma,40.0,0.18,0.18,2,1,1,0.58,1
587,96,Diploma,3.0,1,0,0,0,0,1,1,1,1,1,Business Intelligence,2,1,1,0,1,0,0,0,Master's,33.33,1.5,1.0,1,3,0,0.44,0
418,5,Bachelor's,0.3,1,1,0,0,1,1,0,2,4,0,Business Intelligence,4,0,1,0,0,0,1,0,Bachelor's,100.0,0.075,0.08,2,2,1,0.56,1
440,97,Diploma,2.8,1,1,0,1,0,1,0,0,2,1,Data Analyst,4,0,0,1,0,1,1,0,Bachelor's,33.33,0.7,0.7,1,2,0,0.58,0
29,15,Bachelor's,1.0,1,1,1,0,1,1,0,2,1,1,AI Engineer,0,1,1,1,0,0,1,1,Master's,80.0,1.0,1.0,2,3,0,0.44,0
978,57,Diploma,1.4,1,1,0,0,1,0,0,8,1,0,Business Intelligence,3,0,1,0,1,0,0,0,Bachelor's,50.0,0.4666666666666666,0.47,1,2,0,0.14,0
335,5,Diploma,9.2,1,1,0,1,0,1,0,0,4,1,Business Intelligence,4,0,1,0,0,0,1,0,Bachelor's,100.0,2.3,1.0,1,2,0,0.86,1
238,20,Diploma,1.6,1,1,1,0,0,0,0,1,2,1,Data Analyst,2,1,1,0,0,1,0,0,Bachelor's,66.67,0.8,0.8,1,2,0,0.58,1
153,81,Bachelor's,3.0,0,1,1,1,0,0,0,2,1,1,Data Science,2,1,1,0,0,0,0,1,Bachelor's,33.33,1.5,1.0,2,2,1,0.44,1
606,4,Bachelor's,1.8,1,0,1,0,0,0,0,2,2,0,Data Analyst,2,0,1,0,0,0,1,1,Bachelor's,0.0,0.9,0.9,2,2,1,0.28,0
749,56,Master's,3.6,0,0,0,1,1,1,0,0,1,1,Machine Learning,2,0,1,1,1,1,1,1,Diploma,50.0,1.8,1.0,3,1,1,0.44,1
834,85,Bachelor's,3.4,1,0,0,0,1,0,0,4,2,0,Data Science,1,1,0,0,0,0,0,0,Master's,100.0,3.4,1.0,2,3,0,0.28,1
115,34,Bachelor's,2.2,0,0,0,0,0,1,0,1,3,1,Machine Learning,2,1,1,0,0,1,0,0,Bachelor's,0.0,1.1,1.0,2,2,1,0.72,1
808,40,Master's,0.5,1,0,1,1,0,0,0,2,0,0,Data Analyst,2,1,0,0,0,1,0,1,Bachelor's,33.33,0.25,0.25,3,2,1,0.0,0
731,69,Bachelor's,0.9,0,0,0,1,0,1,0,2,2,0,Data Science,5,1,0,1,0,0,1,0,Bachelor's,33.33,0.18,0.18,2,2,1,0.28,0
758,68,Bachelor's,1.7,0,0,1,0,0,0,0,0,3,0,Data Science,4,1,0,0,0,0,1,0,Bachelor's,0.0,0.425,0.42,2,2,1,0.42,0
399,22,Master's,2.4,0,0,0,0,0,0,1,1,5,0,Data Analyst,2,1,1,0,0,0,1,0,Master's,0.0,1.2,1.0,3,3,1,0.7,1
32,14,Bachelor's,2.3,0,0,0,0,0,1,0,2,1,1,Data Science,3,1,1,0,0,1,1,0,Bachelor's,25.0,0.7666666666666666,0.77,2,2,1,0.44,0
532,68,Master's,2.4,0,1,0,0,1,1,0,1,1,1,Data Science,4,1,0,0,0,0,1,0,Bachelor's,50.0,0.6,0.6,3,2,1,0.44,1
53,8,Master's,7.0,1,0,1,0,0,0,1,5,2,0,AI Engineer,2,1,0,0,0,0,1,0,Master's,50.0,3.5,1.0,3,3,1,0.28,1
718,67,Master's,3.0,0,0,1,0,0,0,0,5,2,1,Data Science,0,1,1,1,0,1,1,0,Bachelor's,20.0,1.0,1.0,3,2,1,0.58,0
731,46,Bachelor's,0.9,0,0,0,1,0,1,0,2,2,0,Data Analyst,1,1,1,1,0,0,1,0,Bachelor's,25.0,0.9,0.9,2,2,1,0.28,1
195,29,Bachelor's,0.1,1,0,0,0,0,0,0,1,1,0,AI Engineer,0,1,1,1,1,0,1,0,Bachelor's,20.0,1.0,1.0,2,2,1,0.14,0
305,90,Master's,3.1,0,0,1,0,0,1,0,4,2,0,Data Science,0,1,1,0,1,0,1,1,Bachelor's,20.0,1.0,1.0,3,2,1,0.28,0
707,94,Bachelor's,2.6,1,1,1,1,1,1,0,1,5,1,Business Intelligence,1,0,1,0,1,0,0,1,Diploma,66.67,2.6,1.0,2,1,1,1.0,1
973,12,Master's,0.8,0,0,0,1,0,1,0,0,2,1,Machine Learning,3,1,1,0,0,1,1,0,Bachelor's,25.0,0.26666666666666666,0.27,3,2,1,0.58,0
345,79,Bachelor's,3.4,0,0,0,1,0,1,1,1,2,1,Data Science,3,1,1,0,0,0,1,0,Bachelor's,33.33,1.1333333333333333,1.0,2,2,1,0.58,1
82,52,Bachelor's,0.2,1,1,0,0,1,0,0,1,3,1,Business Intelligence,1,1,0,1,0,0,0,0,Bachelor's,50.0,0.2,0.2,2,2,1,0.72,1
167,2,Bachelor's,4.5,0,1,0,0,0,0,0,3,6,0,Machine Learning,4,1,1,1,0,0,1,0,Diploma,25.0,1.125,1.0,2,1,1,0.7,1
317,1,Bachelor's,1.9,1,0,1,0,1,1,1,3,4,0,Data Science,4,1,0,0,1,0,1,0,Bachelor's,66.67,0.475,0.48,2,2,1,0.56,1
183,55,Master's,2.5,1,0,1,0,0,0,0,0,1,1,Machine Learning,2,0,0,0,0,1,1,1,Bachelor's,0.0,1.25,1.0,3,2,1,0.44,1
965,92,Bachelor's,2.1,0,0,0,0,0,1,0,3,0,1,Machine Learning,3,0,1,0,0,0,1,0,Bachelor's,50.0,0.7000000000000001,0.7,2,2,1,0.3,0
898,99,Master's,0.5,1,1,0,0,0,1,0,2,1,1,AI Engineer,2,1,1,0,1,0,0,0,Diploma,66.67,0.25,0.25,3,1,1,0.44,0
862,34,Bachelor's,2.7,1,1,1,0,1,1,1,2,3,0,Machine Learning,2,1,1,0,0,1,0,0,Bachelor's,100.0,1.35,1.0,2,2,1,0.42,1
273,64,Master's,3.8,1,1,0,0,0,0,0,3,2,1,AI Engineer,3,1,0,1,0,0,1,0,Bachelor's,33.33,1.2666666666666666,1.0,3,2,1,0.58,1
669,68,Bachelor's,0.3,0,0,1,0,0,0,0,2,0,0,Data Science,4,1,0,0,0,0,1,0,Bachelor's,0.0,0.075,0.08,2,2,1,0.0,0
373,82,Diploma,4.8,0,0,0,0,1,1,0,3,2,1,Data Analyst,3,1,1,1,0,0,0,1,Bachelor's,0.0,1.5999999999999999,1.0,1,2,0,0.58,0
362,12,Bachelor's,0.6,1,0,0,0,0,1,0,3,1,1,Machine Learning,3,1,1,0,0,1,1,0,Bachelor's,50.0,0.19999999999999998,0.2,2,2,1,0.44,0
900,50,Diploma,3.8,1,1,1,0,0,0,1,2,4,0,AI Engineer,1,1,0,0,0,1,1,0,Master's,33.33,3.8,1.0,1,3,0,0.56,1
201,21,Bachelor's,3.5,0,1,1,0,1,1,0,1,3,1,Data Science,1,1,1,0,0,0,1,1,Bachelor's,50.0,3.5,1.0,2,2,1,0.72,1
192,10,Master's,2.2,0,1,1,0,0,1,0,3,3,1,AI Engineer,5,0,1,0,1,1,0,0,Master's,33.33,0.44000000000000006,0.44,3,3,1,0.72,0
341,85,Bachelor's,0.7,0,1,0,1,0,0,1,4,4,0,Data Science,1,1,0,0,0,0,0,0,Master's,0.0,0.7,0.7,2,3,0,0.56,0
299,89,Bachelor's,2.5,1,0,0,0,1,1,0,4,0,0,Machine Learning,2,0,0,0,0,1,1,0,Bachelor's,100.0,1.25,1.0,2,2,1,0.0,1
506,81,Bachelor's,1.3,1,1,0,0,1,0,0,1,2,0,Data Science,2,1,1,0,0,0,0,1,Bachelor's,66.67,0.65,0.65,2,2,1,0.28,1
588,70,Bachelor's,1.3,0,1,0,0,0,0,0,2,5,1,AI Engineer,1,1,0,1,0,0,1,0,Bachelor's,0.0,1.3,1.0,2,2,1,1.0,0
140,14,Master's,2.2,0,0,0,1,1,1,0,0,2,0,Data Science,3,1,1,0,0,1,1,0,Bachelor's,50.0,0.7333333333333334,0.73,3,2,1,0.28,0
306,40,Master's,5.1,1,0,0,0,0,0,0,5,1,0,Data Analyst,2,1,0,0,0,1,0,1,Bachelor's,33.33,2.55,1.0,3,2,1,0.14,1
196,82,Bachelor's,5.1,1,1,0,1,0,1,0,0,4,1,Data Analyst,3,1,1,1,0,0,0,1,Bachelor's,50.0,1.7,1.0,2,2,1,0.86,0
61,30,Bachelor's,5.2,1,0,0,1,0,0,0,4,3,1,Data Analyst,1,1,1,0,1,1,0,0,Bachelor's,50.0,5.2,1.0,2,2,1,0.72,1
988,73,Bachelor's,1.7,1,0,0,1,0,1,1,2,1,1,AI Engineer,1,0,0,0,0,0,1,0,Master's,100.0,1.7,1.0,2,3,0,0.44,1
969,14,Bachelor's,1.0,0,1,1,1,0,1,0,1,4,1,Data Science,3,1,1,0,0,1,1,0,Bachelor's,50.0,0.3333333333333333,0.33,2,2,1,0.86,0
360,52,Bachelor's,2.2,1,1,0,0,0,0,0,4,4,0,Business Intelligence,1,1,0,1,0,0,0,0,Bachelor's,50.0,2.2,1.0,2,2,1,0.56,1
307,17,Bachelor's,3.1,1,0,0,0,0,0,0,1,2,0,AI Engineer,4,1,0,1,0,1,0,0,Bachelor's,33.33,0.775,0.78,2,2,1,0.28,1
480,62,Bachelor's,1.4,0,0,0,0,0,1,1,1,1,0,Machine Learning,1,1,1,1,0,0,0,1,Diploma,25.0,1.4,1.0,2,1,1,0.14,0
333,98,Diploma,0.6,0,0,0,0,0,0,1,6,3,1,Machine Learning,2,1,1,0,1,0,0,0,Bachelor's,0.0,0.3,0.3,1,2,0,0.72,0
866,22,Bachelor's,6.9,0,0,0,0,0,0,0,2,7,1,Data Analyst,2,1,1,0,0,0,1,0,Master's,0.0,3.45,1.0,2,3,0,1.0,0
83,53,Bachelor's,1.4,1,0,0,1,0,1,0,0,3,1,Data Science,4,1,0,0,1,0,0,0,Bachelor's,100.0,0.35,0.35,2,2,1,0.72,1
334,32,Bachelor's,12.0,0,0,0,0,0,1,0,1,1,1,AI Engineer,1,0,0,0,0,1,1,0,Diploma,50.0,12.0,1.0,2,1,1,0.44,0
517,76,Bachelor's,2.6,1,0,0,1,1,1,1,1,5,1,Data Science,0,1,0,0,0,0,1,0,Master's,100.0,1.0,1.0,2,3,0,1.0,1
731,55,Bachelor's,0.9,0,0,0,1,0,1,0,2,2,0,Machine Learning,2,0,0,0,0,1,1,1,Bachelor's,33.33,0.45,0.45,2,2,1,0.28,0
924,80,Master's,1.1,1,0,1,0,0,1,1,0,0,0,Business Intelligence,2,1,1,0,0,1,1,0,Master's,50.0,0.55,0.55,3,3,1,0.0,0
766,22,Bachelor's,1.0,0,0,1,0,1,0,1,1,4,1,Data Analyst,2,1,1,0,0,0,1,0,Master's,0.0,0.5,0.5,2,3,0,0.86,0
474,38,Master's,1.3,0,1,0,0,1,1,0,0,4,1,AI Engineer,2,1,1,1,0,0,0,1,Bachelor's,25.0,0.65,0.65,3,2,1,0.86,0
394,50,Master's,1.8,1,0,0,0,0,1,0,1,3,0,AI Engineer,1,1,0,0,0,1,1,0,Master's,66.67,1.8,1.0,3,3,1,0.42,1
600,66,Diploma,5.6,1,1,0,0,0,1,0,1,0,0,Business Intelligence,1,0,1,1,1,0,1,0,Bachelor's,50.0,5.6,1.0,1,2,0,0.0,0
721,45,Master's,0.4,0,0,0,0,1,1,0,2,4,1,Business Intelligence,1,0,0,0,0,0,1,0,Bachelor's,100.0,0.4,0.4,3,2,1,0.86,1
692,8,Bachelor's,1.7,0,1,0,0,0,0,0,4,2,1,AI Engineer,2,1,0,0,0,0,1,0,Master's,0.0,0.85,0.85,2,3,0,0.58,0
720,65,Master's,0.7,1,0,1,0,0,0,0,1,3,0,Machine Learning,0,1,1,1,0,0,1,0,Master's,50.0,1.0,1.0,3,3,1,0.42,1
785,40,Bachelor's,2.7,0,1,0,0,1,0,0,3,2,0,Data Analyst,2,1,0,0,0,1,0,1,Bachelor's,33.33,1.35,1.0,2,2,1,0.28,0
577,5,Bachelor's,0.1,0,0,0,0,1,1,0,2,2,0,Business Intelligence,4,0,1,0,0,0,1,0,Bachelor's,50.0,0.025,0.02,2,2,1,0.28,0
380,45,Bachelor's,2.2,0,1,0,0,1,1,0,4,2,0,Business Intelligence,1,0,0,0,0,0,1,0,Bachelor's,100.0,2.2,1.0,2,2,1,0.28,1
21,46,Bachelor's,3.0,0,0,0,0,0,1,0,4,5,0,Data Analyst,1,1,1,1,0,0,1,0,Bachelor's,25.0,3.0,1.0,2,2,1,0.7,1
950,36,Bachelor's,1.4,0,0,1,1,0,1,0,2,2,0,Business Intelligence,0,0,1,1,0,1,1,0,Master's,50.0,1.0,1.0,2,3,0,0.28,0
879,17,Diploma,0.9,0,1,0,0,1,0,0,1,2,0,AI Engineer,4,1,0,1,0,1,0,0,Bachelor's,33.33,0.225,0.22,1,2,0,0.28,0
177,41,Bachelor's,3.8,1,1,0,1,0,0,0,1,2,0,Business Intelligence,2,1,0,0,0,0,1,1,Bachelor's,33.33,1.9,1.0,2,2,1,0.28,0
363,30,Bachelor's,2.4,1,1,1,0,0,1,0,2,2,0,Data Analyst,1,1,1,0,1,1,0,0,Bachelor's,50.0,2.4,1.0,2,2,1,0.28,1
22,52,Bachelor's,0.9,0,0,0,0,1,0,1,1,4,0,Business Intelligence,1,1,0,1,0,0,0,0,Bachelor's,0.0,0.9,0.9,2,2,1,0.56,1
837,79,Master's,0.3,0,1,0,1,0,0,0,2,1,1,Data Science,3,1,1,0,0,0,1,0,Bachelor's,33.33,0.09999999999999999,0.1,3,2,1,0.44,0
960,20,Master's,3.9,0,0,1,1,1,1,1,5,8,0,Data Analyst,2,1,1,0,0,1,0,0,Bachelor's,33.33,1.95,1.0,3,2,1,0.7,1
548,36,Bachelor's,2.0,1,0,0,0,0,1,0,3,1,0,Business Intelligence,0,0,1,1,0,1,1,0,Master's,25.0,1.0,1.0,2,3,0,0.14,1
250,66,Master's,2.4,1,1,1,0,0,0,0,2,3,1,Business Intelligence,1,0,1,1,1,0,1,0,Bachelor's,50.0,2.4,1.0,3,2,1,0.72,1
661,45,Bachelor's,2.3,1,1,0,0,0,1,0,0,7,0,Business Intelligence,1,0,0,0,0,0,1,0,Bachelor's,100.0,2.3,1.0,2,2,1,0.7,1
952,4,Bachelor's,0.6,0,1,0,0,0,1,1,1,3,0,Data Analyst,2,0,1,0,0,0,1,1,Bachelor's,100.0,0.3,0.3,2,2,1,0.42,1
73,50,Diploma,0.1,1,0,0,0,0,0,0,3,4,0,AI Engineer,1,1,0,0,0,1,1,0,Master's,33.33,0.1,0.1,1,3,0,0.56,0
91,88,Bachelor's,7.2,0,0,1,0,0,1,1,0,4,1,Data Analyst,0,1,1,1,0,0,1,1,Diploma,60.0,1.0,1.0,2,1,1,0.86,1
176,55,Bachelor's,1.9,0,0,1,1,0,1,0,2,8,1,Machine Learning,2,0,0,0,0,1,1,1,Bachelor's,33.33,0.95,0.95,2,2,1,1.0,1
126,59,Bachelor's,2.0,0,1,1,0,1,1,0,2,0,1,Data Science,2,0,1,0,0,0,0,0,Master's,100.0,1.0,1.0,2,3,0,0.3,1
204,42,Master's,1.0,1,1,1,0,0,1,0,2,2,1,Business Intelligence,3,0,1,0,0,0,0,0,Diploma,100.0,0.3333333333333333,0.33,3,1,1,0.58,1
914,2,Bachelor's,1.1,0,1,0,0,0,1,0,0,1,0,Machine Learning,4,1,1,1,0,0,1,0,Diploma,50.0,0.275,0.28,2,1,1,0.14,0
246,46,Master's,2.5,1,0,1,0,0,1,0,2,4,1,Data Analyst,1,1,1,1,0,0,1,0,Bachelor's,75.0,2.5,1.0,3,2,1,0.86,1
611,2,Diploma,5.3,0,1,0,0,1,1,0,3,3,0,Machine Learning,4,1,1,1,0,0,1,0,Diploma,50.0,1.325,1.0,1,1,1,0.42,1
271,50,Master's,3.0,1,0,0,0,0,1,0,4,2,0,AI Engineer,1,1,0,0,0,1,1,0,Master's,66.67,3.0,1.0,3,3,1,0.28,1
44,1,Master's,2.5,1,0,0,0,0,1,0,3,2,0,Data Science,4,1,0,0,1,0,1,0,Bachelor's,66.67,0.625,0.62,3,2,1,0.28,1
734,13,Bachelor's,1.4,0,1,1,0,0,0,0,5,1,1,Data Analyst,3,0,1,1,1,0,1,1,Bachelor's,40.0,0.4666666666666666,0.47,2,2,1,0.44,1
941,70,Bachelor's,0.2,1,1,0,0,1,1,0,4,1,1,AI Engineer,1,1,0,1,0,0,1,0,Bachelor's,66.67,0.2,0.2,2,2,1,0.44,1
548,17,Bachelor's,2.0,1,0,0,0,0,1,0,3,1,0,AI Engineer,4,1,0,1,0,1,0,0,Bachelor's,33.33,0.5,0.5,2,2,1,0.14,1
435,86,Diploma,0.4,0,1,0,0,1,1,1,3,4,0,Data Science,3,0,0,1,1,0,1,0,Bachelor's,33.33,0.13333333333333333,0.13,1,2,0,0.56,0
30,70,Diploma,4.4,0,1,0,0,0,1,1,2,2,1,AI Engineer,1,1,0,1,0,0,1,0,Bachelor's,33.33,4.4,1.0,1,2,0,0.58,0
794,3,Bachelor's,2.9,1,1,0,1,0,0,0,0,2,0,AI Engineer,3,0,1,1,0,0,0,0,Diploma,50.0,0.9666666666666667,0.97,2,1,1,0.28,0
597,70,Bachelor's,0.8,1,0,1,0,0,1,0,2,3,0,AI Engineer,1,1,0,1,0,0,1,0,Bachelor's,100.0,0.8,0.8,2,2,1,0.42,1
357,81,Diploma,5.8,0,1,0,0,0,0,0,0,3,0,Data Science,2,1,1,0,0,0,0,1,Bachelor's,33.33,2.9,1.0,1,2,0,0.42,0
491,99,Bachelor's,0.7,1,0,0,0,0,1,1,3,6,0,AI Engineer,2,1,1,0,1,0,0,0,Diploma,33.33,0.35,0.35,2,1,1,0.7,0
633,49,Bachelor's,2.7,1,0,1,0,0,1,0,4,2,0,Data Science,4,1,1,0,0,0,0,0,Diploma,50.0,0.675,0.68,2,1,1,0.28,1
799,50,Bachelor's,0.2,0,0,0,1,0,1,0,1,2,1,AI Engineer,1,1,0,0,0,1,1,0,Master's,33.33,0.2,0.2,2,3,0,0.58,0
248,35,Master's,0.1,0,0,0,1,1,0,0,3,2,1,Data Science,0,0,0,0,0,0,1,0,Master's,0.0,1.0,1.0,3,3,1,0.58,0
696,23,Bachelor's,0.2,1,0,1,0,1,0,0,3,1,0,AI Engineer,4,1,0,0,0,1,1,0,Bachelor's,66.67,0.05,0.05,2,2,1,0.14,1
253,72,Master's,0.3,0,1,0,0,0,1,0,2,0,0,Data Science,5,1,0,0,0,0,0,1,Master's,0.0,0.06,0.06,3,3,1,0.0,0
785,50,Bachelor's,2.7,0,1,0,0,1,0,0,3,2,0,AI Engineer,1,1,0,0,0,1,1,0,Master's,33.33,2.7,1.0,2,3,0,0.28,0
721,10,Master's,0.4,0,0,0,0,1,1,0,2,4,1,AI Engineer,5,0,1,0,1,1,0,0,Master's,33.33,0.08,0.08,3,3,1,0.86,0
866,90,Bachelor's,6.9,0,0,0,0,0,0,0,2,7,1,Data Science,0,1,1,0,1,0,1,1,Bachelor's,0.0,1.0,1.0,2,2,1,1.0,1
382,55,Bachelor's,1.2,0,0,0,0,0,1,0,0,3,1,Machine Learning,2,0,0,0,0,1,1,1,Bachelor's,33.33,0.6,0.6,2,2,1,0.72,0
536,74,Master's,0.3,0,0,0,0,0,0,0,1,4,1,Data Science,1,1,1,1,0,0,1,0,Bachelor's,0.0,0.3,0.3,3,2,1,0.86,0
634,19,Bachelor's,4.0,1,0,1,0,0,0,0,2,7,1,Business Intelligence,5,1,0,0,0,0,0,1,Bachelor's,50.0,0.8,0.8,2,2,1,1.0,1
737,23,Bachelor's,1.5,0,1,0,0,1,0,0,1,2,0,AI Engineer,4,1,0,0,0,1,1,0,Bachelor's,33.33,0.375,0.38,2,2,1,0.28,0
900,95,Diploma,3.8,1,1,1,0,0,0,1,2,4,0,AI Engineer,3,1,1,1,0,1,1,0,Bachelor's,60.0,1.2666666666666666,1.0,1,2,0,0.56,0
905,64,Bachelor's,3.4,1,1,1,0,0,1,0,0,5,1,AI Engineer,3,1,0,1,0,0,1,0,Bachelor's,100.0,1.1333333333333333,1.0,2,2,1,1.0,1
898,33,Master's,0.5,1,1,0,0,0,1,0,2,1,1,AI Engineer,3,0,1,0,0,0,0,0,Bachelor's,100.0,0.16666666666666666,0.17,3,2,1,0.44,1
419,66,Bachelor's,1.5,1,0,0,0,1,1,0,3,5,0,Business Intelligence,1,0,1,1,1,0,1,0,Bachelor's,25.0,1.5,1.0,2,2,1,0.7,1
123,92,Bachelor's,5.0,0,0,1,0,0,1,0,4,4,0,Machine Learning,3,0,1,0,0,0,1,0,Bachelor's,50.0,1.6666666666666667,1.0,2,2,1,0.56,1
294,96,Bachelor's,2.9,1,1,1,0,0,1,0,2,1,0,Business Intelligence,2,1,1,0,1,0,0,0,Master's,66.67,1.45,1.0,2,3,0,0.14,1
685,97,Master's,0.4,1,1,1,0,0,1,0,4,5,1,Data Analyst,4,0,0,1,0,1,1,0,Bachelor's,66.67,0.1,0.1,3,2,1,1.0,0
143,9,Bachelor's,2.8,0,1,0,0,0,0,0,1,1,1,Data Analyst,0,1,1,0,0,0,0,0,Master's,50.0,1.0,1.0,2,3,0,0.44,1
938,29,Master's,4.4,0,0,0,0,1,1,1,2,0,0,AI Engineer,0,1,1,1,1,0,1,0,Bachelor's,20.0,1.0,1.0,3,2,1,0.0,0
899,79,Diploma,1.1,1,1,0,1,0,1,0,0,3,0,Data Science,3,1,1,0,0,0,1,0,Bachelor's,100.0,0.3666666666666667,0.37,1,2,0,0.42,0
511,18,Bachelor's,4.2,1,0,0,0,0,0,0,4,1,0,Data Analyst,0,1,1,0,0,1,0,0,Diploma,33.33,1.0,1.0,2,1,1,0.14,0
927,82,Bachelor's,2.2,0,1,0,1,0,0,0,1,1,0,Data Analyst,3,1,1,1,0,0,0,1,Bachelor's,25.0,0.7333333333333334,0.73,2,2,1,0.14,0
948,71,Master's,0.4,1,1,1,0,0,0,1,4,2,0,Data Analyst,2,1,1,0,0,0,0,1,Diploma,100.0,0.2,0.2,3,1,1,0.28,1
681,78,Master's,1.1,1,1,0,0,0,0,0,2,7,1,Business Intelligence,5,1,0,0,0,1,1,0,Master's,33.33,0.22000000000000003,0.22,3,3,1,1.0,0
57,29,Diploma,3.6,1,1,1,0,0,0,0,1,7,1,AI Engineer,0,1,1,1,1,0,1,0,Bachelor's,60.0,1.0,1.0,1,2,0,1.0,1
42,83,Bachelor's,3.9,0,1,0,0,0,1,0,5,3,0,Business Intelligence,2,0,1,0,0,0,0,0,Bachelor's,100.0,1.95,1.0,2,2,1,0.42,1
821,61,Master's,0.6,0,0,0,1,0,1,0,3,4,1,Business Intelligence,2,0,0,1,0,0,1,0,Bachelor's,50.0,0.3,0.3,3,2,1,0.86,1
631,5,Master's,3.5,0,1,0,1,0,1,0,3,1,1,Business Intelligence,4,0,1,0,0,0,1,0,Bachelor's,100.0,0.875,0.88,3,2,1,0.44,1
121,69,Master's,5.5,0,0,0,0,0,0,0,2,5,0,Data Science,5,1,0,1,0,0,1,0,Bachelor's,0.0,1.1,1.0,3,2,1,0.7,0
824,56,Bachelor's,3.7,1,0,0,0,1,0,0,1,4,0,Machine Learning,2,0,1,1,1,1,1,1,Diploma,16.67,1.85,1.0,2,1,1,0.56,1
763,52,Bachelor's,0.3,0,1,1,1,0,1,0,2,1,0,Business Intelligence,1,1,0,1,0,0,0,0,Bachelor's,50.0,0.3,0.3,2,2,1,0.14,0
343,15,Bachelor's,5.1,1,1,1,0,0,0,0,1,7,1,AI Engineer,0,1,1,1,0,0,1,1,Master's,60.0,1.0,1.0,2,3,0,1.0,1
332,90,Master's,3.2,1,1,0,0,1,0,0,2,4,1,Data Science,0,1,1,0,1,0,1,1,Bachelor's,40.0,1.0,1.0,3,2,1,0.86,1
456,88,Bachelor's,6.7,1,0,0,0,0,0,0,4,4,1,Data Analyst,0,1,1,1,0,0,1,1,Diploma,20.0,1.0,1.0,2,1,1,0.86,1
437,83,Diploma,0.9,1,0,0,0,0,1,0,3,1,0,Business Intelligence,2,0,1,0,0,0,0,0,Bachelor's,0.0,0.45,0.45,1,2,0,0.14,0
341,20,Bachelor's,0.7,0,1,0,1,0,0,1,4,4,0,Data Analyst,2,1,1,0,0,1,0,0,Bachelor's,33.33,0.35,0.35,2,2,1,0.56,1
341,73,Bachelor's,0.7,0,1,0,1,0,0,1,4,4,0,AI Engineer,1,0,0,0,0,0,1,0,Master's,0.0,0.7,0.7,2,3,0,0.56,0
416,92,Bachelor's,6.9,0,1,0,0,0,1,0,1,4,1,Machine Learning,3,0,1,0,0,0,1,0,Bachelor's,100.0,2.3000000000000003,1.0,2,2,1,0.86,1
849,16,Bachelor's,5.4,0,1,1,0,0,1,0,4,5,0,AI Engineer,2,1,1,0,1,1,1,0,Master's,40.0,2.7,1.0,2,3,0,0.7,1
182,75,Bachelor's,1.0,1,0,1,1,0,1,0,4,0,1,AI Engineer,2,0,1,1,0,1,1,0,Master's,50.0,0.5,0.5,2,3,0,0.3,0
677,98,Bachelor's,0.2,1,0,0,0,0,0,0,0,1,1,Machine Learning,2,1,1,0,1,0,0,0,Bachelor's,33.33,0.1,0.1,2,2,1,0.44,0
984,25,Diploma,1.6,0,0,1,0,1,1,0,4,5,1,Data Science,3,1,1,0,0,0,1,0,Bachelor's,33.33,0.5333333333333333,0.53,1,2,0,1.0,1
264,57,Bachelor's,1.5,1,0,0,0,1,1,0,1,3,0,Business Intelligence,3,0,1,0,1,0,0,0,Bachelor's,0.0,0.5,0.5,2,2,1,0.42,1
210,21,Bachelor's,12.0,0,1,0,0,0,0,0,1,3,1,Data Science,1,1,1,0,0,0,1,1,Bachelor's,25.0,12.0,1.0,2,2,1,0.72,1
523,5,Master's,1.1,1,0,1,0,1,1,0,2,6,1,Business Intelligence,4,0,1,0,0,0,1,0,Bachelor's,50.0,0.275,0.28,3,2,1,1.0,1
444,9,Bachelor's,1.5,0,1,0,1,0,0,0,1,3,0,Data Analyst,0,1,1,0,0,0,0,0,Master's,50.0,1.0,1.0,2,3,0,0.42,1
251,11,Bachelor's,4.0,1,1,0,0,0,0,1,2,9,0,Data Analyst,3,1,1,0,0,1,0,1,Master's,75.0,1.3333333333333333,1.0,2,3,0,0.7,1
138,65,Master's,1.7,0,1,0,0,1,0,1,2,2,0,Machine Learning,0,1,1,1,0,0,1,0,Master's,25.0,1.0,1.0,3,3,1,0.28,0
218,63,Master's,2.9,1,0,0,0,0,0,0,3,5,0,Business Intelligence,5,1,1,0,0,0,0,0,Diploma,50.0,0.58,0.58,3,1,1,0.7,0
751,26,Bachelor's,1.9,1,1,0,0,0,1,0,2,1,0,Machine Learning,2,1,0,0,0,1,1,1,Bachelor's,50.0,0.95,0.95,2,2,1,0.14,1
454,74,Master's,2.1,1,0,1,0,0,0,0,2,2,1,Data Science,1,1,1,1,0,0,1,0,Bachelor's,50.0,2.1,1.0,3,2,1,0.58,1
883,19,Diploma,2.5,1,1,1,0,0,1,0,1,5,0,Business Intelligence,5,1,0,0,0,0,0,1,Bachelor's,50.0,0.5,0.5,1,2,0,0.7,0
849,16,Bachelor's,5.4,0,1,1,0,0,1,0,4,5,0,AI Engineer,2,1,1,0,1,1,1,0,Master's,40.0,2.7,1.0,2,3,0,0.7,0
87,56,Master's,2.4,1,0,0,1,1,0,1,1,2,0,Machine Learning,2,0,1,1,1,1,1,1,Diploma,50.0,1.2,1.0,3,1,1,0.28,1
293,78,Master's,2.1,1,0,0,0,1,1,0,3,4,1,Business Intelligence,5,1,0,0,0,1,1,0,Master's,100.0,0.42000000000000004,0.42,3,3,1,0.86,1
92,30,Master's,2.6,0,1,0,0,1,0,0,3,3,0,Data Analyst,1,1,1,0,1,1,0,0,Bachelor's,50.0,2.6,1.0,3,2,1,0.42,1
208,7,Bachelor's,1.5,0,1,0,0,0,1,0,2,4,0,AI Engineer,2,1,0,0,0,1,0,0,Bachelor's,0.0,0.75,0.75,2,2,1,0.56,1
204,12,Master's,1.0,1,1,1,0,0,1,0,2,2,1,Machine Learning,3,1,1,0,0,1,1,0,Bachelor's,75.0,0.3333333333333333,0.33,3,2,1,0.58,1
186,24,Bachelor's,6.9,0,1,0,1,1,0,0,1,2,0,Machine Learning,2,1,1,0,1,0,1,0,Master's,50.0,3.45,1.0,2,3,0,0.28,1
85,22,Bachelor's,7.2,1,1,0,0,0,0,0,1,2,1,Data Analyst,2,1,1,0,0,0,1,0,Master's,66.67,3.6,1.0,2,3,0,0.58,0
827,47,Bachelor's,0.1,0,0,1,0,0,0,0,1,3,0,Data Analyst,0,1,0,0,0,0,0,1,Master's,0.0,1.0,1.0,2,3,0,0.42,0
664,30,Bachelor's,1.7,0,0,1,0,1,1,0,1,5,1,Data Analyst,1,1,1,0,1,1,0,0,Bachelor's,25.0,1.7,1.0,2,2,1,1.0,0
156,60,Bachelor's,3.5,1,1,0,0,0,0,0,1,1,0,Data Analyst,0,0,1,0,0,0,0,0,Bachelor's,100.0,1.0,1.0,2,2,1,0.14,1
293,39,Master's,2.1,1,0,0,0,1,1,0,3,4,1,Data Science,0,1,0,0,1,0,1,1,Master's,50.0,1.0,1.0,3,3,1,0.86,1
533,20,Master's,3.1,1,0,0,0,1,1,0,4,4,1,Data Analyst,2,1,1,0,0,1,0,0,Bachelor's,66.67,1.55,1.0,3,2,1,0.86,1
161,26,Bachelor's,4.4,0,0,0,0,0,0,1,2,5,1,Machine Learning,2,1,0,0,0,1,1,1,Bachelor's,25.0,2.2,1.0,2,2,1,1.0,1
386,49,Master's,1.0,0,1,0,0,0,1,0,1,2,0,Data Science,4,1,1,0,0,0,0,0,Diploma,50.0,0.25,0.25,3,1,1,0.28,0
485,69,Bachelor's,1.0,1,1,0,0,0,1,0,2,2,1,Data Science,5,1,0,1,0,0,1,0,Bachelor's,66.67,0.2,0.2,2,2,1,0.58,1
503,42,Bachelor's,0.1,0,1,0,0,0,1,0,3,2,0,Business Intelligence,3,0,1,0,0,0,0,0,Diploma,100.0,0.03333333333333333,0.03,2,1,1,0.28,0
851,6,Diploma,0.8,0,0,1,0,0,1,1,2,3,1,Data Science,2,0,0,0,0,1,0,0,Diploma,0.0,0.4,0.4,1,1,1,0.72,0
156,53,Bachelor's,3.5,1,1,0,0,0,0,0,1,1,0,Data Science,4,1,0,0,1,0,0,0,Bachelor's,50.0,0.875,0.88,2,2,1,0.14,1
143,34,Bachelor's,2.8,0,1,0,0,0,0,0,1,1,1,Machine Learning,2,1,1,0,0,1,0,0,Bachelor's,33.33,1.4,1.0,2,2,1,0.44,1
769,69,Bachelor's,1.2,1,0,1,0,1,1,0,3,1,0,Data Science,5,1,0,1,0,0,1,0,Bachelor's,100.0,0.24,0.24,2,2,1,0.14,0
619,10,Master's,2.0,0,1,0,0,0,0,0,1,5,0,AI Engineer,5,0,1,0,1,1,0,0,Master's,33.33,0.4,0.4,3,3,1,0.7,1
284,28,Diploma,0.0,1,1,0,1,1,0,0,2,3,1,Data Science,1,0,1,0,1,1,0,0,Bachelor's,100.0,0.0,0.0,1,2,0,0.72,0
562,3,Bachelor's,0.7,0,1,0,1,0,0,1,0,2,0,AI Engineer,3,0,1,1,0,0,0,0,Diploma,50.0,0.2333333333333333,0.23,2,1,1,0.28,0
35,77,Master's,0.2,0,0,0,0,0,1,0,4,5,1,Data Analyst,0,0,1,0,0,0,0,1,Bachelor's,0.0,1.0,1.0,3,2,1,1.0,0
224,48,Bachelor's,7.2,1,0,1,0,0,1,1,2,3,0,AI Engineer,1,1,1,1,0,1,0,0,Bachelor's,50.0,7.2,1.0,2,2,1,0.42,0
668,66,Bachelor's,6.7,0,0,1,1,1,0,0,1,4,0,Business Intelligence,1,0,1,1,1,0,1,0,Bachelor's,50.0,6.7,1.0,2,2,1,0.56,1
393,35,Bachelor's,0.5,1,1,0,1,1,0,1,4,5,0,Data Science,0,0,0,0,0,0,1,0,Master's,0.0,1.0,1.0,2,3,0,0.7,1
408,52,Diploma,4.1,1,1,0,0,0,0,0,3,0,1,Business Intelligence,1,1,0,1,0,0,0,0,Bachelor's,50.0,4.1,1.0,1,2,0,0.3,1
703,62,Bachelor's,0.9,1,0,1,0,0,0,0,3,3,1,Machine Learning,1,1,1,1,0,0,0,1,Diploma,50.0,0.9,0.9,2,1,1,0.72,1
696,47,Bachelor's,0.2,1,0,1,0,1,0,0,3,1,0,Data Analyst,0,1,0,0,0,0,0,1,Master's,50.0,1.0,1.0,2,3,0,0.14,0
749,54,Master's,3.6,0,0,0,1,1,1,0,0,1,1,Data Analyst,3,1,0,0,0,1,1,0,Bachelor's,66.67,1.2,1.0,3,2,1,0.44,1
297,28,Master's,0.5,1,1,0,0,0,1,0,0,1,1,Data Science,1,0,1,0,1,1,0,0,Bachelor's,33.33,0.5,0.5,3,2,1,0.44,0
816,87,Bachelor's,8.6,0,1,1,0,0,1,0,1,3,1,AI Engineer,1,1,0,0,0,0,0,0,Bachelor's,0.0,8.6,1.0,2,2,1,0.72,1
854,35,Master's,4.7,0,1,0,1,1,1,0,0,3,1,Data Science,0,0,0,0,0,0,1,0,Master's,100.0,1.0,1.0,3,3,1,0.72,1
488,32,Bachelor's,3.0,0,0,0,0,0,0,0,2,9,0,AI Engineer,1,0,0,0,0,1,1,0,Diploma,0.0,3.0,1.0,2,1,1,0.7,0
570,2,Bachelor's,1.5,0,1,1,1,0,1,0,2,3,1,Machine Learning,4,1,1,1,0,0,1,0,Diploma,75.0,0.375,0.38,2,1,1,0.72,1
39,16,Bachelor's,0.2,1,0,1,0,0,1,0,3,4,0,AI Engineer,2,1,1,0,1,1,1,0,Master's,40.0,0.1,0.1,2,3,0,0.56,0
505,16,Bachelor's,1.2,1,1,0,0,0,1,0,3,3,0,AI Engineer,2,1,1,0,1,1,1,0,Master's,60.0,0.6,0.6,2,3,0,0.42,0
503,51,Bachelor's,0.1,0,1,0,0,0,1,0,3,2,0,Machine Learning,5,0,1,1,0,1,0,0,Master's,33.33,0.02,0.02,2,3,0,0.28,0
753,67,Bachelor's,0.0,1,0,1,0,0,1,0,0,3,1,Data Science,0,1,1,1,0,1,1,0,Bachelor's,60.0,1.0,1.0,2,2,1,0.72,1
537,92,Master's,0.5,0,0,0,0,0,0,0,4,3,0,Machine Learning,3,0,1,0,0,0,1,0,Bachelor's,0.0,0.16666666666666666,0.17,3,2,1,0.42,0
316,93,Bachelor's,2.6,1,1,0,0,1,0,0,3,4,1,Data Science,1,0,1,1,0,1,1,0,Bachelor's,50.0,2.6,1.0,2,2,1,0.86,1
496,54,Bachelor's,2.8,1,0,0,0,0,1,1,0,0,1,Data Analyst,3,1,0,0,0,1,1,0,Bachelor's,66.67,0.9333333333333332,0.93,2,2,1,0.3,1
117,20,Master's,0.2,1,1,1,0,0,0,0,2,1,0,Data Analyst,2,1,1,0,0,1,0,0,Bachelor's,66.67,0.1,0.1,3,2,1,0.14,1
342,100,Bachelor's,1.6,1,1,0,1,0,1,0,6,2,1,Data Science,5,0,0,0,0,1,0,0,Bachelor's,0.0,0.32,0.32,2,2,1,0.58,0
882,33,Bachelor's,5.2,0,1,0,0,0,1,0,2,3,1,AI Engineer,3,0,1,0,0,0,0,0,Bachelor's,100.0,1.7333333333333334,1.0,2,2,1,0.72,1
240,86,Bachelor's,0.5,1,1,0,0,1,1,0,1,2,1,Data Science,3,0,0,1,1,0,1,0,Bachelor's,33.33,0.16666666666666666,0.17,2,2,1,0.58,0
687,8,Bachelor's,6.4,1,1,0,0,0,0,0,4,2,1,AI Engineer,2,1,0,0,0,0,1,0,Master's,50.0,3.2,1.0,2,3,0,0.58,0
994,24,Bachelor's,0.4,1,0,0,0,0,1,0,2,4,1,Machine Learning,2,1,1,0,1,0,1,0,Master's,50.0,0.2,0.2,2,3,0,0.86,0
445,53,Master's,5.1,1,1,0,0,0,1,0,2,10,0,Data Science,4,1,0,0,1,0,0,0,Bachelor's,50.0,1.275,1.0,3,2,1,0.7,1
852,64,Master's,4.2,1,0,0,1,1,0,0,4,3,1,AI Engineer,3,1,0,1,0,0,1,0,Bachelor's,33.33,1.4000000000000001,1.0,3,2,1,0.72,1
740,58,Bachelor's,1.3,1,1,0,0,1,1,0,1,3,0,Data Analyst,4,1,1,1,1,0,0,0,Bachelor's,50.0,0.325,0.32,2,2,1,0.42,0
997,37,Master's,7.8,1,0,0,0,0,1,0,0,2,0,Data Analyst,0,1,0,0,0,0,0,0,Bachelor's,100.0,1.0,1.0,3,2,1,0.28,1
487,84,Diploma,1.3,1,0,0,0,1,1,0,2,2,0,AI Engineer,1,1,0,1,1,1,0,0,Bachelor's,50.0,1.3,1.0,1,2,0,0.28,0
765,12,Diploma,0.4,1,0,0,1,1,0,0,1,1,1,Machine Learning,3,1,1,0,0,1,1,0,Bachelor's,50.0,0.13333333333333333,0.13,1,2,0,0.44,0
411,84,Bachelor's,0.6,0,0,0,0,0,1,0,3,3,1,AI Engineer,1,1,0,1,1,1,0,0,Bachelor's,0.0,0.6,0.6,2,2,1,0.72,0
892,84,Master's,1.3,0,1,0,0,1,1,1,1,2,1,AI Engineer,1,1,0,1,1,1,0,0,Bachelor's,25.0,1.3,1.0,3,2,1,0.58,1
623,4,Bachelor's,2.1,1,0,0,1,0,1,0,2,1,0,Data Analyst,2,0,1,0,0,0,1,1,Bachelor's,33.33,1.05,1.0,2,2,1,0.14,1
753,94,Bachelor's,0.0,1,0,1,0,0,1,0,0,3,1,Business Intelligence,1,0,1,0,1,0,0,1,Diploma,0.0,0.0,0.0,2,1,1,0.72,0
736,31,Master's,5.4,0,0,0,0,0,0,1,2,3,1,AI Engineer,1,1,0,1,1,0,0,0,Master's,0.0,5.4,1.0,3,3,1,0.72,1
298,86,Bachelor's,0.3,1,0,0,0,0,1,0,1,5,1,Data Science,3,0,0,1,1,0,1,0,Bachelor's,33.33,0.09999999999999999,0.1,2,2,1,1.0,1
52,79,Master's,1.9,1,0,1,1,1,1,0,5,5,1,Data Science,3,1,1,0,0,0,1,0,Bachelor's,66.67,0.6333333333333333,0.63,3,2,1,1.0,1
733,38,Bachelor's,1.9,1,0,1,0,1,1,0,1,6,1,AI Engineer,2,1,1,1,0,0,0,1,Bachelor's,50.0,0.95,0.95,2,2,1,1.0,1
304,37,Bachelor's,1.9,1,0,0,1,1,0,0,1,5,1,Data Analyst,0,1,0,0,0,0,0,0,Bachelor's,100.0,1.0,1.0,2,2,1,1.0,1
288,92,Bachelor's,1.1,1,1,0,0,0,1,0,2,3,0,Machine Learning,3,0,1,0,0,0,1,0,Bachelor's,100.0,0.3666666666666667,0.37,2,2,1,0.42,1
664,75,Bachelor's,1.7,0,0,1,0,1,1,0,1,5,1,AI Engineer,2,0,1,1,0,1,1,0,Master's,75.0,0.85,0.85,2,3,0,1.0,1
899,14,Diploma,1.1,1,1,0,1,0,1,0,0,3,0,Data Science,3,1,1,0,0,1,1,0,Bachelor's,75.0,0.3666666666666667,0.37,1,2,0,0.42,0
118,75,Bachelor's,5.2,0,0,0,0,1,1,0,1,2,1,AI Engineer,2,0,1,1,0,1,1,0,Master's,50.0,2.6,1.0,2,3,0,0.58,1
923,73,Master's,2.4,0,1,0,0,0,1,0,2,2,1,AI Engineer,1,0,0,0,0,0,1,0,Master's,100.0,2.4,1.0,3,3,1,0.58,1
969,24,Bachelor's,1.0,0,1,1,1,0,1,0,1,4,1,Machine Learning,2,1,1,0,1,0,1,0,Master's,75.0,0.5,0.5,2,3,0,0.86,1
424,10,Bachelor's,0.4,1,0,1,0,0,1,0,4,5,1,AI Engineer,5,0,1,0,1,1,0,0,Master's,0.0,0.08,0.08,2,3,0,1.0,0
791,38,Bachelor's,0.4,0,0,0,0,1,1,1,2,2,0,AI Engineer,2,1,1,1,0,0,0,1,Bachelor's,25.0,0.2,0.2,2,2,1,0.28,0
209,37,Diploma,0.8,1,0,0,1,0,1,0,1,2,1,Data Analyst,0,1,0,0,0,0,0,0,Bachelor's,100.0,1.0,1.0,1,2,0,0.58,1
127,42,Master's,0.2,0,1,1,0,0,1,0,2,2,1,Business Intelligence,3,0,1,0,0,0,0,0,Diploma,100.0,0.06666666666666667,0.07,3,1,1,0.58,1
293,32,Master's,2.1,1,0,0,0,1,1,0,3,4,1,AI Engineer,1,0,0,0,0,1,1,0,Diploma,100.0,2.1,1.0,3,1,1,0.86,1
519,84,Master's,0.7,0,0,0,0,1,0,0,2,4,0,AI Engineer,1,1,0,1,1,1,0,0,Bachelor's,25.0,0.7,0.7,3,2,1,0.56,1
222,14,Bachelor's,0.4,1,0,0,0,1,1,0,2,10,0,Data Science,3,1,1,0,0,1,1,0,Bachelor's,75.0,0.13333333333333333,0.13,2,2,1,0.7,1
338,24,Master's,2.9,1,1,1,0,0,1,0,0,1,0,Machine Learning,2,1,1,0,1,0,1,0,Master's,75.0,1.45,1.0,3,3,1,0.14,1
863,96,Bachelor's,0.5,0,0,0,0,1,1,1,0,3,1,Business Intelligence,2,1,1,0,1,0,0,0,Master's,0.0,0.25,0.25,2,3,0,0.72,0
790,10,Master's,1.8,0,1,0,0,0,1,0,4,3,0,AI Engineer,5,0,1,0,1,1,0,0,Master's,33.33,0.36,0.36,3,3,1,0.42,0
846,16,Bachelor's,0.7,1,1,0,0,0,0,0,2,0,0,AI Engineer,2,1,1,0,1,1,1,0,Master's,40.0,0.35,0.35,2,3,0,0.0,0
850,39,Bachelor's,2.6,1,0,0,0,0,1,0,3,4,1,Data Science,0,1,0,0,1,0,1,1,Master's,50.0,1.0,1.0,2,3,0,0.86,1
739,96,Bachelor's,1.1,0,1,0,0,0,0,0,2,3,1,Business Intelligence,2,1,1,0,1,0,0,0,Master's,33.33,0.55,0.55,2,3,0,0.72,0
913,18,Bachelor's,12.0,0,0,0,0,0,1,1,0,5,0,Data Analyst,0,1,1,0,0,1,0,0,Diploma,0.0,1.0,1.0,2,1,1,0.7,1
275,25,Bachelor's,1.6,0,1,0,0,0,1,0,4,4,0,Data Science,3,1,1,0,0,0,1,0,Bachelor's,66.67,0.5333333333333333,0.53,2,2,1,0.56,1
863,7,Bachelor's,0.5,0,0,0,0,1,1,1,0,3,1,AI Engineer,2,1,0,0,0,1,0,0,Bachelor's,50.0,0.25,0.25,2,2,1,0.72,1
807,56,Master's,2.7,0,0,0,0,1,0,0,0,6,0,Machine Learning,2,0,1,1,1,1,1,1,Diploma,16.67,1.35,1.0,3,1,1,0.7,0
117,47,Master's,0.2,1,1,1,0,0,0,0,2,1,0,Data Analyst,0,1,0,0,0,0,0,1,Master's,50.0,1.0,1.0,3,3,1,0.14,1
292,82,Diploma,0.4,1,1,0,0,0,1,0,3,3,1,Data Analyst,3,1,1,1,0,0,0,1,Bachelor's,50.0,0.13333333333333333,0.13,1,2,0,0.72,0
271,82,Master's,3.0,1,0,0,0,0,1,0,4,2,0,Data Analyst,3,1,1,1,0,0,0,1,Bachelor's,25.0,1.0,1.0,3,2,1,0.28,1
447,3,Master's,2.9,1,1,0,0,1,1,0,1,2,1,AI Engineer,3,0,1,1,0,0,0,0,Diploma,50.0,0.9666666666666667,0.97,3,1,1,0.58,1
157,1,Bachelor's,0.4,1,1,0,0,1,1,0,1,3,1,Data Science,4,1,0,0,1,0,1,0,Bachelor's,66.67,0.1,0.1,2,2,1,0.72,1
572,33,Master's,0.5,0,1,1,0,0,1,0,0,4,1,AI Engineer,3,0,1,0,0,0,0,0,Bachelor's,100.0,0.16666666666666666,0.17,3,2,1,0.86,1
184,71,Master's,6.7,1,0,0,1,1,0,1,0,1,1,Data Analyst,2,1,1,0,0,0,0,1,Diploma,66.67,3.35,1.0,3,1,1,0.44,1
424,74,Bachelor's,0.4,1,0,1,0,0,1,0,4,5,1,Data Science,1,1,1,1,0,0,1,0,Bachelor's,75.0,0.4,0.4,2,2,1,1.0,1
656,59,Bachelor's,6.9,1,0,0,0,0,0,0,2,4,1,Data Science,2,0,1,0,0,0,0,0,Master's,0.0,3.45,1.0,2,3,0,0.86,0
673,72,Diploma,5.1,0,1,1,0,0,0,0,2,2,1,Data Science,5,1,0,0,0,0,0,1,Master's,0.0,1.02,1.0,1,3,0,0.58,0
16,87,Bachelor's,6.5,1,0,0,0,1,0,0,1,3,0,AI Engineer,1,1,0,0,0,0,0,0,Bachelor's,100.0,6.5,1.0,2,2,1,0.42,1
926,17,Diploma,0.2,0,0,0,0,0,1,0,2,3,0,AI Engineer,4,1,0,1,0,1,0,0,Bachelor's,0.0,0.05,0.05,1,2,0,0.42,0
761,78,Bachelor's,1.5,1,0,0,1,0,0,0,1,3,1,Business Intelligence,5,1,0,0,0,1,1,0,Master's,33.33,0.3,0.3,2,3,0,0.72,0
98,17,Bachelor's,0.5,0,0,0,0,1,1,0,3,3,1,AI Engineer,4,1,0,1,0,1,0,0,Bachelor's,33.33,0.125,0.12,2,2,1,0.72,0
962,89,Bachelor's,1.3,1,0,0,1,0,1,0,2,3,0,Machine Learning,2,0,0,0,0,1,1,0,Bachelor's,50.0,0.65,0.65,2,2,1,0.42,0
616,21,Master's,2.8,1,0,0,1,1,1,1,2,5,1,Data Science,1,1,1,0,0,0,1,1,Bachelor's,75.0,2.8,1.0,3,2,1,1.0,1
300,55,Diploma,3.1,1,1,0,0,0,0,1,1,7,0,Machine Learning,2,0,0,0,0,1,1,1,Bachelor's,33.33,1.55,1.0,1,2,0,0.7,0
747,6,Bachelor's,0.0,0,1,0,0,0,1,0,3,1,0,Data Science,2,0,0,0,0,1,0,0,Diploma,0.0,0.0,0.0,2,1,1,0.14,0
422,84,Master's,1.8,1,1,1,0,0,0,0,2,5,1,AI Engineer,1,1,0,1,1,1,0,0,Bachelor's,50.0,1.8,1.0,3,2,1,1.0,1
307,49,Bachelor's,3.1,1,0,0,0,0,0,0,1,2,0,Data Science,4,1,1,0,0,0,0,0,Diploma,50.0,0.775,0.78,2,1,1,0.28,1
956,84,Bachelor's,6.8,0,1,1,0,0,1,0,2,3,0,AI Engineer,1,1,0,1,1,1,0,0,Bachelor's,25.0,6.8,1.0,2,2,1,0.42,0
239,72,Bachelor's,8.6,1,1,1,0,1,0,0,4,0,0,Data Science,5,1,0,0,0,0,0,1,Master's,50.0,1.72,1.0,2,3,0,0.0,0
936,44,Bachelor's,4.1,1,1,0,0,0,1,0,2,3,1,Business Intelligence,1,1,1,0,0,1,0,0,Bachelor's,66.67,4.1,1.0,2,2,1,0.72,1
774,59,Bachelor's,7.8,1,1,1,0,0,1,0,2,4,0,Data Science,2,0,1,0,0,0,0,0,Master's,100.0,3.9,1.0,2,3,0,0.56,1
332,29,Master's,3.2,1,1,0,0,1,0,0,2,4,1,AI Engineer,0,1,1,1,1,0,1,0,Bachelor's,40.0,1.0,1.0,3,2,1,0.86,1
115,17,Bachelor's,2.2,0,0,0,0,0,1,0,1,3,1,AI Engineer,4,1,0,1,0,1,0,0,Bachelor's,0.0,0.55,0.55,2,2,1,0.72,1
268,18,Master's,1.6,0,1,0,0,0,1,0,0,2,0,Data Analyst,0,1,1,0,0,1,0,0,Diploma,33.33,1.0,1.0,3,1,1,0.28,1
12,40,Master's,11.0,1,0,0,0,1,0,0,3,3,0,Data Analyst,2,1,0,0,0,1,0,1,Bachelor's,66.67,5.5,1.0,3,2,1,0.42,1
73,63,Diploma,0.1,1,0,0,0,0,0,0,3,4,0,Business Intelligence,5,1,1,0,0,0,0,0,Diploma,50.0,0.02,0.02,1,1,1,0.56,0
874,82,Bachelor's,4.6,1,1,0,1,0,0,0,3,1,0,Data Analyst,3,1,1,1,0,0,0,1,Bachelor's,50.0,1.5333333333333332,1.0,2,2,1,0.14,1
406,75,Master's,1.6,0,1,1,1,1,1,0,3,2,0,AI Engineer,2,0,1,1,0,1,1,0,Master's,100.0,0.8,0.8,3,3,1,0.28,1
817,45,Bachelor's,0.9,1,0,1,0,0,1,0,3,5,0,Business Intelligence,1,0,0,0,0,0,1,0,Bachelor's,100.0,0.9,0.9,2,2,1,0.7,1
178,76,Bachelor's,0.3,0,1,1,0,0,0,0,2,2,1,Data Science,0,1,0,0,0,0,1,0,Master's,0.0,1.0,1.0,2,3,0,0.58,0
976,79,Bachelor's,7.1,1,1,0,1,0,1,0,1,4,1,Data Science,3,1,1,0,0,0,1,0,Bachelor's,100.0,2.3666666666666667,1.0,2,2,1,0.86,1
772,90,Master's,3.8,1,1,0,0,1,0,0,2,2,1,Data Science,0,1,1,0,1,0,1,1,Bachelor's,40.0,1.0,1.0,3,2,1,0.58,1
946,3,Diploma,1.8,1,0,1,0,1,1,1,0,3,0,AI Engineer,3,0,1,1,0,0,0,0,Diploma,50.0,0.6,0.6,1,1,1,0.42,1
259,3,Bachelor's,0.2,1,0,0,0,1,0,0,3,5,1,AI Engineer,3,0,1,1,0,0,0,0,Diploma,0.0,0.06666666666666667,0.07,2,1,1,1.0,0
400,38,Master's,3.1,0,1,0,1,1,1,1,1,1,0,AI Engineer,2,1,1,1,0,0,0,1,Bachelor's,50.0,1.55,1.0,3,2,1,0.14,1
270,99,Bachelor's,0.9,1,1,1,0,0,1,0,0,2,1,AI Engineer,2,1,1,0,1,0,0,0,Diploma,66.67,0.45,0.45,2,1,1,0.58,1
832,73,Bachelor's,2.3,0,1,1,0,0,1,0,1,2,0,AI Engineer,1,0,0,0,0,0,1,0,Master's,100.0,2.3,1.0,2,3,0,0.28,1
681,68,Master's,1.1,1,1,0,0,0,0,0,2,7,1,Data Science,4,1,0,0,0,0,1,0,Bachelor's,50.0,0.275,0.28,3,2,1,1.0,1
486,54,Master's,1.1,0,1,1,1,0,0,0,0,1,0,Data Analyst,3,1,0,0,0,1,1,0,Bachelor's,0.0,0.3666666666666667,0.37,3,2,1,0.14,0
580,20,Bachelor's,2.0,0,0,0,0,0,0,0,1,4,0,Data Analyst,2,1,1,0,0,1,0,0,Bachelor's,0.0,1.0,1.0,2,2,1,0.56,1
59,15,Diploma,1.6,0,0,1,0,1,0,0,0,2,1,AI Engineer,0,1,1,1,0,0,1,1,Master's,20.0,1.0,1.0,1,3,0,0.58,0
642,93,Bachelor's,4.6,1,1,0,1,1,1,0,2,4,1,Data Science,1,0,1,1,0,1,1,0,Bachelor's,75.0,4.6,1.0,2,2,1,0.86,1
887,5,Bachelor's,0.0,1,1,0,0,0,1,0,0,1,0,Business Intelligence,4,0,1,0,0,0,1,0,Bachelor's,100.0,0.0,0.0,2,2,1,0.14,0
266,39,Master's,0.2,0,0,0,0,0,1,0,2,3,1,Data Science,0,1,0,0,1,0,1,1,Master's,25.0,1.0,1.0,3,3,1,0.72,0
75,40,Master's,11.0,0,1,1,1,0,1,1,0,6,0,Data Analyst,2,1,0,0,0,1,0,1,Bachelor's,33.33,5.5,1.0,3,2,1,0.7,1
999,7,Master's,0.1,1,1,1,0,0,0,0,4,5,1,AI Engineer,2,1,0,0,0,1,0,0,Bachelor's,50.0,0.05,0.05,3,2,1,1.0,1
90,72,Bachelor's,0.7,1,0,0,0,0,1,1,2,6,0,Data Science,5,1,0,0,0,0,0,1,Master's,100.0,0.13999999999999999,0.14,2,3,0,0.7,1
505,96,Bachelor's,1.2,1,1,0,0,0,1,0,3,3,0,Business Intelligence,2,1,1,0,1,0,0,0,Master's,66.67,0.6,0.6,2,3,0,0.42,1
357,100,Diploma,5.8,0,1,0,0,0,0,0,0,3,0,Data Science,5,0,0,0,0,1,0,0,Bachelor's,0.0,1.16,1.0,1,2,0,0.42,1
154,33,Bachelor's,2.8,0,0,0,1,0,0,1,0,4,1,AI Engineer,3,0,1,0,0,0,0,0,Bachelor's,0.0,0.9333333333333332,0.93,2,2,1,0.86,1
218,32,Master's,2.9,1,0,0,0,0,0,0,3,5,0,AI Engineer,1,0,0,0,0,1,1,0,Diploma,0.0,2.9,1.0,3,1,1,0.7,1
486,43,Master's,1.1,0,1,1,1,0,0,0,0,1,0,AI Engineer,3,1,0,0,0,0,0,0,Bachelor's,0.0,0.3666666666666667,0.37,3,2,1,0.14,0
540,63,Bachelor's,1.9,0,0,0,0,0,1,1,8,1,1,Business Intelligence,5,1,1,0,0,0,0,0,Diploma,0.0,0.38,0.38,2,1,1,0.44,0
130,36,Bachelor's,0.8,1,1,0,1,0,0,0,1,4,0,Business Intelligence,0,0,1,1,0,1,1,0,Master's,25.0,1.0,1.0,2,3,0,0.56,0
66,98,Bachelor's,3.3,0,0,0,0,1,0,0,6,4,1,Machine Learning,2,1,1,0,1,0,0,0,Bachelor's,0.0,1.65,1.0,2,2,1,0.86,0
144,49,Bachelor's,2.1,1,1,1,1,1,1,0,1,0,0,Data Science,4,1,1,0,0,0,0,0,Diploma,100.0,0.525,0.52,2,1,1,0.0,0
380,25,Bachelor's,2.2,0,1,0,0,1,1,0,4,2,0,Data Science,3,1,1,0,0,0,1,0,Bachelor's,66.67,0.7333333333333334,0.73,2,2,1,0.28,1
313,96,Diploma,2.0,1,1,0,1,0,1,0,2,1,0,Business Intelligence,2,1,1,0,1,0,0,0,Master's,100.0,1.0,1.0,1,3,0,0.14,0
407,66,Bachelor's,4.6,1,1,1,1,0,0,0,0,1,0,Business Intelligence,1,0,1,1,1,0,1,0,Bachelor's,75.0,4.6,1.0,2,2,1,0.14,1
407,9,Bachelor's,4.6,1,1,1,1,0,0,0,0,1,0,Data Analyst,0,1,1,0,0,0,0,0,Master's,100.0,1.0,1.0,2,3,0,0.14,1
973,93,Master's,0.8,0,0,0,1,0,1,0,0,2,1,Data Science,1,0,1,1,0,1,1,0,Bachelor's,25.0,0.8,0.8,3,2,1,0.58,0
277,18,Master's,0.7,0,1,0,0,0,1,0,1,1,1,Data Analyst,0,1,1,0,0,1,0,0,Diploma,33.33,1.0,1.0,3,1,1,0.44,1
615,22,Master's,1.0,1,0,0,0,0,1,0,2,2,0,Data Analyst,2,1,1,0,0,0,1,0,Master's,66.67,0.5,0.5,3,3,1,0.28,0
409,99,Master's,2.2,0,0,0,0,0,1,0,1,4,0,AI Engineer,2,1,1,0,1,0,0,0,Diploma,0.0,1.1,1.0,3,1,1,0.56,1
314,15,Master's,4.2,0,0,1,1,0,1,0,2,0,0,AI Engineer,0,1,1,1,0,0,1,1,Master's,40.0,1.0,1.0,3,3,1,0.0,1
549,7,Bachelor's,0.1,1,0,1,0,0,0,0,2,2,1,AI Engineer,2,1,0,0,0,1,0,0,Bachelor's,50.0,0.05,0.05,2,2,1,0.58,0
249,13,Master's,6.3,0,1,0,0,1,1,1,2,4,0,Data Analyst,3,0,1,1,1,0,1,1,Bachelor's,60.0,2.1,1.0,3,2,1,0.56,1
945,36,Bachelor's,3.9,0,0,1,1,0,1,0,3,3,0,Business Intelligence,0,0,1,1,0,1,1,0,Master's,50.0,1.0,1.0,2,3,0,0.42,0
461,16,Bachelor's,1.3,0,0,0,1,0,1,1,0,2,1,AI Engineer,2,1,1,0,1,1,1,0,Master's,40.0,0.65,0.65,2,3,0,0.58,0
399,41,Master's,2.4,0,0,0,0,0,0,1,1,5,0,Business Intelligence,2,1,0,0,0,0,1,1,Bachelor's,33.33,1.2,1.0,3,2,1,0.7,0
668,21,Bachelor's,6.7,0,0,1,1,1,0,0,1,4,0,Data Science,1,1,1,0,0,0,1,1,Bachelor's,0.0,6.7,1.0,2,2,1,0.56,0
451,28,Master's,1.7,1,0,0,0,1,1,0,2,2,0,Data Science,1,0,1,0,1,1,0,0,Bachelor's,33.33,1.7,1.0,3,2,1,0.28,1
471,74,Diploma,2.1,1,0,1,0,0,0,0,2,2,0,Data Science,1,1,1,1,0,0,1,0,Bachelor's,50.0,2.1,1.0,1,2,0,0.28,0
644,83,Bachelor's,2.4,0,0,0,0,1,1,0,3,1,0,Business Intelligence,2,0,1,0,0,0,0,0,Bachelor's,0.0,1.2,1.0,2,2,1,0.14,0
559,17,Master's,4.6,1,0,1,0,1,1,0,3,1,0,AI Engineer,4,1,0,1,0,1,0,0,Bachelor's,100.0,1.15,1.0,3,2,1,0.14,1
434,65,Bachelor's,2.7,1,0,1,0,0,1,1,4,5,1,Machine Learning,0,1,1,1,0,0,1,0,Master's,75.0,1.0,1.0,2,3,0,1.0,1
956,13,Bachelor's,6.8,0,1,1,0,0,1,0,2,3,0,Data Analyst,3,0,1,1,1,0,1,1,Bachelor's,60.0,2.2666666666666666,1.0,2,2,1,0.42,0
446,36,Master's,0.5,1,1,1,0,0,0,0,2,2,1,Business Intelligence,0,0,1,1,0,1,1,0,Master's,50.0,1.0,1.0,3,3,1,0.58,1
707,58,Bachelor's,2.6,1,1,1,1,1,1,0,1,5,1,Data Analyst,4,1,1,1,1,0,0,0,Bachelor's,100.0,0.65,0.65,2,2,1,1.0,1
103,20,Bachelor's,5.4,1,1,0,0,0,0,0,4,4,1,Data Analyst,2,1,1,0,0,1,0,0,Bachelor's,66.67,2.7,1.0,2,2,1,0.86,1
328,52,Bachelor's,3.9,1,1,1,0,0,0,1,2,3,1,Business Intelligence,1,1,0,1,0,0,0,0,Bachelor's,100.0,3.9,1.0,2,2,1,0.72,1
683,6,Bachelor's,2.6,1,1,1,1,1,0,0,3,2,1,Data Science,2,0,0,0,0,1,0,0,Diploma,100.0,1.3,1.0,2,1,1,0.58,1
601,23,Bachelor's,0.5,0,0,0,0,0,0,0,5,2,0,AI Engineer,4,1,0,0,0,1,1,0,Bachelor's,0.0,0.125,0.12,2,2,1,0.28,0
58,24,Bachelor's,1.3,1,0,0,0,0,1,0,2,6,0,Machine Learning,2,1,1,0,1,0,1,0,Master's,50.0,0.65,0.65,2,3,0,0.7,1
692,32,Bachelor's,1.7,0,1,0,0,0,0,0,4,2,1,AI Engineer,1,0,0,0,0,1,1,0,Diploma,0.0,1.7,1.0,2,1,1,0.58,1
69,17,Diploma,1.1,1,0,1,1,0,1,0,0,4,0,AI Engineer,4,1,0,1,0,1,0,0,Bachelor's,66.67,0.275,0.28,1,2,0,0.56,0
993,75,Bachelor's,2.4,0,1,0,0,0,1,0,1,2,1,AI Engineer,2,0,1,1,0,1,1,0,Master's,50.0,1.2,1.0,2,3,0,0.58,1
302,27,Bachelor's,6.9,0,1,1,0,0,1,0,3,1,0,Data Science,3,0,1,0,0,1,0,0,Master's,50.0,2.3000000000000003,1.0,2,3,0,0.14,0
153,68,Bachelor's,3.0,0,1,1,1,0,0,0,2,1,1,Data Science,4,1,0,0,0,0,1,0,Bachelor's,0.0,0.75,0.75,2,2,1,0.44,0
537,23,Master's,0.5,0,0,0,0,0,0,0,4,3,0,AI Engineer,4,1,0,0,0,1,1,0,Bachelor's,0.0,0.125,0.12,3,2,1,0.42,0
889,87,Diploma,3.2,0,1,0,1,0,1,0,1,2,0,AI Engineer,1,1,0,0,0,0,0,0,Bachelor's,0.0,3.2,1.0,1,2,0,0.28,0
35,34,Master's,0.2,0,0,0,0,0,1,0,4,5,1,Machine Learning,2,1,1,0,0,1,0,0,Bachelor's,0.0,0.1,0.1,3,2,1,1.0,0
957,21,Bachelor's,2.6,0,1,0,0,0,0,0,0,2,1,Data Science,1,1,1,0,0,0,1,1,Bachelor's,25.0,2.6,1.0,2,2,1,0.58,0
106,65,Bachelor's,0.5,1,0,1,0,0,1,0,5,2,1,Machine Learning,0,1,1,1,0,0,1,0,Master's,75.0,1.0,1.0,2,3,0,0.58,1
730,32,Bachelor's,2.4,1,1,0,1,1,1,0,1,4,0,AI Engineer,1,0,0,0,0,1,1,0,Diploma,100.0,2.4,1.0,2,1,1,0.56,1
896,62,Bachelor's,3.3,0,1,0,0,1,0,0,0,0,0,Machine Learning,1,1,1,1,0,0,0,1,Diploma,25.0,3.3,1.0,2,1,1,0.0,1
74,28,Master's,0.0,0,0,0,0,0,1,0,0,3,0,Data Science,1,0,1,0,1,1,0,0,Bachelor's,0.0,0.0,0.0,3,2,1,0.42,0
856,82,Bachelor's,0.7,1,0,0,1,0,1,0,5,2,1,Data Analyst,3,1,1,1,0,0,0,1,Bachelor's,25.0,0.2333333333333333,0.23,2,2,1,0.58,0
931,7,Bachelor's,2.2,0,1,0,0,0,0,0,3,5,1,AI Engineer,2,1,0,0,0,1,0,0,Bachelor's,0.0,1.1,1.0,2,2,1,1.0,1
285,54,Bachelor's,1.0,1,0,0,0,0,1,0,5,0,1,Data Analyst,3,1,0,0,0,1,1,0,Bachelor's,66.67,0.3333333333333333,0.33,2,2,1,0.3,1
550,70,Master's,2.5,1,1,1,0,0,0,0,2,3,1,AI Engineer,1,1,0,1,0,0,1,0,Bachelor's,66.67,2.5,1.0,3,2,1,0.72,1
197,14,Master's,9.1,1,1,0,0,0,1,0,1,3,0,Data Science,3,1,1,0,0,1,1,0,Bachelor's,75.0,3.033333333333333,1.0,3,2,1,0.42,1
280,94,Master's,1.7,1,1,0,0,0,0,0,4,3,0,Business Intelligence,1,0,1,0,1,0,0,1,Diploma,33.33,1.7,1.0,3,1,1,0.42,1
787,55,Bachelor's,2.5,0,1,1,0,1,1,0,2,8,1,Machine Learning,2,0,0,0,0,1,1,1,Bachelor's,66.67,1.25,1.0,2,2,1,1.0,1
686,58,Bachelor's,5.0,1,1,0,1,0,0,0,2,3,0,Data Analyst,4,1,1,1,1,0,0,0,Bachelor's,75.0,1.25,1.0,2,2,1,0.42,1
817,44,Bachelor's,0.9,1,0,1,0,0,1,0,3,5,0,Business Intelligence,1,1,1,0,0,1,0,0,Bachelor's,33.33,0.9,0.9,2,2,1,0.7,1
556,46,Bachelor's,0.6,0,1,0,0,1,1,0,2,4,0,Data Analyst,1,1,1,1,0,0,1,0,Bachelor's,50.0,0.6,0.6,2,2,1,0.56,0
969,14,Bachelor's,1.0,0,1,1,1,0,1,0,1,4,1,Data Science,3,1,1,0,0,1,1,0,Bachelor's,50.0,0.3333333333333333,0.33,2,2,1,0.86,1
666,44,Bachelor's,4.8,1,0,1,1,1,1,0,5,4,0,Business Intelligence,1,1,1,0,0,1,0,0,Bachelor's,66.67,4.8,1.0,2,2,1,0.56,1
153,41,Bachelor's,3.0,0,1,1,1,0,0,0,2,1,1,Business Intelligence,2,1,0,0,0,0,1,1,Bachelor's,0.0,1.5,1.0,2,2,1,0.44,0
291,73,Diploma,1.3,0,0,0,0,0,0,1,3,3,0,AI Engineer,1,0,0,0,0,0,1,0,Master's,0.0,1.3,1.0,1,3,0,0.42,0
932,95,Master's,2.1,0,0,0,0,0,0,0,1,3,0,AI Engineer,3,1,1,1,0,1,1,0,Bachelor's,0.0,0.7000000000000001,0.7,3,2,1,0.42,0
142,2,Bachelor's,1.1,1,1,0,0,0,1,0,0,6,1,Machine Learning,4,1,1,1,0,0,1,0,Diploma,75.0,0.275,0.28,2,1,1,1.0,1
768,82,Master's,1.6,1,0,0,0,0,1,0,2,2,1,Data Analyst,3,1,1,1,0,0,0,1,Bachelor's,25.0,0.5333333333333333,0.53,3,2,1,0.58,0
312,5,Diploma,5.6,0,1,1,0,0,1,0,1,2,1,Business Intelligence,4,0,1,0,0,0,1,0,Bachelor's,100.0,1.4,1.0,1,2,0,0.58,1
646,90,Master's,3.5,1,0,1,0,0,0,0,1,5,0,Data Science,0,1,1,0,1,0,1,1,Bachelor's,20.0,1.0,1.0,3,2,1,0.7,0
32,87,Bachelor's,2.3,0,0,0,0,0,1,0,2,1,1,AI Engineer,1,1,0,0,0,0,0,0,Bachelor's,0.0,2.3,1.0,2,2,1,0.44,1
26,12,Master's,1.6,1,0,1,0,0,1,0,0,5,0,Machine Learning,3,1,1,0,0,1,1,0,Bachelor's,50.0,0.5333333333333333,0.53,3,2,1,0.7,1
911,78,Bachelor's,0.9,1,0,1,0,0,0,0,2,4,0,Business Intelligence,5,1,0,0,0,1,1,0,Master's,33.33,0.18,0.18,2,3,0,0.56,0
255,77,Bachelor's,2.9,0,0,0,1,0,1,0,3,2,0,Data Analyst,0,0,1,0,0,0,0,1,Bachelor's,0.0,1.0,1.0,2,2,1,0.28,1
945,99,Bachelor's,3.9,0,0,1,1,0,1,0,3,3,0,AI Engineer,2,1,1,0,1,0,0,0,Diploma,33.33,1.95,1.0,2,1,1,0.42,1
735,47,Bachelor's,0.4,0,0,0,0,0,1,0,1,2,1,Data Analyst,0,1,0,0,0,0,0,1,Master's,0.0,1.0,1.0,2,3,0,0.58,0
56,79,Master's,1.1,0,1,0,0,0,1,0,0,1,1,Data Science,3,1,1,0,0,0,1,0,Bachelor's,66.67,0.3666666666666667,0.37,3,2,1,0.44,1
637,19,Bachelor's,1.3,0,1,0,0,1,1,1,0,3,0,Business Intelligence,5,1,0,0,0,0,0,1,Bachelor's,50.0,0.26,0.26,2,2,1,0.42,0
230,79,Bachelor's,1.3,1,0,0,0,0,1,0,3,3,1,Data Science,3,1,1,0,0,0,1,0,Bachelor's,66.67,0.43333333333333335,0.43,2,2,1,0.72,1
53,63,Master's,7.0,1,0,1,0,0,0,1,5,2,0,Business Intelligence,5,1,1,0,0,0,0,0,Diploma,50.0,1.4,1.0,3,1,1,0.28,1
954,8,Master's,3.3,1,0,1,0,0,1,0,3,6,0,AI Engineer,2,1,0,0,0,0,1,0,Master's,100.0,1.65,1.0,3,3,1,0.7,1
101,23,Diploma,0.1,0,0,0,0,0,1,1,2,5,0,AI Engineer,4,1,0,0,0,1,1,0,Bachelor's,33.33,0.025,0.02,1,2,0,0.7,0
467,13,Bachelor's,9.4,1,0,0,1,0,0,0,1,5,1,Data Analyst,3,0,1,1,1,0,1,1,Bachelor's,20.0,3.1333333333333333,1.0,2,2,1,1.0,0
846,23,Bachelor's,0.7,1,1,0,0,0,0,0,2,0,0,AI Engineer,4,1,0,0,0,1,1,0,Bachelor's,33.33,0.175,0.18,2,2,1,0.0,0
804,31,Bachelor's,0.9,0,1,0,1,0,1,1,4,2,1,AI Engineer,1,1,0,1,1,0,0,0,Master's,33.33,0.9,0.9,2,3,0,0.58,0
869,30,Master's,0.4,1,1,0,1,0,1,0,4,4,1,Data Analyst,1,1,1,0,1,1,0,0,Bachelor's,75.0,0.4,0.4,3,2,1,0.86,1
267,42,Bachelor's,1.2,0,0,0,0,1,1,0,5,4,1,Business Intelligence,3,0,1,0,0,0,0,0,Diploma,0.0,0.39999999999999997,0.4,2,1,1,0.86,0
795,2,Diploma,0.1,1,0,0,0,0,0,0,1,4,0,Machine Learning,4,1,1,1,0,0,1,0,Diploma,25.0,0.025,0.02,1,1,1,0.56,0
2,11,Master's,2.0,1,1,1,0,0,1,0,1,5,0,Data Analyst,3,1,1,0,0,1,0,1,Master's,50.0,0.6666666666666666,0.67,3,3,1,0.7,1
22,25,Bachelor's,0.9,0,0,0,0,1,0,1,1,4,0,Data Science,3,1,1,0,0,0,1,0,Bachelor's,0.0,0.3,0.3,2,2,1,0.56,0
578,29,Master's,2.6,0,0,0,1,0,0,0,3,1,1,AI Engineer,0,1,1,1,1,0,1,0,Bachelor's,20.0,1.0,1.0,3,2,1,0.44,1
212,22,Bachelor's,1.5,0,1,0,0,0,1,0,0,5,1,Data Analyst,2,1,1,0,0,0,1,0,Master's,66.67,0.75,0.75,2,3,0,1.0,1
236,19,Master's,1.1,0,0,0,0,1,1,0,1,3,1,Business Intelligence,5,1,0,0,0,0,0,1,Bachelor's,0.0,0.22000000000000003,0.22,3,2,1,0.72,0
880,73,Bachelor's,2.1,1,0,1,0,0,1,0,2,4,1,AI Engineer,1,0,0,0,0,0,1,0,Master's,100.0,2.1,1.0,2,3,0,0.86,1
529,41,Diploma,4.1,1,1,0,0,0,0,0,6,1,1,Business Intelligence,2,1,0,0,0,0,1,1,Bachelor's,33.33,2.05,1.0,1,2,0,0.44,0
388,38,Bachelor's,0.4,0,1,0,1,1,0,0,2,2,0,AI Engineer,2,1,1,1,0,0,0,1,Bachelor's,25.0,0.2,0.2,2,2,1,0.28,0
14,29,Bachelor's,0.1,1,0,0,0,0,1,0,0,4,0,AI Engineer,0,1,1,1,1,0,1,0,Bachelor's,40.0,1.0,1.0,2,2,1,0.56,1
519,74,Master's,0.7,0,0,0,0,1,0,0,2,4,0,Data Science,1,1,1,1,0,0,1,0,Bachelor's,0.0,0.7,0.7,3,2,1,0.56,0
847,22,Diploma,0.3,0,1,1,0,0,0,1,0,4,1,Data Analyst,2,1,1,0,0,0,1,0,Master's,33.33,0.15,0.15,1,3,0,0.86,0
222,88,Bachelor's,0.4,1,0,0,0,1,1,0,2,10,0,Data Analyst,0,1,1,1,0,0,1,1,Diploma,40.0,1.0,1.0,2,1,1,0.7,1
912,8,Bachelor's,5.2,1,0,0,1,1,1,0,2,2,0,AI Engineer,2,1,0,0,0,0,1,0,Master's,100.0,2.6,1.0,2,3,0,0.28,1
616,47,Master's,2.8,1,0,0,1,1,1,1,2,5,1,Data Analyst,0,1,0,0,0,0,0,1,Master's,100.0,1.0,1.0,3,3,1,1.0,1
962,6,Bachelor's,1.3,1,0,0,1,0,1,0,2,3,0,Data Science,2,0,0,0,0,1,0,0,Diploma,0.0,0.65,0.65,2,1,1,0.42,0
403,7,Bachelor's,0.1,1,1,0,1,0,1,0,3,2,1,AI Engineer,2,1,0,0,0,1,0,0,Bachelor's,50.0,0.05,0.05,2,2,1,0.58,0
513,84,Master's,7.8,1,1,0,1,1,1,0,2,2,1,AI Engineer,1,1,0,1,1,1,0,0,Bachelor's,75.0,7.8,1.0,3,2,1,0.58,1
287,81,Bachelor's,0.2,0,0,1,1,1,1,0,2,1,0,Data Science,2,1,1,0,0,0,0,1,Bachelor's,0.0,0.1,0.1,2,2,1,0.14,0
384,36,Master's,0.7,1,0,0,0,0,1,1,3,5,0,Business Intelligence,0,0,1,1,0,1,1,0,Master's,25.0,1.0,1.0,3,3,1,0.7,1
900,77,Diploma,3.8,1,1,1,0,0,0,1,2,4,0,Data Analyst,0,0,1,0,0,0,0,1,Bachelor's,100.0,1.0,1.0,1,2,0,0.56,0
826,46,Master's,1.9,0,0,0,0,1,0,0,3,2,0,Data Analyst,1,1,1,1,0,0,1,0,Bachelor's,0.0,1.9,1.0,3,2,1,0.28,0
312,64,Diploma,5.6,0,1,1,0,0,1,0,1,2,1,AI Engineer,3,1,0,1,0,0,1,0,Bachelor's,66.67,1.8666666666666665,1.0,1,2,0,0.58,1
437,31,Diploma,0.9,1,0,0,0,0,1,0,3,1,0,AI Engineer,1,1,0,1,1,0,0,0,Master's,33.33,0.9,0.9,1,3,0,0.14,0
985,23,Master's,0.4,1,1,0,0,1,1,0,1,3,0,AI Engineer,4,1,0,0,0,1,1,0,Bachelor's,100.0,0.1,0.1,3,2,1,0.42,1
726,61,Master's,0.2,1,1,0,0,0,1,0,3,4,1,Business Intelligence,2,0,0,1,0,0,1,0,Bachelor's,50.0,0.1,0.1,3,2,1,0.86,1
43,81,Diploma,1.0,1,0,0,0,0,0,0,2,3,1,Data Science,2,1,1,0,0,0,0,1,Bachelor's,33.33,0.5,0.5,1,2,0,0.72,0
74,50,Master's,0.0,0,0,0,0,0,1,0,0,3,0,AI Engineer,1,1,0,0,0,1,1,0,Master's,33.33,0.0,0.0,3,3,1,0.42,0
754,46,Bachelor's,0.7,1,1,0,1,0,1,0,0,3,1,Data Analyst,1,1,1,1,0,0,1,0,Bachelor's,75.0,0.7,0.7,2,2,1,0.72,1
993,88,Bachelor's,2.4,0,1,0,0,0,1,0,1,2,1,Data Analyst,0,1,1,1,0,0,1,1,Diploma,40.0,1.0,1.0,2,1,1,0.58,0
561,43,Master's,1.1,0,0,1,0,0,0,0,1,5,0,AI Engineer,3,1,0,0,0,0,0,0,Bachelor's,0.0,0.3666666666666667,0.37,3,2,1,0.7,0
880,10,Bachelor's,2.1,1,0,1,0,0,1,0,2,4,1,AI Engineer,5,0,1,0,1,1,0,0,Master's,0.0,0.42000000000000004,0.42,2,3,0,0.86,0
876,95,Bachelor's,2.0,1,0,0,0,0,1,0,3,2,1,AI Engineer,3,1,1,1,0,1,1,0,Bachelor's,40.0,0.6666666666666666,0.67,2,2,1,0.58,1
316,20,Bachelor's,2.6,1,1,0,0,1,0,0,3,4,1,Data Analyst,2,1,1,0,0,1,0,0,Bachelor's,100.0,1.3,1.0,2,2,1,0.86,1
734,16,Bachelor's,1.4,0,1,1,0,0,0,0,5,1,1,AI Engineer,2,1,1,0,1,1,1,0,Master's,20.0,0.7,0.7,2,3,0,0.44,0
862,78,Bachelor's,2.7,1,1,1,0,1,1,1,2,3,0,Business Intelligence,5,1,0,0,0,1,1,0,Master's,100.0,0.54,0.54,2,3,0,0.42,1
144,3,Bachelor's,2.1,1,1,1,1,1,1,0,1,0,0,AI Engineer,3,0,1,1,0,0,0,0,Diploma,100.0,0.7000000000000001,0.7,2,1,1,0.0,1
329,30,Bachelor's,2.7,0,0,0,0,0,1,1,4,4,0,Data Analyst,1,1,1,0,1,1,0,0,Bachelor's,0.0,2.7,1.0,2,2,1,0.56,1
209,18,Diploma,0.8,1,0,0,1,0,1,0,1,2,1,Data Analyst,0,1,1,0,0,1,0,0,Diploma,33.33,1.0,1.0,1,1,1,0.58,0
99,59,Diploma,3.8,0,0,0,0,0,1,0,2,4,1,Data Science,2,0,1,0,0,0,0,0,Master's,0.0,1.9,1.0,1,3,0,0.86,0
700,70,Bachelor's,2.0,0,0,1,0,0,1,0,2,1,0,AI Engineer,1,1,0,1,0,0,1,0,Bachelor's,66.67,2.0,1.0,2,2,1,0.14,1
114,84,Master's,1.9,0,0,0,0,0,1,0,4,3,0,AI Engineer,1,1,0,1,1,1,0,0,Bachelor's,0.0,1.9,1.0,3,2,1,0.42,0
175,35,Bachelor's,2.5,1,0,1,0,0,1,0,1,1,0,Data Science,0,0,0,0,0,0,1,0,Master's,100.0,1.0,1.0,2,3,0,0.14,0
271,19,Master's,3.0,1,0,0,0,0,1,0,4,2,0,Business Intelligence,5,1,0,0,0,0,0,1,Bachelor's,50.0,0.6,0.6,3,2,1,0.28,0
63,26,Master's,3.7,0,1,1,0,0,0,1,3,3,1,Machine Learning,2,1,0,0,0,1,1,1,Bachelor's,25.0,1.85,1.0,3,2,1,0.72,1
404,76,Master's,3.3,1,0,0,0,1,1,0,4,3,0,Data Science,0,1,0,0,0,0,1,0,Master's,100.0,1.0,1.0,3,3,1,0.42,1
225,72,Bachelor's,1.4,1,0,0,0,0,0,0,2,4,0,Data Science,5,1,0,0,0,0,0,1,Master's,50.0,0.27999999999999997,0.28,2,3,0,0.56,0
959,57,Bachelor's,2.5,1,0,0,1,1,1,0,0,3,0,Business Intelligence,3,0,1,0,1,0,0,0,Bachelor's,50.0,0.8333333333333334,0.83,2,2,1,0.42,0
161,49,Bachelor's,4.4,0,0,0,0,0,0,1,2,5,1,Data Science,4,1,1,0,0,0,0,0,Diploma,0.0,1.1,1.0,2,1,1,1.0,0
36,10,Master's,3.0,1,0,1,0,0,0,0,1,1,0,AI Engineer,5,0,1,0,1,1,0,0,Master's,0.0,0.6,0.6,3,3,1,0.14,0
653,29,Bachelor's,0.8,1,1,0,0,0,1,0,0,1,1,AI Engineer,0,1,1,1,1,0,1,0,Bachelor's,60.0,1.0,1.0,2,2,1,0.44,1
318,95,Bachelor's,3.3,1,0,0,1,0,0,0,3,3,0,AI Engineer,3,1,1,1,0,1,1,0,Bachelor's,20.0,1.0999999999999999,1.0,2,2,1,0.42,1
708,71,Master's,0.6,1,0,0,0,0,0,0,0,4,0,Data Analyst,2,1,1,0,0,0,0,1,Diploma,33.33,0.3,0.3,3,1,1,0.56,0
663,98,Bachelor's,6.3,1,0,0,1,0,0,0,1,5,0,Machine Learning,2,1,1,0,1,0,0,0,Bachelor's,66.67,3.15,1.0,2,2,1,0.7,1
456,98,Bachelor's,6.7,1,0,0,0,0,0,0,4,4,1,Machine Learning,2,1,1,0,1,0,0,0,Bachelor's,33.33,3.35,1.0,2,2,1,0.86,1
269,94,Bachelor's,2.3,1,1,1,1,0,1,0,6,3,0,Business Intelligence,1,0,1,0,1,0,0,1,Diploma,66.67,2.3,1.0,2,1,1,0.42,1
344,68,Bachelor's,3.2,1,0,1,0,1,1,0,1,3,1,Data Science,4,1,0,0,0,0,1,0,Bachelor's,100.0,0.8,0.8,2,2,1,0.72,1
40,94,Bachelor's,0.9,1,1,0,1,1,0,1,2,5,1,Business Intelligence,1,0,1,0,1,0,0,1,Diploma,100.0,0.9,0.9,2,1,1,1.0,1
750,89,Bachelor's,0.4,0,1,1,0,0,0,0,1,3,0,Machine Learning,2,0,0,0,0,1,1,0,Bachelor's,0.0,0.2,0.2,2,2,1,0.42,0
414,78,Bachelor's,0.1,1,0,0,0,0,0,0,1,6,0,Business Intelligence,5,1,0,0,0,1,1,0,Master's,33.33,0.02,0.02,2,3,0,0.7,0
380,24,Bachelor's,2.2,0,1,0,0,1,1,0,4,2,0,Machine Learning,2,1,1,0,1,0,1,0,Master's,50.0,1.1,1.0,2,3,0,0.28,0
222,43,Bachelor's,0.4,1,0,0,0,1,1,0,2,10,0,AI Engineer,3,1,0,0,0,0,0,0,Bachelor's,100.0,0.13333333333333333,0.13,2,2,1,0.7,1
281,95,Master's,2.4,1,0,0,1,1,1,0,2,3,0,AI Engineer,3,1,1,1,0,1,1,0,Bachelor's,60.0,0.7999999999999999,0.8,3,2,1,0.42,1
225,39,Bachelor's,1.4,1,0,0,0,0,0,0,2,4,0,Data Science,0,1,0,0,1,0,1,1,Master's,25.0,1.0,1.0,2,3,0,0.56,1
457,92,Diploma,2.9,1,1,1,0,0,0,0,1,1,1,Machine Learning,3,0,1,0,0,0,1,0,Bachelor's,50.0,0.9666666666666667,0.97,1,2,0,0.44,0
154,25,Bachelor's,2.8,0,0,0,1,0,0,1,0,4,1,Data Science,3,1,1,0,0,0,1,0,Bachelor's,0.0,0.9333333333333332,0.93,2,2,1,0.86,1
280,83,Master's,1.7,1,1,0,0,0,0,0,4,3,0,Business Intelligence,2,0,1,0,0,0,0,0,Bachelor's,100.0,0.85,0.85,3,2,1,0.42,1
353,68,Bachelor's,1.4,0,1,0,0,0,1,1,1,2,1,Data Science,4,1,0,0,0,0,1,0,Bachelor's,50.0,0.35,0.35,2,2,1,0.58,0
39,34,Bachelor's,0.2,1,0,1,0,0,1,0,3,4,0,Machine Learning,2,1,1,0,0,1,0,0,Bachelor's,33.33,0.1,0.1,2,2,1,0.56,0
729,96,Bachelor's,4.2,1,0,1,0,1,0,0,3,7,0,Business Intelligence,2,1,1,0,1,0,0,0,Master's,33.33,2.1,1.0,2,3,0,0.7,0
756,89,Master's,4.0,1,0,1,0,0,0,1,2,6,0,Machine Learning,2,0,0,0,0,1,1,0,Bachelor's,0.0,2.0,1.0,3,2,1,0.7,0
621,86,Bachelor's,1.6,0,1,1,0,0,0,1,0,4,0,Data Science,3,0,0,1,1,0,1,0,Bachelor's,33.33,0.5333333333333333,0.53,2,2,1,0.56,0
975,53,Diploma,0.9,1,0,0,0,0,1,0,2,2,1,Data Science,4,1,0,0,1,0,0,0,Bachelor's,50.0,0.225,0.22,1,2,0,0.58,0
573,92,Bachelor's,3.3,1,1,0,1,0,1,0,3,1,1,Machine Learning,3,0,1,0,0,0,1,0,Bachelor's,100.0,1.0999999999999999,1.0,2,2,1,0.44,1
489,55,Master's,1.2,0,0,1,0,0,1,0,0,3,0,Machine Learning,2,0,0,0,0,1,1,1,Bachelor's,33.33,0.6,0.6,3,2,1,0.42,0
945,53,Bachelor's,3.9,0,0,1,1,0,1,0,3,3,0,Data Science,4,1,0,0,1,0,0,0,Bachelor's,50.0,0.975,0.98,2,2,1,0.42,1
937,18,Diploma,0.8,0,0,1,0,0,1,0,5,4,0,Data Analyst,0,1,1,0,0,1,0,0,Diploma,0.0,1.0,1.0,1,1,1,0.56,0
198,7,Master's,8.7,0,1,0,0,1,0,0,0,1,1,AI Engineer,2,1,0,0,0,1,0,0,Bachelor's,50.0,4.35,1.0,3,2,1,0.44,0
276,63,Bachelor's,0.3,0,1,0,0,0,0,0,2,1,1,Business Intelligence,5,1,1,0,0,0,0,0,Diploma,50.0,0.06,0.06,2,1,1,0.44,0
172,75,Diploma,9.9,1,0,1,0,0,0,1,3,2,1,AI Engineer,2,0,1,1,0,1,1,0,Master's,25.0,4.95,1.0,1,3,0,0.58,0
784,42,Bachelor's,2.5,0,1,0,0,0,1,0,1,2,1,Business Intelligence,3,0,1,0,0,0,0,0,Diploma,100.0,0.8333333333333334,0.83,2,1,1,0.58,1
508,11,Master's,1.9,1,0,0,0,1,1,0,2,1,0,Data Analyst,3,1,1,0,0,1,0,1,Master's,50.0,0.6333333333333333,0.63,3,3,1,0.14,1
405,9,Bachelor's,2.7,0,1,1,0,0,1,0,1,1,0,Data Analyst,0,1,1,0,0,0,0,0,Master's,50.0,1.0,1.0,2,3,0,0.14,1
271,35,Master's,3.0,1,0,0,0,0,1,0,4,2,0,Data Science,0,0,0,0,0,0,1,0,Master's,100.0,1.0,1.0,3,3,1,0.28,1
554,97,Bachelor's,5.4,0,1,1,0,0,1,0,3,3,0,Data Analyst,4,0,0,1,0,1,1,0,Bachelor's,66.67,1.35,1.0,2,2,1,0.42,1
701,65,Bachelor's,8.4,1,1,0,0,0,0,1,2,4,1,Machine Learning,0,1,1,1,0,0,1,0,Master's,50.0,1.0,1.0,2,3,0,0.86,0
772,84,Master's,3.8,1,1,0,0,1,0,0,2,2,1,AI Engineer,1,1,0,1,1,1,0,0,Bachelor's,50.0,3.8,1.0,3,2,1,0.58,1
664,5,Bachelor's,1.7,0,0,1,0,1,1,0,1,5,1,Business Intelligence,4,0,1,0,0,0,1,0,Bachelor's,50.0,0.425,0.42,2,2,1,1.0,1
626,26,Bachelor's,2.9,0,0,1,1,0,0,0,0,1,0,Machine Learning,2,1,0,0,0,1,1,1,Bachelor's,0.0,1.45,1.0,2,2,1,0.14,0
385,51,Master's,2.7,1,0,1,0,0,0,0,2,4,0,Machine Learning,5,0,1,1,0,1,0,0,Master's,33.33,0.54,0.54,3,3,1,0.56,1
734,38,Bachelor's,1.4,0,1,1,0,0,0,0,5,1,1,AI Engineer,2,1,1,1,0,0,0,1,Bachelor's,50.0,0.7,0.7,2,2,1,0.44,1
397,3,Master's,1.4,1,1,0,0,0,1,0,2,2,0,AI Engineer,3,0,1,1,0,0,0,0,Diploma,50.0,0.4666666666666666,0.47,3,1,1,0.28,0
566,85,Bachelor's,1.4,1,1,1,0,0,0,0,4,4,0,Data Science,1,1,0,0,0,0,0,0,Master's,100.0,1.4,1.0,2,3,0,0.56,1
850,59,Bachelor's,2.6,1,0,0,0,0,1,0,3,4,1,Data Science,2,0,1,0,0,0,0,0,Master's,0.0,1.3,1.0,2,3,0,0.86,0
296,13,Bachelor's,0.6,1,0,0,0,1,0,1,3,7,1,Data Analyst,3,0,1,1,1,0,1,1,Bachelor's,20.0,0.19999999999999998,0.2,2,2,1,1.0,0
383,95,Bachelor's,8.7,0,0,0,0,0,0,0,2,2,0,AI Engineer,3,1,1,1,0,1,1,0,Bachelor's,0.0,2.9,1.0,2,2,1,0.28,0
512,81,Bachelor's,3.2,0,0,0,1,1,0,0,3,2,1,Data Science,2,1,1,0,0,0,0,1,Bachelor's,0.0,1.6,1.0,2,2,1,0.58,0
395,35,Bachelor's,1.0,0,1,1,0,1,1,0,1,2,1,Data Science,0,0,0,0,0,0,1,0,Master's,100.0,1.0,1.0,2,3,0,0.58,1
554,87,Bachelor's,5.4,0,1,1,0,0,1,0,3,3,0,AI Engineer,1,1,0,0,0,0,0,0,Bachelor's,0.0,5.4,1.0,2,2,1,0.42,1
605,3,Bachelor's,0.2,1,0,1,0,0,1,0,2,1,1,AI Engineer,3,0,1,1,0,0,0,0,Diploma,50.0,0.06666666666666667,0.07,2,1,1,0.44,0
260,53,Diploma,2.2,1,1,0,1,0,1,0,4,7,0,Data Science,4,1,0,0,1,0,0,0,Bachelor's,100.0,0.55,0.55,1,2,0,0.7,1
281,55,Master's,2.4,1,0,0,1,1,1,0,2,3,0,Machine Learning,2,0,0,0,0,1,1,1,Bachelor's,66.67,1.2,1.0,3,2,1,0.42,1
356,45,Bachelor's,5.2,1,0,0,0,1,0,0,1,9,0,Business Intelligence,1,0,0,0,0,0,1,0,Bachelor's,0.0,5.2,1.0,2,2,1,0.7,0
420,66,Master's,6.8,1,0,0,0,0,0,0,5,0,1,Business Intelligence,1,0,1,1,1,0,1,0,Bachelor's,0.0,6.8,1.0,3,2,1,0.3,0
192,67,Master's,2.2,0,1,1,0,0,1,0,3,3,1,Data Science,0,1,1,1,0,1,1,0,Bachelor's,60.0,1.0,1.0,3,2,1,0.72,1
637,84,Bachelor's,1.3,0,1,0,0,1,1,1,0,3,0,AI Engineer,1,1,0,1,1,1,0,0,Bachelor's,25.0,1.3,1.0,2,2,1,0.42,1
428,44,Master's,7.6,0,1,0,0,1,1,1,1,4,1,Business Intelligence,1,1,1,0,0,1,0,0,Bachelor's,66.67,7.6,1.0,3,2,1,0.86,1
808,73,Master's,0.5,1,0,1,1,0,0,0,2,0,0,AI Engineer,1,0,0,0,0,0,1,0,Master's,0.0,0.5,0.5,3,3,1,0.0,0
348,68,Diploma,1.2,1,0,0,0,1,1,0,5,2,0,Data Science,4,1,0,0,0,0,1,0,Bachelor's,100.0,0.3,0.3,1,2,0,0.28,1
392,25,Bachelor's,0.2,1,1,0,0,0,1,0,2,3,1,Data Science,3,1,1,0,0,0,1,0,Bachelor's,100.0,0.06666666666666667,0.07,2,2,1,0.72,1
341,52,Bachelor's,0.7,0,1,0,1,0,0,1,4,4,0,Business Intelligence,1,1,0,1,0,0,0,0,Bachelor's,0.0,0.7,0.7,2,2,1,0.56,0
547,50,Bachelor's,4.1,1,0,0,0,0,0,1,1,4,1,AI Engineer,1,1,0,0,0,1,1,0,Master's,33.33,4.1,1.0,2,3,0,0.86,1
940,1,Bachelor's,0.2,1,0,1,0,0,1,0,4,1,1,Data Science,4,1,0,0,1,0,1,0,Bachelor's,66.67,0.05,0.05,2,2,1,0.44,1
402,39,Master's,0.5,1,0,0,1,1,0,1,0,2,0,Data Science,0,1,0,0,1,0,1,1,Master's,75.0,1.0,1.0,3,3,1,0.28,1
47,52,Bachelor's,0.7,1,0,0,0,0,0,0,2,2,0,Business Intelligence,1,1,0,1,0,0,0,0,Bachelor's,50.0,0.7,0.7,2,2,1,0.28,1
665,76,Bachelor's,12.0,0,1,1,0,1,1,0,1,2,1,Data Science,0,1,0,0,0,0,1,0,Master's,50.0,1.0,1.0,2,3,0,0.58,0
750,40,Bachelor's,0.4,0,1,1,0,0,0,0,1,3,0,Data Analyst,2,1,0,0,0,1,0,1,Bachelor's,0.0,0.2,0.2,2,2,1,0.42,0
425,60,Diploma,10.8,1,1,0,0,0,1,0,2,3,1,Data Analyst,0,0,1,0,0,0,0,0,Bachelor's,100.0,1.0,1.0,1,2,0,0.72,1
517,88,Bachelor's,2.6,1,0,0,1,1,1,1,1,5,1,Data Analyst,0,1,1,1,0,0,1,1,Diploma,60.0,1.0,1.0,2,1,1,1.0,1
960,73,Master's,3.9,0,0,1,1,1,1,1,5,8,0,AI Engineer,1,0,0,0,0,0,1,0,Master's,100.0,3.9,1.0,3,3,1,0.7,1
958,84,Diploma,1.4,0,0,0,0,0,0,1,2,1,1,AI Engineer,1,1,0,1,1,1,0,0,Bachelor's,0.0,1.4,1.0,1,2,0,0.44,0
637,69,Bachelor's,1.3,0,1,0,0,1,1,1,0,3,0,Data Science,5,1,0,1,0,0,1,0,Bachelor's,33.33,0.26,0.26,2,2,1,0.42,0
879,20,Diploma,0.9,0,1,0,0,1,0,0,1,2,0,Data Analyst,2,1,1,0,0,1,0,0,Bachelor's,66.67,0.45,0.45,1,2,0,0.28,0
328,85,Bachelor's,3.9,1,1,1,0,0,0,1,2,3,1,Data Science,1,1,0,0,0,0,0,0,Master's,100.0,3.9,1.0,2,3,0,0.72,1
87,2,Master's,2.4,1,0,0,1,1,0,1,1,2,0,Machine Learning,4,1,1,1,0,0,1,0,Diploma,25.0,0.6,0.6,3,1,1,0.28,1
515,85,Diploma,0.5,0,1,0,0,0,0,0,3,4,0,Data Science,1,1,0,0,0,0,0,0,Master's,0.0,0.5,0.5,1,3,0,0.56,0
165,88,Diploma,0.4,1,0,0,0,0,0,0,2,4,1,Data Analyst,0,1,1,1,0,0,1,1,Diploma,20.0,1.0,1.0,1,1,1,0.86,1
223,9,Diploma,1.4,1,0,1,0,0,1,0,1,4,0,Data Analyst,0,1,1,0,0,0,0,0,Master's,50.0,1.0,1.0,1,3,0,0.56,0
861,39,Master's,3.7,0,1,0,0,0,1,0,1,3,1,Data Science,0,1,0,0,1,0,1,1,Master's,25.0,1.0,1.0,3,3,1,0.72,1
297,30,Master's,0.5,1,1,0,0,0,1,0,0,1,1,Data Analyst,1,1,1,0,1,1,0,0,Bachelor's,50.0,0.5,0.5,3,2,1,0.44,1
916,54,Bachelor's,3.2,0,0,1,0,0,1,0,0,4,1,Data Analyst,3,1,0,0,0,1,1,0,Bachelor's,33.33,1.0666666666666667,1.0,2,2,1,0.86,0
451,82,Master's,1.7,1,0,0,0,1,1,0,2,2,0,Data Analyst,3,1,1,1,0,0,0,1,Bachelor's,25.0,0.5666666666666667,0.57,3,2,1,0.28,1
343,58,Bachelor's,5.1,1,1,1,0,0,0,0,1,7,1,Data Analyst,4,1,1,1,1,0,0,0,Bachelor's,75.0,1.275,1.0,2,2,1,1.0,1
341,43,Bachelor's,0.7,0,1,0,1,0,0,1,4,4,0,AI Engineer,3,1,0,0,0,0,0,0,Bachelor's,0.0,0.2333333333333333,0.23,2,2,1,0.56,0
461,10,Bachelor's,1.3,0,0,0,1,0,1,1,0,2,1,AI Engineer,5,0,1,0,1,1,0,0,Master's,33.33,0.26,0.26,2,3,0,0.58,0
392,48,Bachelor's,0.2,1,1,0,0,0,1,0,2,3,1,AI Engineer,1,1,1,1,0,1,0,0,Bachelor's,50.0,0.2,0.2,2,2,1,0.72,0
901,85,Bachelor's,2.0,1,0,0,0,0,1,0,3,6,1,Data Science,1,1,0,0,0,0,0,0,Master's,100.0,2.0,1.0,2,3,0,1.0,1
537,86,Master's,0.5,0,0,0,0,0,0,0,4,3,0,Data Science,3,0,0,1,1,0,1,0,Bachelor's,0.0,0.16666666666666666,0.17,3,2,1,0.42,0
551,17,Bachelor's,7.6,1,1,1,0,0,0,1,2,8,0,AI Engineer,4,1,0,1,0,1,0,0,Bachelor's,66.67,1.9,1.0,2,2,1,0.7,1
421,5,Master's,1.0,1,1,0,0,1,1,0,2,1,0,Business Intelligence,4,0,1,0,0,0,1,0,Bachelor's,100.0,0.25,0.25,3,2,1,0.14,1
381,70,Bachelor's,0.4,0,0,0,0,0,1,0,2,6,1,AI Engineer,1,1,0,1,0,0,1,0,Bachelor's,33.33,0.4,0.4,2,2,1,1.0,0
617,74,Diploma,12.0,1,1,1,1,0,1,1,1,5,1,Data Science,1,1,1,1,0,0,1,0,Bachelor's,100.0,12.0,1.0,1,2,0,1.0,1
5,64,Bachelor's,4.1,1,1,0,1,0,1,0,0,4,1,AI Engineer,3,1,0,1,0,0,1,0,Bachelor's,66.67,1.3666666666666665,1.0,2,2,1,0.86,1
648,66,Bachelor's,4.4,1,0,0,0,1,1,0,2,1,0,Business Intelligence,1,0,1,1,1,0,1,0,Bachelor's,25.0,4.4,1.0,2,2,1,0.14,0
4,71,Bachelor's,3.3,1,1,0,0,0,0,1,1,3,1,Data Analyst,2,1,1,0,0,0,0,1,Diploma,100.0,1.65,1.0,2,1,1,0.72,1
681,4,Master's,1.1,1,1,0,0,0,0,0,2,7,1,Data Analyst,2,0,1,0,0,0,1,1,Bachelor's,33.33,0.55,0.55,3,2,1,1.0,1
316,83,Bachelor's,2.6,1,1,0,0,1,0,0,3,4,1,Business Intelligence,2,0,1,0,0,0,0,0,Bachelor's,100.0,1.3,1.0,2,2,1,0.86,1
822,28,Diploma,0.3,1,0,0,0,0,1,1,3,7,1,Data Science,1,0,1,0,1,1,0,0,Bachelor's,0.0,0.3,0.3,1,2,0,1.0,0
918,84,Master's,2.2,0,0,0,0,1,1,1,2,5,0,AI Engineer,1,1,0,1,1,1,0,0,Bachelor's,25.0,2.2,1.0,3,2,1,0.7,1
78,94,Diploma,2.8,1,0,0,0,0,0,0,1,3,0,Business Intelligence,1,0,1,0,1,0,0,1,Diploma,0.0,2.8,1.0,1,1,1,0.42,1
531,38,Master's,0.9,0,0,0,0,0,1,1,2,3,0,AI Engineer,2,1,1,1,0,0,0,1,Bachelor's,25.0,0.45,0.45,3,2,1,0.42,1
717,66,Master's,0.1,0,0,0,0,0,1,0,2,4,1,Business Intelligence,1,0,1,1,1,0,1,0,Bachelor's,25.0,0.1,0.1,3,2,1,0.86,0
355,67,Diploma,1.7,0,0,0,0,1,1,0,2,3,0,Data Science,0,1,1,1,0,1,1,0,Bachelor's,40.0,1.0,1.0,1,2,0,0.42,0
836,60,Bachelor's,2.7,0,0,0,0,0,1,0,4,4,0,Data Analyst,0,0,1,0,0,0,0,0,Bachelor's,0.0,1.0,1.0,2,2,1,0.56,0
33,47,Diploma,0.7,1,1,0,0,1,1,0,4,2,0,Data Analyst,0,1,0,0,0,0,0,1,Master's,50.0,1.0,1.0,1,3,0,0.28,1
662,25,Master's,1.8,0,1,0,0,0,0,0,3,3,0,Data Science,3,1,1,0,0,0,1,0,Bachelor's,33.33,0.6,0.6,3,2,1,0.42,1
705,66,Diploma,1.4,0,1,0,1,0,1,0,3,2,1,Business Intelligence,1,0,1,1,1,0,1,0,Bachelor's,75.0,1.4,1.0,1,2,0,0.58,1
139,79,Bachelor's,1.6,1,1,1,0,0,0,0,2,0,1,Data Science,3,1,1,0,0,0,1,0,Bachelor's,66.67,0.5333333333333333,0.53,2,2,1,0.3,1
272,67,Master's,4.9,1,0,1,0,1,0,0,2,5,1,Data Science,0,1,1,1,0,1,1,0,Bachelor's,60.0,1.0,1.0,3,2,1,1.0,1
196,69,Bachelor's,5.1,1,1,0,1,0,1,0,0,4,1,Data Science,5,1,0,1,0,0,1,0,Bachelor's,66.67,1.02,1.0,2,2,1,0.86,1
127,40,Master's,0.2,0,1,1,0,0,1,0,2,2,1,Data Analyst,2,1,0,0,0,1,0,1,Bachelor's,0.0,0.1,0.1,3,2,1,0.58,0
349,100,Bachelor's,11.0,0,0,1,0,0,0,0,2,0,0,Data Science,5,0,0,0,0,1,0,0,Bachelor's,0.0,2.2,1.0,2,2,1,0.0,0
743,50,Master's,3.7,1,1,0,1,0,0,0,3,3,0,AI Engineer,1,1,0,0,0,1,1,0,Master's,33.33,3.7,1.0,3,3,1,0.42,1
44,40,Master's,2.5,1,0,0,0,0,1,0,3,2,0,Data Analyst,2,1,0,0,0,1,0,1,Bachelor's,33.33,1.25,1.0,3,2,1,0.28,1
742,37,Bachelor's,3.3,1,1,0,0,0,1,0,1,0,0,Data Analyst,0,1,0,0,0,0,0,0,Bachelor's,100.0,1.0,1.0,2,2,1,0.0,1
728,91,Master's,12.0,1,0,1,0,0,1,0,1,4,0,AI Engineer,5,0,1,0,1,1,1,1,Diploma,20.0,2.4,1.0,3,1,1,0.56,1
244,69,Bachelor's,4.7,0,1,0,1,1,1,0,4,2,0,Data Science,5,1,0,1,0,0,1,0,Bachelor's,33.33,0.9400000000000001,0.94,2,2,1,0.28,1
9,17,Bachelor's,0.7,1,1,1,0,0,1,0,3,2,1,AI Engineer,4,1,0,1,0,1,0,0,Bachelor's,66.67,0.175,0.18,2,2,1,0.58,0
762,62,Bachelor's,4.7,1,1,1,1,0,1,0,0,3,1,Machine Learning,1,1,1,1,0,0,0,1,Diploma,75.0,4.7,1.0,2,1,1,0.72,1
712,41,Bachelor's,0.2,1,1,0,1,0,1,0,2,6,0,Business Intelligence,2,1,0,0,0,0,1,1,Bachelor's,66.67,0.1,0.1,2,2,1,0.7,0
846,76,Bachelor's,0.7,1,1,0,0,0,0,0,2,0,0,Data Science,0,1,0,0,0,0,1,0,Master's,50.0,1.0,1.0,2,3,0,0.0,0
79,42,Bachelor's,0.6,0,0,1,0,0,1,0,1,3,0,Business Intelligence,3,0,1,0,0,0,0,0,Diploma,0.0,0.19999999999999998,0.2,2,1,1,0.42,0
757,31,Bachelor's,8.0,1,0,0,0,1,1,0,0,1,1,AI Engineer,1,1,0,1,1,0,0,0,Master's,33.33,8.0,1.0,2,3,0,0.44,0
190,33,Bachelor's,3.1,0,1,1,0,0,0,0,0,5,0,AI Engineer,3,0,1,0,0,0,0,0,Bachelor's,100.0,1.0333333333333334,1.0,2,2,1,0.7,1
86,43,Bachelor's,1.6,1,1,0,0,0,1,0,1,2,0,AI Engineer,3,1,0,0,0,0,0,0,Bachelor's,100.0,0.5333333333333333,0.53,2,2,1,0.28,1
485,93,Bachelor's,1.0,1,1,0,0,0,1,0,2,2,1,Data Science,1,0,1,1,0,1,1,0,Bachelor's,50.0,1.0,1.0,2,2,1,0.58,1
271,67,Master's,3.0,1,0,0,0,0,1,0,4,2,0,Data Science,0,1,1,1,0,1,1,0,Bachelor's,40.0,1.0,1.0,3,2,1,0.28,1
774,38,Bachelor's,7.8,1,1,1,0,0,1,0,2,4,0,AI Engineer,2,1,1,1,0,0,0,1,Bachelor's,75.0,3.9,1.0,2,2,1,0.56,1
513,41,Master's,7.8,1,1,0,1,1,1,0,2,2,1,Business Intelligence,2,1,0,0,0,0,1,1,Bachelor's,66.67,3.9,1.0,3,2,1,0.58,1
20,63,Bachelor's,0.1,0,1,0,1,0,0,1,2,4,0,Business Intelligence,5,1,1,0,0,0,0,0,Diploma,50.0,0.02,0.02,2,1,1,0.56,1
489,40,Master's,1.2,0,0,1,0,0,1,0,0,3,0,Data Analyst,2,1,0,0,0,1,0,1,Bachelor's,0.0,0.6,0.6,3,2,1,0.42,0
932,30,Master's,2.1,0,0,0,0,0,0,0,1,3,0,Data Analyst,1,1,1,0,1,1,0,0,Bachelor's,0.0,2.1,1.0,3,2,1,0.42,0
130,47,Bachelor's,0.8,1,1,0,1,0,0,0,1,4,0,Data Analyst,0,1,0,0,0,0,0,1,Master's,50.0,1.0,1.0,2,3,0,0.56,0
838,22,Bachelor's,1.0,1,0,0,0,0,0,0,3,6,0,Data Analyst,2,1,1,0,0,0,1,0,Master's,33.33,0.5,0.5,2,3,0,0.7,1
770,96,Master's,1.3,0,0,0,1,0,0,0,2,3,0,Business Intelligence,2,1,1,0,1,0,0,0,Master's,33.33,0.65,0.65,3,3,1,0.42,0
643,55,Bachelor's,1.8,0,0,1,0,0,1,0,4,2,0,Machine Learning,2,0,0,0,0,1,1,1,Bachelor's,33.33,0.9,0.9,2,2,1,0.28,1
7,43,Diploma,2.9,1,1,0,1,0,1,0,0,4,1,AI Engineer,3,1,0,0,0,0,0,0,Bachelor's,100.0,0.9666666666666667,0.97,1,2,0,0.86,1
852,61,Master's,4.2,1,0,0,1,1,0,0,4,3,1,Business Intelligence,2,0,0,1,0,0,1,0,Bachelor's,0.0,2.1,1.0,3,2,1,0.72,0
753,74,Bachelor's,0.0,1,0,1,0,0,1,0,0,3,1,Data Science,1,1,1,1,0,0,1,0,Bachelor's,75.0,0.0,0.0,2,2,1,0.72,1
704,32,Bachelor's,1.8,1,1,0,0,0,1,0,2,2,0,AI Engineer,1,0,0,0,0,1,1,0,Diploma,50.0,1.8,1.0,2,1,1,0.28,1
937,4,Diploma,0.8,0,0,1,0,0,1,0,5,4,0,Data Analyst,2,0,1,0,0,0,1,1,Bachelor's,33.33,0.4,0.4,1,2,0,0.56,0
809,45,Bachelor's,0.5,1,0,0,0,0,1,0,1,2,0,Business Intelligence,1,0,0,0,0,0,1,0,Bachelor's,100.0,0.5,0.5,2,2,1,0.28,1
627,72,Bachelor's,0.6,1,0,0,0,1,0,0,1,4,0,Data Science,5,1,0,0,0,0,0,1,Master's,50.0,0.12,0.12,2,3,0,0.56,0
901,20,Bachelor's,2.0,1,0,0,0,0,1,0,3,6,1,Data Analyst,2,1,1,0,0,1,0,0,Bachelor's,33.33,1.0,1.0,2,2,1,1.0,1
473,71,Diploma,5.3,0,1,0,0,0,0,0,1,4,0,Data Analyst,2,1,1,0,0,0,0,1,Diploma,33.33,2.65,1.0,1,1,1,0.56,1
102,65,Bachelor's,8.7,1,1,0,0,1,1,1,1,1,1,Machine Learning,0,1,1,1,0,0,1,0,Master's,75.0,1.0,1.0,2,3,0,0.44,1
338,60,Master's,2.9,1,1,1,0,0,1,0,0,1,0,Data Analyst,0,0,1,0,0,0,0,0,Bachelor's,100.0,1.0,1.0,3,2,1,0.14,1
319,89,Bachelor's,0.2,1,1,0,0,0,1,1,1,5,0,Machine Learning,2,0,0,0,0,1,1,0,Bachelor's,50.0,0.1,0.1,2,2,1,0.7,1
513,26,Master's,7.8,1,1,0,1,1,1,0,2,2,1,Machine Learning,2,1,0,0,0,1,1,1,Bachelor's,75.0,3.9,1.0,3,2,1,0.58,1
25,73,Bachelor's,7.2,1,0,1,1,0,0,0,1,3,0,AI Engineer,1,0,0,0,0,0,1,0,Master's,0.0,7.2,1.0,2,3,0,0.42,0
721,23,Master's,0.4,0,0,0,0,1,1,0,2,4,1,AI Engineer,4,1,0,0,0,1,1,0,Bachelor's,66.67,0.1,0.1,3,2,1,0.86,1
430,40,Bachelor's,5.1,0,1,1,0,0,0,0,1,1,0,Data Analyst,2,1,0,0,0,1,0,1,Bachelor's,0.0,2.55,1.0,2,2,1,0.14,0
143,2,Bachelor's,2.8,0,1,0,0,0,0,0,1,1,1,Machine Learning,4,1,1,1,0,0,1,0,Diploma,25.0,0.7,0.7,2,1,1,0.44,1
709,26,Bachelor's,2.4,1,0,1,0,0,1,0,6,2,1,Machine Learning,2,1,0,0,0,1,1,1,Bachelor's,50.0,1.2,1.0,2,2,1,0.58,1
149,62,Diploma,4.8,1,1,1,0,0,1,0,1,1,1,Machine Learning,1,1,1,1,0,0,0,1,Diploma,75.0,4.8,1.0,1,1,1,0.44,1
693,44,Bachelor's,1.3,1,1,0,0,0,1,0,3,4,0,Business Intelligence,1,1,1,0,0,1,0,0,Bachelor's,66.67,1.3,1.0,2,2,1,0.56,1
55,31,Bachelor's,12.0,0,1,1,0,1,1,1,2,0,0,AI Engineer,1,1,0,1,1,0,0,0,Master's,33.33,12.0,1.0,2,3,0,0.0,0
471,26,Diploma,2.1,1,0,1,0,0,0,0,2,2,0,Machine Learning,2,1,0,0,0,1,1,1,Bachelor's,25.0,1.05,1.0,1,2,0,0.28,0
363,83,Bachelor's,2.4,1,1,1,0,0,1,0,2,2,0,Business Intelligence,2,0,1,0,0,0,0,0,Bachelor's,100.0,1.2,1.0,2,2,1,0.28,1
650,5,Bachelor's,3.1,1,1,0,0,1,1,0,4,5,1,Business Intelligence,4,0,1,0,0,0,1,0,Bachelor's,100.0,0.775,0.78,2,2,1,1.0,1
209,70,Diploma,0.8,1,0,0,1,0,1,0,1,2,1,AI Engineer,1,1,0,1,0,0,1,0,Bachelor's,66.67,0.8,0.8,1,2,0,0.58,1
185,35,Bachelor's,0.3,0,1,0,1,0,1,0,0,4,1,Data Science,0,0,0,0,0,0,1,0,Master's,100.0,1.0,1.0,2,3,0,0.86,1
65,16,Bachelor's,1.4,1,1,1,0,0,1,1,3,1,1,AI Engineer,2,1,1,0,1,1,1,0,Master's,60.0,0.7,0.7,2,3,0,0.44,1
549,31,Bachelor's,0.1,1,0,1,0,0,0,0,2,2,1,AI Engineer,1,1,0,1,1,0,0,0,Master's,66.67,0.1,0.1,2,3,0,0.58,0
112,82,Bachelor's,0.6,1,0,0,1,0,0,0,0,3,0,Data Analyst,3,1,1,1,0,0,0,1,Bachelor's,25.0,0.19999999999999998,0.2,2,2,1,0.42,0
263,14,Bachelor's,0.9,0,0,0,0,0,0,0,0,6,0,Data Science,3,1,1,0,0,1,1,0,Bachelor's,0.0,0.3,0.3,2,2,1,0.7,0
76,25,Master's,1.4,0,1,0,0,0,1,0,2,1,1,Data Science,3,1,1,0,0,0,1,0,Bachelor's,66.67,0.4666666666666666,0.47,3,2,1,0.44,1
178,90,Bachelor's,0.3,0,1,1,0,0,0,0,2,2,1,Data Science,0,1,1,0,1,0,1,1,Bachelor's,20.0,1.0,1.0,2,2,1,0.58,1
766,100,Bachelor's,1.0,0,0,1,0,1,0,1,1,4,1,Data Science,5,0,0,0,0,1,0,0,Bachelor's,100.0,0.2,0.2,2,2,1,0.86,1
1,75,Bachelor's,0.5,1,1,0,0,0,1,0,4,4,1,AI Engineer,2,0,1,1,0,1,1,0,Master's,50.0,0.25,0.25,2,3,0,0.86,0
148,71,Bachelor's,2.7,1,1,0,1,0,1,1,3,3,1,Data Analyst,2,1,1,0,0,0,0,1,Diploma,100.0,1.35,1.0,2,1,1,0.72,1
671,50,Bachelor's,1.2,0,0,0,1,0,0,1,0,5,1,AI Engineer,1,1,0,0,0,1,1,0,Master's,0.0,1.2,1.0,2,3,0,1.0,0
836,20,Bachelor's,2.7,0,0,0,0,0,1,0,4,4,0,Data Analyst,2,1,1,0,0,1,0,0,Bachelor's,0.0,1.35,1.0,2,2,1,0.56,0
986,56,Bachelor's,0.2,0,1,0,0,0,0,0,1,1,1,Machine Learning,2,0,1,1,1,1,1,1,Diploma,16.67,0.1,0.1,2,1,1,0.44,0
780,2,Bachelor's,4.6,1,1,0,0,0,1,0,4,4,1,Machine Learning,4,1,1,1,0,0,1,0,Diploma,75.0,1.15,1.0,2,1,1,0.86,1
662,26,Master's,1.8,0,1,0,0,0,0,0,3,3,0,Machine Learning,2,1,0,0,0,1,1,1,Bachelor's,0.0,0.9,0.9,3,2,1,0.42,1
638,32,Bachelor's,0.4,0,0,1,1,0,0,0,2,3,1,AI Engineer,1,0,0,0,0,1,1,0,Diploma,0.0,0.4,0.4,2,1,1,0.72,0
899,13,Diploma,1.1,1,1,0,1,0,1,0,0,3,0,Data Analyst,3,0,1,1,1,0,1,1,Bachelor's,60.0,0.3666666666666667,0.37,1,2,0,0.42,0
629,17,Diploma,0.3,1,1,0,0,0,0,0,0,4,0,AI Engineer,4,1,0,1,0,1,0,0,Bachelor's,33.33,0.075,0.08,1,2,0,0.56,0
972,89,Master's,4.5,1,1,1,0,0,0,0,1,0,1,Machine Learning,2,0,0,0,0,1,1,0,Bachelor's,0.0,2.25,1.0,3,2,1,0.3,0
502,58,Bachelor's,1.6,0,1,0,0,0,0,0,2,8,0,Data Analyst,4,1,1,1,1,0,0,0,Bachelor's,25.0,0.4,0.4,2,2,1,0.7,0
149,86,Diploma,4.8,1,1,1,0,0,1,0,1,1,1,Data Science,3,0,0,1,1,0,1,0,Bachelor's,66.67,1.5999999999999999,1.0,1,2,0,0.44,1
269,27,Bachelor's,2.3,1,1,1,1,0,1,0,6,3,0,Data Science,3,0,1,0,0,1,0,0,Master's,50.0,0.7666666666666666,0.77,2,3,0,0.42,1
701,17,Bachelor's,8.4,1,1,0,0,0,0,1,2,4,1,AI Engineer,4,1,0,1,0,1,0,0,Bachelor's,33.33,2.1,1.0,2,2,1,0.86,0
653,90,Bachelor's,0.8,1,1,0,0,0,1,0,0,1,1,Data Science,0,1,1,0,1,0,1,1,Bachelor's,60.0,1.0,1.0,2,2,1,0.44,1
105,38,Master's,12.0,0,0,0,0,0,1,1,3,6,1,AI Engineer,2,1,1,1,0,0,0,1,Bachelor's,25.0,6.0,1.0,3,2,1,1.0,1
466,14,Bachelor's,0.1,1,1,0,0,0,1,0,2,4,1,Data Science,3,1,1,0,0,1,1,0,Bachelor's,75.0,0.03333333333333333,0.03,2,2,1,0.86,1
764,14,Master's,1.7,1,0,0,0,0,0,1,0,1,0,Data Science,3,1,1,0,0,1,1,0,Bachelor's,25.0,0.5666666666666667,0.57,3,2,1,0.14,0
929,12,Bachelor's,2.6,0,1,1,0,0,0,0,0,3,1,Machine Learning,3,1,1,0,0,1,1,0,Bachelor's,25.0,0.8666666666666667,0.87,2,2,1,0.72,1
902,69,Diploma,0.0,0,0,0,0,0,1,1,2,4,0,Data Science,5,1,0,1,0,0,1,0,Bachelor's,33.33,0.0,0.0,1,2,0,0.56,0
281,68,Master's,2.4,1,0,0,1,1,1,0,2,3,0,Data Science,4,1,0,0,0,0,1,0,Bachelor's,100.0,0.6,0.6,3,2,1,0.42,1
407,55,Bachelor's,4.6,1,1,1,1,0,0,0,0,1,0,Machine Learning,2,0,0,0,0,1,1,1,Bachelor's,0.0,2.3,1.0,2,2,1,0.14,1
856,63,Bachelor's,0.7,1,0,0,1,0,1,0,5,2,1,Business Intelligence,5,1,1,0,0,0,0,0,Diploma,50.0,0.13999999999999999,0.14,2,1,1,0.58,0
613,29,Bachelor's,1.9,1,0,0,1,0,0,1,2,2,1,AI Engineer,0,1,1,1,1,0,1,0,Bachelor's,40.0,1.0,1.0,2,2,1,0.58,1
794,89,Bachelor's,2.9,1,1,0,1,0,0,0,0,2,0,Machine Learning,2,0,0,0,0,1,1,0,Bachelor's,0.0,1.45,1.0,2,2,1,0.28,0
900,45,Diploma,3.8,1,1,1,0,0,0,1,2,4,0,Business Intelligence,1,0,0,0,0,0,1,0,Bachelor's,0.0,3.8,1.0,1,2,0,0.56,0
358,4,Bachelor's,1.4,1,0,0,1,0,0,0,4,5,0,Data Analyst,2,0,1,0,0,0,1,1,Bachelor's,0.0,0.7,0.7,2,2,1,0.7,0
675,16,Bachelor's,3.9,0,1,0,1,0,1,0,2,5,0,AI Engineer,2,1,1,0,1,1,1,0,Master's,60.0,1.95,1.0,2,3,0,0.7,0
203,66,Bachelor's,0.1,1,0,0,0,1,1,1,1,1,1,Business Intelligence,1,0,1,1,1,0,1,0,Bachelor's,25.0,0.1,0.1,2,2,1,0.44,0
612,23,Master's,2.6,1,0,0,0,1,1,1,2,1,1,AI Engineer,4,1,0,0,0,1,1,0,Bachelor's,100.0,0.65,0.65,3,2,1,0.44,1
916,20,Bachelor's,3.2,0,0,1,0,0,1,0,0,4,1,Data Analyst,2,1,1,0,0,1,0,0,Bachelor's,0.0,1.6,1.0,2,2,1,0.86,0
257,17,Master's,0.6,1,1,1,0,0,1,0,1,0,0,AI Engineer,4,1,0,1,0,1,0,0,Bachelor's,66.67,0.15,0.15,3,2,1,0.0,0
94,52,Bachelor's,1.8,1,1,1,0,0,1,1,1,0,1,Business Intelligence,1,1,0,1,0,0,0,0,Bachelor's,100.0,1.8,1.0,2,2,1,0.3,1
324,6,Bachelor's,0.6,1,1,0,1,0,0,0,4,1,0,Data Science,2,0,0,0,0,1,0,0,Diploma,0.0,0.3,0.3,2,1,1,0.14,0
791,82,Bachelor's,0.4,0,0,0,0,1,1,1,2,2,0,Data Analyst,3,1,1,1,0,0,0,1,Bachelor's,25.0,0.13333333333333333,0.13,2,2,1,0.28,0
362,39,Bachelor's,0.6,1,0,0,0,0,1,0,3,1,1,Data Science,0,1,0,0,1,0,1,1,Master's,50.0,1.0,1.0,2,3,0,0.44,1
662,34,Master's,1.8,0,1,0,0,0,0,0,3,3,0,Machine Learning,2,1,1,0,0,1,0,0,Bachelor's,33.33,0.9,0.9,3,2,1,0.42,1
351,54,Bachelor's,5.0,0,0,1,0,0,1,1,1,4,0,Data Analyst,3,1,0,0,0,1,1,0,Bachelor's,33.33,1.6666666666666667,1.0,2,2,1,0.56,1
62,88,Bachelor's,10.4,1,0,0,1,0,1,0,3,4,0,Data Analyst,0,1,1,1,0,0,1,1,Diploma,40.0,1.0,1.0,2,1,1,0.56,1
641,82,Diploma,1.9,1,0,1,0,1,1,1,3,3,0,Data Analyst,3,1,1,1,0,0,0,1,Bachelor's,75.0,0.6333333333333333,0.63,1,2,0,0.42,1
187,94,Master's,2.9,0,0,0,0,1,1,0,2,5,1,Business Intelligence,1,0,1,0,1,0,0,1,Diploma,0.0,2.9,1.0,3,1,1,1.0,0
580,65,Bachelor's,2.0,0,0,0,0,0,0,0,1,4,0,Machine Learning,0,1,1,1,0,0,1,0,Master's,0.0,1.0,1.0,2,3,0,0.56,0
915,87,Bachelor's,1.5,1,1,0,0,0,1,0,0,6,1,AI Engineer,1,1,0,0,0,0,0,0,Bachelor's,100.0,1.5,1.0,2,2,1,1.0,1
542,29,Bachelor's,0.3,0,1,0,0,1,1,0,2,4,1,AI Engineer,0,1,1,1,1,0,1,0,Bachelor's,40.0,1.0,1.0,2,2,1,0.86,1
897,41,Bachelor's,2.4,1,0,0,1,1,0,0,4,4,1,Business Intelligence,2,1,0,0,0,0,1,1,Bachelor's,33.33,1.2,1.0,2,2,1,0.86,1
304,63,Bachelor's,1.9,1,0,0,1,1,0,0,1,5,1,Business Intelligence,5,1,1,0,0,0,0,0,Diploma,50.0,0.38,0.38,2,1,1,1.0,1
787,32,Bachelor's,2.5,0,1,1,0,1,1,0,2,8,1,AI Engineer,1,0,0,0,0,1,1,0,Diploma,100.0,2.5,1.0,2,1,1,1.0,1
639,66,Bachelor's,12.0,0,0,1,0,0,1,0,1,2,1,Business Intelligence,1,0,1,1,1,0,1,0,Bachelor's,50.0,12.0,1.0,2,2,1,0.58,1
436,100,Master's,0.1,1,0,0,0,0,0,0,1,2,1,Data Science,5,0,0,0,0,1,0,0,Bachelor's,0.0,0.02,0.02,3,2,1,0.58,0
213,45,Bachelor's,0.4,1,0,0,0,0,1,0,3,3,0,Business Intelligence,1,0,0,0,0,0,1,0,Bachelor's,100.0,0.4,0.4,2,2,1,0.42,1
406,17,Master's,1.6,0,1,1,1,1,1,0,3,2,0,AI Engineer,4,1,0,1,0,1,0,0,Bachelor's,66.67,0.4,0.4,3,2,1,0.28,0
818,43,Bachelor's,3.7,1,1,1,0,1,0,0,2,4,1,AI Engineer,3,1,0,0,0,0,0,0,Bachelor's,100.0,1.2333333333333334,1.0,2,2,1,0.86,1
962,66,Bachelor's,1.3,1,0,0,1,0,1,0,2,3,0,Business Intelligence,1,0,1,1,1,0,1,0,Bachelor's,50.0,1.3,1.0,2,2,1,0.42,1
134,68,Bachelor's,0.6,1,1,0,0,0,1,0,2,4,0,Data Science,4,1,0,0,0,0,1,0,Bachelor's,100.0,0.15,0.15,2,2,1,0.56,1
960,34,Master's,3.9,0,0,1,1,1,1,1,5,8,0,Machine Learning,2,1,1,0,0,1,0,0,Bachelor's,33.33,1.95,1.0,3,2,1,0.7,1
917,1,Bachelor's,5.4,0,1,0,1,0,0,0,1,0,0,Data Science,4,1,0,0,1,0,1,0,Bachelor's,33.33,1.35,1.0,2,2,1,0.0,0
993,23,Bachelor's,2.4,0,1,0,0,0,1,0,1,2,1,AI Engineer,4,1,0,0,0,1,1,0,Bachelor's,33.33,0.6,0.6,2,2,1,0.58,0
915,6,Bachelor's,1.5,1,1,0,0,0,1,0,0,6,1,Data Science,2,0,0,0,0,1,0,0,Diploma,0.0,0.75,0.75,2,1,1,1.0,0
219,16,Bachelor's,2.7,0,1,1,0,0,0,0,1,2,1,AI Engineer,2,1,1,0,1,1,1,0,Master's,20.0,1.35,1.0,2,3,0,0.58,0
421,2,Master's,1.0,1,1,0,0,1,1,0,2,1,0,Machine Learning,4,1,1,1,0,0,1,0,Diploma,75.0,0.25,0.25,3,1,1,0.14,0
157,27,Bachelor's,0.4,1,1,0,0,1,1,0,1,3,1,Data Science,3,0,1,0,0,1,0,0,Master's,100.0,0.13333333333333333,0.13,2,3,0,0.72,0
188,19,Bachelor's,0.2,0,0,0,0,0,1,1,1,3,0,Business Intelligence,5,1,0,0,0,0,0,1,Bachelor's,50.0,0.04,0.04,2,2,1,0.42,0
162,35,Bachelor's,0.3,0,0,0,0,0,1,0,4,1,1,Data Science,0,0,0,0,0,0,1,0,Master's,100.0,1.0,1.0,2,3,0,0.44,1
129,68,Diploma,1.2,0,1,0,0,0,1,1,1,1,0,Data Science,4,1,0,0,0,0,1,0,Bachelor's,50.0,0.3,0.3,1,2,0,0.14,0
304,49,Bachelor's,1.9,1,0,0,1,1,0,0,1,5,1,Data Science,4,1,1,0,0,0,0,0,Diploma,50.0,0.475,0.48,2,1,1,1.0,1
89,7,Master's,11.8,0,1,1,0,1,1,0,2,2,1,AI Engineer,2,1,0,0,0,1,0,0,Bachelor's,50.0,5.9,1.0,3,2,1,0.58,1
895,37,Bachelor's,2.0,1,1,0,0,0,1,0,2,2,0,Data Analyst,0,1,0,0,0,0,0,0,Bachelor's,100.0,1.0,1.0,2,2,1,0.28,1
917,25,Bachelor's,5.4,0,1,0,1,0,0,0,1,0,0,Data Science,3,1,1,0,0,0,1,0,Bachelor's,33.33,1.8,1.0,2,2,1,0.0,1
162,41,Bachelor's,0.3,0,0,0,0,0,1,0,4,1,1,Business Intelligence,2,1,0,0,0,0,1,1,Bachelor's,33.33,0.15,0.15,2,2,1,0.44,0
922,81,Bachelor's,0.0,0,0,1,1,0,0,0,2,1,1,Data Science,2,1,1,0,0,0,0,1,Bachelor's,0.0,0.0,0.0,2,2,1,0.44,0
36,62,Master's,3.0,1,0,1,0,0,0,0,1,1,0,Machine Learning,1,1,1,1,0,0,0,1,Diploma,50.0,3.0,1.0,3,1,1,0.14,0
227,41,Master's,1.3,1,0,0,0,0,0,0,3,3,0,Business Intelligence,2,1,0,0,0,0,1,1,Bachelor's,33.33,0.65,0.65,3,2,1,0.42,1
151,14,Master's,3.1,1,1,0,0,0,0,0,2,2,0,Data Science,3,1,1,0,0,1,1,0,Bachelor's,50.0,1.0333333333333334,1.0,3,2,1,0.28,1
593,54,Bachelor's,0.3,0,1,0,0,0,0,0,4,2,1,Data Analyst,3,1,0,0,0,1,1,0,Bachelor's,0.0,0.09999999999999999,0.1,2,2,1,0.58,0
47,2,Bachelor's,0.7,1,0,0,0,0,0,0,2,2,0,Machine Learning,4,1,1,1,0,0,1,0,Diploma,25.0,0.175,0.18,2,1,1,0.28,0
716,88,Master's,12.0,1,0,0,0,0,0,1,2,2,0,Data Analyst,0,1,1,1,0,0,1,1,Diploma,40.0,1.0,1.0,3,1,1,0.28,1
940,79,Bachelor's,0.2,1,0,1,0,0,1,0,4,1,1,Data Science,3,1,1,0,0,0,1,0,Bachelor's,66.67,0.06666666666666667,0.07,2,2,1,0.44,0
660,48,Bachelor's,1.5,0,1,1,0,0,0,1,6,4,0,AI Engineer,1,1,1,1,0,1,0,0,Bachelor's,50.0,1.5,1.0,2,2,1,0.56,1
231,51,Master's,5.6,0,1,1,0,0,1,0,4,2,1,Machine Learning,5,0,1,1,0,1,0,0,Master's,66.67,1.1199999999999999,1.0,3,3,1,0.58,1
539,97,Bachelor's,0.5,0,1,0,0,0,1,0,0,0,0,Data Analyst,4,0,0,1,0,1,1,0,Bachelor's,33.33,0.125,0.12,2,2,1,0.0,0
701,55,Bachelor's,8.4,1,1,0,0,0,0,1,2,4,1,Machine Learning,2,0,0,0,0,1,1,1,Bachelor's,33.33,4.2,1.0,2,2,1,0.86,1
165,12,Diploma,0.4,1,0,0,0,0,0,0,2,4,1,Machine Learning,3,1,1,0,0,1,1,0,Bachelor's,25.0,0.13333333333333333,0.13,1,2,0,0.86,0
724,83,Master's,0.3,1,0,0,0,0,0,0,0,2,1,Business Intelligence,2,0,1,0,0,0,0,0,Bachelor's,0.0,0.15,0.15,3,2,1,0.58,0
820,69,Bachelor's,1.2,1,0,0,0,1,1,0,2,1,0,Data Science,5,1,0,1,0,0,1,0,Bachelor's,66.67,0.24,0.24,2,2,1,0.14,1
587,1,Diploma,3.0,1,0,0,0,0,1,1,1,1,1,Data Science,4,1,0,0,1,0,1,0,Bachelor's,66.67,0.75,0.75,1,2,0,0.44,0
604,59,Diploma,1.1,1,0,0,0,1,0,0,4,0,0,Data Science,2,0,1,0,0,0,0,0,Master's,0.0,0.55,0.55,1,3,0,0.0,0
66,34,Bachelor's,3.3,0,0,0,0,1,0,0,6,4,1,Machine Learning,2,1,1,0,0,1,0,0,Bachelor's,33.33,1.65,1.0,2,2,1,0.86,1
920,93,Bachelor's,1.3,1,1,0,0,0,1,0,6,5,0,Data Science,1,0,1,1,0,1,1,0,Bachelor's,50.0,1.3,1.0,2,2,1,0.7,1
80,46,Bachelor's,7.5,0,1,0,0,0,0,0,2,3,0,Data Analyst,1,1,1,1,0,0,1,0,Bachelor's,25.0,7.5,1.0,2,2,1,0.42,1
140,59,Master's,2.2,0,0,0,1,1,1,0,0,2,0,Data Science,2,0,1,0,0,0,0,0,Master's,0.0,1.1,1.0,3,3,1,0.28,0
400,66,Master's,3.1,0,1,0,1,1,1,1,1,1,0,Business Intelligence,1,0,1,1,1,0,1,0,Bachelor's,75.0,3.1,1.0,3,2,1,0.14,1
932,19,Master's,2.1,0,0,0,0,0,0,0,1,3,0,Business Intelligence,5,1,0,0,0,0,0,1,Bachelor's,0.0,0.42000000000000004,0.42,3,2,1,0.42,0
130,28,Bachelor's,0.8,1,1,0,1,0,0,0,1,4,0,Data Science,1,0,1,0,1,1,0,0,Bachelor's,66.67,0.8,0.8,2,2,1,0.56,1
985,99,Master's,0.4,1,1,0,0,1,1,0,1,3,0,AI Engineer,2,1,1,0,1,0,0,0,Diploma,66.67,0.2,0.2,3,1,1,0.42,1
446,57,Master's,0.5,1,1,1,0,0,0,0,2,2,1,Business Intelligence,3,0,1,0,1,0,0,0,Bachelor's,50.0,0.16666666666666666,0.17,3,2,1,0.58,1
832,51,Bachelor's,2.3,0,1,1,0,0,1,0,1,2,0,Machine Learning,5,0,1,1,0,1,0,0,Master's,66.67,0.45999999999999996,0.46,2,3,0,0.28,0
29,22,Bachelor's,1.0,1,1,1,0,1,1,0,2,1,1,Data Analyst,2,1,1,0,0,0,1,0,Master's,100.0,0.5,0.5,2,3,0,0.44,0
988,68,Bachelor's,1.7,1,0,0,1,0,1,1,2,1,1,Data Science,4,1,0,0,0,0,1,0,Bachelor's,100.0,0.425,0.42,2,2,1,0.44,0
237,60,Bachelor's,5.0,0,0,0,0,0,0,0,1,4,0,Data Analyst,0,0,1,0,0,0,0,0,Bachelor's,0.0,1.0,1.0,2,2,1,0.56,0
599,65,Bachelor's,0.2,1,0,0,0,1,0,0,0,5,0,Machine Learning,0,1,1,1,0,0,1,0,Master's,25.0,1.0,1.0,2,3,0,0.7,0
608,36,Bachelor's,4.0,1,0,0,1,0,0,0,4,6,1,Business Intelligence,0,0,1,1,0,1,1,0,Master's,0.0,1.0,1.0,2,3,0,1.0,0
799,71,Bachelor's,0.2,0,0,0,1,0,1,0,1,2,1,Data Analyst,2,1,1,0,0,0,0,1,Diploma,0.0,0.1,0.1,2,1,1,0.58,0
399,29,Master's,2.4,0,0,0,0,0,0,1,1,5,0,AI Engineer,0,1,1,1,1,0,1,0,Bachelor's,0.0,1.0,1.0,3,2,1,0.7,1
439,65,Master's,0.6,1,1,1,0,0,1,0,2,2,0,Machine Learning,0,1,1,1,0,0,1,0,Master's,100.0,1.0,1.0,3,3,1,0.28,1
289,56,Bachelor's,0.1,1,1,0,0,1,0,0,1,2,0,Machine Learning,2,0,1,1,1,1,1,1,Diploma,33.33,0.05,0.05,2,1,1,0.28,0
252,82,Bachelor's,1.6,0,0,0,1,0,0,1,1,1,1,Data Analyst,3,1,1,1,0,0,0,1,Bachelor's,25.0,0.5333333333333333,0.53,2,2,1,0.44,1
977,4,Bachelor's,0.8,0,0,0,0,1,0,0,0,2,0,Data Analyst,2,0,1,0,0,0,1,1,Bachelor's,0.0,0.4,0.4,2,2,1,0.28,1
692,84,Bachelor's,1.7,0,1,0,0,0,0,0,4,2,1,AI Engineer,1,1,0,1,1,1,0,0,Bachelor's,0.0,1.7,1.0,2,2,1,0.58,0
100,72,Bachelor's,1.1,1,0,0,0,1,0,0,1,2,1,Data Science,5,1,0,0,0,0,0,1,Master's,50.0,0.22000000000000003,0.22,2,3,0,0.58,0
916,91,Bachelor's,3.2,0,0,1,0,0,1,0,0,4,1,AI Engineer,5,0,1,0,1,1,1,1,Diploma,20.0,0.64,0.64,2,1,1,0.86,1
585,50,Bachelor's,11.0,0,0,1,0,0,1,0,3,1,0,AI Engineer,1,1,0,0,0,1,1,0,Master's,33.33,11.0,1.0,2,3,0,0.14,0
422,39,Master's,1.8,1,1,1,0,0,0,0,2,5,1,Data Science,0,1,0,0,1,0,1,1,Master's,25.0,1.0,1.0,3,3,1,1.0,0
643,35,Bachelor's,1.8,0,0,1,0,0,1,0,4,2,0,Data Science,0,0,0,0,0,0,1,0,Master's,100.0,1.0,1.0,2,3,0,0.28,1
694,25,Bachelor's,0.4,1,0,0,0,1,1,0,2,0,1,Data Science,3,1,1,0,0,0,1,0,Bachelor's,66.67,0.13333333333333333,0.13,2,2,1,0.3,1
18,44,Bachelor's,2.1,0,0,1,0,0,1,0,0,5,0,Business Intelligence,1,1,1,0,0,1,0,0,Bachelor's,0.0,2.1,1.0,2,2,1,0.7,0
471,47,Diploma,2.1,1,0,1,0,0,0,0,2,2,0,Data Analyst,0,1,0,0,0,0,0,1,Master's,50.0,1.0,1.0,1,3,0,0.28,1
638,40,Bachelor's,0.4,0,0,1,1,0,0,0,2,3,1,Data Analyst,2,1,0,0,0,1,0,1,Bachelor's,0.0,0.2,0.2,2,2,1,0.72,0
723,31,Diploma,0.9,0,1,0,1,1,1,0,2,2,0,AI Engineer,1,1,0,1,1,0,0,0,Master's,33.33,0.9,0.9,1,3,0,0.28,0
7,69,Diploma,2.9,1,1,0,1,0,1,0,0,4,1,Data Science,5,1,0,1,0,0,1,0,Bachelor's,66.67,0.58,0.58,1,2,0,0.86,0
419,81,Bachelor's,1.5,1,0,0,0,1,1,0,3,5,0,Data Science,2,1,1,0,0,0,0,1,Bachelor's,33.33,0.75,0.75,2,2,1,0.7,1
380,74,Bachelor's,2.2,0,1,0,0,1,1,0,4,2,0,Data Science,1,1,1,1,0,0,1,0,Bachelor's,50.0,2.2,1.0,2,2,1,0.28,1
508,43,Master's,1.9,1,0,0,0,1,1,0,2,1,0,AI Engineer,3,1,0,0,0,0,0,0,Bachelor's,100.0,0.6333333333333333,0.63,3,2,1,0.14,1
114,55,Master's,1.9,0,0,0,0,0,1,0,4,3,0,Machine Learning,2,0,0,0,0,1,1,1,Bachelor's,33.33,0.95,0.95,3,2,1,0.42,1
852,16,Master's,4.2,1,0,0,1,1,0,0,4,3,1,AI Engineer,2,1,1,0,1,1,1,0,Master's,60.0,2.1,1.0,3,3,1,0.72,1
511,68,Bachelor's,4.2,1,0,0,0,0,0,0,4,1,0,Data Science,4,1,0,0,0,0,1,0,Bachelor's,50.0,1.05,1.0,2,2,1,0.14,0
851,42,Diploma,0.8,0,0,1,0,0,1,1,2,3,1,Business Intelligence,3,0,1,0,0,0,0,0,Diploma,0.0,0.26666666666666666,0.27,1,1,1,0.72,0
873,41,Bachelor's,1.8,0,0,0,0,0,0,0,2,4,0,Business Intelligence,2,1,0,0,0,0,1,1,Bachelor's,0.0,0.9,0.9,2,2,1,0.56,0
976,50,Bachelor's,7.1,1,1,0,1,0,1,0,1,4,1,AI Engineer,1,1,0,0,0,1,1,0,Master's,66.67,7.1,1.0,2,3,0,0.86,1
614,84,Diploma,1.0,0,1,0,0,0,1,0,1,6,1,AI Engineer,1,1,0,1,1,1,0,0,Bachelor's,0.0,1.0,1.0,1,2,0,1.0,0
93,75,Master's,2.3,1,0,0,1,0,0,0,4,3,0,AI Engineer,2,0,1,1,0,1,1,0,Master's,0.0,1.15,1.0,3,3,1,0.42,1
492,53,Bachelor's,1.2,1,1,1,1,0,1,0,0,5,1,Data Science,4,1,0,0,1,0,0,0,Bachelor's,100.0,0.3,0.3,2,2,1,1.0,1
828,17,Bachelor's,8.6,1,0,0,0,0,1,0,0,3,0,AI Engineer,4,1,0,1,0,1,0,0,Bachelor's,33.33,2.15,1.0,2,2,1,0.42,1
102,57,Bachelor's,8.7,1,1,0,0,1,1,1,1,1,1,Business Intelligence,3,0,1,0,1,0,0,0,Bachelor's,50.0,2.9,1.0,2,2,1,0.44,1
493,67,Bachelor's,0.6,0,1,0,0,0,1,0,1,1,0,Data Science,0,1,1,1,0,1,1,0,Bachelor's,40.0,1.0,1.0,2,2,1,0.14,1
763,16,Bachelor's,0.3,0,1,1,1,0,1,0,2,1,0,AI Engineer,2,1,1,0,1,1,1,0,Master's,60.0,0.15,0.15,2,3,0,0.14,0
536,52,Master's,0.3,0,0,0,0,0,0,0,1,4,1,Business Intelligence,1,1,0,1,0,0,0,0,Bachelor's,0.0,0.3,0.3,3,2,1,0.86,0
485,100,Bachelor's,1.0,1,1,0,0,0,1,0,2,2,1,Data Science,5,0,0,0,0,1,0,0,Bachelor's,0.0,0.2,0.2,2,2,1,0.58,0
989,90,Bachelor's,1.4,0,0,1,0,0,0,1,0,2,0,Data Science,0,1,1,0,1,0,1,1,Bachelor's,20.0,1.0,1.0,2,2,1,0.28,1
479,88,Master's,4.0,1,0,0,1,0,0,0,7,1,1,Data Analyst,0,1,1,1,0,0,1,1,Diploma,20.0,1.0,1.0,3,1,1,0.44,1
877,34,Master's,2.2,1,0,0,1,0,0,0,1,4,1,Machine Learning,2,1,1,0,0,1,0,0,Bachelor's,33.33,1.1,1.0,3,2,1,0.86,0
167,84,Bachelor's,4.5,0,1,0,0,0,0,0,3,6,0,AI Engineer,1,1,0,1,1,1,0,0,Bachelor's,0.0,4.5,1.0,2,2,1,0.7,0
140,81,Master's,2.2,0,0,0,1,1,1,0,0,2,0,Data Science,2,1,1,0,0,0,0,1,Bachelor's,0.0,1.1,1.0,3,2,1,0.28,1
94,20,Bachelor's,1.8,1,1,1,0,0,1,1,1,0,1,Data Analyst,2,1,1,0,0,1,0,0,Bachelor's,66.67,0.9,0.9,2,2,1,0.3,1
181,80,Bachelor's,8.2,1,0,0,0,0,1,0,3,2,0,Business Intelligence,2,1,1,0,0,1,1,0,Master's,50.0,4.1,1.0,2,3,0,0.28,1
576,56,Master's,0.3,0,0,0,0,1,1,0,1,1,1,Machine Learning,2,0,1,1,1,1,1,1,Diploma,33.33,0.15,0.15,3,1,1,0.44,0
4,51,Bachelor's,3.3,1,1,0,0,0,0,1,1,3,1,Machine Learning,5,0,1,1,0,1,0,0,Master's,33.33,0.6599999999999999,0.66,2,3,0,0.72,0
606,53,Bachelor's,1.8,1,0,1,0,0,0,0,2,2,0,Data Science,4,1,0,0,1,0,0,0,Bachelor's,50.0,0.45,0.45,2,2,1,0.28,0
389,49,Master's,8.8,0,0,0,0,0,1,0,1,1,0,Data Science,4,1,1,0,0,0,0,0,Diploma,0.0,2.2,1.0,3,1,1,0.14,0
272,4,Master's,4.9,1,0,1,0,1,0,0,2,5,1,Data Analyst,2,0,1,0,0,0,1,1,Bachelor's,0.0,2.45,1.0,3,2,1,1.0,0
795,18,Diploma,0.1,1,0,0,0,0,0,0,1,4,0,Data Analyst,0,1,1,0,0,1,0,0,Diploma,33.33,1.0,1.0,1,1,1,0.56,1
132,36,Bachelor's,1.7,1,1,0,0,1,1,0,2,3,1,Business Intelligence,0,0,1,1,0,1,1,0,Master's,75.0,1.0,1.0,2,3,0,0.72,1
584,35,Bachelor's,1.7,1,1,1,0,0,1,0,1,5,1,Data Science,0,0,0,0,0,0,1,0,Master's,100.0,1.0,1.0,2,3,0,1.0,1
816,30,Bachelor's,8.6,0,1,1,0,0,1,0,1,3,1,Data Analyst,1,1,1,0,1,1,0,0,Bachelor's,25.0,8.6,1.0,2,2,1,0.72,0
904,63,Bachelor's,0.1,1,0,0,0,0,0,0,2,4,1,Business Intelligence,5,1,1,0,0,0,0,0,Diploma,50.0,0.02,0.02,2,1,1,0.86,0
593,82,Bachelor's,0.3,0,1,0,0,0,0,0,4,2,1,Data Analyst,3,1,1,1,0,0,0,1,Bachelor's,25.0,0.09999999999999999,0.1,2,2,1,0.58,0
512,21,Bachelor's,3.2,0,0,0,1,1,0,0,3,2,1,Data Science,1,1,1,0,0,0,1,1,Bachelor's,0.0,3.2,1.0,2,2,1,0.58,1
686,52,Bachelor's,5.0,1,1,0,1,0,0,0,2,3,0,Business Intelligence,1,1,0,1,0,0,0,0,Bachelor's,50.0,5.0,1.0,2,2,1,0.42,1
812,96,Master's,3.6,0,0,1,1,0,1,0,0,3,1,Business Intelligence,2,1,1,0,1,0,0,0,Master's,33.33,1.8,1.0,3,3,1,0.72,1
963,69,Bachelor's,4.6,1,0,0,0,1,1,0,7,3,1,Data Science,5,1,0,1,0,0,1,0,Bachelor's,66.67,0.9199999999999999,0.92,2,2,1,0.72,1
987,41,Bachelor's,3.3,1,0,1,0,0,0,0,2,2,0,Business Intelligence,2,1,0,0,0,0,1,1,Bachelor's,33.33,1.65,1.0,2,2,1,0.28,0
52,54,Master's,1.9,1,0,1,1,1,1,0,5,5,1,Data Analyst,3,1,0,0,0,1,1,0,Bachelor's,100.0,0.6333333333333333,0.63,3,2,1,1.0,1
290,87,Bachelor's,0.2,1,0,1,0,0,0,0,0,1,1,AI Engineer,1,1,0,0,0,0,0,0,Bachelor's,100.0,0.2,0.2,2,2,1,0.44,1
446,30,Master's,0.5,1,1,1,0,0,0,0,2,2,1,Data Analyst,1,1,1,0,1,1,0,0,Bachelor's,50.0,0.5,0.5,3,2,1,0.58,0
237,91,Bachelor's,5.0,0,0,0,0,0,0,0,1,4,0,AI Engineer,5,0,1,0,1,1,1,1,Diploma,0.0,1.0,1.0,2,1,1,0.56,0
789,56,Bachelor's,0.2,0,0,0,1,1,1,0,1,2,0,Machine Learning,2,0,1,1,1,1,1,1,Diploma,50.0,0.1,0.1,2,1,1,0.28,0
491,79,Bachelor's,0.7,1,0,0,0,0,1,1,3,6,0,Data Science,3,1,1,0,0,0,1,0,Bachelor's,66.67,0.2333333333333333,0.23,2,2,1,0.7,1
280,41,Master's,1.7,1,1,0,0,0,0,0,4,3,0,Business Intelligence,2,1,0,0,0,0,1,1,Bachelor's,33.33,0.85,0.85,3,2,1,0.42,0
44,14,Master's,2.5,1,0,0,0,0,1,0,3,2,0,Data Science,3,1,1,0,0,1,1,0,Bachelor's,50.0,0.8333333333333334,0.83,3,2,1,0.28,1
882,21,Bachelor's,5.2,0,1,0,0,0,1,0,2,3,1,Data Science,1,1,1,0,0,0,1,1,Bachelor's,50.0,5.2,1.0,2,2,1,0.72,1
766,98,Bachelor's,1.0,0,0,1,0,1,0,1,1,4,1,Machine Learning,2,1,1,0,1,0,0,0,Bachelor's,0.0,0.5,0.5,2,2,1,0.86,0
937,90,Diploma,0.8,0,0,1,0,0,1,0,5,4,0,Data Science,0,1,1,0,1,0,1,1,Bachelor's,20.0,1.0,1.0,1,2,0,0.56,1
359,50,Master's,0.8,1,1,0,1,1,1,0,0,7,1,AI Engineer,1,1,0,0,0,1,1,0,Master's,100.0,0.8,0.8,3,3,1,1.0,1
646,95,Master's,3.5,1,0,1,0,0,0,0,1,5,0,AI Engineer,3,1,1,1,0,1,1,0,Bachelor's,40.0,1.1666666666666667,1.0,3,2,1,0.7,1
568,53,Bachelor's,0.3,1,1,0,0,0,1,1,2,2,0,Data Science,4,1,0,0,1,0,0,0,Bachelor's,50.0,0.075,0.08,2,2,1,0.28,1
526,48,Bachelor's,0.7,1,0,0,0,1,0,0,1,3,0,AI Engineer,1,1,1,1,0,1,0,0,Bachelor's,50.0,0.7,0.7,2,2,1,0.42,1
690,70,Bachelor's,3.6,1,0,1,0,0,0,0,2,2,0,AI Engineer,1,1,0,1,0,0,1,0,Bachelor's,66.67,3.6,1.0,2,2,1,0.28,1
462,48,Bachelor's,2.6,0,0,0,0,0,1,1,3,2,0,AI Engineer,1,1,1,1,0,1,0,0,Bachelor's,0.0,2.6,1.0,2,2,1,0.28,0
101,4,Diploma,0.1,0,0,0,0,0,1,1,2,5,0,Data Analyst,2,0,1,0,0,0,1,1,Bachelor's,66.67,0.05,0.05,1,2,0,0.7,0
692,24,Bachelor's,1.7,0,1,0,0,0,0,0,4,2,1,Machine Learning,2,1,1,0,1,0,1,0,Master's,25.0,0.85,0.85,2,3,0,0.58,0
984,31,Diploma,1.6,0,0,1,0,1,1,0,4,5,1,AI Engineer,1,1,0,1,1,0,0,0,Master's,33.33,1.6,1.0,1,3,0,1.0,0
461,83,Bachelor's,1.3,0,0,0,1,0,1,1,0,2,1,Business Intelligence,2,0,1,0,0,0,0,0,Bachelor's,0.0,0.65,0.65,2,2,1,0.58,1
769,75,Bachelor's,1.2,1,0,1,0,1,1,0,3,1,0,AI Engineer,2,0,1,1,0,1,1,0,Master's,75.0,0.6,0.6,2,3,0,0.14,0
268,29,Master's,1.6,0,1,0,0,0,1,0,0,2,0,AI Engineer,0,1,1,1,1,0,1,0,Bachelor's,40.0,1.0,1.0,3,2,1,0.28,0
883,5,Diploma,2.5,1,1,1,0,0,1,0,1,5,0,Business Intelligence,4,0,1,0,0,0,1,0,Bachelor's,100.0,0.625,0.62,1,2,0,0.7,0
362,82,Bachelor's,0.6,1,0,0,0,0,1,0,3,1,1,Data Analyst,3,1,1,1,0,0,0,1,Bachelor's,25.0,0.19999999999999998,0.2,2,2,1,0.44,0
408,67,Diploma,4.1,1,1,0,0,0,0,0,3,0,1,Data Science,0,1,1,1,0,1,1,0,Bachelor's,40.0,1.0,1.0,1,2,0,0.3,0
37,75,Bachelor's,1.0,1,0,1,0,1,1,0,1,3,1,AI Engineer,2,0,1,1,0,1,1,0,Master's,75.0,0.5,0.5,2,3,0,0.72,0
468,85,Master's,1.3,1,1,0,1,0,0,0,2,4,1,Data Science,1,1,0,0,0,0,0,0,Master's,100.0,1.3,1.0,3,3,1,0.86,1
966,94,Bachelor's,2.2,0,1,0,1,0,1,0,0,1,0,Business Intelligence,1,0,1,0,1,0,0,1,Diploma,66.67,2.2,1.0,2,1,1,0.14,1
716,83,Master's,12.0,1,0,0,0,0,0,1,2,2,0,Business Intelligence,2,0,1,0,0,0,0,0,Bachelor's,0.0,6.0,1.0,3,2,1,0.28,0
981,53,Bachelor's,0.5,1,1,1,0,0,1,0,2,2,0,Data Science,4,1,0,0,1,0,0,0,Bachelor's,50.0,0.125,0.12,2,2,1,0.28,0
259,89,Bachelor's,0.2,1,0,0,0,1,0,0,3,5,1,Machine Learning,2,0,0,0,0,1,1,0,Bachelor's,50.0,0.1,0.1,2,2,1,1.0,0
509,64,Master's,2.3,0,1,0,0,1,0,1,0,4,0,AI Engineer,3,1,0,1,0,0,1,0,Bachelor's,0.0,0.7666666666666666,0.77,3,2,1,0.56,0
667,35,Bachelor's,0.6,1,1,0,0,0,0,0,6,2,1,Data Science,0,0,0,0,0,0,1,0,Master's,0.0,1.0,1.0,2,3,0,0.58,0
750,12,Bachelor's,0.4,0,1,1,0,0,0,0,1,3,0,Machine Learning,3,1,1,0,0,1,1,0,Bachelor's,25.0,0.13333333333333333,0.13,2,2,1,0.42,0
309,47,Master's,1.0,1,0,1,1,0,0,0,5,1,0,Data Analyst,0,1,0,0,0,0,0,1,Master's,50.0,1.0,1.0,3,3,1,0.14,1
612,90,Master's,2.6,1,0,0,0,1,1,1,2,1,1,Data Science,0,1,1,0,1,0,1,1,Bachelor's,60.0,1.0,1.0,3,2,1,0.44,1
273,55,Master's,3.8,1,1,0,0,0,0,0,3,2,1,Machine Learning,2,0,0,0,0,1,1,1,Bachelor's,0.0,1.9,1.0,3,2,1,0.58,0
625,69,Bachelor's,0.5,1,0,1,0,1,1,0,3,1,1,Data Science,5,1,0,1,0,0,1,0,Bachelor's,100.0,0.1,0.1,2,2,1,0.44,1
110,83,Diploma,0.4,0,1,0,1,1,1,0,5,1,1,Business Intelligence,2,0,1,0,0,0,0,0,Bachelor's,100.0,0.2,0.2,1,2,0,0.44,0
655,91,Bachelor's,0.2,0,0,0,0,0,0,0,4,7,0,AI Engineer,5,0,1,0,1,1,1,1,Diploma,0.0,0.04,0.04,2,1,1,0.7,0
679,38,Master's,0.5,1,1,1,0,0,1,0,2,4,1,AI Engineer,2,1,1,1,0,0,0,1,Bachelor's,75.0,0.25,0.25,3,2,1,0.86,1
260,29,Diploma,2.2,1,1,0,1,0,1,0,4,7,0,AI Engineer,0,1,1,1,1,0,1,0,Bachelor's,80.0,1.0,1.0,1,2,0,0.7,1
657,12,Bachelor's,2.0,0,0,1,0,0,0,0,2,4,1,Machine Learning,3,1,1,0,0,1,1,0,Bachelor's,0.0,0.6666666666666666,0.67,2,2,1,0.86,1
742,19,Bachelor's,3.3,1,1,0,0,0,1,0,1,0,0,Business Intelligence,5,1,0,0,0,0,0,1,Bachelor's,50.0,0.6599999999999999,0.66,2,2,1,0.0,0
907,9,Master's,7.9,0,1,1,0,0,1,0,1,4,0,Data Analyst,0,1,1,0,0,0,0,0,Master's,50.0,1.0,1.0,3,3,1,0.56,1
268,82,Master's,1.6,0,1,0,0,0,1,0,0,2,0,Data Analyst,3,1,1,1,0,0,0,1,Bachelor's,25.0,0.5333333333333333,0.53,3,2,1,0.28,0
32,29,Bachelor's,2.3,0,0,0,0,0,1,0,2,1,1,AI Engineer,0,1,1,1,1,0,1,0,Bachelor's,20.0,1.0,1.0,2,2,1,0.44,0
923,3,Master's,2.4,0,1,0,0,0,1,0,2,2,1,AI Engineer,3,0,1,1,0,0,0,0,Diploma,50.0,0.7999999999999999,0.8,3,1,1,0.58,1
940,87,Bachelor's,0.2,1,0,1,0,0,1,0,4,1,1,AI Engineer,1,1,0,0,0,0,0,0,Bachelor's,100.0,0.2,0.2,2,2,1,0.44,1
731,58,Bachelor's,0.9,0,0,0,1,0,1,0,2,2,0,Data Analyst,4,1,1,1,1,0,0,0,Bachelor's,25.0,0.225,0.22,2,2,1,0.28,0
177,88,Bachelor's,3.8,1,1,0,1,0,0,0,1,2,0,Data Analyst,0,1,1,1,0,0,1,1,Diploma,40.0,1.0,1.0,2,1,1,0.28,1
104,53,Bachelor's,6.6,0,0,0,0,1,0,0,3,0,0,Data Science,4,1,0,0,1,0,0,0,Bachelor's,0.0,1.65,1.0,2,2,1,0.0,0
93,57,Master's,2.3,1,0,0,1,0,0,0,4,3,0,Business Intelligence,3,0,1,0,1,0,0,0,Bachelor's,50.0,0.7666666666666666,0.77,3,2,1,0.42,1
201,54,Bachelor's,3.5,0,1,1,0,1,1,0,1,3,1,Data Analyst,3,1,0,0,0,1,1,0,Bachelor's,66.67,1.1666666666666667,1.0,2,2,1,0.72,1
811,28,Master's,2.7,1,1,0,0,1,1,0,3,1,0,Data Science,1,0,1,0,1,1,0,0,Bachelor's,66.67,2.7,1.0,3,2,1,0.14,1
899,16,Diploma,1.1,1,1,0,1,0,1,0,0,3,0,AI Engineer,2,1,1,0,1,1,1,0,Master's,80.0,0.55,0.55,1,3,0,0.42,1
743,13,Master's,3.7,1,1,0,1,0,0,0,3,3,0,Data Analyst,3,0,1,1,1,0,1,1,Bachelor's,40.0,1.2333333333333334,1.0,3,2,1,0.42,1
925,72,Bachelor's,4.0,1,1,0,0,0,0,0,1,2,0,Data Science,5,1,0,0,0,0,0,1,Master's,50.0,0.8,0.8,2,3,0,0.28,1
767,56,Master's,3.3,1,1,1,0,1,1,0,2,1,0,Machine Learning,2,0,1,1,1,1,1,1,Diploma,66.67,1.65,1.0,3,1,1,0.14,1
597,53,Bachelor's,0.8,1,0,1,0,0,1,0,2,3,0,Data Science,4,1,0,0,1,0,0,0,Bachelor's,50.0,0.2,0.2,2,2,1,0.42,0
35,48,Master's,0.2,0,0,0,0,0,1,0,4,5,1,AI Engineer,1,1,1,1,0,1,0,0,Bachelor's,0.0,0.2,0.2,3,2,1,1.0,0
117,25,Master's,0.2,1,1,1,0,0,0,0,2,1,0,Data Science,3,1,1,0,0,0,1,0,Bachelor's,66.67,0.06666666666666667,0.07,3,2,1,0.14,1
688,66,Bachelor's,1.7,1,0,0,1,0,1,0,4,4,0,Business Intelligence,1,0,1,1,1,0,1,0,Bachelor's,50.0,1.7,1.0,2,2,1,0.56,0
458,30,Bachelor's,2.8,0,1,0,0,0,1,0,4,0,1,Data Analyst,1,1,1,0,1,1,0,0,Bachelor's,25.0,2.8,1.0,2,2,1,0.3,0
471,3,Diploma,2.1,1,0,1,0,0,0,0,2,2,0,AI Engineer,3,0,1,1,0,0,0,0,Diploma,50.0,0.7000000000000001,0.7,1,1,1,0.28,1
935,23,Bachelor's,2.8,0,0,0,0,1,1,0,3,0,0,AI Engineer,4,1,0,0,0,1,1,0,Bachelor's,66.67,0.7,0.7,2,2,1,0.0,1
985,29,Master's,0.4,1,1,0,0,1,1,0,1,3,0,AI Engineer,0,1,1,1,1,0,1,0,Bachelor's,60.0,1.0,1.0,3,2,1,0.42,1
920,41,Bachelor's,1.3,1,1,0,0,0,1,0,6,5,0,Business Intelligence,2,1,0,0,0,0,1,1,Bachelor's,66.67,0.65,0.65,2,2,1,0.7,1
788,94,Bachelor's,2.4,1,0,1,1,1,0,0,3,5,1,Business Intelligence,1,0,1,0,1,0,0,1,Diploma,33.33,2.4,1.0,2,1,1,1.0,1
399,11,Master's,2.4,0,0,0,0,0,0,1,1,5,0,Data Analyst,3,1,1,0,0,1,0,1,Master's,25.0,0.7999999999999999,0.8,3,3,1,0.7,0
597,21,Bachelor's,0.8,1,0,1,0,0,1,0,2,3,0,Data Science,1,1,1,0,0,0,1,1,Bachelor's,50.0,0.8,0.8,2,2,1,0.42,1
117,91,Master's,0.2,1,1,1,0,0,0,0,2,1,0,AI Engineer,5,0,1,0,1,1,1,1,Diploma,20.0,0.04,0.04,3,1,1,0.14,0
362,24,Bachelor's,0.6,1,0,0,0,0,1,0,3,1,1,Machine Learning,2,1,1,0,1,0,1,0,Master's,50.0,0.3,0.3,2,3,0,0.44,0
204,95,Master's,1.0,1,1,1,0,0,1,0,2,2,1,AI Engineer,3,1,1,1,0,1,1,0,Bachelor's,80.0,0.3333333333333333,0.33,3,2,1,0.58,1
146,94,Diploma,5.3,0,0,0,1,0,0,0,2,4,0,Business Intelligence,1,0,1,0,1,0,0,1,Diploma,33.33,5.3,1.0,1,1,1,0.56,1
444,65,Bachelor's,1.5,0,1,0,1,0,0,0,1,3,0,Machine Learning,0,1,1,1,0,0,1,0,Master's,25.0,1.0,1.0,2,3,0,0.42,0
727,1,Bachelor's,1.8,1,0,1,0,0,1,0,3,1,0,Data Science,4,1,0,0,1,0,1,0,Bachelor's,66.67,0.45,0.45,2,2,1,0.14,1
617,54,Diploma,12.0,1,1,1,1,0,1,1,1,5,1,Data Analyst,3,1,0,0,0,1,1,0,Bachelor's,66.67,4.0,1.0,1,2,0,1.0,1
861,72,Master's,3.7,0,1,0,0,0,1,0,1,3,1,Data Science,5,1,0,0,0,0,0,1,Master's,0.0,0.74,0.74,3,3,1,0.72,0
297,34,Master's,0.5,1,1,0,0,0,1,0,0,1,1,Machine Learning,2,1,1,0,0,1,0,0,Bachelor's,66.67,0.25,0.25,3,2,1,0.44,1
868,80,Bachelor's,0.5,0,1,0,0,0,1,0,3,1,0,Business Intelligence,2,1,1,0,0,1,1,0,Master's,50.0,0.25,0.25,2,3,0,0.14,0
581,91,Bachelor's,0.7,1,0,1,0,1,0,0,1,0,0,AI Engineer,5,0,1,0,1,1,1,1,Diploma,20.0,0.13999999999999999,0.14,2,1,1,0.0,0
487,68,Diploma,1.3,1,0,0,0,1,1,0,2,2,0,Data Science,4,1,0,0,0,0,1,0,Bachelor's,100.0,0.325,0.32,1,2,0,0.28,0
986,83,Bachelor's,0.2,0,1,0,0,0,0,0,1,1,1,Business Intelligence,2,0,1,0,0,0,0,0,Bachelor's,100.0,0.1,0.1,2,2,1,0.44,1
767,29,Master's,3.3,1,1,1,0,1,1,0,2,1,0,AI Engineer,0,1,1,1,1,0,1,0,Bachelor's,80.0,1.0,1.0,3,2,1,0.14,1
231,3,Master's,5.6,0,1,1,0,0,1,0,4,2,1,AI Engineer,3,0,1,1,0,0,0,0,Diploma,100.0,1.8666666666666665,1.0,3,1,1,0.58,1
362,8,Bachelor's,0.6,1,0,0,0,0,1,0,3,1,1,AI Engineer,2,1,0,0,0,0,1,0,Master's,100.0,0.3,0.3,2,3,0,0.44,1
395,62,Bachelor's,1.0,0,1,1,0,1,1,0,1,2,1,Machine Learning,1,1,1,1,0,0,0,1,Diploma,50.0,1.0,1.0,2,1,1,0.58,1
248,33,Master's,0.1,0,0,0,1,1,0,0,3,2,1,AI Engineer,3,0,1,0,0,0,0,0,Bachelor's,0.0,0.03333333333333333,0.03,3,2,1,0.58,0
440,8,Diploma,2.8,1,1,0,1,0,1,0,0,2,1,AI Engineer,2,1,0,0,0,0,1,0,Master's,100.0,1.4,1.0,1,3,0,0.58,1
914,25,Bachelor's,1.1,0,1,0,0,0,1,0,0,1,0,Data Science,3,1,1,0,0,0,1,0,Bachelor's,66.67,0.3666666666666667,0.37,2,2,1,0.14,1
396,88,Master's,4.4,1,1,1,0,0,1,0,3,0,0,Data Analyst,0,1,1,1,0,0,1,1,Diploma,80.0,1.0,1.0,3,1,1,0.0,1
761,26,Bachelor's,1.5,1,0,0,1,0,0,0,1,3,1,Machine Learning,2,1,0,0,0,1,1,1,Bachelor's,25.0,0.75,0.75,2,2,1,0.72,1
656,26,Bachelor's,6.9,1,0,0,0,0,0,0,2,4,1,Machine Learning,2,1,0,0,0,1,1,1,Bachelor's,25.0,3.45,1.0,2,2,1,0.86,0
795,17,Diploma,0.1,1,0,0,0,0,0,0,1,4,0,AI Engineer,4,1,0,1,0,1,0,0,Bachelor's,33.33,0.025,0.02,1,2,0,0.56,0
356,91,Bachelor's,5.2,1,0,0,0,1,0,0,1,9,0,AI Engineer,5,0,1,0,1,1,1,1,Diploma,20.0,1.04,1.0,2,1,1,0.7,1
401,29,Bachelor's,0.5,1,0,0,0,0,1,0,1,1,0,AI Engineer,0,1,1,1,1,0,1,0,Bachelor's,40.0,1.0,1.0,2,2,1,0.14,0
241,43,Master's,5.1,0,0,1,1,1,0,0,2,1,0,AI Engineer,3,1,0,0,0,0,0,0,Bachelor's,0.0,1.7,1.0,3,2,1,0.14,0
887,78,Bachelor's,0.0,1,1,0,0,0,1,0,0,1,0,Business Intelligence,5,1,0,0,0,1,1,0,Master's,66.67,0.0,0.0,2,3,0,0.14,0
229,5,Master's,10.3,1,0,0,0,1,0,0,4,2,1,Business Intelligence,4,0,1,0,0,0,1,0,Bachelor's,0.0,2.575,1.0,3,2,1,0.58,0
543,50,Bachelor's,2.1,0,0,0,1,1,1,1,3,2,0,AI Engineer,1,1,0,0,0,1,1,0,Master's,66.67,2.1,1.0,2,3,0,0.28,0
621,94,Bachelor's,1.6,0,1,1,0,0,0,1,0,4,0,Business Intelligence,1,0,1,0,1,0,0,1,Diploma,66.67,1.6,1.0,2,1,1,0.56,1
539,63,Bachelor's,0.5,0,1,0,0,0,1,0,0,0,0,Business Intelligence,5,1,1,0,0,0,0,0,Diploma,50.0,0.1,0.1,2,1,1,0.0,0
855,57,Bachelor's,6.3,1,1,0,0,0,1,0,2,5,1,Business Intelligence,3,0,1,0,1,0,0,0,Bachelor's,50.0,2.1,1.0,2,2,1,1.0,1
672,92,Master's,5.3,1,0,1,0,1,1,0,4,3,0,Machine Learning,3,0,1,0,0,0,1,0,Bachelor's,50.0,1.7666666666666666,1.0,3,2,1,0.42,1
529,45,Diploma,4.1,1,1,0,0,0,0,0,6,1,1,Business Intelligence,1,0,0,0,0,0,1,0,Bachelor's,0.0,4.1,1.0,1,2,0,0.44,0
267,37,Bachelor's,1.2,0,0,0,0,1,1,0,5,4,1,Data Analyst,0,1,0,0,0,0,0,0,Bachelor's,0.0,1.0,1.0,2,2,1,0.86,0
129,72,Diploma,1.2,0,1,0,0,0,1,1,1,1,0,Data Science,5,1,0,0,0,0,0,1,Master's,50.0,0.24,0.24,1,3,0,0.14,0
220,79,Master's,0.8,1,1,0,0,0,0,0,2,3,0,Data Science,3,1,1,0,0,0,1,0,Bachelor's,66.67,0.26666666666666666,0.27,3,2,1,0.42,1
82,92,Bachelor's,0.2,1,1,0,0,1,0,0,1,3,1,Machine Learning,3,0,1,0,0,0,1,0,Bachelor's,50.0,0.06666666666666667,0.07,2,2,1,0.72,0
561,36,Master's,1.1,0,0,1,0,0,0,0,1,5,0,Business Intelligence,0,0,1,1,0,1,1,0,Master's,25.0,1.0,1.0,3,3,1,0.7,1
553,33,Bachelor's,4.3,0,1,0,1,0,0,0,3,1,1,AI Engineer,3,0,1,0,0,0,0,0,Bachelor's,100.0,1.4333333333333333,1.0,2,2,1,0.44,1
20,6,Bachelor's,0.1,0,1,0,1,0,0,1,2,4,0,Data Science,2,0,0,0,0,1,0,0,Diploma,0.0,0.05,0.05,2,1,1,0.56,0
327,76,Bachelor's,0.5,0,1,0,0,1,1,0,2,3,0,Data Science,0,1,0,0,0,0,1,0,Master's,50.0,1.0,1.0,2,3,0,0.42,0
37,71,Bachelor's,1.0,1,0,1,0,1,1,0,1,3,1,Data Analyst,2,1,1,0,0,0,0,1,Diploma,33.33,0.5,0.5,2,1,1,0.72,1
382,45,Bachelor's,1.2,0,0,0,0,0,1,0,0,3,1,Business Intelligence,1,0,0,0,0,0,1,0,Bachelor's,100.0,1.2,1.0,2,2,1,0.72,1
912,92,Bachelor's,5.2,1,0,0,1,1,1,0,2,2,0,Machine Learning,3,0,1,0,0,0,1,0,Bachelor's,50.0,1.7333333333333334,1.0,2,2,1,0.28,1
39,7,Bachelor's,0.2,1,0,1,0,0,1,0,3,4,0,AI Engineer,2,1,0,0,0,1,0,0,Bachelor's,50.0,0.1,0.1,2,2,1,0.56,0
109,65,Bachelor's,3.0,1,1,1,1,0,0,0,3,4,0,Machine Learning,0,1,1,1,0,0,1,0,Master's,75.0,1.0,1.0,2,3,0,0.56,1
429,24,Bachelor's,2.5,1,1,0,0,0,0,0,1,2,1,Machine Learning,2,1,1,0,1,0,1,0,Master's,50.0,1.25,1.0,2,3,0,0.58,1
64,45,Bachelor's,1.4,1,1,0,0,0,0,0,5,4,1,Business Intelligence,1,0,0,0,0,0,1,0,Bachelor's,0.0,1.4,1.0,2,2,1,0.86,1
175,61,Bachelor's,2.5,1,0,1,0,0,1,0,1,1,0,Business Intelligence,2,0,0,1,0,0,1,0,Bachelor's,100.0,1.25,1.0,2,2,1,0.14,1
791,19,Bachelor's,0.4,0,0,0,0,1,1,1,2,2,0,Business Intelligence,5,1,0,0,0,0,0,1,Bachelor's,50.0,0.08,0.08,2,2,1,0.28,0
32,32,Bachelor's,2.3,0,0,0,0,0,1,0,2,1,1,AI Engineer,1,0,0,0,0,1,1,0,Diploma,50.0,2.3,1.0,2,1,1,0.44,1
945,30,Bachelor's,3.9,0,0,1,1,0,1,0,3,3,0,Data Analyst,1,1,1,0,1,1,0,0,Bachelor's,25.0,3.9,1.0,2,2,1,0.42,0
721,65,Master's,0.4,0,0,0,0,1,1,0,2,4,1,Machine Learning,0,1,1,1,0,0,1,0,Master's,25.0,1.0,1.0,3,3,1,0.86,1
891,32,Master's,0.3,1,1,0,0,0,1,0,4,4,0,AI Engineer,1,0,0,0,0,1,1,0,Diploma,50.0,0.3,0.3,3,1,1,0.56,1
531,57,Master's,0.9,0,0,0,0,0,1,1,2,3,0,Business Intelligence,3,0,1,0,1,0,0,0,Bachelor's,0.0,0.3,0.3,3,2,1,0.42,0
106,20,Bachelor's,0.5,1,0,1,0,0,1,0,5,2,1,Data Analyst,2,1,1,0,0,1,0,0,Bachelor's,33.33,0.25,0.25,2,2,1,0.58,0
482,85,Bachelor's,0.3,0,1,0,0,0,1,0,1,0,1,Data Science,1,1,0,0,0,0,0,0,Master's,0.0,0.3,0.3,2,3,0,0.3,0
206,83,Diploma,3.7,0,1,0,0,1,1,0,1,2,0,Business Intelligence,2,0,1,0,0,0,0,0,Bachelor's,100.0,1.85,1.0,1,2,0,0.28,1
247,94,Bachelor's,0.4,1,1,0,1,0,0,0,0,1,0,Business Intelligence,1,0,1,0,1,0,0,1,Diploma,66.67,0.4,0.4,2,1,1,0.14,0
835,92,Bachelor's,4.2,1,0,0,1,1,1,1,1,3,0,Machine Learning,3,0,1,0,0,0,1,0,Bachelor's,50.0,1.4000000000000001,1.0,2,2,1,0.42,1
679,96,Master's,0.5,1,1,1,0,0,1,0,2,4,1,Business Intelligence,2,1,1,0,1,0,0,0,Master's,66.67,0.25,0.25,3,3,1,0.86,1
89,30,Master's,11.8,0,1,1,0,1,1,0,2,2,1,Data Analyst,1,1,1,0,1,1,0,0,Bachelor's,50.0,11.8,1.0,3,2,1,0.58,1
316,87,Bachelor's,2.6,1,1,0,0,1,0,0,3,4,1,AI Engineer,1,1,0,0,0,0,0,0,Bachelor's,100.0,2.6,1.0,2,2,1,0.86,1
11,91,Diploma,0.6,1,1,0,0,1,1,1,1,0,0,AI Engineer,5,0,1,0,1,1,1,1,Diploma,80.0,0.12,0.12,1,1,1,0.0,0
49,59,Bachelor's,5.1,1,0,1,0,1,1,1,2,3,1,Data Science,2,0,1,0,0,0,0,0,Master's,0.0,2.55,1.0,2,3,0,0.72,0
896,62,Bachelor's,3.3,0,1,0,0,1,0,0,0,0,0,Machine Learning,1,1,1,1,0,0,0,1,Diploma,25.0,3.3,1.0,2,1,1,0.0,0
979,67,Bachelor's,5.2,0,0,0,0,1,0,0,1,2,1,Data Science,0,1,1,1,0,1,1,0,Bachelor's,20.0,1.0,1.0,2,2,1,0.58,1
573,31,Bachelor's,3.3,1,1,0,1,0,1,0,3,1,1,AI Engineer,1,1,0,1,1,0,0,0,Master's,66.67,3.3,1.0,2,3,0,0.44,1
171,66,Bachelor's,2.4,0,1,0,0,0,1,1,2,1,0,Business Intelligence,1,0,1,1,1,0,1,0,Bachelor's,50.0,2.4,1.0,2,2,1,0.14,1
143,54,Bachelor's,2.8,0,1,0,0,0,0,0,1,1,1,Data Analyst,3,1,0,0,0,1,1,0,Bachelor's,0.0,0.9333333333333332,0.93,2,2,1,0.44,0
207,10,Bachelor's,2.9,1,1,0,1,0,1,0,1,2,1,AI Engineer,5,0,1,0,1,1,0,0,Master's,66.67,0.58,0.58,2,3,0,0.58,1
998,38,Bachelor's,0.2,1,0,0,1,1,1,1,2,6,0,AI Engineer,2,1,1,1,0,0,0,1,Bachelor's,50.0,0.1,0.1,2,2,1,0.7,0
463,83,Master's,0.3,0,1,1,0,1,0,0,1,3,0,Business Intelligence,2,0,1,0,0,0,0,0,Bachelor's,100.0,0.15,0.15,3,2,1,0.42,0
509,31,Master's,2.3,0,1,0,0,1,0,1,0,4,0,AI Engineer,1,1,0,1,1,0,0,0,Master's,0.0,2.3,1.0,3,3,1,0.56,0
201,29,Bachelor's,3.5,0,1,1,0,1,1,0,1,3,1,AI Engineer,0,1,1,1,1,0,1,0,Bachelor's,60.0,1.0,1.0,2,2,1,0.72,1
5,25,Bachelor's,4.1,1,1,0,1,0,1,0,0,4,1,Data Science,3,1,1,0,0,0,1,0,Bachelor's,100.0,1.3666666666666665,1.0,2,2,1,0.86,1
211,32,Bachelor's,1.4,0,0,0,1,0,1,0,2,4,1,AI Engineer,1,0,0,0,0,1,1,0,Diploma,50.0,1.4,1.0,2,1,1,0.86,1
984,17,Diploma,1.6,0,0,1,0,1,1,0,4,5,1,AI Engineer,4,1,0,1,0,1,0,0,Bachelor's,66.67,0.4,0.4,1,2,0,1.0,0
29,45,Bachelor's,1.0,1,1,1,0,1,1,0,2,1,1,Business Intelligence,1,0,0,0,0,0,1,0,Bachelor's,100.0,1.0,1.0,2,2,1,0.44,1
190,49,Bachelor's,3.1,0,1,1,0,0,0,0,0,5,0,Data Science,4,1,1,0,0,0,0,0,Diploma,50.0,0.775,0.78,2,1,1,0.7,1
188,87,Bachelor's,0.2,0,0,0,0,0,1,1,1,3,0,AI Engineer,1,1,0,0,0,0,0,0,Bachelor's,0.0,0.2,0.2,2,2,1,0.42,0
837,18,Master's,0.3,0,1,0,1,0,0,0,2,1,1,Data Analyst,0,1,1,0,0,1,0,0,Diploma,33.33,1.0,1.0,3,1,1,0.44,0
767,75,Master's,3.3,1,1,1,0,1,1,0,2,1,0,AI Engineer,2,0,1,1,0,1,1,0,Master's,100.0,1.65,1.0,3,3,1,0.14,1
150,52,Bachelor's,5.0,0,0,1,0,1,0,0,6,5,0,Business Intelligence,1,1,0,1,0,0,0,0,Bachelor's,50.0,5.0,1.0,2,2,1,0.7,1
525,20,Master's,1.7,0,0,1,0,0,1,0,4,3,1,Data Analyst,2,1,1,0,0,1,0,0,Bachelor's,0.0,0.85,0.85,3,2,1,0.72,0
946,62,Diploma,1.8,1,0,1,0,1,1,1,0,3,0,Machine Learning,1,1,1,1,0,0,0,1,Diploma,75.0,1.8,1.0,1,1,1,0.42,1
884,13,Bachelor's,3.6,1,0,0,1,0,0,0,3,1,1,Data Analyst,3,0,1,1,1,0,1,1,Bachelor's,20.0,1.2,1.0,2,2,1,0.44,1
80,92,Bachelor's,7.5,0,1,0,0,0,0,0,2,3,0,Machine Learning,3,0,1,0,0,0,1,0,Bachelor's,50.0,2.5,1.0,2,2,1,0.42,1
868,99,Bachelor's,0.5,0,1,0,0,0,1,0,3,1,0,AI Engineer,2,1,1,0,1,0,0,0,Diploma,33.33,0.25,0.25,2,1,1,0.14,0
273,21,Master's,3.8,1,1,0,0,0,0,0,3,2,1,Data Science,1,1,1,0,0,0,1,1,Bachelor's,50.0,3.8,1.0,3,2,1,0.58,1
660,6,Bachelor's,1.5,0,1,1,0,0,0,1,6,4,0,Data Science,2,0,0,0,0,1,0,0,Diploma,0.0,0.75,0.75,2,1,1,0.56,0
718,71,Master's,3.0,0,0,1,0,0,0,0,5,2,1,Data Analyst,2,1,1,0,0,0,0,1,Diploma,0.0,1.5,1.0,3,1,1,0.58,1
626,93,Bachelor's,2.9,0,0,1,1,0,0,0,0,1,0,Data Science,1,0,1,1,0,1,1,0,Bachelor's,25.0,2.9,1.0,2,2,1,0.14,1
518,53,Master's,5.7,1,0,1,1,1,1,1,5,2,0,Data Science,4,1,0,0,1,0,0,0,Bachelor's,100.0,1.425,1.0,3,2,1,0.28,1
790,87,Master's,1.8,0,1,0,0,0,1,0,4,3,0,AI Engineer,1,1,0,0,0,0,0,0,Bachelor's,0.0,1.8,1.0,3,2,1,0.42,1
232,52,Bachelor's,0.7,1,1,0,0,1,1,0,3,4,0,Business Intelligence,1,1,0,1,0,0,0,0,Bachelor's,50.0,0.7,0.7,2,2,1,0.56,1
649,69,Master's,3.8,1,1,1,0,0,1,0,5,1,0,Data Science,5,1,0,1,0,0,1,0,Bachelor's,100.0,0.76,0.76,3,2,1,0.14,1
160,86,Master's,0.1,0,0,0,0,1,1,0,3,4,1,Data Science,3,0,0,1,1,0,1,0,Bachelor's,33.33,0.03333333333333333,0.03,3,2,1,0.86,0
344,9,Bachelor's,3.2,1,0,1,0,1,1,0,1,3,1,Data Analyst,0,1,1,0,0,0,0,0,Master's,50.0,1.0,1.0,2,3,0,0.72,1
205,74,Bachelor's,1.7,0,1,0,1,0,0,0,3,4,1,Data Science,1,1,1,1,0,0,1,0,Bachelor's,25.0,1.7,1.0,2,2,1,0.86,1
995,46,Bachelor's,3.5,1,0,0,0,1,1,0,6,4,0,Data Analyst,1,1,1,1,0,0,1,0,Bachelor's,50.0,3.5,1.0,2,2,1,0.56,1
838,92,Bachelor's,1.0,1,0,0,0,0,0,0,3,6,0,Machine Learning,3,0,1,0,0,0,1,0,Bachelor's,0.0,0.3333333333333333,0.33,2,2,1,0.7,0
305,75,Master's,3.1,0,0,1,0,0,1,0,4,2,0,AI Engineer,2,0,1,1,0,1,1,0,Master's,50.0,1.55,1.0,3,3,1,0.28,1
360,71,Bachelor's,2.2,1,1,0,0,0,0,0,4,4,0,Data Analyst,2,1,1,0,0,0,0,1,Diploma,66.67,1.1,1.0,2,1,1,0.56,1
670,30,Bachelor's,4.3,1,0,1,0,0,1,1,0,3,0,Data Analyst,1,1,1,0,1,1,0,0,Bachelor's,25.0,4.3,1.0,2,2,1,0.42,0
870,43,Master's,3.2,1,0,1,0,1,1,0,1,5,0,AI Engineer,3,1,0,0,0,0,0,0,Bachelor's,100.0,1.0666666666666667,1.0,3,2,1,0.7,1
400,59,Master's,3.1,0,1,0,1,1,1,1,1,1,0,Data Science,2,0,1,0,0,0,0,0,Master's,100.0,1.55,1.0,3,3,1,0.14,1
449,38,Bachelor's,7.2,1,1,0,0,0,0,0,4,9,1,AI Engineer,2,1,1,1,0,0,0,1,Bachelor's,50.0,3.6,1.0,2,2,1,1.0,1
106,34,Bachelor's,0.5,1,0,1,0,0,1,0,5,2,1,Machine Learning,2,1,1,0,0,1,0,0,Bachelor's,33.33,0.25,0.25,2,2,1,0.58,1
82,46,Bachelor's,0.2,1,1,0,0,1,0,0,1,3,1,Data Analyst,1,1,1,1,0,0,1,0,Bachelor's,50.0,0.2,0.2,2,2,1,0.72,0
342,92,Bachelor's,1.6,1,1,0,1,0,1,0,6,2,1,Machine Learning,3,0,1,0,0,0,1,0,Bachelor's,100.0,0.5333333333333333,0.53,2,2,1,0.58,1
986,32,Bachelor's,0.2,0,1,0,0,0,0,0,1,1,1,AI Engineer,1,0,0,0,0,1,1,0,Diploma,0.0,0.2,0.2,2,1,1,0.44,0
782,16,Bachelor's,5.8,0,0,0,0,0,1,1,1,3,1,AI Engineer,2,1,1,0,1,1,1,0,Master's,20.0,2.9,1.0,2,3,0,0.72,0
952,39,Bachelor's,0.6,0,1,0,0,0,1,1,1,3,0,Data Science,0,1,0,0,1,0,1,1,Master's,50.0,1.0,1.0,2,3,0,0.42,0
421,1,Master's,1.0,1,1,0,0,1,1,0,2,1,0,Data Science,4,1,0,0,1,0,1,0,Bachelor's,66.67,0.25,0.25,3,2,1,0.14,0
49,98,Bachelor's,5.1,1,0,1,0,1,1,1,2,3,1,Machine Learning,2,1,1,0,1,0,0,0,Bachelor's,33.33,2.55,1.0,2,2,1,0.72,1
206,57,Diploma,3.7,0,1,0,0,1,1,0,1,2,0,Business Intelligence,3,0,1,0,1,0,0,0,Bachelor's,50.0,1.2333333333333334,1.0,1,2,0,0.28,1
218,87,Master's,2.9,1,0,0,0,0,0,0,3,5,0,AI Engineer,1,1,0,0,0,0,0,0,Bachelor's,100.0,2.9,1.0,3,2,1,0.7,1
818,20,Bachelor's,3.7,1,1,1,0,1,0,0,2,4,1,Data Analyst,2,1,1,0,0,1,0,0,Bachelor's,100.0,1.85,1.0,2,2,1,0.86,1
676,82,Master's,0.9,1,0,1,0,1,1,0,0,1,0,Data Analyst,3,1,1,1,0,0,0,1,Bachelor's,50.0,0.3,0.3,3,2,1,0.14,0
436,82,Master's,0.1,1,0,0,0,0,0,0,1,2,1,Data Analyst,3,1,1,1,0,0,0,1,Bachelor's,25.0,0.03333333333333333,0.03,3,2,1,0.58,0
322,85,Master's,0.4,0,0,1,0,0,1,0,1,2,1,Data Science,1,1,0,0,0,0,0,0,Master's,0.0,0.4,0.4,3,3,1,0.58,0
231,72,Master's,5.6,0,1,1,0,0,1,0,4,2,1,Data Science,5,1,0,0,0,0,0,1,Master's,0.0,1.1199999999999999,1.0,3,3,1,0.58,1
711,34,Master's,0.4,0,0,0,0,0,1,1,6,6,1,Machine Learning,2,1,1,0,0,1,0,0,Bachelor's,0.0,0.2,0.2,3,2,1,1.0,0
487,50,Diploma,1.3,1,0,0,0,1,1,0,2,2,0,AI Engineer,1,1,0,0,0,1,1,0,Master's,100.0,1.3,1.0,1,3,0,0.28,1
429,11,Bachelor's,2.5,1,1,0,0,0,0,0,1,2,1,Data Analyst,3,1,1,0,0,1,0,1,Master's,50.0,0.8333333333333334,0.83,2,3,0,0.58,0
883,43,Diploma,2.5,1,1,1,0,0,1,0,1,5,0,AI Engineer,3,1,0,0,0,0,0,0,Bachelor's,100.0,0.8333333333333334,0.83,1,2,0,0.7,1
726,10,Master's,0.2,1,1,0,0,0,1,0,3,4,1,AI Engineer,5,0,1,0,1,1,0,0,Master's,33.33,0.04,0.04,3,3,1,0.86,0
284,8,Diploma,0.0,1,1,0,1,1,0,0,2,3,1,AI Engineer,2,1,0,0,0,0,1,0,Master's,50.0,0.0,0.0,1,3,0,0.72,0
486,72,Master's,1.1,0,1,1,1,0,0,0,0,1,0,Data Science,5,1,0,0,0,0,0,1,Master's,0.0,0.22000000000000003,0.22,3,3,1,0.14,0
276,19,Bachelor's,0.3,0,1,0,0,0,0,0,2,1,1,Business Intelligence,5,1,0,0,0,0,0,1,Bachelor's,0.0,0.06,0.06,2,2,1,0.44,0
433,65,Bachelor's,1.7,0,1,0,0,1,1,0,3,5,0,Machine Learning,0,1,1,1,0,0,1,0,Master's,50.0,1.0,1.0,2,3,0,0.7,1
185,55,Bachelor's,0.3,0,1,0,1,0,1,0,0,4,1,Machine Learning,2,0,0,0,0,1,1,1,Bachelor's,33.33,0.15,0.15,2,2,1,0.86,0
722,52,Bachelor's,0.3,0,1,0,0,0,0,0,2,2,0,Business Intelligence,1,1,0,1,0,0,0,0,Bachelor's,0.0,0.3,0.3,2,2,1,0.28,0
633,3,Bachelor's,2.7,1,0,1,0,0,1,0,4,2,0,AI Engineer,3,0,1,1,0,0,0,0,Diploma,50.0,0.9,0.9,2,1,1,0.28,1
216,53,Bachelor's,0.6,1,0,1,0,1,0,0,1,4,0,Data Science,4,1,0,0,1,0,0,0,Bachelor's,50.0,0.15,0.15,2,2,1,0.56,0
955,96,Bachelor's,12.0,0,0,0,0,1,0,0,0,1,0,Business Intelligence,2,1,1,0,1,0,0,0,Master's,0.0,6.0,1.0,2,3,0,0.14,0
119,48,Master's,0.8,1,0,0,1,0,0,0,2,4,0,AI Engineer,1,1,1,1,0,1,0,0,Bachelor's,25.0,0.8,0.8,3,2,1,0.56,0
365,54,Master's,3.3,0,1,0,0,0,1,0,3,4,0,Data Analyst,3,1,0,0,0,1,1,0,Bachelor's,33.33,1.0999999999999999,1.0,3,2,1,0.56,1
794,16,Bachelor's,2.9,1,1,0,1,0,0,0,0,2,0,AI Engineer,2,1,1,0,1,1,1,0,Master's,60.0,1.45,1.0,2,3,0,0.28,0
403,30,Bachelor's,0.1,1,1,0,1,0,1,0,3,2,1,Data Analyst,1,1,1,0,1,1,0,0,Bachelor's,75.0,0.1,0.1,2,2,1,0.58,0
618,92,Bachelor's,2.7,1,1,1,0,0,0,0,2,2,1,Machine Learning,3,0,1,0,0,0,1,0,Bachelor's,50.0,0.9,0.9,2,2,1,0.58,1
397,28,Master's,1.4,1,1,0,0,0,1,0,2,2,0,Data Science,1,0,1,0,1,1,0,0,Bachelor's,33.33,1.4,1.0,3,2,1,0.28,0
458,16,Bachelor's,2.8,0,1,0,0,0,1,0,4,0,1,AI Engineer,2,1,1,0,1,1,1,0,Master's,40.0,1.4,1.0,2,3,0,0.3,0
318,51,Bachelor's,3.3,1,0,0,1,0,0,0,3,3,0,Machine Learning,5,0,1,1,0,1,0,0,Master's,0.0,0.6599999999999999,0.66,2,3,0,0.42,0
382,33,Bachelor's,1.2,0,0,0,0,0,1,0,0,3,1,AI Engineer,3,0,1,0,0,0,0,0,Bachelor's,0.0,0.39999999999999997,0.4,2,2,1,0.72,0
142,25,Bachelor's,1.1,1,1,0,0,0,1,0,0,6,1,Data Science,3,1,1,0,0,0,1,0,Bachelor's,100.0,0.3666666666666667,0.37,2,2,1,1.0,1
457,18,Diploma,2.9,1,1,1,0,0,0,0,1,1,1,Data Analyst,0,1,1,0,0,1,0,0,Diploma,66.67,1.0,1.0,1,1,1,0.44,1
501,26,Bachelor's,1.8,0,0,0,0,0,1,0,0,2,0,Machine Learning,2,1,0,0,0,1,1,1,Bachelor's,25.0,0.9,0.9,2,2,1,0.28,1
907,6,Master's,7.9,0,1,1,0,0,1,0,1,4,0,Data Science,2,0,0,0,0,1,0,0,Diploma,0.0,3.95,1.0,3,1,1,0.56,0
323,38,Bachelor's,5.1,0,1,1,0,0,1,0,4,4,0,AI Engineer,2,1,1,1,0,0,0,1,Bachelor's,50.0,2.55,1.0,2,2,1,0.56,1
1000,44,Bachelor's,0.8,0,0,0,0,0,1,1,0,4,1,Business Intelligence,1,1,1,0,0,1,0,0,Bachelor's,0.0,0.8,0.8,2,2,1,0.86,0
268,67,Master's,1.6,0,1,0,0,0,1,0,0,2,0,Data Science,0,1,1,1,0,1,1,0,Bachelor's,40.0,1.0,1.0,3,2,1,0.28,1
803,43,Bachelor's,1.1,0,1,1,0,0,0,0,1,4,1,AI Engineer,3,1,0,0,0,0,0,0,Bachelor's,0.0,0.3666666666666667,0.37,2,2,1,0.86,0
487,6,Diploma,1.3,1,0,0,0,1,1,0,2,2,0,Data Science,2,0,0,0,0,1,0,0,Diploma,100.0,0.65,0.65,1,1,1,0.28,1
878,78,Bachelor's,1.8,1,1,1,0,0,1,0,2,1,0,Business Intelligence,5,1,0,0,0,1,1,0,Master's,66.67,0.36,0.36,2,3,0,0.14,0
160,82,Master's,0.1,0,0,0,0,1,1,0,3,4,1,Data Analyst,3,1,1,1,0,0,0,1,Bachelor's,0.0,0.03333333333333333,0.03,3,2,1,0.86,0
743,80,Master's,3.7,1,1,0,1,0,0,0,3,3,0,Business Intelligence,2,1,1,0,0,1,1,0,Master's,50.0,1.85,1.0,3,3,1,0.42,1
14,88,Bachelor's,0.1,1,0,0,0,0,1,0,0,4,0,Data Analyst,0,1,1,1,0,0,1,1,Diploma,40.0,1.0,1.0,2,1,1,0.56,1
705,13,Diploma,1.4,0,1,0,1,0,1,0,3,2,1,Data Analyst,3,0,1,1,1,0,1,1,Bachelor's,60.0,0.4666666666666666,0.47,1,2,0,0.58,0
155,65,Master's,2.4,1,0,0,0,0,1,0,3,6,0,Machine Learning,0,1,1,1,0,0,1,0,Master's,50.0,1.0,1.0,3,3,1,0.7,1
101,38,Diploma,0.1,0,0,0,0,0,1,1,2,5,0,AI Engineer,2,1,1,1,0,0,0,1,Bachelor's,25.0,0.05,0.05,1,2,0,0.7,0
572,64,Master's,0.5,0,1,1,0,0,1,0,0,4,1,AI Engineer,3,1,0,1,0,0,1,0,Bachelor's,66.67,0.16666666666666666,0.17,3,2,1,0.86,1
43,14,Diploma,1.0,1,0,0,0,0,0,0,2,3,1,Data Science,3,1,1,0,0,1,1,0,Bachelor's,25.0,0.3333333333333333,0.33,1,2,0,0.72,0
193,17,Master's,1.1,0,1,0,1,1,1,0,2,5,0,AI Engineer,4,1,0,1,0,1,0,0,Bachelor's,33.33,0.275,0.28,3,2,1,0.7,1
311,77,Bachelor's,0.2,1,1,0,0,0,0,0,2,4,0,Data Analyst,0,0,1,0,0,0,0,1,Bachelor's,50.0,1.0,1.0,2,2,1,0.56,1
621,13,Bachelor's,1.6,0,1,1,0,0,0,1,0,4,0,Data Analyst,3,0,1,1,1,0,1,1,Bachelor's,60.0,0.5333333333333333,0.53,2,2,1,0.56,1
605,73,Bachelor's,0.2,1,0,1,0,0,1,0,2,1,1,AI Engineer,1,0,0,0,0,0,1,0,Master's,100.0,0.2,0.2,2,3,0,0.44,0
728,6,Master's,12.0,1,0,1,0,0,1,0,1,4,0,Data Science,2,0,0,0,0,1,0,0,Diploma,0.0,6.0,1.0,3,1,1,0.56,0
465,6,Master's,12.0,0,0,1,0,1,1,1,2,2,0,Data Science,2,0,0,0,0,1,0,0,Diploma,100.0,6.0,1.0,3,1,1,0.28,1
163,94,Bachelor's,1.0,1,0,0,0,0,0,0,0,2,1,Business Intelligence,1,0,1,0,1,0,0,1,Diploma,0.0,1.0,1.0,2,1,1,0.58,1
234,57,Bachelor's,0.1,0,0,1,0,0,1,0,2,0,0,Business Intelligence,3,0,1,0,1,0,0,0,Bachelor's,0.0,0.03333333333333333,0.03,2,2,1,0.0,0
928,53,Bachelor's,1.6,0,1,0,0,0,0,0,1,4,0,Data Science,4,1,0,0,1,0,0,0,Bachelor's,0.0,0.4,0.4,2,2,1,0.56,0
403,46,Bachelor's,0.1,1,1,0,1,0,1,0,3,2,1,Data Analyst,1,1,1,1,0,0,1,0,Bachelor's,75.0,0.1,0.1,2,2,1,0.58,0
351,78,Bachelor's,5.0,0,0,1,0,0,1,1,1,4,0,Business Intelligence,5,1,0,0,0,1,1,0,Master's,33.33,1.0,1.0,2,3,0,0.56,1
167,4,Bachelor's,4.5,0,1,0,0,0,0,0,3,6,0,Data Analyst,2,0,1,0,0,0,1,1,Bachelor's,33.33,2.25,1.0,2,2,1,0.7,1
148,34,Bachelor's,2.7,1,1,0,1,0,1,1,3,3,1,Machine Learning,2,1,1,0,0,1,0,0,Bachelor's,66.67,1.35,1.0,2,2,1,0.72,1
28,66,Bachelor's,4.7,0,1,0,0,0,0,0,4,0,1,Business Intelligence,1,0,1,1,1,0,1,0,Bachelor's,25.0,4.7,1.0,2,2,1,0.3,1
259,63,Bachelor's,0.2,1,0,0,0,1,0,0,3,5,1,Business Intelligence,5,1,1,0,0,0,0,0,Diploma,50.0,0.04,0.04,2,1,1,1.0,1
928,61,Bachelor's,1.6,0,1,0,0,0,0,0,1,4,0,Business Intelligence,2,0,0,1,0,0,1,0,Bachelor's,0.0,0.8,0.8,2,2,1,0.56,0
598,81,Bachelor's,0.2,1,1,0,0,0,1,0,3,3,0,Data Science,2,1,1,0,0,0,0,1,Bachelor's,66.67,0.1,0.1,2,2,1,0.42,1
620,42,Master's,3.3,1,0,1,0,1,1,0,3,5,0,Business Intelligence,3,0,1,0,0,0,0,0,Diploma,0.0,1.0999999999999999,1.0,3,1,1,0.7,0
442,78,Master's,0.2,1,1,1,0,0,1,0,1,1,1,Business Intelligence,5,1,0,0,0,1,1,0,Master's,66.67,0.04,0.04,3,3,1,0.44,1
950,64,Bachelor's,1.4,0,0,1,1,0,1,0,2,2,0,AI Engineer,3,1,0,1,0,0,1,0,Bachelor's,66.67,0.4666666666666666,0.47,2,2,1,0.28,1
938,17,Master's,4.4,0,0,0,0,1,1,1,2,0,0,AI Engineer,4,1,0,1,0,1,0,0,Bachelor's,33.33,1.1,1.0,3,2,1,0.0,0
629,61,Diploma,0.3,1,1,0,0,0,0,0,0,4,0,Business Intelligence,2,0,0,1,0,0,1,0,Bachelor's,0.0,0.15,0.15,1,2,0,0.56,0
876,30,Bachelor's,2.0,1,0,0,0,0,1,0,3,2,1,Data Analyst,1,1,1,0,1,1,0,0,Bachelor's,25.0,2.0,1.0,2,2,1,0.58,1
527,43,Bachelor's,0.8,1,1,1,0,0,1,0,2,2,0,AI Engineer,3,1,0,0,0,0,0,0,Bachelor's,100.0,0.26666666666666666,0.27,2,2,1,0.28,1
998,93,Bachelor's,0.2,1,0,0,1,1,1,1,2,6,0,Data Science,1,0,1,1,0,1,1,0,Bachelor's,50.0,0.2,0.2,2,2,1,0.7,1
211,7,Bachelor's,1.4,0,0,0,1,0,1,0,2,4,1,AI Engineer,2,1,0,0,0,1,0,0,Bachelor's,0.0,0.7,0.7,2,2,1,0.86,0
830,73,Bachelor's,0.9,1,0,0,0,0,1,0,1,5,1,AI Engineer,1,0,0,0,0,0,1,0,Master's,100.0,0.9,0.9,2,3,0,1.0,1
543,46,Bachelor's,2.1,0,0,0,1,1,1,1,3,2,0,Data Analyst,1,1,1,1,0,0,1,0,Bachelor's,25.0,2.1,1.0,2,2,1,0.28,1
445,23,Master's,5.1,1,1,0,0,0,1,0,2,10,0,AI Engineer,4,1,0,0,0,1,1,0,Bachelor's,66.67,1.275,1.0,3,2,1,0.7,1
794,36,Bachelor's,2.9,1,1,0,1,0,0,0,0,2,0,Business Intelligence,0,0,1,1,0,1,1,0,Master's,25.0,1.0,1.0,2,3,0,0.28,0
453,14,Bachelor's,5.1,0,1,1,0,0,1,0,5,2,0,Data Science,3,1,1,0,0,1,1,0,Bachelor's,50.0,1.7,1.0,2,2,1,0.28,0
697,20,Bachelor's,0.1,0,1,0,0,0,1,1,2,5,0,Data Analyst,2,1,1,0,0,1,0,0,Bachelor's,33.33,0.05,0.05,2,2,1,0.7,0
404,56,Master's,3.3,1,0,0,0,1,1,0,4,3,0,Machine Learning,2,0,1,1,1,1,1,1,Diploma,33.33,1.65,1.0,3,1,1,0.42,0
66,81,Bachelor's,3.3,0,0,0,0,1,0,0,6,4,1,Data Science,2,1,1,0,0,0,0,1,Bachelor's,0.0,1.65,1.0,2,2,1,0.86,1
405,32,Bachelor's,2.7,0,1,1,0,0,1,0,1,1,0,AI Engineer,1,0,0,0,0,1,1,0,Diploma,50.0,2.7,1.0,2,1,1,0.14,1
883,25,Diploma,2.5,1,1,1,0,0,1,0,1,5,0,Data Science,3,1,1,0,0,0,1,0,Bachelor's,100.0,0.8333333333333334,0.83,1,2,0,0.7,1
828,94,Bachelor's,8.6,1,0,0,0,0,1,0,0,3,0,Business Intelligence,1,0,1,0,1,0,0,1,Diploma,0.0,8.6,1.0,2,1,1,0.42,0
575,49,Master's,0.6,1,1,1,0,0,1,1,2,3,1,Data Science,4,1,1,0,0,0,0,0,Diploma,100.0,0.15,0.15,3,1,1,0.72,1
228,27,Bachelor's,0.8,0,0,0,1,1,1,0,1,1,1,Data Science,3,0,1,0,0,1,0,0,Master's,50.0,0.26666666666666666,0.27,2,3,0,0.44,0
476,27,Master's,2.8,0,1,0,0,1,1,0,2,6,0,Data Science,3,0,1,0,0,1,0,0,Master's,100.0,0.9333333333333332,0.93,3,3,1,0.7,1
468,46,Master's,1.3,1,1,0,1,0,0,0,2,4,1,Data Analyst,1,1,1,1,0,0,1,0,Bachelor's,50.0,1.3,1.0,3,2,1,0.86,1
101,95,Diploma,0.1,0,0,0,0,0,1,1,2,5,0,AI Engineer,3,1,1,1,0,1,1,0,Bachelor's,20.0,0.03333333333333333,0.03,1,2,0,0.7,0
423,45,Diploma,0.1,0,1,0,1,0,1,0,1,5,1,Business Intelligence,1,0,0,0,0,0,1,0,Bachelor's,100.0,0.1,0.1,1,2,0,1.0,1
356,26,Bachelor's,5.2,1,0,0,0,1,0,0,1,9,0,Machine Learning,2,1,0,0,0,1,1,1,Bachelor's,50.0,2.6,1.0,2,2,1,0.7,1
139,14,Bachelor's,1.6,1,1,1,0,0,0,0,2,0,1,Data Science,3,1,1,0,0,1,1,0,Bachelor's,50.0,0.5333333333333333,0.53,2,2,1,0.3,1
569,85,Master's,2.4,0,1,0,1,0,0,0,1,2,1,Data Science,1,1,0,0,0,0,0,0,Master's,0.0,2.4,1.0,3,3,1,0.58,0
131,92,Bachelor's,3.2,1,1,0,0,0,1,0,1,1,1,Machine Learning,3,0,1,0,0,0,1,0,Bachelor's,100.0,1.0666666666666667,1.0,2,2,1,0.44,1
549,15,Bachelor's,0.1,1,0,1,0,0,0,0,2,2,1,AI Engineer,0,1,1,1,0,0,1,1,Master's,40.0,1.0,1.0,2,3,0,0.58,0
468,94,Master's,1.3,1,1,0,1,0,0,0,2,4,1,Business Intelligence,1,0,1,0,1,0,0,1,Diploma,66.67,1.3,1.0,3,1,1,0.86,1
480,89,Bachelor's,1.4,0,0,0,0,0,1,1,1,1,0,Machine Learning,2,0,0,0,0,1,1,0,Bachelor's,50.0,0.7,0.7,2,2,1,0.14,1
111,51,Bachelor's,4.2,1,1,0,1,1,0,0,2,4,1,Machine Learning,5,0,1,1,0,1,0,0,Master's,66.67,0.8400000000000001,0.84,2,3,0,0.86,0
153,54,Bachelor's,3.0,0,1,1,1,0,0,0,2,1,1,Data Analyst,3,1,0,0,0,1,1,0,Bachelor's,0.0,1.0,1.0,2,2,1,0.44,1
917,11,Bachelor's,5.4,0,1,0,1,0,0,0,1,0,0,Data Analyst,3,1,1,0,0,1,0,1,Master's,25.0,1.8,1.0,2,3,0,0.0,0
762,75,Bachelor's,4.7,1,1,1,1,0,1,0,0,3,1,AI Engineer,2,0,1,1,0,1,1,0,Master's,75.0,2.35,1.0,2,3,0,0.72,1
242,28,Master's,3.7,1,0,0,0,0,0,0,0,4,0,Data Science,1,0,1,0,1,1,0,0,Bachelor's,0.0,3.7,1.0,3,2,1,0.56,1
720,55,Master's,0.7,1,0,1,0,0,0,0,1,3,0,Machine Learning,2,0,0,0,0,1,1,1,Bachelor's,0.0,0.35,0.35,3,2,1,0.42,0
880,69,Bachelor's,2.1,1,0,1,0,0,1,0,2,4,1,Data Science,5,1,0,1,0,0,1,0,Bachelor's,100.0,0.42000000000000004,0.42,2,2,1,0.86,1
682,92,Bachelor's,9.3,0,0,0,0,0,1,1,1,1,0,Machine Learning,3,0,1,0,0,0,1,0,Bachelor's,50.0,3.1,1.0,2,2,1,0.14,1
769,72,Bachelor's,1.2,1,0,1,0,1,1,0,3,1,0,Data Science,5,1,0,0,0,0,0,1,Master's,50.0,0.24,0.24,2,3,0,0.14,0
279,26,Master's,0.4,0,0,0,1,1,0,0,3,3,1,Machine Learning,2,1,0,0,0,1,1,1,Bachelor's,25.0,0.2,0.2,3,2,1,0.72,0
363,70,Bachelor's,2.4,1,1,1,0,0,1,0,2,2,0,AI Engineer,1,1,0,1,0,0,1,0,Bachelor's,100.0,2.4,1.0,2,2,1,0.28,1
625,32,Bachelor's,0.5,1,0,1,0,1,1,0,3,1,1,AI Engineer,1,0,0,0,0,1,1,0,Diploma,100.0,0.5,0.5,2,1,1,0.44,1
408,48,Diploma,4.1,1,1,0,0,0,0,0,3,0,1,AI Engineer,1,1,1,1,0,1,0,0,Bachelor's,50.0,4.1,1.0,1,2,0,0.3,0
175,96,Bachelor's,2.5,1,0,1,0,0,1,0,1,1,0,Business Intelligence,2,1,1,0,1,0,0,0,Master's,33.33,1.25,1.0,2,3,0,0.14,0
601,12,Bachelor's,0.5,0,0,0,0,0,0,0,5,2,0,Machine Learning,3,1,1,0,0,1,1,0,Bachelor's,0.0,0.16666666666666666,0.17,2,2,1,0.28,0
135,70,Master's,2.9,0,0,0,1,0,1,0,4,5,0,AI Engineer,1,1,0,1,0,0,1,0,Bachelor's,33.33,2.9,1.0,3,2,1,0.7,1
506,77,Bachelor's,1.3,1,1,0,0,1,0,0,1,2,0,Data Analyst,0,0,1,0,0,0,0,1,Bachelor's,50.0,1.0,1.0,2,2,1,0.28,0
294,61,Bachelor's,2.9,1,1,1,0,0,1,0,2,1,0,Business Intelligence,2,0,0,1,0,0,1,0,Bachelor's,100.0,1.45,1.0,2,2,1,0.14,1
495,34,Bachelor's,2.3,1,1,1,0,1,0,0,2,4,0,Machine Learning,2,1,1,0,0,1,0,0,Bachelor's,100.0,1.15,1.0,2,2,1,0.56,1
815,87,Master's,0.2,0,0,1,0,0,1,0,2,2,1,AI Engineer,1,1,0,0,0,0,0,0,Bachelor's,0.0,0.2,0.2,3,2,1,0.58,0
871,81,Bachelor's,4.3,0,0,0,0,0,0,1,2,1,0,Data Science,2,1,1,0,0,0,0,1,Bachelor's,33.33,2.15,1.0,2,2,1,0.14,0
419,45,Bachelor's,1.5,1,0,0,0,1,1,0,3,5,0,Business Intelligence,1,0,0,0,0,0,1,0,Bachelor's,100.0,1.5,1.0,2,2,1,0.7,1
206,60,Diploma,3.7,0,1,0,0,1,1,0,1,2,0,Data Analyst,0,0,1,0,0,0,0,0,Bachelor's,100.0,1.0,1.0,1,2,0,0.28,0
318,65,Bachelor's,3.3,1,0,0,1,0,0,0,3,3,0,Machine Learning,0,1,1,1,0,0,1,0,Master's,25.0,1.0,1.0,2,3,0,0.42,0
73,71,Diploma,0.1,1,0,0,0,0,0,0,3,4,0,Data Analyst,2,1,1,0,0,0,0,1,Diploma,33.33,0.05,0.05,1,1,1,0.56,0
259,13,Bachelor's,0.2,1,0,0,0,1,0,0,3,5,1,Data Analyst,3,0,1,1,1,0,1,1,Bachelor's,0.0,0.06666666666666667,0.07,2,2,1,1.0,0
358,78,Bachelor's,1.4,1,0,0,1,0,0,0,4,5,0,Business Intelligence,5,1,0,0,0,1,1,0,Master's,33.33,0.27999999999999997,0.28,2,3,0,0.7,0
148,81,Bachelor's,2.7,1,1,0,1,0,1,1,3,3,1,Data Science,2,1,1,0,0,0,0,1,Bachelor's,100.0,1.35,1.0,2,2,1,0.72,1
225,94,Bachelor's,1.4,1,0,0,0,0,0,0,2,4,0,Business Intelligence,1,0,1,0,1,0,0,1,Diploma,0.0,1.4,1.0,2,1,1,0.56,0
105,48,Master's,12.0,0,0,0,0,0,1,1,3,6,1,AI Engineer,1,1,1,1,0,1,0,0,Bachelor's,0.0,12.0,1.0,3,2,1,1.0,1
556,49,Bachelor's,0.6,0,1,0,0,1,1,0,2,4,0,Data Science,4,1,1,0,0,0,0,0,Diploma,50.0,0.15,0.15,2,1,1,0.56,1
928,98,Bachelor's,1.6,0,1,0,0,0,0,0,1,4,0,Machine Learning,2,1,1,0,1,0,0,0,Bachelor's,33.33,0.8,0.8,2,2,1,0.56,1
538,58,Bachelor's,2.9,1,0,0,1,1,1,1,4,5,1,Data Analyst,4,1,1,1,1,0,0,0,Bachelor's,50.0,0.725,0.72,2,2,1,1.0,1
816,89,Bachelor's,8.6,0,1,1,0,0,1,0,1,3,1,Machine Learning,2,0,0,0,0,1,1,0,Bachelor's,50.0,4.3,1.0,2,2,1,0.72,1
261,99,Bachelor's,0.8,0,0,0,0,0,1,0,0,2,0,AI Engineer,2,1,1,0,1,0,0,0,Diploma,0.0,0.4,0.4,2,1,1,0.28,0
571,73,Bachelor's,2.2,1,0,0,1,0,1,0,4,6,0,AI Engineer,1,0,0,0,0,0,1,0,Master's,100.0,2.2,1.0,2,3,0,0.7,1
573,70,Bachelor's,3.3,1,1,0,1,0,1,0,3,1,1,AI Engineer,1,1,0,1,0,0,1,0,Bachelor's,66.67,3.3,1.0,2,2,1,0.44,1
817,61,Bachelor's,0.9,1,0,1,0,0,1,0,3,5,0,Business Intelligence,2,0,0,1,0,0,1,0,Bachelor's,100.0,0.45,0.45,2,2,1,0.7,1
913,39,Bachelor's,12.0,0,0,0,0,0,1,1,0,5,0,Data Science,0,1,0,0,1,0,1,1,Master's,50.0,1.0,1.0,2,3,0,0.7,0
70,58,Master's,0.8,1,1,1,0,0,1,0,2,4,0,Data Analyst,4,1,1,1,1,0,0,0,Bachelor's,75.0,0.2,0.2,3,2,1,0.56,1
954,27,Master's,3.3,1,0,1,0,0,1,0,3,6,0,Data Science,3,0,1,0,0,1,0,0,Master's,0.0,1.0999999999999999,1.0,3,3,1,0.7,1
447,40,Master's,2.9,1,1,0,0,1,1,0,1,2,1,Data Analyst,2,1,0,0,0,1,0,1,Bachelor's,66.67,1.45,1.0,3,2,1,0.58,1
957,31,Bachelor's,2.6,0,1,0,0,0,0,0,0,2,1,AI Engineer,1,1,0,1,1,0,0,0,Master's,0.0,2.6,1.0,2,3,0,0.58,0
783,88,Bachelor's,1.5,0,0,0,0,0,0,0,3,4,1,Data Analyst,0,1,1,1,0,0,1,1,Diploma,0.0,1.0,1.0,2,1,1,0.86,0
257,15,Master's,0.6,1,1,1,0,0,1,0,1,0,0,AI Engineer,0,1,1,1,0,0,1,1,Master's,80.0,1.0,1.0,3,3,1,0.0,1
909,54,Bachelor's,1.0,1,1,1,0,1,1,0,4,1,1,Data Analyst,3,1,0,0,0,1,1,0,Bachelor's,100.0,0.3333333333333333,0.33,2,2,1,0.44,1
944,70,Master's,3.1,0,0,0,1,0,1,1,1,5,0,AI Engineer,1,1,0,1,0,0,1,0,Bachelor's,33.33,3.1,1.0,3,2,1,0.7,1
896,11,Bachelor's,3.3,0,1,0,0,1,0,0,0,0,0,Data Analyst,3,1,1,0,0,1,0,1,Master's,50.0,1.0999999999999999,1.0,2,3,0,0.0,0
930,30,Bachelor's,0.2,1,0,1,1,0,1,1,0,3,1,Data Analyst,1,1,1,0,1,1,0,0,Bachelor's,50.0,0.2,0.2,2,2,1,0.72,0
637,35,Bachelor's,1.3,0,1,0,0,1,1,1,0,3,0,Data Science,0,0,0,0,0,0,1,0,Master's,100.0,1.0,1.0,2,3,0,0.42,1
926,43,Diploma,0.2,0,0,0,0,0,1,0,2,3,0,AI Engineer,3,1,0,0,0,0,0,0,Bachelor's,0.0,0.06666666666666667,0.07,1,2,0,0.42,0
531,61,Master's,0.9,0,0,0,0,0,1,1,2,3,0,Business Intelligence,2,0,0,1,0,0,1,0,Bachelor's,50.0,0.45,0.45,3,2,1,0.42,1
119,40,Master's,0.8,1,0,0,1,0,0,0,2,4,0,Data Analyst,2,1,0,0,0,1,0,1,Bachelor's,33.33,0.4,0.4,3,2,1,0.56,1
832,93,Bachelor's,2.3,0,1,1,0,0,1,0,1,2,0,Data Science,1,0,1,1,0,1,1,0,Bachelor's,75.0,2.3,1.0,2,2,1,0.28,1
66,87,Bachelor's,3.3,0,0,0,0,1,0,0,6,4,1,AI Engineer,1,1,0,0,0,0,0,0,Bachelor's,0.0,3.3,1.0,2,2,1,0.86,1
245,42,Diploma,3.6,0,1,0,0,1,1,0,0,1,1,Business Intelligence,3,0,1,0,0,0,0,0,Diploma,100.0,1.2,1.0,1,1,1,0.44,1
57,42,Diploma,3.6,1,1,1,0,0,0,0,1,7,1,Business Intelligence,3,0,1,0,0,0,0,0,Diploma,100.0,1.2,1.0,1,1,1,1.0,1
44,3,Master's,2.5,1,0,0,0,0,1,0,3,2,0,AI Engineer,3,0,1,1,0,0,0,0,Diploma,0.0,0.8333333333333334,0.83,3,1,1,0.28,1
524,90,Master's,0.3,1,0,0,0,0,0,0,3,7,0,Data Science,0,1,1,0,1,0,1,1,Bachelor's,20.0,1.0,1.0,3,2,1,0.7,1
890,78,Bachelor's,12.0,0,0,1,0,0,1,0,1,1,0,Business Intelligence,5,1,0,0,0,1,1,0,Master's,33.33,2.4,1.0,2,3,0,0.14,0
424,83,Bachelor's,0.4,1,0,1,0,0,1,0,4,5,1,Business Intelligence,2,0,1,0,0,0,0,0,Bachelor's,0.0,0.2,0.2,2,2,1,1.0,0
536,21,Master's,0.3,0,0,0,0,0,0,0,1,4,1,Data Science,1,1,1,0,0,0,1,1,Bachelor's,0.0,0.3,0.3,3,2,1,0.86,0
395,73,Bachelor's,1.0,0,1,1,0,1,1,0,1,2,1,AI Engineer,1,0,0,0,0,0,1,0,Master's,100.0,1.0,1.0,2,3,0,0.58,1
450,77,Diploma,2.9,1,0,1,0,0,1,0,0,3,0,Data Analyst,0,0,1,0,0,0,0,1,Bachelor's,0.0,1.0,1.0,1,2,0,0.42,0
257,53,Master's,0.6,1,1,1,0,0,1,0,1,0,0,Data Science,4,1,0,0,1,0,0,0,Bachelor's,50.0,0.15,0.15,3,2,1,0.0,1
954,44,Master's,3.3,1,0,1,0,0,1,0,3,6,0,Business Intelligence,1,1,1,0,0,1,0,0,Bachelor's,33.33,3.3,1.0,3,2,1,0.7,1
796,46,Master's,0.2,0,1,0,1,0,1,0,4,1,1,Data Analyst,1,1,1,1,0,0,1,0,Bachelor's,50.0,0.2,0.2,3,2,1,0.44,1
836,37,Bachelor's,2.7,0,0,0,0,0,1,0,4,4,0,Data Analyst,0,1,0,0,0,0,0,0,Bachelor's,0.0,1.0,1.0,2,2,1,0.56,0
361,38,Bachelor's,6.1,1,1,0,0,0,0,1,1,4,0,AI Engineer,2,1,1,1,0,0,0,1,Bachelor's,75.0,3.05,1.0,2,2,1,0.56,1
763,88,Bachelor's,0.3,0,1,1,1,0,1,0,2,1,0,Data Analyst,0,1,1,1,0,0,1,1,Diploma,60.0,1.0,1.0,2,1,1,0.14,1
606,38,Bachelor's,1.8,1,0,1,0,0,0,0,2,2,0,AI Engineer,2,1,1,1,0,0,0,1,Bachelor's,50.0,0.9,0.9,2,2,1,0.28,1
380,11,Bachelor's,2.2,0,1,0,0,1,1,0,4,2,0,Data Analyst,3,1,1,0,0,1,0,1,Master's,50.0,0.7333333333333334,0.73,2,3,0,0.28,0
443,93,Bachelor's,2.8,0,0,0,0,1,1,0,4,3,1,Data Science,1,0,1,1,0,1,1,0,Bachelor's,50.0,2.8,1.0,2,2,1,0.72,1
967,45,Master's,0.5,0,0,1,1,1,1,0,1,4,0,Business Intelligence,1,0,0,0,0,0,1,0,Bachelor's,100.0,0.5,0.5,3,2,1,0.56,1
892,64,Master's,1.3,0,1,0,0,1,1,1,1,2,1,AI Engineer,3,1,0,1,0,0,1,0,Bachelor's,33.33,0.43333333333333335,0.43,3,2,1,0.58,0
534,44,Bachelor's,0.8,1,0,0,1,0,1,0,2,1,0,Business Intelligence,1,1,1,0,0,1,0,0,Bachelor's,33.33,0.8,0.8,2,2,1,0.14,1
474,81,Master's,1.3,0,1,0,0,1,1,0,0,4,1,Data Science,2,1,1,0,0,0,0,1,Bachelor's,33.33,0.65,0.65,3,2,1,0.86,1
157,62,Bachelor's,0.4,1,1,0,0,1,1,0,1,3,1,Machine Learning,1,1,1,1,0,0,0,1,Diploma,50.0,0.4,0.4,2,1,1,0.72,1
89,90,Master's,11.8,0,1,1,0,1,1,0,2,2,1,Data Science,0,1,1,0,1,0,1,1,Bachelor's,40.0,1.0,1.0,3,2,1,0.58,1
202,61,Diploma,0.1,1,1,0,1,0,1,0,5,1,0,Business Intelligence,2,0,0,1,0,0,1,0,Bachelor's,50.0,0.05,0.05,1,2,0,0.14,0
980,90,Bachelor's,4.6,0,0,0,0,0,0,0,3,1,0,Data Science,0,1,1,0,1,0,1,1,Bachelor's,0.0,1.0,1.0,2,2,1,0.14,0
462,12,Bachelor's,2.6,0,0,0,0,0,1,1,3,2,0,Machine Learning,3,1,1,0,0,1,1,0,Bachelor's,25.0,0.8666666666666667,0.87,2,2,1,0.28,1
481,82,Bachelor's,4.3,1,0,0,1,0,1,0,4,2,0,Data Analyst,3,1,1,1,0,0,0,1,Bachelor's,25.0,1.4333333333333333,1.0,2,2,1,0.28,0
709,9,Bachelor's,2.4,1,0,1,0,0,1,0,6,2,1,Data Analyst,0,1,1,0,0,0,0,0,Master's,50.0,1.0,1.0,2,3,0,0.58,0
557,67,Bachelor's,2.4,1,0,1,0,0,1,0,3,4,1,Data Science,0,1,1,1,0,1,1,0,Bachelor's,60.0,1.0,1.0,2,2,1,0.86,1
470,2,Master's,3.8,1,0,1,0,1,1,0,2,5,1,Machine Learning,4,1,1,1,0,0,1,0,Diploma,75.0,0.95,0.95,3,1,1,1.0,1
380,8,Bachelor's,2.2,0,1,0,0,1,1,0,4,2,0,AI Engineer,2,1,0,0,0,0,1,0,Master's,50.0,1.1,1.0,2,3,0,0.28,1
401,43,Bachelor's,0.5,1,0,0,0,0,1,0,1,1,0,AI Engineer,3,1,0,0,0,0,0,0,Bachelor's,100.0,0.16666666666666666,0.17,2,2,1,0.14,1
79,18,Bachelor's,0.6,0,0,1,0,0,1,0,1,3,0,Data Analyst,0,1,1,0,0,1,0,0,Diploma,0.0,1.0,1.0,2,1,1,0.42,1
551,52,Bachelor's,7.6,1,1,1,0,0,0,1,2,8,0,Business Intelligence,1,1,0,1,0,0,0,0,Bachelor's,100.0,7.6,1.0,2,2,1,0.7,1
936,39,Bachelor's,4.1,1,1,0,0,0,1,0,2,3,1,Data Science,0,1,0,0,1,0,1,1,Master's,50.0,1.0,1.0,2,3,0,0.72,0
796,31,Master's,0.2,0,1,0,1,0,1,0,4,1,1,AI Engineer,1,1,0,1,1,0,0,0,Master's,33.33,0.2,0.2,3,3,1,0.44,0
386,14,Master's,1.0,0,1,0,0,0,1,0,1,2,0,Data Science,3,1,1,0,0,1,1,0,Bachelor's,50.0,0.3333333333333333,0.33,3,2,1,0.28,1
978,64,Diploma,1.4,1,1,0,0,1,0,0,8,1,0,AI Engineer,3,1,0,1,0,0,1,0,Bachelor's,33.33,0.4666666666666666,0.47,1,2,0,0.14,0
661,93,Bachelor's,2.3,1,1,0,0,0,1,0,0,7,0,Data Science,1,0,1,1,0,1,1,0,Bachelor's,50.0,2.3,1.0,2,2,1,0.7,1
343,44,Bachelor's,5.1,1,1,1,0,0,0,0,1,7,1,Business Intelligence,1,1,1,0,0,1,0,0,Bachelor's,66.67,5.1,1.0,2,2,1,1.0,1
903,60,Bachelor's,3.6,1,1,0,0,0,1,0,2,6,0,Data Analyst,0,0,1,0,0,0,0,0,Bachelor's,100.0,1.0,1.0,2,2,1,0.7,1
445,97,Master's,5.1,1,1,0,0,0,1,0,2,10,0,Data Analyst,4,0,0,1,0,1,1,0,Bachelor's,33.33,1.275,1.0,3,2,1,0.7,1
52,99,Master's,1.9,1,0,1,1,1,1,0,5,5,1,AI Engineer,2,1,1,0,1,0,0,0,Diploma,66.67,0.95,0.95,3,1,1,1.0,1
251,2,Bachelor's,4.0,1,1,0,0,0,0,1,2,9,0,Machine Learning,4,1,1,1,0,0,1,0,Diploma,50.0,1.0,1.0,2,1,1,0.7,1
944,99,Master's,3.1,0,0,0,1,0,1,1,1,5,0,AI Engineer,2,1,1,0,1,0,0,0,Diploma,33.33,1.55,1.0,3,1,1,0.7,1
894,32,Bachelor's,0.6,0,0,0,0,0,1,0,1,2,1,AI Engineer,1,0,0,0,0,1,1,0,Diploma,50.0,0.6,0.6,2,1,1,0.58,0
659,36,Bachelor's,1.3,1,1,0,1,0,1,0,3,5,0,Business Intelligence,0,0,1,1,0,1,1,0,Master's,50.0,1.0,1.0,2,3,0,0.7,1
329,55,Bachelor's,2.7,0,0,0,0,0,1,1,4,4,0,Machine Learning,2,0,0,0,0,1,1,1,Bachelor's,66.67,1.35,1.0,2,2,1,0.56,1
908,87,Bachelor's,1.1,1,0,0,1,1,0,0,3,4,0,AI Engineer,1,1,0,0,0,0,0,0,Bachelor's,100.0,1.1,1.0,2,2,1,0.56,1
494,63,Bachelor's,0.2,1,1,1,0,0,1,1,1,1,0,Business Intelligence,5,1,1,0,0,0,0,0,Diploma,100.0,0.04,0.04,2,1,1,0.14,1
350,69,Bachelor's,0.1,1,0,0,0,1,0,0,2,0,0,Data Science,5,1,0,1,0,0,1,0,Bachelor's,33.33,0.02,0.02,2,2,1,0.0,0
967,80,Master's,0.5,0,0,1,1,1,1,0,1,4,0,Business Intelligence,2,1,1,0,0,1,1,0,Master's,50.0,0.25,0.25,3,3,1,0.56,0
770,40,Master's,1.3,0,0,0,1,0,0,0,2,3,0,Data Analyst,2,1,0,0,0,1,0,1,Bachelor's,0.0,0.65,0.65,3,2,1,0.42,1
785,24,Bachelor's,2.7,0,1,0,0,1,0,0,3,2,0,Machine Learning,2,1,1,0,1,0,1,0,Master's,25.0,1.35,1.0,2,3,0,0.28,0
459,58,Diploma,0.6,1,1,0,1,0,1,1,3,2,1,Data Analyst,4,1,1,1,1,0,0,0,Bachelor's,75.0,0.15,0.15,1,2,0,0.58,0
498,28,Diploma,1.6,0,1,0,1,0,0,0,0,1,0,Data Science,1,0,1,0,1,1,0,0,Bachelor's,66.67,1.6,1.0,1,2,0,0.14,1
125,62,Bachelor's,2.7,0,1,1,1,1,1,0,0,1,1,Machine Learning,1,1,1,1,0,0,0,1,Diploma,50.0,2.7,1.0,2,1,1,0.44,1
768,7,Master's,1.6,1,0,0,0,0,1,0,2,2,1,AI Engineer,2,1,0,0,0,1,0,0,Bachelor's,50.0,0.8,0.8,3,2,1,0.58,1
643,38,Bachelor's,1.8,0,0,1,0,0,1,0,4,2,0,AI Engineer,2,1,1,1,0,0,0,1,Bachelor's,25.0,0.9,0.9,2,2,1,0.28,1
